Campaigns;Start;End;Maximum;Duration (s);Period;Direction;LAeq (dB);LAmax (dB);SEL;WindSpeed (m/s);First plot;Last plot;CallSign;Aircraft registration;Aircraft (Mode S);Aircraft model;From;To;Runway;Route;X;Y;Z (m);Distance (m)
F040-2;9/29/2026 7:18:43 AM +02:00;9/29/2026 7:20:27 AM +02:00;9/29/2026 7:19:34 AM +02:00;104;D;DEP;62.338676;70.57;82.50901;;9/29/2026 5:18:00 AM;9/29/2026 5:22:28 AM;IBE06CK;ECILS;342091;A320;EBBR;LEMD;25R;CIV4G;4.377389467006177;50.90839398142026;973.4549560546875;931.1088
F040-2;9/29/2026 8:01:46 AM +02:00;9/29/2026 8:03:08 AM +02:00;9/29/2026 8:02:11 AM +02:00;82;D;DEP;52.756683;62.45;71.89482;;9/29/2026 6:00:41 AM;9/29/2026 6:07:01 AM;;OORKS;44C973;C510;EBBR;EBOS;25R;DENUT4G;4.378382876988957;50.91599780637555;1226.8199462890625;1455.6309
F040-2;9/29/2026 8:20:44 AM +02:00;9/29/2026 8:22:00 AM +02:00;9/29/2026 8:21:34 AM +02:00;76;D;DEP;53.35553;58.85;72.163666;;9/29/2026 6:19:45 AM;9/29/2026 6:23:49 AM;KLM58G;PHEZL;484C50;E190;EBBR;EHAM;25R;HELEN4G;4.389711492950188;50.92694727956082;906.780029296875;2365.4548
F040-2;9/29/2026 8:26:33 AM +02:00;9/29/2026 8:27:47 AM +02:00;9/29/2026 8:27:08 AM +02:00;74;D;DEP;59.306557;65.93;77.99887;;9/29/2026 6:25:29 AM;9/29/2026 6:29:53 AM;BEL8KV;;44CC45;A20N;EBBR;LFPG;25R;CIV4G;4.377963462275922;50.90732952331205;1043.93994140625;1008.2103
F040-2;9/29/2026 8:30:02 AM +02:00;9/29/2026 8:31:22 AM +02:00;9/29/2026 8:30:36 AM +02:00;80;D;DEP;62.353195;69.52;81.384094;;9/29/2026 6:29:01 AM;9/29/2026 6:33:52 AM;ANE8076;ECMTZ;345687;CRJX;EBBR;LPPR;25R;CIV4G;4.375262487722388;50.902977506736626;868.6799926757812;1012.5188
F040-2;9/29/2026 8:35:42 AM +02:00;9/29/2026 8:37:15 AM +02:00;9/29/2026 8:36:25 AM +02:00;93;D;DEP;61.359753;68.14;81.04458;;9/29/2026 6:34:44 AM;9/29/2026 6:38:24 AM;RYR38YH;EIDLX;4CA303;B738;EBBR;LEGE;25R;CIV4G;4.378352790168143;50.90783570149672;1257.300048828125;1204.5537
F040-2;9/29/2026 9:01:35 AM +02:00;9/29/2026 9:03:11 AM +02:00;9/29/2026 9:02:22 AM +02:00;96;D;DEP;65.61926;73.57;85.44198;;9/29/2026 7:00:52 AM;9/29/2026 7:04:36 AM;TRA22C;PHHXE;48520D;B738;EBBR;GMMX;25R;CIV4G;4.377750184505338;50.907336016044766;998.219970703125;948.3083
F040-2;9/29/2026 9:16:27 AM +02:00;9/29/2026 9:18:05 AM +02:00;9/29/2026 9:17:23 AM +02:00;98;D;DEP;58.44578;65.62;78.35804;;9/29/2026 7:15:48 AM;9/29/2026 7:20:53 AM;HLF8812;;78219A;B77L;EBBR;ZSPD;25R;NIK3G;4.39701001777904;50.91518251900026;876.2999877929688;1778.8376
F040-2;9/29/2026 9:32:11 AM +02:00;9/29/2026 9:33:32 AM +02:00;9/29/2026 9:32:52 AM +02:00;81;D;DEP;63.098778;71.09;82.183624;;9/29/2026 7:31:17 AM;9/29/2026 7:35:40 AM;BEL2DY;OOSSR;44CE72;A319;EBBR;LPPT;25R;CIV4G;4.378012124742898;50.907664436892865;995.6799926757812;954.2334
F040-2;9/29/2026 9:34:01 AM +02:00;9/29/2026 9:35:35 AM +02:00;9/29/2026 9:34:42 AM +02:00;94;D;DEP;64.46921;72.77;84.200485;;9/29/2026 7:33:04 AM;9/29/2026 7:38:36 AM;BAF649;CT01;44F681;A400;EBMB;LEMO;25R;CIV4G;4.377119432632533;50.90728909644165;982.97998046875;943.0316
F040-2;9/29/2026 9:38:35 AM +02:00;9/29/2026 9:40:04 AM +02:00;9/29/2026 9:39:14 AM +02:00;89;D;DEP;62.587902;70.02;82.0818;;9/29/2026 7:37:33 AM;9/29/2026 7:41:44 AM;BEL5KF;OOSSO;44CE6F;A319;EBBR;LPFR;25R;CIV4G;4.378269322318377;50.90727375450678;982.97998046875;936.81866
F040-2;9/29/2026 9:50:57 AM +02:00;9/29/2026 9:52:02 AM +02:00;9/29/2026 9:51:30 AM +02:00;65;D;DEP;63.41686;69.18;81.54599;;9/29/2026 7:49:53 AM;9/29/2026 7:54:12 AM;VLG9BU;ECMBF;34454A;A320;EBBR;LEAL;25R;CIV4G;4.377502972711102;50.90738847895254;1005.8400268554688;964.3109
F040-2;9/29/2026 9:56:55 AM +02:00;9/29/2026 9:58:29 AM +02:00;9/29/2026 9:57:45 AM +02:00;94;D;DEP;61.653774;69.21;81.385056;;9/29/2026 7:56:04 AM;9/29/2026 8:00:36 AM;BEL5EN;OOSNF;44CDC6;A320;EBBR;LEMD;25R;CIV4G;4.377508964148214;50.90718959834469;998.219970703125;955.6268
F040-2;9/29/2026 10:05:24 AM +02:00;9/29/2026 10:07:00 AM +02:00;9/29/2026 10:06:00 AM +02:00;96;D;DEP;65.4585;75.31;85.28122;;9/29/2026 8:04:28 AM;9/29/2026 8:09:05 AM;DAL141;N831MH;AB5D2C;B764;EBBR;KATL;25R;DENUT4G;4.370614236630097;50.90025309005901;817.2449951171875;1276.5831
F040-2;9/29/2026 10:08:29 AM +02:00;9/29/2026 10:10:15 AM +02:00;9/29/2026 10:09:09 AM +02:00;106;D;DEP;52.13268;56.98;72.385735;;9/29/2026 8:07:33 AM;9/29/2026 8:12:21 AM;BEL7GZ;OOSSL;44CE6C;A319;EBBR;EDDH;25R;NIK3G;4.405035863642089;50.919598379081656;853.4400024414062;2448.747
F040-2;9/29/2026 10:12:13 AM +02:00;9/29/2026 10:13:49 AM +02:00;9/29/2026 10:13:02 AM +02:00;96;D;DEP;58.10993;66.08;77.93264;;9/29/2026 8:11:24 AM;9/29/2026 8:15:28 AM;BEL8WD;;44CC42;A20N;EBBR;LFBO;25R;CIV4G;4.377284350189717;50.9073983061854;1104.9000244140625;1049.5491
F040-2;9/29/2026 10:14:17 AM +02:00;9/29/2026 10:15:22 AM +02:00;9/29/2026 10:14:57 AM +02:00;65;D;DEP;53.65056;58.18;71.77969;;9/29/2026 8:13:24 AM;9/29/2026 8:17:21 AM;BEL2JZ;OOSSU;44CE75;A319;EBBR;ESSA;25R;NIK3G;4.403274702528307;50.91940992890747;992.5050048828125;2384.9065
F040-2;9/29/2026 10:15:39 AM +02:00;9/29/2026 10:16:50 AM +02:00;9/29/2026 10:16:09 AM +02:00;71;D;DEP;66.729965;74.07;85.242546;;9/29/2026 8:14:40 AM;9/29/2026 8:18:33 AM;ACA833;CFJZS;C01A61;B77W;EBBR;CYUL;25R;DENUT4G;4.3799261295334455;50.91039960844802;1032.510009765625;1029.9883
F040-2;9/29/2026 10:20:40 AM +02:00;9/29/2026 10:22:01 AM +02:00;9/29/2026 10:21:18 AM +02:00;81;D;DEP;61.171356;68.98;80.2562;;9/29/2026 8:19:53 AM;9/29/2026 8:22:44 AM;AAB83E;OOELK;44958B;FA8X;EBBR;LEMG;25R;CIV4G;4.3770594495168735;50.907154155317336;1175.385009765625;1123.2273
F040-2;9/29/2026 10:28:19 AM +02:00;9/29/2026 10:29:40 AM +02:00;9/29/2026 10:28:57 AM +02:00;81;D;DEP;64.77457;72.85;83.85941;;9/29/2026 8:27:24 AM;9/29/2026 8:31:57 AM;UAL973;N14019;A0A54D;B78X;EBBR;KORD;25R;DENUT4G;4.379538610103942;50.909329408959515;929.6400146484375;915.05914
F040-2;9/29/2026 10:30:11 AM +02:00;9/29/2026 10:31:48 AM +02:00;9/29/2026 10:30:50 AM +02:00;97;D;DEP;62.147953;70.86;82.01567;;9/29/2026 8:29:17 AM;9/29/2026 8:35:33 AM;ACA827;CFRSI;C02EC1;B789;EBBR;CYYZ;25R;DENUT4G;4.377166212299285;50.90765435731442;944.8800048828125;891.41815
F040-2;9/29/2026 10:33:57 AM +02:00;9/29/2026 10:35:42 AM +02:00;9/29/2026 10:34:40 AM +02:00;105;D;DEP;59.021847;67.37;79.23374;;9/29/2026 8:32:57 AM;9/29/2026 8:38:41 AM;BEL5UB;OOSSV;44CE76;A319;EBBR;EGCC;25R;DENUT4G;4.38209777715638;50.914362102935215;1059.1800537109375;1263.1176
F040-2;9/29/2026 10:37:13 AM +02:00;9/29/2026 10:39:01 AM +02:00;9/29/2026 10:37:59 AM +02:00;108;D;DEP;61.95689;70.49;82.29113;;9/29/2026 8:36:25 AM;9/29/2026 8:40:52 AM;RYR7EM;9HQEY;4D251C;B738;EBBR;LEBL;25R;CIV4G;4.377308143894904;50.90772642739619;1017.2699584960938;963.4175
F040-2;9/29/2026 10:47:59 AM +02:00;9/29/2026 10:49:33 AM +02:00;9/29/2026 10:48:38 AM +02:00;94;D;DEP;66.38324;74.64;86.11452;;9/29/2026 8:47:01 AM;9/29/2026 8:52:57 AM;BEL1CP;;44CCD1;A333;EBBR;KJFK;25R;DENUT4G;4.379474500541219;50.91155637406184;851.5350341796875;887.71155
F040-2;9/29/2026 10:50:22 AM +02:00;9/29/2026 10:51:29 AM +02:00;9/29/2026 10:51:05 AM +02:00;67;D;DEP;49.23193;55.42;67.492676;;9/29/2026 8:49:09 AM;9/29/2026 8:52:49 AM;KLM96D;;486954;E295;EBBR;EHAM;25R;HELEN4G;4.392170794393553;50.925022094408824;815.3400268554688;2269.8135
F040-2;9/29/2026 10:51:54 AM +02:00;9/29/2026 10:53:27 AM +02:00;9/29/2026 10:52:36 AM +02:00;93;D;DEP;57.51831;65.75;77.20314;;9/29/2026 8:50:53 AM;9/29/2026 8:54:48 AM;BEL1MG;OOSBA;44CC41;A20N;EBBR;LPPR;25R;CIV4G;4.377572652710441;50.90727732607393;1146.81005859375;1096.3492
F040-2;9/29/2026 10:53:47 AM +02:00;9/29/2026 10:55:03 AM +02:00;9/29/2026 10:54:33 AM +02:00;76;D;DEP;61.126854;67.25;79.93499;;9/29/2026 8:52:52 AM;9/29/2026 8:57:04 AM;EIN6AP;EIDEO;4CA295;A320;EBBR;EIDW;25R;DENUT4G;4.382559131943167;50.914606517667345;1068.705078125;1296.5258
F040-2;9/29/2026 10:55:23 AM +02:00;9/29/2026 10:56:58 AM +02:00;9/29/2026 10:55:54 AM +02:00;95;D;DEP;60.922073;67.87;80.69931;;9/29/2026 8:54:20 AM;9/29/2026 8:58:48 AM;RYR7FE;9HQDL;4D2265;B738;EBBR;EIDW;25R;DENUT4G;4.380562233271179;50.9148635294843;1051.56005859375;1258.9352
F040-2;9/29/2026 11:08:34 AM +02:00;9/29/2026 11:09:59 AM +02:00;9/29/2026 11:09:04 AM +02:00;85;D;DEP;51.480873;58.45;70.77506;;9/29/2026 9:07:44 AM;9/29/2026 9:11:21 AM;BAW385;GDBCC;400A7C;A319;EBBR;EGLL;25R;HELEN4G;4.393633871327253;50.92565755805612;868.6799926757812;2350.991
F040-2;9/29/2026 11:11:08 AM +02:00;9/29/2026 11:12:19 AM +02:00;9/29/2026 11:11:45 AM +02:00;71;D;DEP;60.148483;66.86;78.661064;;9/29/2026 9:10:08 AM;9/29/2026 9:14:48 AM;AEA45BT;;34860C;B38M;EBBR;LEMD;25R;CIV4G;4.378177754905127;50.90755791298121;1049.655029296875;1006.1966
F040-2;9/29/2026 11:12:42 AM +02:00;9/29/2026 11:13:42 AM +02:00;9/29/2026 11:13:17 AM +02:00;60;D;DEP;64.16684;69.73;81.94835;;9/29/2026 9:11:36 AM;9/29/2026 9:17:04 AM;MAC116Q;CNNMJ;020124;A320;EBBR;GMMW;25R;CIV4G;4.377704615640558;50.90714041815279;937.260009765625;899.63025
F040-2;9/29/2026 11:14:41 AM +02:00;9/29/2026 11:15:59 AM +02:00;9/29/2026 11:15:18 AM +02:00;78;D;DEP;63.21753;70.59;82.13847;;9/29/2026 9:13:44 AM;9/29/2026 9:18:32 AM;RYR29DB;9HQCJ;4D2226;B738;EBBR;LEMD;25R;CIV4G;4.378162018885281;50.9074803828718;1028.699951171875;978.45557
F040-2;9/29/2026 11:17:22 AM +02:00;9/29/2026 11:18:59 AM +02:00;9/29/2026 11:18:13 AM +02:00;97;D;DEP;58.417194;69.7;78.28491;;9/29/2026 9:16:24 AM;9/29/2026 9:21:24 AM;BEL3JY;YLABH;502D59;BCS3;EBBR;LFLL;25R;CIV4G;4.37747560767364;50.906527744871575;1051.56005859375;1022.95966
F040-2;9/29/2026 11:22:03 AM +02:00;9/29/2026 11:24:01 AM +02:00;9/29/2026 11:22:57 AM +02:00;118;D;DEP;63.9087;75.29;84.62752;;9/29/2026 9:21:24 AM;9/29/2026 9:26:53 AM;UAL995;N16008;A0F427;B78X;EBBR;KEWR;25R;DENUT4G;4.376486322129004;50.90633765883597;880.1099853515625;855.4842
F040-2;9/29/2026 11:28:45 AM +02:00;9/29/2026 11:30:37 AM +02:00;9/29/2026 11:29:50 AM +02:00;112;D;DEP;65.158104;75.13;85.65028;;9/29/2026 9:28:04 AM;9/29/2026 9:33:32 AM;BEL8AN;OOSFX;44CCD8;A333;EBBR;GOBD;25R;CIV4G;4.377257051827294;50.90813089795608;883.9199829101562;828.0354
F040-2;9/29/2026 11:31:00 AM +02:00;9/29/2026 11:32:57 AM +02:00;9/29/2026 11:32:07 AM +02:00;117;D;DEP;66.095985;76.33;86.77785;;9/29/2026 9:30:24 AM;9/29/2026 9:36:28 AM;BEL6ZD;OOSFF;44CCC6;A333;EBBR;DFFD;25R;CIV4G;4.376011767246457;50.90635687858485;838.2000122070312;831.8686
F040-2;9/29/2026 11:35:09 AM +02:00;9/29/2026 11:36:39 AM +02:00;9/29/2026 11:36:17 AM +02:00;90;D;DEP;52.753338;60.82;72.29576;;9/29/2026 9:34:48 AM;9/29/2026 9:38:20 AM;FIN8CA;OHLZK;461FA0;A321;EBBR;EFHK;25R;NIK3G;4.4021598222362845;50.91950307447269;800.0999755859375;2274.071
F040-2;9/29/2026 11:40:27 AM +02:00;9/29/2026 11:42:10 AM +02:00;9/29/2026 11:41:09 AM +02:00;103;D;DEP;59.518925;68.28;79.6473;;9/29/2026 9:39:28 AM;9/29/2026 9:43:40 AM;BEL4OZ;OOSSX;44CE78;A319;EBBR;EGPH;25R;DENUT4G;4.377713879716566;50.91619468614325;1021.0800170898438;1308.6533
F040-2;9/29/2026 12:05:07 PM +02:00;9/29/2026 12:06:39 PM +02:00;9/29/2026 12:05:47 PM +02:00;92;D;DEP;59.1962;67.29;78.834076;;9/29/2026 10:04:12 AM;9/29/2026 10:08:16 AM;TAP641;;495153;A21N;EBBR;LPPT;25R;CIV4G;4.377628591350384;50.907559435761456;1083.945068359375;1028.9244
F040-2;9/29/2026 12:12:12 PM +02:00;9/29/2026 12:13:36 PM +02:00;9/29/2026 12:12:56 PM +02:00;84;D;DEP;61.76089;68.6;81.003685;;9/29/2026 10:11:20 AM;9/29/2026 10:15:08 AM;ENT579P;;48E87F;B738;EBBR;LFSL;25R;CIV4G;4.377775859990439;50.907633790642;1150.6199951171875;1105.8317
F040-2;9/29/2026 12:18:39 PM +02:00;9/29/2026 12:19:54 PM +02:00;9/29/2026 12:19:16 PM +02:00;75;D;DEP;59.13745;66.26;77.88806;;9/29/2026 10:17:33 AM;9/29/2026 10:23:00 AM;BEL6EP;YLABE;502D46;BCS3;EBBR;LEMG;25R;CIV4G;4.37829364280897;50.90690411473968;954.405029296875;914.9798
F040-2;9/29/2026 12:21:22 PM +02:00;9/29/2026 12:22:54 PM +02:00;9/29/2026 12:21:53 PM +02:00;92;D;DEP;59.333107;67.61;78.970985;;9/29/2026 10:20:20 AM;9/29/2026 10:25:21 AM;CHH7922;B1341;7812A0;B789;EBBR;ZSPD;25R;NIK3G;4.389176165232586;50.912429321905854;889.635009765625;1261.6177
F040-2;9/29/2026 12:27:43 PM +02:00;9/29/2026 12:29:33 PM +02:00;9/29/2026 12:28:49 PM +02:00;110;D;DEP;65.95929;74.73;86.373215;;9/29/2026 10:27:04 AM;9/29/2026 10:33:08 AM;BEL37K;OOSFE;44CCC5;A333;EBBR;FZAA;25R;CIV4G;4.3776388634446555;50.908217904882385;824.864990234375;776.5591
F040-2;9/29/2026 12:32:52 PM +02:00;9/29/2026 12:34:46 PM +02:00;9/29/2026 12:33:59 PM +02:00;114;D;DEP;66.42836;76.85;86.997406;;9/29/2026 10:32:28 AM;9/29/2026 10:37:21 AM;UAL951;N2644U;A290D0;B77W;EBBR;KIAD;25R;DENUT4G;4.376382243434847;50.906639778787344;882.0150146484375;859.4004
F040-2;9/29/2026 12:35:21 PM +02:00;9/29/2026 12:37:12 PM +02:00;9/29/2026 12:36:24 PM +02:00;111;D;DEP;66.1463;75.55;86.59953;;9/29/2026 10:34:44 AM;9/29/2026 10:40:32 AM;BEL27A;OOSFD;44CCC4;A333;EBBR;DGAA;25R;CIV4G;4.377038016037156;50.90772610029118;815.3400268554688;761.8032
F040-2;9/29/2026 12:54:04 PM +02:00;9/29/2026 12:55:24 PM +02:00;9/29/2026 12:54:41 PM +02:00;80;D;DEP;62.08895;68.9;81.11985;;9/29/2026 10:53:00 AM;9/29/2026 10:57:24 AM;BEL6JW;;44CDD1;A320;EBBR;LEIB;25R;CIV4G;4.377657904223527;50.90729544365033;1028.699951171875;978.8837
F040-2;9/29/2026 12:55:53 PM +02:00;9/29/2026 12:57:19 PM +02:00;9/29/2026 12:56:34 PM +02:00;86;D;DEP;63.25228;71.03;82.59727;;9/29/2026 10:54:53 AM;9/29/2026 10:59:12 AM;RAM673S;CNRGK;0200FB;B738;EBBR;GMTT;25R;CIV4G;4.3778934985269276;50.90699012557963;1013.4600219726562;968.6815
F040-2;9/29/2026 1:00:34 PM +02:00;9/29/2026 1:02:17 PM +02:00;9/29/2026 1:01:22 PM +02:00;103;D;DEP;62.37466;71.35;82.50304;;9/29/2026 10:59:48 AM;9/29/2026 11:04:24 AM;IBE05SM;ECIZH;3420CB;A320;EBBR;LEMD;25R;CIV4G;4.377699957577611;50.908014606484436;982.97998046875;926.90326
F040-2;9/29/2026 1:06:25 PM +02:00;9/29/2026 1:08:00 PM +02:00;9/29/2026 1:07:16 PM +02:00;95;D;DEP;67.04914;76.14;86.82638;;9/29/2026 11:05:36 AM;9/29/2026 11:11:52 AM;BEL7WR;OOSFP;44CCD0;A333;EBBR;GFLL;25R;CIV4G;4.376920962920527;50.90657983904226;800.0999755859375;767.4775
F040-2;9/29/2026 1:32:57 PM +02:00;9/29/2026 1:33:53 PM +02:00;9/29/2026 1:33:16 PM +02:00;56;D;DEP;60.197132;68.03;77.679016;;9/29/2026 11:31:45 AM;9/29/2026 11:36:33 AM;CHH492;B7302;78110D;B789;EBBR;ZBAA;25R;NIK3G;4.38910109836983;50.9125775556573;815.3400268554688;1224.2307
F040-2;9/29/2026 1:34:47 PM +02:00;9/29/2026 1:35:53 PM +02:00;9/29/2026 1:35:23 PM +02:00;66;D;DEP;59.204464;66.36;77.3999;;9/29/2026 11:33:57 AM;9/29/2026 11:39:08 AM;RAM839J;;0201A2;B38M;EBBR;GMMN;25R;CIV4G;4.37783761381665;50.907767579879255;1194.4349365234375;1135.639
F040-2;9/29/2026 1:36:17 PM +02:00;9/29/2026 1:37:31 PM +02:00;9/29/2026 1:37:01 PM +02:00;74;D;DEP;61.785534;71.85;80.47785;;9/29/2026 11:35:33 AM;9/29/2026 11:40:24 AM;TAM8157;;E8046F;B789;EBBR;SBGR;25R;CIV4G;4.372086754226771;50.90042930275171;830.5800170898438;1221.1672
F040-2;9/29/2026 1:51:40 PM +02:00;9/29/2026 1:52:15 PM +02:00;9/29/2026 1:51:59 PM +02:00;35;D;DEP;70.9952;75.15;86.43588;;9/29/2026 11:50:24 AM;9/29/2026 11:54:56 AM;TRA6U;PHHXJ;4853D3;B738;EBBR;GMAD;25R;CIV4G;4.37745546554145;50.90724234547709;963.9299926757812;927.3129
F040-2;9/29/2026 2:40:28 PM +02:00;9/29/2026 2:41:39 PM +02:00;9/29/2026 2:41:14 PM +02:00;71;D;DEP;62.141747;69;80.65433;;9/29/2026 12:39:29 PM;9/29/2026 12:43:28 PM;BEL3CP;OOSNL;44CDCC;A320;EBBR;LPPR;25R;CIV4G;4.377999638000122;50.90821837479523;1051.5599365234375;998.17017
F040-2;9/29/2026 2:51:09 PM +02:00;9/29/2026 2:52:55 PM +02:00;9/29/2026 2:52:03 PM +02:00;106;D;DEP;59.719852;68.59;79.97291;;9/29/2026 12:50:32 PM;9/29/2026 12:55:13 PM;DHK842;;407EA0;B763;EBBR;EGNX;25R;DENUT4G;4.381133076089553;50.91311474993569;1163.9549560546875;1272.964
F040-2;9/29/2026 2:58:38 PM +02:00;9/29/2026 2:59:41 PM +02:00;9/29/2026 2:59:02 PM +02:00;63;D;DEP;67.837685;75.48;85.83109;;9/29/2026 12:57:33 PM;9/29/2026 1:01:24 PM;TRA89Z;PHHXM;484C9B;B738;EBBR;LEMG;25R;CIV4G;4.378456721102555;50.906491972047355;967.739990234375;936.2209
F040-2;9/29/2026 3:02:33 PM +02:00;9/29/2026 3:04:11 PM +02:00;9/29/2026 3:03:25 PM +02:00;98;D;DEP;60.38386;68.64;80.29612;;9/29/2026 1:01:40 PM;9/29/2026 1:05:40 PM;VLG359E;ECMVD;34560D;A320;EBBR;LEVC;25R;CIV4G;4.377330178905484;50.90697475487219;1026.7950439453125;980.702
F040-2;9/29/2026 3:06:06 PM +02:00;9/29/2026 3:07:39 PM +02:00;9/29/2026 3:06:49 PM +02:00;93;D;DEP;57.73802;66.41;77.42285;;9/29/2026 1:05:05 PM;9/29/2026 1:09:05 PM;BEL7NO;;44CC42;A20N;EBBR;GCRR;25R;CIV4G;4.377723486491786;50.908102721043754;1097.280029296875;1041.2172
F040-2;9/29/2026 3:39:45 PM +02:00;9/29/2026 3:41:24 PM +02:00;9/29/2026 3:40:15 PM +02:00;99;D;DEP;61.338562;71.33;81.294914;;9/29/2026 1:38:41 PM;9/29/2026 1:43:28 PM;ANE1300;ECMVZ;34604B;CRJX;EBBR;LEMD;25R;CIV4G;4.3765438107897054;50.90348370684142;857.25;973.00287
F040-2;9/29/2026 3:42:32 PM +02:00;9/29/2026 3:44:07 PM +02:00;9/29/2026 3:43:15 PM +02:00;95;D;DEP;63.863495;73.42;83.64073;;9/29/2026 1:41:41 PM;9/29/2026 1:45:33 PM;JAF86A;OOTUK;44D2AB;B738;EBBR;GMMW;25R;CIV4G;4.378699940378197;50.90602371250921;960.1199951171875;949.8548
F040-2;9/29/2026 3:45:42 PM +02:00;9/29/2026 3:47:22 PM +02:00;9/29/2026 3:46:47 PM +02:00;100;D;DEP;61.769604;71.98;81.76961;;9/29/2026 1:45:09 PM;9/29/2026 1:49:12 PM;BEL9QH;OOSSF;44CE66;A319;EBBR;LEBL;25R;CIV4G;4.37775688543118;50.90691913792237;986.7899780273438;954.47644
F040-2;9/29/2026 3:47:54 PM +02:00;9/29/2026 3:49:06 PM +02:00;9/29/2026 3:48:26 PM +02:00;72;D;DEP;52.028297;58.22;70.60162;;9/29/2026 1:46:37 PM;9/29/2026 1:50:09 PM;KLM82A;PHEXL;48548E;E75L;EBBR;EHAM;25R;HELEN4G;4.399883605205062;50.921055631156975;784.8599853515625;2233.3506
F040-2;9/29/2026 3:49:29 PM +02:00;9/29/2026 3:50:54 PM +02:00;9/29/2026 3:49:50 PM +02:00;85;D;DEP;57.695538;66.41;76.98972;;9/29/2026 1:48:21 PM;9/29/2026 1:52:52 PM;JAF3FD;OOTMZ;44D1BA;B38M;EBBR;DAAG;25R;CIV4G;4.378725994929504;50.906753007822;929.6400146484375;895.2266
F040-2;9/29/2026 4:01:58 PM +02:00;9/29/2026 4:03:24 PM +02:00;9/29/2026 4:02:40 PM +02:00;86;D;DEP;55.771748;63.82;75.11673;;9/29/2026 2:00:57 PM;9/29/2026 2:05:56 PM;TAP643;;4952D3;A20N;EBBR;LPPT;25R;CIV4G;4.378700960279632;50.907885597654534;1219.199951171875;1168.1869
F040-2;9/29/2026 4:13:15 PM +02:00;9/29/2026 4:14:55 PM +02:00;9/29/2026 4:14:05 PM +02:00;100;D;DEP;50.811775;59.63;70.811775;;9/29/2026 2:12:16 PM;9/29/2026 2:17:37 PM;BAW387;GTTOB;40095D;A320;EBBR;EGLL;25R;HELEN4G;4.3970465097431335;50.92348617641129;861.0599975585938;2341.6233
F040-2;9/29/2026 4:28:10 PM +02:00;9/29/2026 4:30:17 PM +02:00;9/29/2026 4:29:17 PM +02:00;127;D;DEP;63.592396;73.68;84.63043;;9/29/2026 2:27:41 PM;9/29/2026 2:32:29 PM;CSC9606;;781EC1;A333;EBBR;ZUTF;25R;NIK3G;4.3908066773358225;50.913393128235846;876.2999877929688;1385.437
F040-2;9/29/2026 4:49:23 PM +02:00;9/29/2026 4:51:21 PM +02:00;9/29/2026 4:50:20 PM +02:00;118;D;DEP;59.70283;68.96;80.42165;;9/29/2026 2:48:44 PM;9/29/2026 2:53:04 PM;BEL4GU;OOTCV;44D076;A320;EBBR;LEMG;25R;CIV4G;4.378224210121771;50.907481568972216;992.5050048828125;944.1934
F040-2;9/29/2026 4:56:51 PM +02:00;9/29/2026 4:58:39 PM +02:00;9/29/2026 4:57:48 PM +02:00;108;D;DEP;50.605423;59.18;70.93966;;9/29/2026 2:56:01 PM;9/29/2026 2:59:25 PM;BEL6RA;OOSSO;44CE6F;A319;EBBR;EGLL;25R;HELEN4G;4.39538261267846;50.92466180829826;1154.429931640625;2475.7805
F040-2;9/29/2026 5:08:00 PM +02:00;9/29/2026 5:09:38 PM +02:00;9/29/2026 5:08:38 PM +02:00;98;D;DEP;63.487915;72.91;83.40018;;9/29/2026 3:07:04 PM;9/29/2026 3:10:52 PM;JAF2535;OOJAF;44A826;B738;EBBR;GMMN;25R;CIV4G;4.3785897228783135;50.907121381214345;1021.0800170898438;977.60095
F040-2;9/29/2026 5:46:43 PM +02:00;9/29/2026 5:48:24 PM +02:00;9/29/2026 5:47:31 PM +02:00;101;D;DEP;65.01329;73.52;85.0565;;9/29/2026 3:46:00 PM;9/29/2026 3:49:40 PM;TRA93K;PHHXL;484B6E;B738;EBBR;LEAL;25R;CIV4G;4.378712109346134;50.90719118512851;967.739990234375;926.2363
F040-2;9/29/2026 5:48:55 PM +02:00;9/29/2026 5:50:12 PM +02:00;9/29/2026 5:49:26 PM +02:00;77;D;DEP;64.350174;73.14;83.21508;;9/29/2026 3:47:52 PM;9/29/2026 3:52:12 PM;TRA81J;PHHXE;48520D;B738;EBBR;LEIB;25R;CIV4G;4.3770337042001;50.9068811221298;861.0599975585938;819.60754
F040-2;9/29/2026 5:55:15 PM +02:00;9/29/2026 5:56:40 PM +02:00;9/29/2026 5:56:00 PM +02:00;85;D;DEP;63.288017;72;82.58221;;9/29/2026 3:54:20 PM;9/29/2026 3:58:56 PM;RYR1FR;EIDPV;4CA4F8;B738;EBBR;LEBL;25R;CIV4G;4.376939118053788;50.90753719895391;960.1199951171875;907.95276
F040-2;9/29/2026 6:03:29 PM +02:00;9/29/2026 6:04:23 PM +02:00;9/29/2026 6:03:57 PM +02:00;54;D;DEP;63.939636;70.1;81.26357;;9/29/2026 4:02:21 PM;9/29/2026 4:06:40 PM;VLG6FP;;34768E;A320;EBBR;LEMG;25R;CIV4G;4.377068269975409;50.908248607571046;1005.8399658203125;945.4535
F040-2;9/29/2026 6:42:17 PM +02:00;9/29/2026 6:43:34 PM +02:00;9/29/2026 6:42:47 PM +02:00;77;D;DEP;58.45522;66.54;77.32013;;9/29/2026 4:41:12 PM;9/29/2026 4:45:56 PM;BEL3FJ;;502D7C;BCS3;EBBR;LEBL;25R;CIV4G;4.377815273406884;50.90699719645663;1068.323974609375;1027.5868
F040-2;9/29/2026 6:54:37 PM +02:00;9/29/2026 6:56:08 PM +02:00;9/29/2026 6:55:30 PM +02:00;91;D;DEP;61.04339;69.48;80.633804;;9/29/2026 4:53:45 PM;9/29/2026 4:57:52 PM;MAC114H;CNNMJ;020124;A320;EBBR;GMTT;25R;CIV4G;4.377254419105605;50.90731286964935;1066.800048828125;1027.038
F040-2;9/29/2026 7:14:05 PM +02:00;9/29/2026 7:15:19 PM +02:00;9/29/2026 7:14:25 PM +02:00;74;E;DEP;59.67193;66.44;78.36424;;9/29/2026 5:13:00 PM;9/29/2026 5:17:24 PM;AEA26LC;;348609;B38M;EBBR;LEMD;25R;CIV4G;4.378849399985782;50.908688043453154;994.4099731445312;950.4424
F040-2;9/29/2026 7:19:31 PM +02:00;9/29/2026 7:21:07 PM +02:00;9/29/2026 7:20:27 PM +02:00;96;E;DEP;60.901024;69.77;80.72374;;9/29/2026 5:18:56 PM;9/29/2026 5:23:08 PM;VLG7KZ;;347601;A320;EBBR;LEBL;25R;CIV4G;4.376521079957517;50.90872316983354;834.3900146484375;777.72943
F040-2;9/29/2026 7:32:39 PM +02:00;9/29/2026 7:33:40 PM +02:00;9/29/2026 7:33:08 PM +02:00;61;E;DEP;52.523994;57.29;70.3773;;9/29/2026 5:31:36 PM;9/29/2026 5:35:41 PM;FIN5DA;OHLXI;461F6A;A320;EBBR;EFHK;25R;NIK3G;4.403149454420139;50.918405261712444;689.6099853515625;2231.7964
F040-2;9/29/2026 7:41:25 PM +02:00;9/29/2026 7:43:26 PM +02:00;9/29/2026 7:42:18 PM +02:00;121;E;DEP;63.9641;72.59;84.791954;;9/29/2026 5:40:40 PM;9/29/2026 5:45:16 PM;RWD700;;06E02B;A332;EBBR;LFPG;25R;CIV4G;4.3770804386132856;50.90671711695421;982.97998046875;941.6957
F040-2;9/29/2026 7:45:06 PM +02:00;9/29/2026 7:46:29 PM +02:00;9/29/2026 7:45:42 PM +02:00;83;E;DEP;62.322124;70.78;81.51291;;9/29/2026 5:44:08 PM;9/29/2026 5:48:24 PM;VLG37FQ;ECKJD;342592;A320;EBBR;LEBB;25R;CIV4G;4.377156119264445;50.90802062478767;998.219970703125;938.8141
F040-2;9/29/2026 7:52:22 PM +02:00;9/29/2026 7:53:30 PM +02:00;9/29/2026 7:53:02 PM +02:00;68;E;DEP;53.82088;58.43;72.14597;;9/29/2026 5:51:20 PM;9/29/2026 5:55:09 PM;BAW391;GEUPG;400877;A319;EBBR;EGLL;25R;HELEN4G;4.3941352845135615;50.92441314304453;941.0700073242188;2319.6897
F040-2;9/29/2026 8:01:42 PM +02:00;9/29/2026 8:03:00 PM +02:00;9/29/2026 8:02:23 PM +02:00;78;E;DEP;63.269154;70.87;82.1901;;9/29/2026 6:00:36 PM;9/29/2026 6:05:04 PM;IBE06LR;ECLVD;344449;A320;EBBR;LEMD;25R;CIV4G;4.37783157180149;50.90798444006774;1013.4600219726562;958.83545
F040-2;9/29/2026 8:20:49 PM +02:00;9/29/2026 8:22:29 PM +02:00;9/29/2026 8:21:30 PM +02:00;100;E;DEP;60.835987;67.79;80.83598;;9/29/2026 6:19:53 PM;9/29/2026 6:24:37 PM;RYR3QK;EIEFD;4CA75F;B738;EBBR;EIDW;25R;DENUT4G;4.379681043574171;50.915816329711916;1024.889892578125;1293.5236
F040-2;9/29/2026 8:27:54 PM +02:00;9/29/2026 8:29:41 PM +02:00;9/29/2026 8:28:43 PM +02:00;107;E;DEP;62.319027;69.91;82.61286;;9/29/2026 6:26:52 PM;9/29/2026 6:30:52 PM;RAM831F;CNRGR;020113;E190;EBBR;GMME;25R;CIV4G;4.377156398393891;50.9073958864556;1238.25;1185.3925
F040-2;9/29/2026 8:58:50 PM +02:00;9/29/2026 9:00:16 PM +02:00;9/29/2026 8:59:30 PM +02:00;86;E;DEP;58.114883;64.21;77.45987;;9/29/2026 6:57:49 PM;9/29/2026 7:01:41 PM;BEL2FM;;44CC44;A20N;EBBR;LEMD;25R;CIV4G;4.3785359061155384;50.908358413691296;1125.85498046875;1079.4619
F040-2;9/29/2026 9:15:19 PM +02:00;9/29/2026 9:16:40 PM +02:00;9/29/2026 9:16:05 PM +02:00;81;E;DEP;62.62311;70.46;81.70796;;9/29/2026 7:14:32 PM;9/29/2026 7:19:12 PM;MAC148;;02019C;A320;EBBR;GMTT;25R;CIV4G;4.3779011173334395;50.90790923882015;1017.27001953125;979.39575
F040-2;9/29/2026 9:18:37 PM +02:00;9/29/2026 9:19:39 PM +02:00;9/29/2026 9:19:11 PM +02:00;62;E;DEP;62.217636;67.75;80.141556;;9/29/2026 7:17:29 PM;9/29/2026 7:22:05 PM;BEL29D;OOSSR;44CE72;A319;EBBR;LFBO;25R;CIV4G;4.377539578638723;50.90814585973253;1074.4200439453125;1028.2246
F040-2;9/29/2026 9:21:32 PM +02:00;9/29/2026 9:23:14 PM +02:00;9/29/2026 9:22:03 PM +02:00;102;E;DEP;59.306595;67.92;79.39259;;9/29/2026 7:20:25 PM;9/29/2026 7:24:24 PM;VLG9XG;ECNCS;34610F;A20N;EBBR;LEAL;25R;CIV4G;4.377477612299759;50.90699628694117;1162.050048828125;1124.0594
F040-2;9/29/2026 9:28:07 PM +02:00;9/29/2026 9:29:41 PM +02:00;9/29/2026 9:28:47 PM +02:00;94;E;DEP;61.5686;68.35;81.29988;;9/29/2026 7:27:09 PM;9/29/2026 7:31:32 PM;MAC112R;;020176;A320;EBBR;GMMN;25R;CIV4G;4.37750115258787;50.907403086616554;1087.7550048828125;1035.7743
F040-2;9/29/2026 9:54:20 PM +02:00;9/29/2026 9:55:59 PM +02:00;9/29/2026 9:55:26 PM +02:00;99;E;DEP;58.65636;64.37;78.61271;;9/29/2026 7:53:33 PM;9/29/2026 7:58:33 PM;BEL5BJ;OOSNL;44CDCC;A320;EBBR;EGCC;25R;DENUT4G;4.379468579508367;50.916650910397486;1203.9599609375;1493.8528
F040-2;9/29/2026 9:56:22 PM +02:00;9/29/2026 9:57:36 PM +02:00;9/29/2026 9:57:03 PM +02:00;74;E;DEP;62.22424;67.98;80.91656;;9/29/2026 7:55:21 PM;9/29/2026 8:00:12 PM;TAP645;CSTTP;495290;A319;EBBR;LPPT;25R;CIV4G;4.377653166332289;50.90657631186182;1135.3800048828125;1095.7075
F040-2;9/29/2026 9:59:20 PM +02:00;9/29/2026 10:00:45 PM +02:00;9/29/2026 10:00:03 PM +02:00;85;E;DEP;66.29607;74.43;85.590256;;9/29/2026 7:58:29 PM;9/29/2026 8:03:29 PM;CKS264;N795CK;AACAD4;B77L;EBBR;KCVG;25R;DENUT4G;4.376389832572196;50.90597237218102;1013.4600219726562;992.5243
F040-2;9/29/2026 10:25:44 PM +02:00;9/29/2026 10:27:12 PM +02:00;9/29/2026 10:26:18 PM +02:00;88;E;DEP;58.46618;64.69;77.911;;9/29/2026 8:24:49 PM;9/29/2026 8:28:41 PM;SWT4904;;407DCF;B734;EBBR;ESGJ;25R;NIK3G;4.403288466576021;50.91894027231864;990.5999755859375;2328.076
F040-2;9/29/2026 10:30:39 PM +02:00;9/29/2026 10:32:08 PM +02:00;9/29/2026 10:31:30 PM +02:00;89;E;DEP;63.63504;71.54;83.12894;;9/29/2026 8:29:53 PM;9/29/2026 8:35:09 PM;RYR7AC;EIENK;4CA8D6;B738;EBBR;GMMX;25R;CIV4G;4.377408534511991;50.90746590702326;914.4000244140625;862.91156
F040-2;9/29/2026 11:09:22 PM +02:00;9/29/2026 11:10:57 PM +02:00;9/29/2026 11:10:07 PM +02:00;95;N;DEP;61.771008;69.87;81.54824;;9/29/2026 9:08:41 PM;9/29/2026 9:13:33 PM;THA935;;8852E3;B789;EBBR;VTBS;25R;SOPOK4M;4.378853551037782;50.90902962903451;986.7900390625;949.3419
F040-2;9/29/2026 11:17:17 PM +02:00;9/29/2026 11:18:52 PM +02:00;9/29/2026 11:18:13 PM +02:00;95;N;DEP;63.478535;71.29;83.25577;;9/29/2026 9:16:37 PM;9/29/2026 9:21:29 PM;VLG5KB;ECNLV;346690;A321;EBBR;LEBL;25R;CIV4G;4.377125056333863;50.90720033229423;1040.1300048828125;991.4395
F040-2;9/29/2026 11:33:28 PM +02:00;9/29/2026 11:35:25 PM +02:00;9/29/2026 11:34:16 PM +02:00;117;N;DEP;59.27419;65.59;79.95605;;9/29/2026 9:32:41 PM;9/29/2026 9:36:21 PM;BOX117;DAALB;3C4582;B77L;EBBR;EDDP;25R;SPI4M;4.383604652867278;50.91639464293442;1367.0325927734375;1647.4691
F040-2;9/30/2026 12:06:32 AM +02:00;9/30/2026 12:08:38 AM +02:00;9/30/2026 12:07:24 AM +02:00;126;N;DEP;59.23983;67.26;80.24354;;9/29/2026 10:05:53 PM;9/29/2026 10:09:17 PM;DHK954;GDHLM;400B4B;B763;EBBR;EGNX;25R;DENUT4G;4.380374315839587;50.915250909328414;1270.635009765625;1471.1652
F040-2;9/30/2026 12:23:40 AM +02:00;9/30/2026 12:25:29 AM +02:00;9/30/2026 12:24:35 AM +02:00;109;N;DEP;63.03026;70.19;83.404526;;9/29/2026 10:22:49 PM;9/29/2026 10:28:56 PM;BCS62A;DALEJ;3C70AA;A332;EBBR;EDDP;25R;SOPOK4M;4.37988789860074;50.91159811054241;1117.5999755859375;1144.0299
F040-2;9/30/2026 1:20:24 AM +02:00;9/30/2026 1:22:20 AM +02:00;9/30/2026 1:21:19 AM +02:00;116;N;DEP;63.27024;71.62;83.91482;;9/29/2026 11:19:32 PM;9/29/2026 11:23:52 PM;BCS6TP;;3C71A7;A333;EBBR;EDDP;25R;SOPOK4M;4.37963571144539;50.911181309315786;1074.4200439453125;1081.9392
F041-1;9/29/2026 6:59:11 AM +02:00;9/29/2026 7:00:54 AM +02:00;9/29/2026 7:00:03 AM +02:00;103;D;DEP;58.047638;65.13;78.17601;0.300000;9/29/2026 4:58:09 AM;9/29/2026 5:01:53 AM;TRA15N;PHHXJ;4853D3;B738;EBBR;LEAL;25R;CIV4G;4.360259628386469;50.908620678782015;1163.9549560546875;2327.5342
F041-1;9/29/2026 7:18:59 AM +02:00;9/29/2026 7:20:48 AM +02:00;9/29/2026 7:19:47 AM +02:00;109;D;DEP;54.27955;61.3;74.65382;0.200000;9/29/2026 5:18:00 AM;9/29/2026 5:22:28 AM;IBE06CK;ECILS;342091;A320;EBBR;LEMD;25R;CIV4G;4.360305167437539;50.909289333549886;1089.6600341796875;2224.6772
F041-1;9/29/2026 8:02:01 AM +02:00;9/29/2026 8:03:11 AM +02:00;9/29/2026 8:02:37 AM +02:00;70;D;DEP;50.24801;56.04;68.69899;0.100000;9/29/2026 6:00:41 AM;9/29/2026 6:07:01 AM;;OORKS;44C973;C510;EBBR;EBOS;25R;DENUT4G;4.36046683960395;50.917550516572604;1341.1199951171875;1666.7883
F041-1;9/29/2026 8:20:59 AM +02:00;9/29/2026 8:22:35 AM +02:00;9/29/2026 8:21:45 AM +02:00;96;D;DEP;58.1871;66.64;78.00981;0.300000;9/29/2026 6:19:45 AM;9/29/2026 6:23:49 AM;KLM58G;PHEZL;484C50;E190;EBBR;EHAM;25R;HELEN4G;4.371637602583031;50.935048859613346;1095.375;1524.796
F041-1;9/29/2026 8:26:36 AM +02:00;9/29/2026 8:28:26 AM +02:00;9/29/2026 8:27:22 AM +02:00;110;D;DEP;49.903275;55.59;70.3172;0.400000;9/29/2026 6:25:29 AM;9/29/2026 6:29:53 AM;BEL8KV;;44CC45;A20N;EBBR;LFPG;25R;CIV4G;4.359823262527804;50.90790989759924;1163.9549560546875;2394.2617
F041-1;9/29/2026 8:30:02 AM +02:00;9/29/2026 8:31:58 AM +02:00;9/29/2026 8:31:05 AM +02:00;116;D;DEP;49.217957;54.67;69.86253;0.300000;9/29/2026 6:29:01 AM;9/29/2026 6:33:52 AM;ANE8076;ECMTZ;345687;CRJX;EBBR;LPPR;25R;CIV4G;4.356590302192586;50.904638692612956;1002.030029296875;2679.4917
F041-1;9/29/2026 8:36:05 AM +02:00;9/29/2026 8:37:30 AM +02:00;9/29/2026 8:36:34 AM +02:00;85;D;DEP;55.452457;61.13;74.74664;0.200000;9/29/2026 6:34:44 AM;9/29/2026 6:38:24 AM;RYR38YH;EIDLX;4CA303;B738;EBBR;LEGE;25R;CIV4G;4.35989126919916;50.9082650617895;1333.5;2440.2744
F041-1;9/29/2026 9:01:50 AM +02:00;9/29/2026 9:03:27 AM +02:00;9/29/2026 9:02:49 AM +02:00;97;D;DEP;56.986702;64.24;76.854416;0.400000;9/29/2026 7:00:52 AM;9/29/2026 7:04:36 AM;TRA22C;PHHXE;48520D;B738;EBBR;GMMX;25R;CIV4G;4.361063602093113;50.90795556620933;1120.1400146484375;2367.2249
F041-1;9/29/2026 9:16:58 AM +02:00;9/29/2026 9:18:25 AM +02:00;9/29/2026 9:17:44 AM +02:00;87;D;DEP;57.744106;64.08;77.1393;0.300000;9/29/2026 7:15:48 AM;9/29/2026 7:20:53 AM;HLF8812;;78219A;B77L;EBBR;ZSPD;25R;NIK3G;4.38245847136665;50.933868774350145;1080.135009765625;1906.183
F041-1;9/29/2026 9:32:10 AM +02:00;9/29/2026 9:33:38 AM +02:00;9/29/2026 9:33:11 AM +02:00;88;D;DEP;54.899067;61.82;74.343895;0.200000;9/29/2026 7:31:17 AM;9/29/2026 7:35:40 AM;BEL2DY;OOSSR;44CE72;A319;EBBR;LPPT;25R;CIV4G;4.360010847330146;50.90812931165894;1043.93994140625;2320.5042
F041-1;9/29/2026 9:34:20 AM +02:00;9/29/2026 9:35:51 AM +02:00;9/29/2026 9:34:50 AM +02:00;91;D;DEP;53.900406;58.93;73.49082;0.300000;9/29/2026 7:33:04 AM;9/29/2026 7:38:36 AM;BAF649;CT01;44F681;A400;EBMB;LEMO;25R;CIV4G;4.359670665079297;50.90784337887123;1040.1300048828125;2347.2031
F041-1;9/29/2026 9:38:44 AM +02:00;9/29/2026 9:40:17 AM +02:00;9/29/2026 9:39:32 AM +02:00;93;D;DEP;54.521374;61.65;74.2062;0.400000;9/29/2026 7:37:33 AM;9/29/2026 7:41:44 AM;BEL5KF;OOSSO;44CE6F;A319;EBBR;LPFR;25R;CIV4G;4.3594484337207255;50.908348716536445;1097.280029296875;2325.4854
F041-1;9/29/2026 9:51:13 AM +02:00;9/29/2026 9:52:40 AM +02:00;9/29/2026 9:51:46 AM +02:00;87;D;DEP;54.5598;59.63;73.954994;0.400000;9/29/2026 7:49:53 AM;9/29/2026 7:54:12 AM;VLG9BU;ECMBF;34454A;A320;EBBR;LEAL;25R;CIV4G;4.361508138032583;50.908216868645205;1089.6600341796875;2332.2886
F041-1;9/29/2026 9:57:08 AM +02:00;9/29/2026 9:58:42 AM +02:00;9/29/2026 9:57:59 AM +02:00;94;D;DEP;55.013466;59.88;74.74474;0.200000;9/29/2026 7:56:04 AM;9/29/2026 8:00:36 AM;BEL5EN;OOSNF;44CDC6;A320;EBBR;LEMD;25R;CIV4G;4.35917942313524;50.9080426914273;1104.9000244140625;2360.9263
F041-1;9/29/2026 10:05:30 AM +02:00;9/29/2026 10:07:32 AM +02:00;9/29/2026 10:06:23 AM +02:00;122;D;DEP;56.98;65.14;77.8436;0.400000;9/29/2026 8:04:28 AM;9/29/2026 8:09:05 AM;DAL141;N831MH;AB5D2C;B764;EBBR;KATL;25R;DENUT4G;4.345437296660745;50.90818790226119;1059.1800537109375;2599.5942
F041-1;9/29/2026 10:08:44 AM +02:00;9/29/2026 10:10:22 AM +02:00;9/29/2026 10:09:35 AM +02:00;98;D;DEP;53.11755;57.5;73.02981;0.100000;9/29/2026 8:07:33 AM;9/29/2026 8:12:21 AM;BEL7GZ;OOSSL;44CE6C;A319;EBBR;EDDH;25R;NIK3G;4.391165592467093;50.93706054955012;1070.610107421875;2530.937
F041-1;9/29/2026 10:15:54 AM +02:00;9/29/2026 10:17:05 AM +02:00;9/29/2026 10:16:30 AM +02:00;71;D;DEP;62.76081;69.13;81.27339;0.700000;9/29/2026 8:14:40 AM;9/29/2026 8:18:33 AM;ACA833;CFJZS;C01A61;B77W;EBBR;CYUL;25R;DENUT4G;4.358015818729475;50.91698953436068;1162.050048828125;1599.7308
F041-1;9/29/2026 10:18:24 AM +02:00;9/29/2026 10:19:38 AM +02:00;9/29/2026 10:19:05 AM +02:00;74;D;DEP;54.650814;61.33;73.34313;0.200000;9/29/2026 8:17:00 AM;9/29/2026 8:20:41 AM;BEL2AH;;44CC46;A20N;EBBR;EGLL;25R;HELEN4G;4.371847904683552;50.93492894437554;1318.260009765625;1689.0193
F041-1;9/29/2026 10:21:03 AM +02:00;9/29/2026 10:22:24 AM +02:00;9/29/2026 10:21:35 AM +02:00;81;D;DEP;52.25705;59.31;71.341896;0.400000;9/29/2026 8:19:53 AM;9/29/2026 8:22:44 AM;AAB83E;OOELK;44958B;FA8X;EBBR;LEMG;25R;CIV4G;4.360197192702353;50.90771378023869;1272.5400390625;2464.325
F041-1;9/29/2026 10:28:35 AM +02:00;9/29/2026 10:29:54 AM +02:00;9/29/2026 10:29:17 AM +02:00;79;D;DEP;60.24137;68.23;79.21764;0.200000;9/29/2026 8:27:24 AM;9/29/2026 8:31:57 AM;UAL973;N14019;A0A54D;B78X;EBBR;KORD;25R;DENUT4G;4.356386850138104;50.91718940265022;1112.52001953125;1576.6947
F041-1;9/29/2026 10:30:30 AM +02:00;9/29/2026 10:31:52 AM +02:00;9/29/2026 10:31:09 AM +02:00;82;D;DEP;56.71411;64.03;75.85225;0.200000;9/29/2026 8:29:17 AM;9/29/2026 8:35:33 AM;ACA827;CFRSI;C02EC1;B789;EBBR;CYYZ;25R;DENUT4G;4.351141921445871;50.91654769264041;1112.52001953125;1758.5181
F041-1;9/29/2026 10:34:07 AM +02:00;9/29/2026 10:35:56 AM +02:00;9/29/2026 10:34:57 AM +02:00;109;D;DEP;58.598946;67.72;78.97321;0.300000;9/29/2026 8:32:57 AM;9/29/2026 8:38:41 AM;BEL5UB;OOSSV;44CE76;A319;EBBR;EGCC;25R;DENUT4G;4.35985661440912;50.918653004758575;1186.81494140625;1471.5807
F041-1;9/29/2026 10:37:19 AM +02:00;9/29/2026 10:39:08 AM +02:00;9/29/2026 10:38:27 AM +02:00;109;D;DEP;56.27085;64.77;76.64512;0.000000;9/29/2026 8:36:25 AM;9/29/2026 8:40:52 AM;RYR7EM;9HQEY;4D251C;B738;EBBR;LEBL;25R;CIV4G;4.358530983539417;50.90845522994276;1158.239990234375;2339.9321
F041-1;9/29/2026 10:48:04 AM +02:00;9/29/2026 10:49:44 AM +02:00;9/29/2026 10:49:41 AM +02:00;100;D;DEP;62.56898;72.62;82.568985;0.200000;9/29/2026 8:47:01 AM;9/29/2026 8:52:57 AM;BEL1CP;;44CCD1;A333;EBBR;KJFK;25R;DENUT4G;4.356488986674693;50.91839408870699;967.739990234375;1385.8235
F041-1;9/29/2026 10:50:50 AM +02:00;9/29/2026 10:51:33 AM +02:00;9/29/2026 10:51:10 AM +02:00;43;D;DEP;55.707417;60.23;72.0421;0.100000;9/29/2026 8:49:09 AM;9/29/2026 8:52:49 AM;KLM96D;;486954;E295;EBBR;EHAM;25R;HELEN4G;4.3713193232132745;50.93452368965461;1112.52001953125;1512.2831
F041-1;9/29/2026 10:54:02 AM +02:00;9/29/2026 10:55:20 AM +02:00;9/29/2026 10:54:49 AM +02:00;78;D;DEP;59.825745;66.58;78.74669;0.300000;9/29/2026 8:52:52 AM;9/29/2026 8:57:04 AM;EIN6AP;EIDEO;4CA295;A320;EBBR;EIDW;25R;DENUT4G;4.360439780209217;50.91813923372309;1144.905029296875;1481.4753
F041-1;9/29/2026 10:55:41 AM +02:00;9/29/2026 10:57:00 AM +02:00;9/29/2026 10:56:14 AM +02:00;79;D;DEP;61.439747;69.49;80.416016;0.200000;9/29/2026 8:54:20 AM;9/29/2026 8:58:48 AM;RYR7FE;9HQDL;4D2265;B738;EBBR;EIDW;25R;DENUT4G;4.360782330493549;50.917312743627754;1188.719970703125;1573.6542
F041-1;9/29/2026 11:08:38 AM +02:00;9/29/2026 11:10:08 AM +02:00;9/29/2026 11:09:34 AM +02:00;90;D;DEP;56.545918;63.6;76.08834;0.300000;9/29/2026 9:07:44 AM;9/29/2026 9:11:21 AM;BAW385;GDBCC;400A7C;A319;EBBR;EGLL;25R;HELEN4G;4.371487368026109;50.936353209368825;1082.0400390625;1607.1332
F041-1;9/29/2026 11:11:11 AM +02:00;9/29/2026 11:12:37 AM +02:00;9/29/2026 11:12:00 AM +02:00;86;D;DEP;51.846638;59.11;71.19162;0.100000;9/29/2026 9:10:08 AM;9/29/2026 9:14:48 AM;AEA45BT;;34860C;B38M;EBBR;LEMD;25R;CIV4G;4.360400446883172;50.90802311624748;1181.0999755859375;2386.867
F041-1;9/29/2026 11:12:59 AM +02:00;9/29/2026 11:14:20 AM +02:00;9/29/2026 11:13:30 AM +02:00;81;D;DEP;55.102654;60.74;74.1875;0.200000;9/29/2026 9:11:36 AM;9/29/2026 9:17:04 AM;MAC116Q;CNNMJ;020124;A320;EBBR;GMMW;25R;CIV4G;4.3595775530461145;50.908034289235594;1036.3199462890625;2329.215
F041-1;9/29/2026 11:15:05 AM +02:00;9/29/2026 11:16:22 AM +02:00;9/29/2026 11:15:49 AM +02:00;77;D;DEP;57.10248;64.76;75.96739;0.400000;9/29/2026 9:13:44 AM;9/29/2026 9:18:32 AM;RYR29DB;9HQCJ;4D2226;B738;EBBR;LEMD;25R;CIV4G;4.359551332019254;50.90839602964369;1150.6199951171875;2339.6746
F041-1;9/29/2026 11:17:31 AM +02:00;9/29/2026 11:19:07 AM +02:00;9/29/2026 11:18:36 AM +02:00;96;D;DEP;51.398067;56.75;71.22078;0.200000;9/29/2026 9:16:24 AM;9/29/2026 9:21:24 AM;BEL3JY;YLABH;502D59;BCS3;EBBR;LFLL;25R;CIV4G;4.359491641516458;50.90723185980882;1162.050048828125;2462.402
F041-1;9/29/2026 11:22:41 AM +02:00;9/29/2026 11:24:15 AM +02:00;9/29/2026 11:23:18 AM +02:00;94;D;DEP;57.213562;66.21;76.94484;0.200000;9/29/2026 9:21:24 AM;9/29/2026 9:26:53 AM;UAL995;N16008;A0F427;B78X;EBBR;KEWR;25R;DENUT4G;4.351632636575409;50.914674230841904;1074.4200439453125;1867.038
F041-1;9/29/2026 11:29:28 AM +02:00;9/29/2026 11:30:41 AM +02:00;9/29/2026 11:29:56 AM +02:00;73;D;DEP;57.78074;64.61;76.41397;0.100000;9/29/2026 9:28:04 AM;9/29/2026 9:33:32 AM;BEL8AN;OOSFX;44CCD8;A333;EBBR;GOBD;25R;CIV4G;4.358439282369174;50.909219146187006;975.3599853515625;2189.693
F041-1;9/29/2026 11:31:36 AM +02:00;9/29/2026 11:33:26 AM +02:00;9/29/2026 11:32:23 AM +02:00;110;D;DEP;56.701992;64.84;77.11592;0.200000;9/29/2026 9:30:24 AM;9/29/2026 9:36:28 AM;BEL6ZD;OOSFF;44CCC6;A333;EBBR;DFFD;25R;CIV4G;4.3633412952064425;50.90864650920396;897.2550048828125;2197.9087
F041-1;9/29/2026 11:40:31 AM +02:00;9/29/2026 11:42:23 AM +02:00;9/29/2026 11:41:27 AM +02:00;112;D;DEP;58.30199;67.26;78.794174;0.200000;9/29/2026 9:39:28 AM;9/29/2026 9:43:40 AM;BEL4OZ;OOSSX;44CE78;A319;EBBR;EGPH;25R;DENUT4G;4.35981992936752;50.91847540424592;1108.7099609375;1431.8728
F041-1;9/29/2026 12:05:15 PM +02:00;9/29/2026 12:06:51 PM +02:00;9/29/2026 12:06:16 PM +02:00;96;D;DEP;50.483322;57.54;70.30604;0.100000;9/29/2026 10:04:12 AM;9/29/2026 10:08:16 AM;TAP641;;495153;A21N;EBBR;LPPT;25R;CIV4G;4.360106124878058;50.90831594100841;1207.77001953125;2372.9504
F041-1;9/29/2026 12:12:20 PM +02:00;9/29/2026 12:13:53 PM +02:00;9/29/2026 12:13:21 PM +02:00;93;D;DEP;54.988247;63.64;74.67307;0.200000;9/29/2026 10:11:20 AM;9/29/2026 10:15:08 AM;ENT579P;;48E87F;B738;EBBR;LFSL;25R;CIV4G;4.359278665428038;50.9081192449522;1226.8199462890625;2410.0261
F041-1;9/29/2026 12:18:34 PM +02:00;9/29/2026 12:20:17 PM +02:00;9/29/2026 12:19:43 PM +02:00;103;D;DEP;48.850574;54.87;68.97895;0.200000;9/29/2026 10:17:33 AM;9/29/2026 10:23:00 AM;BEL6EP;YLABE;502D46;BCS3;EBBR;LEMG;25R;CIV4G;4.360830686086847;50.90749678333609;1066.800048828125;2390.2246
F041-1;9/29/2026 12:21:42 PM +02:00;9/29/2026 12:22:49 PM +02:00;9/29/2026 12:22:19 PM +02:00;67;D;DEP;59.323185;66.73;77.58393;0.300000;9/29/2026 10:20:20 AM;9/29/2026 10:25:21 AM;CHH7922;B1341;7812A0;B789;EBBR;ZSPD;25R;NIK3G;4.374334526893418;50.931035571916446;1091.5650634765625;1425.9034
F041-1;9/29/2026 12:28:16 PM +02:00;9/29/2026 12:29:44 PM +02:00;9/29/2026 12:29:08 PM +02:00;88;D;DEP;58.47724;64.02;77.922066;0.200000;9/29/2026 10:27:04 AM;9/29/2026 10:33:08 AM;BEL37K;OOSFE;44CCC5;A333;EBBR;FZAA;25R;CIV4G;4.359449854826954;50.908926241211724;929.6400146484375;2187.7397
F041-1;9/29/2026 12:33:20 PM +02:00;9/29/2026 12:34:57 PM +02:00;9/29/2026 12:34:19 PM +02:00;97;D;DEP;60.95183;69.17;80.81955;0.100000;9/29/2026 10:32:28 AM;9/29/2026 10:37:21 AM;UAL951;N2644U;A290D0;B77W;EBBR;KIAD;25R;DENUT4G;4.351391295824092;50.915478348808826;1059.179931640625;1798.0863
F041-1;9/29/2026 12:54:16 PM +02:00;9/29/2026 12:55:40 PM +02:00;9/29/2026 12:55:06 PM +02:00;84;D;DEP;53.742966;60.3;72.985756;0.600000;9/29/2026 10:53:00 AM;9/29/2026 10:57:24 AM;BEL6JW;;44CDD1;A320;EBBR;LEIB;25R;CIV4G;4.360196987468243;50.90777149081029;1127.760009765625;2388.8657
F041-1;9/29/2026 12:56:06 PM +02:00;9/29/2026 12:57:35 PM +02:00;9/29/2026 12:56:47 PM +02:00;89;D;DEP;55.735;64.11;75.2289;0.300000;9/29/2026 10:54:53 AM;9/29/2026 10:59:12 AM;RAM673S;CNRGK;0200FB;B738;EBBR;GMTT;25R;CIV4G;4.360723371717631;50.90816853595656;1110.614990234375;2338.2405
F041-1;9/29/2026 1:00:51 PM +02:00;9/29/2026 1:02:39 PM +02:00;9/29/2026 1:01:47 PM +02:00;108;D;DEP;53.421898;60.13;73.756134;0.300000;9/29/2026 10:59:48 AM;9/29/2026 11:04:24 AM;IBE05SM;ECIZH;3420CB;A320;EBBR;LEMD;25R;CIV4G;4.3606984745464645;50.90865840714217;1064.89501953125;2277.8586
F041-1;9/29/2026 1:06:39 PM +02:00;9/29/2026 1:08:08 PM +02:00;9/29/2026 1:07:23 PM +02:00;89;D;DEP;56.80899;64.3;76.30289;0.300000;9/29/2026 11:05:36 AM;9/29/2026 11:11:52 AM;BEL7WR;OOSFP;44CCD0;A333;EBBR;GFLL;25R;CIV4G;4.359347866897932;50.9076653709831;864.8699951171875;2299.3667
F041-1;9/29/2026 1:33:07 PM +02:00;9/29/2026 1:34:13 PM +02:00;9/29/2026 1:33:42 PM +02:00;66;D;DEP;57.505104;64.27;75.70055;0.800000;9/29/2026 11:31:45 AM;9/29/2026 11:36:33 AM;CHH492;B7302;78110D;B789;EBBR;ZBAA;25R;NIK3G;4.374829833446195;50.931265456152516;1036.320068359375;1401.5886
F041-1;9/29/2026 1:34:52 PM +02:00;9/29/2026 1:36:12 PM +02:00;9/29/2026 1:35:42 PM +02:00;80;D;DEP;51.531815;59.31;70.56271;0.100000;9/29/2026 11:33:57 AM;9/29/2026 11:39:08 AM;RAM839J;;0201A2;B38M;EBBR;GMMN;25R;CIV4G;4.360437038425578;50.90870633246837;1323.9749755859375;2396.522
F041-1;9/29/2026 1:36:38 PM +02:00;9/29/2026 1:37:46 PM +02:00;9/29/2026 1:37:21 PM +02:00;68;D;DEP;52.383663;58.73;70.708755;0.200000;9/29/2026 11:35:33 AM;9/29/2026 11:40:24 AM;TAM8157;;E8046F;B789;EBBR;SBGR;25R;CIV4G;4.34899428913235;50.90572601367011;1005.8400268554688;2698.7256
F041-1;9/29/2026 1:51:24 PM +02:00;9/29/2026 1:53:12 PM +02:00;9/29/2026 1:52:20 PM +02:00;108;D;DEP;55.18382;64.74;75.51806;0.900000;9/29/2026 11:50:24 AM;9/29/2026 11:54:56 AM;TRA6U;PHHXJ;4853D3;B738;EBBR;GMAD;25R;CIV4G;4.3616746198728835;50.90805081887562;1089.6600341796875;2342.3813
F041-1;9/29/2026 1:59:57 PM +02:00;9/29/2026 2:01:31 PM +02:00;9/29/2026 2:00:58 PM +02:00;94;D;DEP;49.00965;58.23;68.74093;0.400000;9/29/2026 11:58:53 AM;9/29/2026 12:03:36 PM;BEL7QJ;;44CC48;A20N;EBBR;GCTS;25R;CIV4G;4.359723177311557;50.908062566796346;1165.8599853515625;2379.0303
F041-1;9/29/2026 2:51:43 PM +02:00;9/29/2026 2:53:06 PM +02:00;9/29/2026 2:52:26 PM +02:00;83;D;DEP;59.595974;69.09;78.78676;1.800000;9/29/2026 12:50:32 PM;9/29/2026 12:55:13 PM;DHK842;;407EA0;B763;EBBR;EGNX;25R;DENUT4G;4.359629101694722;50.91767846949951;1264.9200439453125;1604.0193
F041-1;9/29/2026 3:02:59 PM +02:00;9/29/2026 3:04:11 PM +02:00;9/29/2026 3:03:37 PM +02:00;72;D;DEP;52.67679;59.14;71.250114;1.900000;9/29/2026 1:01:40 PM;9/29/2026 1:05:40 PM;VLG359E;ECMVD;34560D;A320;EBBR;LEVC;25R;CIV4G;4.3601082583309765;50.907541536989406;1123.18798828125;2412.8123
F041-1;9/29/2026 3:06:10 PM +02:00;9/29/2026 3:07:41 PM +02:00;9/29/2026 3:07:02 PM +02:00;91;D;DEP;51.558407;56.66;71.14882;2.300000;9/29/2026 1:05:05 PM;9/29/2026 1:09:05 PM;BEL7NO;;44CC42;A20N;EBBR;GCRR;25R;CIV4G;4.36153575982619;50.90811577772831;1203.9599609375;2383.9746
F041-1;9/29/2026 3:40:01 PM +02:00;9/29/2026 3:41:21 PM +02:00;9/29/2026 3:40:40 PM +02:00;80;D;DEP;51.01137;59.42;70.042274;1.000000;9/29/2026 1:38:41 PM;9/29/2026 1:43:28 PM;ANE1300;ECMVZ;34604B;CRJX;EBBR;LEMD;25R;CIV4G;4.355243450575711;50.905533359196234;1036.3199462890625;2614.3396
F041-1;9/29/2026 3:42:52 PM +02:00;9/29/2026 3:44:23 PM +02:00;9/29/2026 3:43:39 PM +02:00;91;D;DEP;55.88278;62.77;75.47319;1.200000;9/29/2026 1:41:41 PM;9/29/2026 1:45:33 PM;JAF86A;OOTUK;44D2AB;B738;EBBR;GMMW;25R;CIV4G;4.358097628846885;50.90741631912266;1173.47998046875;2455.056
F041-1;9/29/2026 3:46:24 PM +02:00;9/29/2026 3:47:28 PM +02:00;9/29/2026 3:47:09 PM +02:00;64;D;DEP;55.126007;61.95;73.187805;2.100000;9/29/2026 1:45:09 PM;9/29/2026 1:49:12 PM;BEL9QH;OOSSF;44CE66;A319;EBBR;LEBL;25R;CIV4G;4.358515984666462;50.90770459046267;1143;2408.274
F041-1;9/29/2026 3:48:09 PM +02:00;9/29/2026 3:49:15 PM +02:00;9/29/2026 3:48:35 PM +02:00;66;D;DEP;57.61181;64.03;75.80725;1.700000;9/29/2026 1:46:37 PM;9/29/2026 1:50:09 PM;KLM82A;PHEXL;48548E;E75L;EBBR;EHAM;25R;HELEN4G;4.371573876521736;50.93496337699521;1171.574951171875;1575.4053
F041-1;9/29/2026 3:55:16 PM +02:00;9/29/2026 3:56:41 PM +02:00;9/29/2026 3:55:26 PM +02:00;85;D;DEP;49.56086;55.3;68.85505;1.700000;9/29/2026 1:53:40 PM;9/29/2026 1:57:21 PM;BEL7WA;OOSSW;44CE77;A319;EBBR;EKCH;25R;NIK3G;4.390992866834394;50.94008064163549;1211.5799560546875;2739.1294
F041-1;9/29/2026 3:58:48 PM +02:00;9/29/2026 4:00:59 PM +02:00;9/29/2026 3:59:58 PM +02:00;131;D;DEP;50.976906;62.51;72.14962;2.200000;9/29/2026 1:57:56 PM;9/29/2026 2:02:05 PM;BEL4DQ;OOSSU;44CE75;A319;EBBR;ESGG;25R;NIK3G;4.389636963307486;50.939275612717864;1182.6240234375;2619.8064
F041-1;9/29/2026 4:02:08 PM +02:00;9/29/2026 4:03:59 PM +02:00;9/29/2026 4:03:03 PM +02:00;111;D;DEP;49.958916;55.08;70.41215;2.700000;9/29/2026 2:00:57 PM;9/29/2026 2:05:56 PM;TAP643;;4952D3;A20N;EBBR;LPPT;25R;CIV4G;4.362079874774519;50.908037946887774;1379.219970703125;2485.9705
F041-1;9/29/2026 4:13:45 PM +02:00;9/29/2026 4:14:44 PM +02:00;9/29/2026 4:13:59 PM +02:00;59;D;DEP;57.898865;66.46;75.60738;2.700000;9/29/2026 2:12:16 PM;9/29/2026 2:17:37 PM;BAW387;GTTOB;40095D;A320;EBBR;EGLL;25R;HELEN4G;4.370476075896922;50.935650635200226;1005.8399658203125;1480.248
F041-1;9/29/2026 4:28:49 PM +02:00;9/29/2026 4:30:25 PM +02:00;9/29/2026 4:29:32 PM +02:00;96;D;DEP;64.06644;72.34;83.88915;2.400000;9/29/2026 2:27:41 PM;9/29/2026 2:32:29 PM;CSC9606;;781EC1;A333;EBBR;ZUTF;25R;NIK3G;4.376847425602038;50.93089959731509;1066.800048828125;1509.9178
F041-1;9/29/2026 4:49:40 PM +02:00;9/29/2026 4:51:42 PM +02:00;9/29/2026 4:50:43 PM +02:00;122;D;DEP;52.602753;62.83;73.466354;2.100000;9/29/2026 2:48:44 PM;9/29/2026 2:53:04 PM;BEL4GU;OOTCV;44D076;A320;EBBR;LEMG;25R;CIV4G;4.360099362958365;50.908222678235404;1070.610107421875;2322.8115
F041-1;9/29/2026 4:57:14 PM +02:00;9/29/2026 4:58:47 PM +02:00;9/29/2026 4:58:10 PM +02:00;93;D;DEP;55.007668;64.03;74.6925;3.300000;9/29/2026 2:56:01 PM;9/29/2026 2:59:25 PM;BEL6RA;OOSSO;44CE6F;A319;EBBR;EGLL;25R;HELEN4G;4.371645780359221;50.93526124150567;1343.0250244140625;1729.0342
F041-1;9/29/2026 5:08:23 PM +02:00;9/29/2026 5:09:39 PM +02:00;9/29/2026 5:09:05 PM +02:00;76;D;DEP;57.860577;65.69;76.66871;0.600000;9/29/2026 3:07:04 PM;9/29/2026 3:10:52 PM;JAF2535;OOJAF;44A826;B738;EBBR;GMMN;25R;CIV4G;4.3575072465302265;50.90846719259289;1226.8199462890625;2374.4424
F041-1;9/29/2026 5:25:13 PM +02:00;9/29/2026 5:26:25 PM +02:00;9/29/2026 5:25:49 PM +02:00;72;D;DEP;51.201492;56.76;69.77482;1.700000;9/29/2026 3:24:00 PM;9/29/2026 3:28:28 PM;BEL2DT;OOSBA;44CC41;A20N;EBBR;LPPT;25R;CIV4G;4.3600881659726385;50.90788332313788;1203.9599609375;2413.8982
F041-1;9/29/2026 5:47:12 PM +02:00;9/29/2026 5:48:29 PM +02:00;9/29/2026 5:48:01 PM +02:00;77;D;DEP;58.445312;65.76;77.31022;0.500000;9/29/2026 3:46:00 PM;9/29/2026 3:49:40 PM;TRA93K;PHHXL;484B6E;B738;EBBR;LEAL;25R;CIV4G;4.360143926013575;50.90818678805403;1163.9549560546875;2359.2083
F041-1;9/29/2026 5:49:15 PM +02:00;9/29/2026 5:50:27 PM +02:00;9/29/2026 5:49:55 PM +02:00;72;D;DEP;57.99492;66.14;76.568245;0.600000;9/29/2026 3:47:52 PM;9/29/2026 3:52:12 PM;TRA81J;PHHXE;48520D;B738;EBBR;LEIB;25R;CIV4G;4.3605348203763015;50.90772779657541;1017.27001953125;2342.2087
F041-1;9/29/2026 5:55:41 PM +02:00;9/29/2026 5:57:00 PM +02:00;9/29/2026 5:56:11 PM +02:00;79;D;DEP;56.226494;62.15;75.20277;1.300000;9/29/2026 3:54:20 PM;9/29/2026 3:58:56 PM;RYR1FR;EIDPV;4CA4F8;B738;EBBR;LEBL;25R;CIV4G;4.359592852250163;50.9082219345627;1093.469970703125;2328.562
F041-1;9/29/2026 6:03:49 PM +02:00;9/29/2026 6:04:46 PM +02:00;9/29/2026 6:04:14 PM +02:00;57;D;DEP;57.67705;64.91;75.2358;0.100000;9/29/2026 4:02:21 PM;9/29/2026 4:06:40 PM;VLG6FP;;34768E;A320;EBBR;LEMG;25R;CIV4G;4.3596703393675025;50.90889734125787;1093.469970703125;2263.967
F041-1;9/29/2026 6:42:22 PM +02:00;9/29/2026 6:43:34 PM +02:00;9/29/2026 6:43:16 PM +02:00;72;D;DEP;51.85294;57.29;70.42626;2.100000;9/29/2026 4:41:12 PM;9/29/2026 4:45:56 PM;BEL3FJ;;502D7C;BCS3;EBBR;LEBL;25R;CIV4G;4.359268849235082;50.90788773257209;1181.0999755859375;2404.2036
F041-1;9/29/2026 7:08:52 PM +02:00;9/29/2026 7:10:23 PM +02:00;9/29/2026 7:09:50 PM +02:00;91;E;DEP;51.631153;57.42;71.221565;0.700000;9/29/2026 5:07:48 PM;9/29/2026 5:12:20 PM;RAM833B;CNMAX;020139;B38M;EBBR;GMMN;25R;CIV4G;4.3601150087548;50.90783392586638;1102.9949951171875;2370.2217
F041-1;9/29/2026 7:20:21 PM +02:00;9/29/2026 7:21:01 PM +02:00;9/29/2026 7:20:36 PM +02:00;40;E;DEP;55.475033;60.13;71.495636;0.200000;9/29/2026 5:18:56 PM;9/29/2026 5:23:08 PM;VLG7KZ;;347601;A320;EBBR;LEBL;25R;CIV4G;4.359237457246014;50.90965177810138;891.5399780273438;2110.4998
F041-1;9/29/2026 7:41:56 PM +02:00;9/29/2026 7:43:23 PM +02:00;9/29/2026 7:42:45 PM +02:00;87;E;DEP;57.27739;64.34;76.672585;0.200000;9/29/2026 5:40:40 PM;9/29/2026 5:45:16 PM;RWD700;;06E02B;A332;EBBR;LFPG;25R;CIV4G;4.36059149237084;50.90826722832753;1078.22998046875;2322.0312
F041-1;9/29/2026 7:45:22 PM +02:00;9/29/2026 7:46:27 PM +02:00;9/29/2026 7:46:03 PM +02:00;65;E;DEP;56.151802;61.15;74.28094;0.500000;9/29/2026 5:44:08 PM;9/29/2026 5:48:24 PM;VLG37FQ;ECKJD;342592;A320;EBBR;LEBB;25R;CIV4G;4.360075869851631;50.90861837567251;1075.944091796875;2280.7004
F041-1;9/29/2026 7:52:54 PM +02:00;9/29/2026 7:53:47 PM +02:00;9/29/2026 7:53:15 PM +02:00;53;E;DEP;58.22626;64.57;75.46902;0.200000;9/29/2026 5:51:20 PM;9/29/2026 5:55:09 PM;BAW391;GEUPG;400877;A319;EBBR;EGLL;25R;HELEN4G;4.371434366511828;50.93521602680373;1104.9000244140625;1541.4095
F041-1;9/29/2026 8:01:56 PM +02:00;9/29/2026 8:03:38 PM +02:00;9/29/2026 8:02:44 PM +02:00;102;E;DEP;54.364532;61.11;74.45053;0.400000;9/29/2026 6:00:36 PM;9/29/2026 6:05:04 PM;IBE06LR;ECLVD;344449;A320;EBBR;LEMD;25R;CIV4G;4.359767139658343;50.90867276836989;1099.18505859375;2293.0671
F041-1;9/29/2026 8:21:06 PM +02:00;9/29/2026 8:22:36 PM +02:00;9/29/2026 8:21:43 PM +02:00;90;E;DEP;61.37812;69.72;80.92055;0.900000;9/29/2026 6:19:53 PM;9/29/2026 6:24:37 PM;RYR3QK;EIEFD;4CA75F;B738;EBBR;EIDW;25R;DENUT4G;4.360293069283603;50.91742888043323;1173.47998046875;1548.8837
F041-1;9/29/2026 8:28:18 PM +02:00;9/29/2026 8:29:54 PM +02:00;9/29/2026 8:29:09 PM +02:00;96;E;DEP;56.903133;64.79;76.725845;0.300000;9/29/2026 6:26:52 PM;9/29/2026 6:30:52 PM;RAM831F;CNRGR;020113;E190;EBBR;GMME;25R;CIV4G;4.360045724360129;50.90782595791119;1291.590087890625;2470.374
F041-1;9/29/2026 9:11:24 PM +02:00;9/29/2026 9:12:39 PM +02:00;9/29/2026 9:11:49 PM +02:00;75;E;DEP;53.917423;58.54;72.66804;0.400000;9/29/2026 7:10:13 PM;9/29/2026 7:14:25 PM;BEL1EW;OOSNB;44CDC2;A320;EBBR;ENGM;25R;NIK3G;4.389132774249661;50.938865996157446;1137.2850341796875;2551.2324
F041-1;9/29/2026 9:54:55 PM +02:00;9/29/2026 9:56:09 PM +02:00;9/29/2026 9:55:35 PM +02:00;74;E;DEP;59.924477;66.87;78.61679;0.300000;9/29/2026 7:53:33 PM;9/29/2026 7:58:33 PM;BEL5BJ;OOSNL;44CDCC;A320;EBBR;EGCC;25R;DENUT4G;4.36014038457076;50.91834666392985;1301.114990234375;1577.9978
F041-1;9/29/2026 9:56:42 PM +02:00;9/29/2026 9:57:53 PM +02:00;9/29/2026 9:57:27 PM +02:00;71;E;DEP;54.6275;60.65;73.14008;0.100000;9/29/2026 7:55:21 PM;9/29/2026 8:00:12 PM;TAP645;CSTTP;495290;A319;EBBR;LPPT;25R;CIV4G;4.359203746337628;50.90722918311514;1226.820068359375;2488.207
F041-1;9/29/2026 9:59:39 PM +02:00;9/29/2026 10:00:55 PM +02:00;9/29/2026 10:00:19 PM +02:00;76;E;DEP;59.78341;67.6;78.591545;0.300000;9/29/2026 7:58:29 PM;9/29/2026 8:03:29 PM;CKS264;N795CK;AACAD4;B77L;EBBR;KCVG;25R;DENUT4G;4.351259298317357;50.91375223115253;1146.81005859375;1995.3256
F041-1;9/29/2026 10:25:42 PM +02:00;9/29/2026 10:27:27 PM +02:00;9/29/2026 10:26:33 PM +02:00;105;E;DEP;56.895756;62.58;77.10765;0.200000;9/29/2026 8:24:49 PM;9/29/2026 8:28:41 PM;SWT4904;;407DCF;B734;EBBR;ESGJ;25R;NIK3G;4.392304327346157;50.936257395595085;1266.824951171875;2639.88
F041-1;9/29/2026 10:31:02 PM +02:00;9/29/2026 10:32:30 PM +02:00;9/29/2026 10:31:47 PM +02:00;88;E;DEP;56.100426;62.94;75.54525;0.400000;9/29/2026 8:29:53 PM;9/29/2026 8:35:09 PM;RYR7AC;EIENK;4CA8D6;B738;EBBR;GMMX;25R;CIV4G;4.359282453540816;50.90805404752837;1040.1300048828125;2322.395
F041-1;9/29/2026 11:09:48 PM +02:00;9/29/2026 11:11:18 PM +02:00;9/29/2026 11:10:25 PM +02:00;90;N;DEP;56.595745;64.86;76.13817;0.400000;9/29/2026 9:08:41 PM;9/29/2026 9:13:33 PM;THA935;;8852E3;B789;EBBR;VTBS;25R;SOPOK4M;4.354152552613275;50.91762649488322;1135.3800048828125;1609.7572
F041-1;9/29/2026 11:17:45 PM +02:00;9/29/2026 11:19:33 PM +02:00;9/29/2026 11:18:35 PM +02:00;108;N;DEP;54.633698;61.86;74.96793;0.100000;9/29/2026 9:16:37 PM;9/29/2026 9:21:29 PM;VLG5KB;ECNLV;346690;A321;EBBR;LEBL;25R;CIV4G;4.360303541503755;50.907792613101705;1093.469970703125;2373.694
F041-1;9/29/2026 11:33:47 PM +02:00;9/29/2026 11:35:39 PM +02:00;9/29/2026 11:34:38 PM +02:00;112;N;DEP;59.242294;68.56;79.734474;0.700000;9/29/2026 9:32:41 PM;9/29/2026 9:36:21 PM;BOX117;DAALB;3C4582;B77L;EBBR;EDDP;25R;SPI4M;4.361846323682292;50.921924552435904;1573.552734375;1622.6985
F041-1;9/30/2026 12:06:46 AM +02:00;9/30/2026 12:08:22 AM +02:00;9/30/2026 12:07:45 AM +02:00;96;N;DEP;59.532593;68.75;79.35531;1.200000;9/29/2026 10:05:53 PM;9/29/2026 10:09:17 PM;DHK954;GDHLM;400B4B;B763;EBBR;EGNX;25R;DENUT4G;4.36104682611642;50.91692659079629;1384.42626953125;1750.5385
F041-1;9/30/2026 12:23:52 AM +02:00;9/30/2026 12:25:49 AM +02:00;9/30/2026 12:24:55 AM +02:00;117;N;DEP;57.95693;65.93;78.63879;0.600000;9/29/2026 10:22:49 PM;9/29/2026 10:28:56 PM;BCS62A;DALEJ;3C70AA;A332;EBBR;EDDP;25R;SOPOK4M;4.360881231950856;50.915061154800036;1173.47998046875;1737.0575
F041-1;9/30/2026 1:20:45 AM +02:00;9/30/2026 1:22:31 AM +02:00;9/30/2026 1:21:40 AM +02:00;106;N;DEP;58.403965;67.16;78.65702;1.000000;9/29/2026 11:19:32 PM;9/29/2026 11:23:52 PM;BCS6TP;;3C71A7;A333;EBBR;EDDP;25R;SOPOK4M;4.359447958894365;50.91619167294569;1135.3800048828125;1627.8751
F042-2;9/29/2026 7:00:00 AM +02:00;9/29/2026 7:00:48 AM +02:00;9/29/2026 7:00:33 AM +02:00;48;D;DEP;75.67859;83.77;92.491005;;9/29/2026 4:59:53 AM;9/29/2026 5:04:32 AM;DHK054;GDHLX;407CF7;B77L;EBBR;ZSPD;25R;PITES4G;4.441289657462253;50.89457503819231;274.32000732421875;523.7616
F042-2;9/29/2026 7:03:50 AM +02:00;9/29/2026 7:04:39 AM +02:00;9/29/2026 7:04:11 AM +02:00;49;D;DEP;67.00654;74.26;83.9085;;9/29/2026 5:03:21 AM;9/29/2026 5:07:20 AM;BEL5RA;YLABE;502D46;BCS3;EBBR;LOWW;25R;SOPOK4G;4.441099078212591;50.894808619263976;527.6849975585938;659.5024
F042-2;9/29/2026 7:06:07 AM +02:00;9/29/2026 7:06:49 AM +02:00;9/29/2026 7:06:26 AM +02:00;42;D;DEP;68.16799;75.16;84.40048;;9/29/2026 5:05:24 AM;9/29/2026 5:09:52 AM;JAF4AB;;449683;E295;EBBR;LGRP;25R;PITES4G;4.441011563117063;50.89413212048074;369.57000732421875;587.3758
F042-2;9/29/2026 7:09:27 AM +02:00;9/29/2026 7:10:16 AM +02:00;9/29/2026 7:09:46 AM +02:00;49;D;DEP;67.96152;75.3;84.86348;;9/29/2026 5:08:48 AM;9/29/2026 5:20:36 AM;JAF063P;;449681;E295;EBBR;EBAW;25R;NIK3G;4.438113639913421;50.897743441961445;581.0250244140625;542.2363
F042-2;9/29/2026 7:10:45 AM +02:00;9/29/2026 7:11:45 AM +02:00;9/29/2026 7:11:26 AM +02:00;60;D;DEP;69.24576;76.33;87.02727;;9/29/2026 5:10:40 AM;9/29/2026 5:14:36 AM;BEL8HQ;OOSSB;44CE62;A319;EBBR;LSZH;25R;ROUSY4G;4.440907527547534;50.89462870005748;457.20001220703125;605.6576
F042-2;9/29/2026 7:13:16 AM +02:00;9/29/2026 7:14:09 AM +02:00;9/29/2026 7:13:40 AM +02:00;53;D;DEP;79.33809;87.35;96.58085;;9/29/2026 5:12:56 AM;9/29/2026 5:18:12 AM;BCS081;DALEJ;3C70AA;A332;EBBR;DNMM;25R;ROUSY4G;4.440696002530872;50.8946936868241;342.8999938964844;524.3057
F042-2;9/29/2026 7:18:09 AM +02:00;9/29/2026 7:19:25 AM +02:00;9/29/2026 7:18:47 AM +02:00;76;D;DEP;74.12852;85.37;92.93665;;9/29/2026 5:18:00 AM;9/29/2026 5:22:28 AM;IBE06CK;ECILS;342091;A320;EBBR;LEMD;25R;CIV4G;4.438745892279206;50.89699897344316;457.20001220703125;448.41534
F042-2;9/29/2026 7:21:38 AM +02:00;9/29/2026 7:23:15 AM +02:00;9/29/2026 7:22:38 AM +02:00;97;D;DEP;67.231834;76.69;87.09955;;9/29/2026 5:21:52 AM;9/29/2026 5:25:36 AM;BEL4CB;OOSSF;44CE66;A319;EBBR;LIML;25R;ROUSY4G;4.44164334708823;50.89450116053877;449.58001708984375;637.7906
F042-2;9/29/2026 7:25:45 AM +02:00;9/29/2026 7:26:38 AM +02:00;9/29/2026 7:26:16 AM +02:00;53;D;DEP;70.16624;76.97;87.409;;9/29/2026 5:25:28 AM;9/29/2026 5:29:48 AM;BEL1YC;;44CE79;A319;EBBR;LIRF;25R;ROUSY4G;4.441519550302369;50.89419320395584;388.6199951171875;611.26953
F042-2;9/29/2026 7:35:39 AM +02:00;9/29/2026 7:37:03 AM +02:00;9/29/2026 7:36:45 AM +02:00;84;D;DEP;68.208786;77.65;87.45158;;9/29/2026 5:36:04 AM;9/29/2026 5:39:44 AM;THY39P;TCLSC;4BB263;A21N;EBBR;LTFM;25R;SOPOK4G;4.4416006531775185;50.8945337070077;537.2100219726562;700.5197
F042-2;9/29/2026 7:50:36 AM +02:00;9/29/2026 7:51:33 AM +02:00;9/29/2026 7:51:10 AM +02:00;57;D;DEP;71.82114;80.07;89.37988;;9/29/2026 5:50:24 AM;9/29/2026 5:54:56 AM;BEL2HV;OOSNI;44CDC9;A320;EBBR;LIRN;25R;SOPOK4G;4.440524184965954;50.89442500701566;388.6199951171875;587.84155
F042-2;9/29/2026 8:00:56 AM +02:00;9/29/2026 8:01:55 AM +02:00;9/29/2026 8:01:28 AM +02:00;59;D;DEP;65.06494;70.88;82.77346;;9/29/2026 6:00:41 AM;9/29/2026 6:07:01 AM;;OORKS;44C973;C510;EBBR;EBOS;25R;DENUT4G;4.4391850983441685;50.89951379547729;605.0280151367188;587.14374
F042-2;9/29/2026 8:04:36 AM +02:00;9/29/2026 8:06:17 AM +02:00;9/29/2026 8:05:39 AM +02:00;101;D;DEP;73.313354;85.31;93.35657;;9/29/2026 6:04:57 AM;9/29/2026 6:09:04 AM;JAF2XD;OOJAX;44A838;B738;EBBR;HESH;25R;SOPOK4G;4.43958039042917;50.894617525101324;304.79998779296875;476.4209
F042-2;9/29/2026 8:09:54 AM +02:00;9/29/2026 8:10:49 AM +02:00;9/29/2026 8:10:30 AM +02:00;55;D;DEP;71.22879;79.22;88.632416;;9/29/2026 6:09:33 AM;9/29/2026 6:14:16 AM;LOT4MH;SPLNE;48ADA4;E195;EBBR;EPWA;25R;LNO4G;4.441018672817186;50.8944993261252;417.57598876953125;592.55194
F042-2;9/29/2026 8:20:19 AM +02:00;9/29/2026 8:21:07 AM +02:00;9/29/2026 8:20:42 AM +02:00;48;D;DEP;72.91724;80.87;89.72965;;9/29/2026 6:19:45 AM;9/29/2026 6:23:49 AM;KLM58G;PHEZL;484C50;E190;EBBR;EHAM;25R;HELEN4G;4.438605433284754;50.89794385738838;533.4000244140625;495.44308
F042-2;9/29/2026 8:25:52 AM +02:00;9/29/2026 8:26:43 AM +02:00;9/29/2026 8:26:16 AM +02:00;51;D;DEP;69.7989;77.44;86.874596;;9/29/2026 6:25:29 AM;9/29/2026 6:29:53 AM;BEL8KV;;44CC45;A20N;EBBR;LFPG;25R;CIV4G;4.439605328363251;50.89906152146127;449.58001708984375;466.77975
F042-2;9/29/2026 8:29:07 AM +02:00;9/29/2026 8:30:14 AM +02:00;9/29/2026 8:29:46 AM +02:00;67;D;DEP;68.56652;76.19;86.82727;;9/29/2026 6:29:01 AM;9/29/2026 6:33:52 AM;ANE8076;ECMTZ;345687;CRJX;EBBR;LPPR;25R;CIV4G;4.438807732883325;50.89450566348483;312.41998291015625;520.00885
F042-2;9/29/2026 8:34:39 AM +02:00;9/29/2026 8:36:16 AM +02:00;9/29/2026 8:35:37 AM +02:00;97;D;DEP;67.38525;75.37;87.25296;;9/29/2026 6:34:44 AM;9/29/2026 6:38:24 AM;RYR38YH;EIDLX;4CA303;B738;EBBR;LEGE;25R;CIV4G;4.4401940482182765;50.90331158901873;678.1799926757812;872.8005
F042-2;9/29/2026 8:57:32 AM +02:00;9/29/2026 8:58:27 AM +02:00;9/29/2026 8:57:54 AM +02:00;55;D;DEP;71.01052;77.99;88.41415;;9/29/2026 6:57:08 AM;9/29/2026 7:01:28 AM;RYR1TZ;EIDHH;4CA264;B738;EBBR;LIRF;25R;ROUSY4G;4.441618124789844;50.894669701527384;548.6400146484375;685.9989
F042-2;9/29/2026 9:01:14 AM +02:00;9/29/2026 9:02:33 AM +02:00;9/29/2026 9:01:36 AM +02:00;79;D;DEP;73.97584;84.54;92.95211;;9/29/2026 7:00:52 AM;9/29/2026 7:04:36 AM;TRA22C;PHHXE;48520D;B738;EBBR;GMMX;25R;CIV4G;4.43775186664234;50.89563745304265;382.9049987792969;437.4505
F042-2;9/29/2026 9:15:30 AM +02:00;9/29/2026 9:17:15 AM +02:00;9/29/2026 9:16:36 AM +02:00;105;D;DEP;73.394226;83.8;93.60612;;9/29/2026 7:15:48 AM;9/29/2026 7:20:53 AM;HLF8812;;78219A;B77L;EBBR;ZSPD;25R;NIK3G;4.439764254241257;50.895071620108865;401.95501708984375;521.15796
F042-2;9/29/2026 9:20:47 AM +02:00;9/29/2026 9:21:29 AM +02:00;9/29/2026 9:21:08 AM +02:00;42;D;DEP;70.96139;77.41;87.19388;;9/29/2026 7:20:24 AM;9/29/2026 7:25:00 AM;QTR196;A7BCI;06A0AD;B788;EBBR;OTHH;25R;SOPOK4G;4.440576350431007;50.89440070194911;375.9200134277344;556.9828
F042-2;9/29/2026 9:26:21 AM +02:00;9/29/2026 9:27:15 AM +02:00;9/29/2026 9:26:49 AM +02:00;54;D;DEP;71.12902;78.93;88.45296;;9/29/2026 7:25:48 AM;9/29/2026 7:30:52 AM;GER291;DAKJC;3C6D43;E190;EBBR;EDJA;25R;SOPOK4G;4.4407798651434;50.89450723306001;363.85498046875;550.2958
F042-2;9/29/2026 9:30:05 AM +02:00;9/29/2026 9:30:45 AM +02:00;9/29/2026 9:30:27 AM +02:00;40;D;DEP;68.04409;73.44;84.06469;;9/29/2026 7:29:37 AM;9/29/2026 7:33:20 AM;BEL5FJ;;44CC47;A20N;EBBR;LIRQ;25R;ROUSY4G;4.440740776849095;50.89450495876255;514.3500366210938;663.9063
F042-2;9/29/2026 9:31:39 AM +02:00;9/29/2026 9:32:42 AM +02:00;9/29/2026 9:32:04 AM +02:00;63;D;DEP;72.89982;81.66;90.89323;;9/29/2026 7:31:17 AM;9/29/2026 7:35:40 AM;BEL2DY;OOSSR;44CE72;A319;EBBR;LPPT;25R;CIV4G;4.4380526175393635;50.896279291425415;403.8599853515625;422.01297
F042-2;9/29/2026 9:33:25 AM +02:00;9/29/2026 9:34:45 AM +02:00;9/29/2026 9:33:48 AM +02:00;80;D;DEP;71.02763;80.21;90.05853;;9/29/2026 7:33:04 AM;9/29/2026 7:38:36 AM;BAF649;CT01;44F681;A400;EBMB;LEMO;25R;CIV4G;4.4406665554209255;50.901581562966854;495.29998779296875;623.1886
F042-2;9/29/2026 9:35:52 AM +02:00;9/29/2026 9:36:41 AM +02:00;9/29/2026 9:36:21 AM +02:00;49;D;DEP;70.556854;76.8;87.45882;;9/29/2026 7:35:32 AM;9/29/2026 7:39:24 AM;EJU98PT;OEIVZ;4402AE;A320;EBBR;LIML;25R;ROUSY4G;4.441106978797501;50.894390644312026;518.1599731445312;669.7883
F042-2;9/29/2026 9:37:59 AM +02:00;9/29/2026 9:38:45 AM +02:00;9/29/2026 9:38:20 AM +02:00;46;D;DEP;74.466515;83.44;91.09409;;9/29/2026 7:37:33 AM;9/29/2026 7:41:44 AM;BEL5KF;OOSSO;44CE6F;A319;EBBR;LPFR;25R;CIV4G;4.438279197657122;50.897584006910854;403.8599853515625;399.01
F042-2;9/29/2026 9:41:59 AM +02:00;9/29/2026 9:43:24 AM +02:00;9/29/2026 9:43:04 AM +02:00;85;D;DEP;68.96233;78.53;88.25652;;9/29/2026 7:42:17 AM;9/29/2026 7:46:28 AM;BEL1UF;OOSSA;44CE61;A319;EBBR;LSGG;25R;ROUSY4G;4.440716001336426;50.894456620857895;396.239990234375;569.1254
F042-2;9/29/2026 9:46:46 AM +02:00;9/29/2026 9:47:20 AM +02:00;9/29/2026 9:47:08 AM +02:00;34;D;DEP;65.792786;70.24;81.107574;;9/29/2026 7:46:13 AM;9/29/2026 7:50:04 AM;ITY151;;4CAE12;BCS1;EBBR;LIML;25R;ROUSY4G;4.44452621540321;50.893907837721784;662.9400024414062;874.0453
F042-2;9/29/2026 9:50:18 AM +02:00;9/29/2026 9:51:01 AM +02:00;9/29/2026 9:50:40 AM +02:00;43;D;DEP;76.01113;84.08;92.34582;;9/29/2026 7:49:53 AM;9/29/2026 7:54:12 AM;VLG9BU;ECMBF;34454A;A320;EBBR;LEAL;25R;CIV4G;4.438240680192657;50.89730082125442;453.3900146484375;440.6426
F042-2;9/29/2026 9:52:03 AM +02:00;9/29/2026 9:53:05 AM +02:00;9/29/2026 9:52:23 AM +02:00;62;D;DEP;70.05465;77.11;87.97857;;9/29/2026 7:51:40 AM;9/29/2026 7:55:20 AM;EJU54YE;OELQM;440589;A319;EBBR;LIRF;25R;SOPOK4G;4.440907545026106;50.894619710987435;518.1599731445312;649.7574
F042-2;9/29/2026 9:56:14 AM +02:00;9/29/2026 9:57:40 AM +02:00;9/29/2026 9:56:50 AM +02:00;86;D;DEP;71.40546;82.67;90.75044;;9/29/2026 7:56:04 AM;9/29/2026 8:00:36 AM;BEL5EN;OOSNF;44CDC6;A320;EBBR;LEMD;25R;CIV4G;4.438790613737047;50.89685069258568;441.96002197265625;438.4173
F042-2;9/29/2026 9:58:05 AM +02:00;9/29/2026 9:58:57 AM +02:00;9/29/2026 9:58:27 AM +02:00;52;D;DEP;71.14494;78.5;88.30498;;9/29/2026 7:57:40 AM;9/29/2026 8:02:12 AM;BEL8CE;OOSNE;44CDC5;A320;EBBR;EDDB;25R;SPI4G;4.441170405389372;50.8946760838521;438.1500244140625;609.5285
F042-2;9/29/2026 10:01:03 AM +02:00;9/29/2026 10:02:13 AM +02:00;9/29/2026 10:01:41 AM +02:00;70;D;DEP;67.57198;77.14;86.022964;;9/29/2026 8:00:56 AM;9/29/2026 8:05:21 AM;BEL1ZT;;502D7C;BCS3;EBBR;EKCH;25R;NIK3G;4.439256666942911;50.89927475810782;457.20001220703125;444.32477
F042-2;9/29/2026 10:04:02 AM +02:00;9/29/2026 10:04:48 AM +02:00;9/29/2026 10:04:31 AM +02:00;46;D;DEP;66.46416;73.1;83.091736;;9/29/2026 8:03:36 AM;9/29/2026 8:08:08 AM;CTN56E;;501C4B;BCS1;EBBR;LDZA;25R;SOPOK4G;4.440616501358766;50.89444869163807;579.1199951171875;701.14606
F042-2;9/29/2026 10:04:51 AM +02:00;9/29/2026 10:05:42 AM +02:00;9/29/2026 10:05:11 AM +02:00;51;D;DEP;81.33472;90.2;98.410416;;9/29/2026 8:04:28 AM;9/29/2026 8:09:05 AM;DAL141;N831MH;AB5D2C;B764;EBBR;KATL;25R;DENUT4G;4.439742400594577;50.894434522635976;274.32000732421875;488.53235
F042-2;9/29/2026 10:07:47 AM +02:00;9/29/2026 10:08:50 AM +02:00;9/29/2026 10:08:23 AM +02:00;63;D;DEP;72.45535;82.26;90.44876;;9/29/2026 8:07:33 AM;9/29/2026 8:12:21 AM;BEL7GZ;OOSSL;44CE6C;A319;EBBR;EDDH;25R;NIK3G;4.438207438850808;50.897044612522215;445.7699890136719;428.5372
F042-2;9/29/2026 10:09:10 AM +02:00;9/29/2026 10:09:58 AM +02:00;9/29/2026 10:09:31 AM +02:00;48;D;DEP;71.984634;79.09;88.79705;;9/29/2026 8:08:45 AM;9/29/2026 8:13:24 AM;BEL2NM;OOSNL;44CDCC;A320;EBBR;LKPR;25R;SOPOK4G;4.441092477767681;50.89454905239208;441.96002197265625;618.16943
F042-2;9/29/2026 10:10:34 AM +02:00;9/29/2026 10:11:32 AM +02:00;9/29/2026 10:11:07 AM +02:00;58;D;DEP;71.99487;79.97;89.62915;;9/29/2026 8:10:21 AM;9/29/2026 8:15:24 AM;BEL5GR;OOSNM;44CDCD;A320;EBBR;EDDM;25R;SOPOK4G;4.440126190147013;50.89442134074023;434.3399963378906;589.6269
F042-2;9/29/2026 10:11:50 AM +02:00;9/29/2026 10:12:27 AM +02:00;9/29/2026 10:12:10 AM +02:00;37;D;DEP;70.78603;76.73;86.46805;;9/29/2026 8:11:24 AM;9/29/2026 8:15:28 AM;BEL8WD;;44CC42;A20N;EBBR;LFBO;25R;CIV4G;4.438579726091262;50.899241618237355;483.8699951171875;457.5182
F042-2;9/29/2026 10:12:45 AM +02:00;9/29/2026 10:13:25 AM +02:00;9/29/2026 10:13:11 AM +02:00;40;D;DEP;68.334076;75.24;84.354675;;9/29/2026 8:12:20 AM;9/29/2026 8:15:52 AM;SWR52Y;;4B181B;A20N;EBBR;LSZH;25R;ROUSY4G;4.440204099886934;50.89455623809867;571.5;681.2584
F042-2;9/29/2026 10:13:42 AM +02:00;9/29/2026 10:14:39 AM +02:00;9/29/2026 10:14:11 AM +02:00;57;D;DEP;70.95299;79.78;88.511734;;9/29/2026 8:13:24 AM;9/29/2026 8:17:21 AM;BEL2JZ;OOSSU;44CE75;A319;EBBR;ESSA;25R;NIK3G;4.438878282820751;50.89773580836819;477.5199890136719;452.52142
F042-2;9/29/2026 10:15:02 AM +02:00;9/29/2026 10:15:56 AM +02:00;9/29/2026 10:15:26 AM +02:00;54;D;DEP;78.82937;87.93;96.153305;;9/29/2026 8:14:40 AM;9/29/2026 8:18:33 AM;ACA833;CFJZS;C01A61;B77W;EBBR;CYUL;25R;DENUT4G;4.438295128894298;50.89496144633323;453.3900146484375;559.3395
F042-2;9/29/2026 10:17:08 AM +02:00;9/29/2026 10:18:08 AM +02:00;9/29/2026 10:17:53 AM +02:00;60;D;DEP;66.951385;74.73;84.732895;;9/29/2026 8:17:00 AM;9/29/2026 8:20:41 AM;BEL2AH;;44CC46;A20N;EBBR;EGLL;25R;HELEN4G;4.4386300009798605;50.8998810226396;541.02001953125;538.93616
F042-2;9/29/2026 10:19:03 AM +02:00;9/29/2026 10:19:42 AM +02:00;9/29/2026 10:19:20 AM +02:00;39;D;DEP;74.721405;81.34;90.63205;;9/29/2026 8:18:32 AM;9/29/2026 8:22:44 AM;JAF85C;OOTUJ;44D2AA;B738;EBBR;HEMA;25R;SOPOK4G;4.440488773439298;50.89434971196892;365.760009765625;559.50916
F042-2;9/29/2026 10:20:14 AM +02:00;9/29/2026 10:21:06 AM +02:00;9/29/2026 10:20:34 AM +02:00;52;D;DEP;69.90423;76.77;87.06426;;9/29/2026 8:19:53 AM;9/29/2026 8:22:44 AM;AAB83E;OOELK;44958B;FA8X;EBBR;LEMG;25R;CIV4G;4.440211499962254;50.90164859952671;735.3299560546875;818.22455
F042-2;9/29/2026 10:21:33 AM +02:00;9/29/2026 10:22:28 AM +02:00;9/29/2026 10:21:52 AM +02:00;55;D;DEP;70.18101;77.79;87.58463;;9/29/2026 8:20:49 AM;9/29/2026 8:25:32 AM;ASL39W;LZBUR;451D8C;E190;EBBR;LYBE;25R;SOPOK4G;4.441015883339326;50.893725381294416;502.9200134277344;706.17377
F042-2;9/29/2026 10:22:57 AM +02:00;9/29/2026 10:23:47 AM +02:00;9/29/2026 10:23:23 AM +02:00;50;D;DEP;72.74205;80.14;89.73175;;9/29/2026 8:22:36 AM;9/29/2026 8:26:56 AM;AUA22D;OELXE;4402A3;A320;EBBR;LOWW;25R;SOPOK4G;4.4410076157066944;50.89432314901591;472.44000244140625;640.56964
F042-2;9/29/2026 10:24:35 AM +02:00;9/29/2026 10:25:29 AM +02:00;9/29/2026 10:24:58 AM +02:00;54;D;DEP;65.34693;72.14;82.67087;;9/29/2026 8:24:08 AM;9/29/2026 8:28:16 AM;BTI60L;YLAAX;502D28;BCS3;EBBR;EVRA;25R;SPI4G;4.440217379984167;50.89503266992737;571.5;651.92554
F042-2;9/29/2026 10:26:17 AM +02:00;9/29/2026 10:27:27 AM +02:00;9/29/2026 10:26:36 AM +02:00;70;D;DEP;70.090164;79.04;88.541145;;9/29/2026 8:25:48 AM;9/29/2026 8:30:24 AM;ETD98V;A6BND;89653B;B789;EBBR;OMAA;25R;SOPOK4G;4.440218163407108;50.89464387730504;379.0950012207031;532.91376
F042-2;9/29/2026 10:27:52 AM +02:00;9/29/2026 10:29:15 AM +02:00;9/29/2026 10:28:10 AM +02:00;83;D;DEP;72.790504;82.34;91.981285;;9/29/2026 8:27:24 AM;9/29/2026 8:31:57 AM;UAL973;N14019;A0A54D;B78X;EBBR;KORD;25R;DENUT4G;4.439791773045619;50.89463679717376;365.760009765625;544.86554
F042-2;9/29/2026 10:29:42 AM +02:00;9/29/2026 10:30:27 AM +02:00;9/29/2026 10:30:00 AM +02:00;45;D;DEP;73.006195;80.74;89.53832;;9/29/2026 8:29:17 AM;9/29/2026 8:35:33 AM;ACA827;CFRSI;C02EC1;B789;EBBR;CYYZ;25R;DENUT4G;4.440104464429477;50.89462807262457;320.0400085449219;501.65585
F042-2;9/29/2026 10:31:48 AM +02:00;9/29/2026 10:32:50 AM +02:00;9/29/2026 10:32:28 AM +02:00;62;D;DEP;71.92644;80.67;89.85036;;9/29/2026 8:31:40 AM;9/29/2026 8:36:28 AM;BEL8BK;OOTCV;44D076;A320;EBBR;LDSP;25R;SOPOK4G;4.441088464859357;50.8947861355095;405.7650146484375;564.816
F042-2;9/29/2026 10:33:18 AM +02:00;9/29/2026 10:34:07 AM +02:00;9/29/2026 10:33:45 AM +02:00;49;D;DEP;73.04267;81.87;89.94463;;9/29/2026 8:32:57 AM;9/29/2026 8:38:41 AM;BEL5UB;OOSSV;44CE76;A319;EBBR;EGCC;25R;DENUT4G;4.43780288340561;50.89677349235638;474.3450012207031;481.17728
F042-2;9/29/2026 10:34:33 AM +02:00;9/29/2026 10:35:17 AM +02:00;9/29/2026 10:34:54 AM +02:00;44;D;DEP;78.3211;84.96;94.75562;;9/29/2026 8:34:04 AM;9/29/2026 8:39:32 AM;BEL4KE;OOSFB;44CCC2;A333;EBBR;HRYR;25R;ROUSY4G;4.440218631924623;50.89440791078116;415.28997802734375;574.8597
F042-2;9/29/2026 10:36:46 AM +02:00;9/29/2026 10:37:35 AM +02:00;9/29/2026 10:37:09 AM +02:00;49;D;DEP;74.21737;82.66;91.11933;;9/29/2026 8:36:25 AM;9/29/2026 8:40:52 AM;RYR7EM;9HQEY;4D251C;B738;EBBR;LEBL;25R;CIV4G;4.439606579258614;50.90023122957328;535.3049926757812;554.06433
F042-2;9/29/2026 10:38:04 AM +02:00;9/29/2026 10:38:47 AM +02:00;9/29/2026 10:38:28 AM +02:00;43;D;DEP;75.39283;82.18;91.727516;;9/29/2026 8:37:41 AM;9/29/2026 8:42:20 AM;RYR5XV;EIEXD;4CAA5F;B738;EBBR;LEPA;25R;ROUSY4G;4.441109291809716;50.89504121513446;461.010009765625;596.60223
F042-2;9/29/2026 10:39:41 AM +02:00;9/29/2026 10:40:45 AM +02:00;9/29/2026 10:40:05 AM +02:00;64;D;DEP;65.18205;72.86;83.24385;;9/29/2026 8:39:16 AM;9/29/2026 8:42:56 AM;KMM423;9HNED;4D22AB;A20N;EBBR;LMML;25R;ROUSY4G;4.440683410997458;50.894770088672345;541.02001953125;652.98157
F042-2;9/29/2026 10:41:06 AM +02:00;9/29/2026 10:41:49 AM +02:00;9/29/2026 10:41:28 AM +02:00;43;D;DEP;68.47579;74.48;84.81048;;9/29/2026 8:40:41 AM;9/29/2026 8:45:28 AM;LOT2LP;;48AF09;B38M;EBBR;EPWA;25R;LNO4G;4.441085565172302;50.89444904365159;415.28997802734375;595.48206
F042-2;9/29/2026 10:42:07 AM +02:00;9/29/2026 10:42:55 AM +02:00;9/29/2026 10:42:41 AM +02:00;48;D;DEP;66.65422;74.32;83.46664;;9/29/2026 8:41:53 AM;9/29/2026 8:45:57 AM;BTI98R;YLCSK;502CE5;BCS3;EBBR;EETN;25R;NIK3G;4.440394384912164;50.900810517732644;544.8299560546875;618.99426
F042-2;9/29/2026 10:43:18 AM +02:00;9/29/2026 10:44:11 AM +02:00;9/29/2026 10:43:37 AM +02:00;53;D;DEP;67.460144;75.3;84.7029;;9/29/2026 8:42:53 AM;9/29/2026 8:47:00 AM;KNE642;;711469;A20N;EBBR;OEJN;25R;ROUSY4G;4.440594900131701;50.89460372187847;523.875;657.88605
F042-2;9/29/2026 10:46:03 AM +02:00;9/29/2026 10:46:58 AM +02:00;9/29/2026 10:46:29 AM +02:00;55;D;DEP;76.814926;83.95;94.21855;;9/29/2026 8:45:41 AM;9/29/2026 8:51:00 AM;BEL5RH;OOSFC;44CCC3;A333;EBBR;HKJK;25R;ROUSY4G;4.440648763639652;50.89431835769986;422.9100036621094;592.44794
F042-2;9/29/2026 10:47:29 AM +02:00;9/29/2026 10:48:26 AM +02:00;9/29/2026 10:47:51 AM +02:00;57;D;DEP;80.05256;89.01;97.611305;;9/29/2026 8:47:01 AM;9/29/2026 8:52:57 AM;BEL1CP;;44CCD1;A333;EBBR;KJFK;25R;DENUT4G;4.43841718289491;50.89611892408234;403.8599853515625;428.2395
F042-2;9/29/2026 10:49:39 AM +02:00;9/29/2026 10:50:34 AM +02:00;9/29/2026 10:50:12 AM +02:00;55;D;DEP;67.45282;75.63;84.856445;;9/29/2026 8:49:09 AM;9/29/2026 8:52:49 AM;KLM96D;;486954;E295;EBBR;EHAM;25R;HELEN4G;4.438635953311244;50.898662986299875;495.29998779296875;476.34857
F042-2;9/29/2026 10:51:20 AM +02:00;9/29/2026 10:52:00 AM +02:00;9/29/2026 10:51:38 AM +02:00;40;D;DEP;69.14581;74.79;85.16641;;9/29/2026 8:50:53 AM;9/29/2026 8:54:48 AM;BEL1MG;OOSBA;44CC41;A20N;EBBR;LPPR;25R;CIV4G;4.43953313030531;50.899643528736654;510.5400085449219;510.45242
F042-2;9/29/2026 10:52:16 AM +02:00;9/29/2026 10:52:58 AM +02:00;9/29/2026 10:52:36 AM +02:00;42;D;DEP;72.91934;80.1;89.15183;;9/29/2026 8:51:49 AM;9/29/2026 8:57:16 AM;BEL3WF;OOSNK;44CDCB;A320;EBBR;LGAV;25R;SOPOK4G;4.440964879396496;50.89437255576445;426.7200012207031;605.8057
F042-2;9/29/2026 10:53:09 AM +02:00;9/29/2026 10:54:24 AM +02:00;9/29/2026 10:53:39 AM +02:00;75;D;DEP;71.77935;81.55;90.52996;;9/29/2026 8:52:52 AM;9/29/2026 8:57:04 AM;EIN6AP;EIDEO;4CA295;A320;EBBR;EIDW;25R;DENUT4G;4.43883783667283;50.898115940462624;556.260009765625;520.81305
F042-2;9/29/2026 10:54:48 AM +02:00;9/29/2026 10:55:49 AM +02:00;9/29/2026 10:55:06 AM +02:00;61;D;DEP;73.32478;82.56;91.178085;;9/29/2026 8:54:20 AM;9/29/2026 8:58:48 AM;RYR7FE;9HQDL;4D2265;B738;EBBR;EIDW;25R;DENUT4G;4.439651689007274;50.89898290515661;512.4450073242188;502.77353
F042-2;9/29/2026 10:58:56 AM +02:00;9/29/2026 11:00:22 AM +02:00;9/29/2026 11:00:02 AM +02:00;86;D;DEP;67.62683;78.65;86.97182;;9/29/2026 8:59:12 AM;9/29/2026 9:03:16 AM;BEL5WE;OOSSW;44CE77;A319;EBBR;LIML;25R;ROUSY4G;4.441344501760939;50.894687453628016;464.82000732421875;628.9162
F042-2;9/29/2026 11:01:14 AM +02:00;9/29/2026 11:02:22 AM +02:00;9/29/2026 11:01:35 AM +02:00;68;D;DEP;69.58706;78.13;87.91215;;9/29/2026 9:00:48 AM;9/29/2026 9:04:48 AM;BEL3DQ;OOSSJ;44CE6A;A319;EBBR;EDDF;25R;SPI4G;4.440921802218995;50.894597249367564;419.1000061035156;582.777
F042-2;9/29/2026 11:02:49 AM +02:00;9/29/2026 11:03:45 AM +02:00;9/29/2026 11:03:19 AM +02:00;56;D;DEP;70.68852;78.16;88.1704;;9/29/2026 9:02:32 AM;9/29/2026 9:07:04 AM;BEL6VP;OOSNH;44CDC8;A320;EBBR;LIPZ;25R;ROUSY4G;4.440961367868384;50.89436130404884;411.4800109863281;612.45087
F042-2;9/29/2026 11:03:58 AM +02:00;9/29/2026 11:04:51 AM +02:00;9/29/2026 11:04:15 AM +02:00;53;D;DEP;68.277405;75.75;85.520164;;9/29/2026 9:03:32 AM;9/29/2026 9:07:45 AM;SAS594;;4CAC8E;A20N;EBBR;EKCH;25R;NIK3G;4.438459186357546;50.89999774428066;518.1599731445312;521.9501
F042-2;9/29/2026 11:05:46 AM +02:00;9/29/2026 11:06:32 AM +02:00;9/29/2026 11:06:11 AM +02:00;46;D;DEP;67.94156;74.95;84.56914;;9/29/2026 9:05:25 AM;9/29/2026 9:09:21 AM;SAS77A;;4CAD96;A20N;EBBR;ESSA;25R;NIK3G;4.439543955300615;50.90014690694064;467.3600158691406;498.62314
F042-2;9/29/2026 11:08:00 AM +02:00;9/29/2026 11:08:57 AM +02:00;9/29/2026 11:08:30 AM +02:00;57;D;DEP;72.4072;82.33;89.96595;;9/29/2026 9:07:44 AM;9/29/2026 9:11:21 AM;BAW385;GDBCC;400A7C;A319;EBBR;EGLL;25R;HELEN4G;4.438393535838372;50.89728299099708;449.5799865722656;421.1288
F042-2;9/29/2026 11:10:24 AM +02:00;9/29/2026 11:11:18 AM +02:00;9/29/2026 11:10:55 AM +02:00;54;D;DEP;70.703865;79.56;88.0278;;9/29/2026 9:10:08 AM;9/29/2026 9:14:48 AM;AEA45BT;;34860C;B38M;EBBR;LEMD;25R;CIV4G;4.439035500853656;50.89789586510108;449.5799865722656;426.34644
F042-2;9/29/2026 11:12:01 AM +02:00;9/29/2026 11:13:02 AM +02:00;9/29/2026 11:12:21 AM +02:00;61;D;DEP;73.592995;81.94;91.4463;;9/29/2026 9:11:36 AM;9/29/2026 9:17:04 AM;MAC116Q;CNNMJ;020124;A320;EBBR;GMMW;25R;CIV4G;4.43771960862505;50.89577451253768;388.6199951171875;433.64008
F042-2;9/29/2026 11:13:59 AM +02:00;9/29/2026 11:15:00 AM +02:00;9/29/2026 11:14:31 AM +02:00;61;D;DEP;73.602486;83.3;91.45579;;9/29/2026 9:13:44 AM;9/29/2026 9:18:32 AM;RYR29DB;9HQCJ;4D2226;B738;EBBR;LEMD;25R;CIV4G;4.43858270424273;50.8986494817485;510.5400085449219;475.5276
F042-2;9/29/2026 11:15:20 AM +02:00;9/29/2026 11:16:10 AM +02:00;9/29/2026 11:15:43 AM +02:00;50;D;DEP;70.60822;77.65;87.59792;;9/29/2026 9:14:56 AM;9/29/2026 9:19:32 AM;BEL5CG;OOSSB;44CE62;A319;EBBR;LFMN;25R;ROUSY4G;4.4401969204067635;50.89460790023902;422.90997314453125;566.94476
F042-2;9/29/2026 11:16:41 AM +02:00;9/29/2026 11:17:55 AM +02:00;9/29/2026 11:17:13 AM +02:00;74;D;DEP;67.05644;77.15;85.74876;;9/29/2026 9:16:24 AM;9/29/2026 9:21:24 AM;BEL3JY;YLABH;502D59;BCS3;EBBR;LFLL;25R;CIV4G;4.438630347520863;50.89791913818724;441.96002197265625;426.93472
F042-2;9/29/2026 11:21:47 AM +02:00;9/29/2026 11:22:43 AM +02:00;9/29/2026 11:22:09 AM +02:00;56;D;DEP;74.50565;83.1;91.98753;;9/29/2026 9:21:24 AM;9/29/2026 9:26:53 AM;UAL995;N16008;A0F427;B78X;EBBR;KEWR;25R;DENUT4G;4.440301800549545;50.89457876810786;274.32000732421875;485.25516
F042-2;9/29/2026 11:28:20 AM +02:00;9/29/2026 11:29:21 AM +02:00;9/29/2026 11:28:57 AM +02:00;61;D;DEP;78.06112;86.63;95.91442;;9/29/2026 9:28:04 AM;9/29/2026 9:33:32 AM;BEL8AN;OOSFX;44CCD8;A333;EBBR;GOBD;25R;CIV4G;4.437281965574316;50.89517638634848;426.7200012207031;501.0574
F042-2;9/29/2026 11:30:40 AM +02:00;9/29/2026 11:32:16 AM +02:00;9/29/2026 11:31:15 AM +02:00;96;D;DEP;76.619125;86.64;96.44184;;9/29/2026 9:30:24 AM;9/29/2026 9:36:28 AM;BEL6ZD;OOSFF;44CCC6;A333;EBBR;DFFD;25R;CIV4G;4.43918930863482;50.894713855017116;398.14501953125;543.5586
F042-2;9/29/2026 11:34:54 AM +02:00;9/29/2026 11:36:00 AM +02:00;9/29/2026 11:35:26 AM +02:00;66;D;DEP;72.59231;80.2;90.78775;;9/29/2026 9:34:48 AM;9/29/2026 9:38:20 AM;FIN8CA;OHLZK;461FA0;A321;EBBR;EFHK;25R;NIK3G;4.437890289296308;50.896599391956755;453.3900146484375;461.5465
F042-2;9/29/2026 11:36:16 AM +02:00;9/29/2026 11:37:06 AM +02:00;9/29/2026 11:36:38 AM +02:00;50;D;DEP;70.44259;76.93;87.43229;;9/29/2026 9:35:48 AM;9/29/2026 9:40:00 AM;AEE539;SXDVN;4692CE;A320;EBBR;LGTS;25R;SOPOK4G;4.441032546902288;50.894307419855984;487.67999267578125;651.8839
F042-2;9/29/2026 11:39:52 AM +02:00;9/29/2026 11:40:51 AM +02:00;9/29/2026 11:40:14 AM +02:00;59;D;DEP;72.80155;82.17;90.51007;;9/29/2026 9:39:28 AM;9/29/2026 9:43:40 AM;BEL4OZ;OOSSX;44CE78;A319;EBBR;EGPH;25R;DENUT4G;4.438637306676537;50.89887873263236;407.66998291015625;377.2315
F042-2;9/29/2026 11:47:52 AM +02:00;9/29/2026 11:49:31 AM +02:00;9/29/2026 11:48:37 AM +02:00;99;D;DEP;73.24553;82.46;93.20188;;9/29/2026 9:47:52 AM;9/29/2026 9:53:32 AM;THY7WF;;4BB1ED;A332;EBBR;LTFM;25R;SOPOK4G;4.440118922229624;50.89451794796979;403.8599853515625;556.94135
F042-2;9/29/2026 11:50:19 AM +02:00;9/29/2026 11:51:08 AM +02:00;9/29/2026 11:50:42 AM +02:00;49;D;DEP;74.57177;82.95;91.47373;;9/29/2026 9:49:57 AM;9/29/2026 9:54:40 AM;THY6553;TCVEL;4BD8AC;A310;EBBR;LTFM;25R;SOPOK4G;4.440301522176869;50.89489788569786;437.38800048828125;570.98663
F042-2;9/29/2026 11:53:37 AM +02:00;9/29/2026 11:54:41 AM +02:00;9/29/2026 11:54:01 AM +02:00;64;D;DEP;68.355736;77.87;86.417534;;9/29/2026 9:53:20 AM;9/29/2026 9:57:08 AM;ITY159;;4CAE1F;A21N;EBBR;LIRF;25R;ROUSY4G;4.440736816985097;50.89471619591283;354.33001708984375;525.09937
F042-2;9/29/2026 11:55:26 AM +02:00;9/29/2026 11:56:17 AM +02:00;9/29/2026 11:55:54 AM +02:00;51;D;DEP;69.55314;78.79;86.62884;;9/29/2026 9:55:08 AM;9/29/2026 10:00:20 AM;AEE3BR;SXNAK;46B82B;A21N;EBBR;LGAV;25R;SOPOK4G;4.440746058953824;50.89453192665591;434.3399963378906;609.1095
F042-2;9/29/2026 11:59:19 AM +02:00;9/29/2026 12:00:25 PM +02:00;9/29/2026 11:59:52 AM +02:00;66;D;DEP;72.824356;81.62;91.0198;;9/29/2026 9:59:04 AM;9/29/2026 10:04:12 AM;SIA303;9VSMB;76CDA2;A359;EBBR;WSSS;25R;SOPOK4G;4.440568365895445;50.89454751485173;375.2850036621094;547.2795
F042-2;9/29/2026 12:04:34 PM +02:00;9/29/2026 12:05:36 PM +02:00;9/29/2026 12:05:03 PM +02:00;62;D;DEP;70.11308;79.51;88.037;;9/29/2026 10:04:12 AM;9/29/2026 10:08:16 AM;TAP641;;495153;A21N;EBBR;LPPT;25R;CIV4G;4.438154953890755;50.89752099067397;455.29498291015625;422.60284
F042-2;9/29/2026 12:11:39 PM +02:00;9/29/2026 12:12:36 PM +02:00;9/29/2026 12:12:06 PM +02:00;57;D;DEP;71.66888;79.49;89.22762;;9/29/2026 10:11:20 AM;9/29/2026 10:15:08 AM;ENT579P;;48E87F;B738;EBBR;LFSL;25R;CIV4G;4.438760917437533;50.899265358843;493.39501953125;468.18475
F042-2;9/29/2026 12:15:21 PM +02:00;9/29/2026 12:16:32 PM +02:00;9/29/2026 12:15:52 PM +02:00;71;D;DEP;78.17634;87.82;96.68892;;9/29/2026 10:15:05 AM;9/29/2026 10:21:16 AM;BEL8VB;OOSFG;44CCC7;A333;EBBR;FKKD;25R;ROUSY4G;4.440753746282395;50.89478137908464;355.09197998046875;524.9783
F042-2;9/29/2026 12:17:53 PM +02:00;9/29/2026 12:18:54 PM +02:00;9/29/2026 12:18:22 PM +02:00;61;D;DEP;68.57831;79.34;86.43161;;9/29/2026 10:17:33 AM;9/29/2026 10:23:00 AM;BEL6EP;YLABE;502D46;BCS3;EBBR;LEMG;25R;CIV4G;4.43837255573531;50.89711218173205;403.8599853515625;381.94247
F042-2;9/29/2026 12:19:15 PM +02:00;9/29/2026 12:20:08 PM +02:00;9/29/2026 12:19:48 PM +02:00;53;D;DEP;67.09925;76.08;84.34201;;9/29/2026 10:18:57 AM;9/29/2026 10:22:48 AM;BEL1851;;44CC45;A20N;EBBR;LICJ;25R;ROUSY4G;4.440465078236651;50.894363163474104;490.2200012207031;629.7591
F042-2;9/29/2026 12:20:32 PM +02:00;9/29/2026 12:21:36 PM +02:00;9/29/2026 12:21:06 PM +02:00;64;D;DEP;69.83365;78.52;87.89545;;9/29/2026 10:20:20 AM;9/29/2026 10:25:21 AM;CHH7922;B1341;7812A0;B789;EBBR;ZSPD;25R;NIK3G;4.440637820274248;50.89446329722193;289.55999755859375;511.57657
F042-2;9/29/2026 12:27:13 PM +02:00;9/29/2026 12:28:39 PM +02:00;9/29/2026 12:27:53 PM +02:00;86;D;DEP;77.77906;89.75;97.12405;;9/29/2026 10:27:04 AM;9/29/2026 10:33:08 AM;BEL37K;OOSFE;44CCC5;A333;EBBR;FZAA;25R;CIV4G;4.438100374470048;50.898159173952294;403.8600158691406;377.82947
F042-2;9/29/2026 12:32:38 PM +02:00;9/29/2026 12:33:44 PM +02:00;9/29/2026 12:33:11 PM +02:00;66;D;DEP;76.12054;85.5;94.31598;;9/29/2026 10:32:28 AM;9/29/2026 10:37:21 AM;UAL951;N2644U;A290D0;B77W;EBBR;KIAD;25R;DENUT4G;4.440715741622188;50.89459369814916;283.8450012207031;514.56116
F042-2;9/29/2026 12:34:59 PM +02:00;9/29/2026 12:36:26 PM +02:00;9/29/2026 12:35:34 PM +02:00;87;D;DEP;77.07663;87.4;96.471825;;9/29/2026 10:34:44 AM;9/29/2026 10:40:32 AM;BEL27A;OOSFD;44CCC4;A333;EBBR;DGAA;25R;CIV4G;4.437795329507012;50.895230726915784;369.57000732421875;484.17554
F042-2;9/29/2026 12:42:58 PM +02:00;9/29/2026 12:43:33 PM +02:00;9/29/2026 12:43:10 PM +02:00;35;D;DEP;70.90408;77.55;86.344765;;9/29/2026 10:42:32 AM;9/29/2026 10:46:52 AM;TKJ8UY;;4BD8CA;B38M;EBBR;LTFJ;25R;SOPOK4G;4.4409429215382845;50.8947006402525;297.17999267578125;503.7218
F042-2;9/29/2026 12:53:27 PM +02:00;9/29/2026 12:54:20 PM +02:00;9/29/2026 12:53:49 PM +02:00;53;D;DEP;72.796844;80.57;90.039604;;9/29/2026 10:53:00 AM;9/29/2026 10:57:24 AM;BEL6JW;;44CDD1;A320;EBBR;LEIB;25R;CIV4G;4.438736591229241;50.89810125529087;430.5299987792969;403.3092
F042-2;9/29/2026 12:55:13 PM +02:00;9/29/2026 12:56:27 PM +02:00;9/29/2026 12:55:41 PM +02:00;74;D;DEP;70.81267;80.2;89.50498;;9/29/2026 10:54:53 AM;9/29/2026 10:59:12 AM;RAM673S;CNRGK;0200FB;B738;EBBR;GMTT;25R;CIV4G;4.43812412597154;50.895177050798495;361.95001220703125;489.81442
F042-2;9/29/2026 12:59:58 PM +02:00;9/29/2026 1:01:16 PM +02:00;9/29/2026 1:00:34 PM +02:00;78;D;DEP;73.38809;83.98;92.30904;;9/29/2026 10:59:48 AM;9/29/2026 11:04:24 AM;IBE05SM;ECIZH;3420CB;A320;EBBR;LEMD;25R;CIV4G;4.438206186302083;50.89766823097071;432.43499755859375;397.13477
F042-2;9/29/2026 1:03:25 PM +02:00;9/29/2026 1:04:10 PM +02:00;9/29/2026 1:03:44 PM +02:00;45;D;DEP;79.36421;86.81;95.89634;;9/29/2026 11:03:04 AM;9/29/2026 11:08:20 AM;CCA964;B6101;780DFD;A333;EBBR;ZBAA;25R;SPI4G;4.43993405023227;50.89456499878219;306.70501708984375;486.52853
F042-2;9/29/2026 1:05:48 PM +02:00;9/29/2026 1:07:09 PM +02:00;9/29/2026 1:06:27 PM +02:00;81;D;DEP;77.89771;88.97;96.98256;;9/29/2026 11:05:36 AM;9/29/2026 11:11:52 AM;BEL7WR;OOSFP;44CCD0;A333;EBBR;GFLL;25R;CIV4G;4.438678307517246;50.89525840289155;346.71002197265625;459.26486
F042-2;9/29/2026 1:07:53 PM +02:00;9/29/2026 1:09:27 PM +02:00;9/29/2026 1:08:42 PM +02:00;94;D;DEP;79.21128;90.44;98.94256;;9/29/2026 11:07:56 AM;9/29/2026 11:13:04 AM;SIA7975;9VSFM;76CCCD;B744;EBBR;VOBL;25R;LNO4K;4.440814692835481;50.89487131539695;329.56500244140625;515.1233
F042-2;9/29/2026 1:16:14 PM +02:00;9/29/2026 1:16:54 PM +02:00;9/29/2026 1:16:37 PM +02:00;40;D;DEP;73.96796;80.63;89.988556;;9/29/2026 11:15:48 AM;9/29/2026 11:20:44 AM;CPA294;BLQB;789234;A359;EBBR;VHHH;25R;SOPOK4G;4.440452748043212;50.89460137816392;388.6199951171875;552.09357
F042-2;9/29/2026 1:32:12 PM +02:00;9/29/2026 1:33:15 PM +02:00;9/29/2026 1:32:28 PM +02:00;63;D;DEP;69.10884;78.72;87.10225;;9/29/2026 11:31:45 AM;9/29/2026 11:36:33 AM;CHH492;B7302;78110D;B789;EBBR;ZBAA;25R;NIK3G;4.44099610787432;50.8947736994765;299.08502197265625;510.8863
F042-2;9/29/2026 1:33:50 PM +02:00;9/29/2026 1:35:09 PM +02:00;9/29/2026 1:34:37 PM +02:00;79;D;DEP;68.42695;79.83;87.40322;;9/29/2026 11:33:57 AM;9/29/2026 11:39:08 AM;RAM839J;;0201A2;B38M;EBBR;GMMN;25R;CIV4G;4.438350442721558;50.89927400585846;525.780029296875;508.81522
F042-2;9/29/2026 1:35:56 PM +02:00;9/29/2026 1:36:45 PM +02:00;9/29/2026 1:36:16 PM +02:00;49;D;DEP;72.76284;80.64;89.6648;;9/29/2026 11:35:33 AM;9/29/2026 11:40:24 AM;TAM8157;;E8046F;B789;EBBR;SBGR;25R;CIV4G;4.439996411493755;50.89447852271318;241.93499755859375;469.36035
F042-2;9/29/2026 1:46:17 PM +02:00;9/29/2026 1:47:04 PM +02:00;9/29/2026 1:46:42 PM +02:00;47;D;DEP;69.97678;77.75;86.69776;;9/29/2026 11:45:56 AM;9/29/2026 11:49:48 AM;BEL5NZ;OOSSA;44CE61;A319;EBBR;LIPE;25R;ROUSY4G;4.441039516372158;50.894377092357104;419.0999755859375;603.04
F042-2;9/29/2026 1:48:06 PM +02:00;9/29/2026 1:48:47 PM +02:00;9/29/2026 1:48:27 PM +02:00;41;D;DEP;71.47217;79.19;87.600006;;9/29/2026 11:47:40 AM;9/29/2026 11:50:56 AM;JAF25B;OOTNB;44D1C2;B738;EBBR;LGZA;25R;ROUSY4G;4.441007860134432;50.89419730202424;403.8599853515625;606.4605
F042-2;9/29/2026 1:49:47 PM +02:00;9/29/2026 1:50:37 PM +02:00;9/29/2026 1:50:11 PM +02:00;50;D;DEP;69.09399;76.63;86.08369;;9/29/2026 11:49:24 AM;9/29/2026 11:54:00 AM;BEL7LF;;44CE79;A319;EBBR;EDDM;25R;SOPOK4G;4.4407451619831075;50.89408022604761;398.14501953125;617.65515
F042-2;9/29/2026 1:50:50 PM +02:00;9/29/2026 1:51:31 PM +02:00;9/29/2026 1:51:09 PM +02:00;41;D;DEP;74.498085;81.77;90.62592;;9/29/2026 11:50:24 AM;9/29/2026 11:54:56 AM;TRA6U;PHHXJ;4853D3;B738;EBBR;GMAD;25R;CIV4G;4.437757624125064;50.89542508836615;352.4250183105469;455.49255
F042-2;9/29/2026 1:52:05 PM +02:00;9/29/2026 1:53:17 PM +02:00;9/29/2026 1:52:32 PM +02:00;72;D;DEP;63.140812;69.96;81.714134;;9/29/2026 11:51:36 AM;9/29/2026 11:55:04 AM;JFA99X;LXZAP;4D02A1;PC24;EBBR;LSZA;25R;SPI4G;4.445200921619458;50.894137561406154;678.1799926757812;919.52106
F042-2;9/29/2026 1:53:44 PM +02:00;9/29/2026 1:55:05 PM +02:00;9/29/2026 1:54:10 PM +02:00;81;D;DEP;64.53355;74.71;83.61839;;9/29/2026 11:53:20 AM;9/29/2026 11:57:04 AM;BEL2PN;OOSSL;44CE6C;A319;EBBR;EDDM;25R;SOPOK4G;4.441835538794631;50.89433950639294;552.449951171875;715.2038
F042-2;9/29/2026 1:59:16 PM +02:00;9/29/2026 2:00:06 PM +02:00;9/29/2026 1:59:41 PM +02:00;50;D;DEP;69.12941;76.8;86.11911;;9/29/2026 11:58:53 AM;9/29/2026 12:03:36 PM;BEL7QJ;;44CC48;A20N;EBBR;GCTS;25R;CIV4G;4.438564069516544;50.89907193324147;453.3900146484375;440.18155
F042-2;9/29/2026 2:38:56 PM +02:00;9/29/2026 2:39:38 PM +02:00;9/29/2026 2:39:24 PM +02:00;42;D;DEP;66.15059;72.39;82.38308;;9/29/2026 12:38:29 PM;9/29/2026 12:42:48 PM;SEH8BX;SXWEB;46DCA2;A20N;EBBR;LGAV;25R;ROUSY4G;4.441079151942504;50.89482208791337;551.68798828125;663.7702
F042-2;9/29/2026 2:39:57 PM +02:00;9/29/2026 2:40:46 PM +02:00;9/29/2026 2:40:21 PM +02:00;49;D;DEP;71.56365;80.06;88.465614;;9/29/2026 12:39:29 PM;9/29/2026 12:43:28 PM;BEL3CP;OOSNL;44CDCC;A320;EBBR;LPPR;25R;CIV4G;4.439511642733938;50.89971840428152;482.6000061035156;491.61505
F042-2;9/29/2026 2:41:23 PM +02:00;9/29/2026 2:42:10 PM +02:00;9/29/2026 2:41:46 PM +02:00;47;D;DEP;70.875244;78.9;87.59622;;9/29/2026 12:40:52 PM;9/29/2026 12:44:57 PM;BEL4BP;OOSSV;44CE76;A319;EBBR;ESSA;25R;NIK3G;4.438156754929;50.89662433658267;504.8249816894531;506.2597
F042-2;9/29/2026 2:42:38 PM +02:00;9/29/2026 2:43:17 PM +02:00;9/29/2026 2:42:59 PM +02:00;39;D;DEP;66.97309;74.99;82.883736;;9/29/2026 12:42:08 PM;9/29/2026 12:46:36 PM;BEL2SR;;502D7C;BCS3;EBBR;EDDF;25R;SPI4G;4.440830700428076;50.894857851388345;453.3900146484375;596.1277
F042-2;9/29/2026 2:43:53 PM +02:00;9/29/2026 2:45:17 PM +02:00;9/29/2026 2:44:26 PM +02:00;84;D;DEP;72.2699;84.47;91.51269;;9/29/2026 12:43:49 PM;9/29/2026 12:47:44 PM;QTR91Y;A7BFZ;06A30D;B77L;EBBR;OTHH;25R;SOPOK4G;4.441326671146888;50.894727882689914;426.7200012207031;602.2853
F042-2;9/29/2026 2:48:01 PM +02:00;9/29/2026 2:49:19 PM +02:00;9/29/2026 2:48:30 PM +02:00;78;D;DEP;71.13672;80.45;90.05766;;9/29/2026 12:47:41 PM;9/29/2026 12:52:56 PM;THY8LQ;TCJRU;4BAA55;A321;EBBR;LTFM;25R;SOPOK4G;4.44101979213598;50.89446809413923;424.81500244140625;595.77814
F042-2;9/29/2026 2:50:43 PM +02:00;9/29/2026 2:52:01 PM +02:00;9/29/2026 2:51:22 PM +02:00;78;D;DEP;70.69929;79.54;89.62023;;9/29/2026 12:50:32 PM;9/29/2026 12:55:13 PM;DHK842;;407EA0;B763;EBBR;EGNX;25R;DENUT4G;4.437992846389979;50.89684555402908;590.5499877929688;569.10114
F042-2;9/29/2026 2:57:56 PM +02:00;9/29/2026 2:59:07 PM +02:00;9/29/2026 2:58:18 PM +02:00;71;D;DEP;72.373985;83.09;90.886566;;9/29/2026 12:57:33 PM;9/29/2026 1:01:24 PM;TRA89Z;PHHXM;484C9B;B738;EBBR;LEMG;25R;CIV4G;4.437462604560983;50.89546867417687;371.4750061035156;471.35858
F042-2;9/29/2026 3:02:06 PM +02:00;9/29/2026 3:02:55 PM +02:00;9/29/2026 3:02:27 PM +02:00;49;D;DEP;72.765175;79.77;89.66714;;9/29/2026 1:01:40 PM;9/29/2026 1:05:40 PM;VLG359E;ECMVD;34560D;A320;EBBR;LEVC;25R;CIV4G;4.439192742239817;50.899240976311944;464.82000732421875;480.04932
F042-2;9/29/2026 3:05:33 PM +02:00;9/29/2026 3:06:16 PM +02:00;9/29/2026 3:05:54 PM +02:00;43;D;DEP;69.14056;77.21;85.47524;;9/29/2026 1:05:05 PM;9/29/2026 1:09:05 PM;BEL7NO;;44CC42;A20N;EBBR;GCRR;25R;CIV4G;4.439620945521401;50.89925368354928;481.9649963378906;477.98495
F042-2;9/29/2026 3:09:25 PM +02:00;9/29/2026 3:10:20 PM +02:00;9/29/2026 3:10:00 PM +02:00;55;D;DEP;64.19758;71.16;81.601204;;9/29/2026 1:09:05 PM;9/29/2026 1:12:40 PM;BEL8KA;;44CC47;A20N;EBBR;LIRF;25R;SOPOK4G;4.4409358476711995;50.89469275712735;558.1649780273438;687.5062
F042-2;9/29/2026 3:11:07 PM +02:00;9/29/2026 3:11:56 PM +02:00;9/29/2026 3:11:36 PM +02:00;49;D;DEP;69.55286;76.69;86.45482;;9/29/2026 1:10:45 PM;9/29/2026 1:14:29 PM;BEL6PR;OOSNM;44CDCD;A320;EBBR;LHBP;25R;SOPOK4G;4.441376286326427;50.89477738362799;533.4000244140625;661.7864
F042-2;9/29/2026 3:12:59 PM +02:00;9/29/2026 3:13:41 PM +02:00;9/29/2026 3:13:22 PM +02:00;42;D;DEP;70.091484;76.71;86.323975;;9/29/2026 1:12:33 PM;9/29/2026 1:16:32 PM;BEL9SE;OOSSJ;44CE6A;A319;EBBR;LSGG;25R;SOPOK4G;4.440933016308261;50.89432532223337;434.34002685546875;615.7933
F042-2;9/29/2026 3:14:52 PM +02:00;9/29/2026 3:15:36 PM +02:00;9/29/2026 3:15:16 PM +02:00;44;D;DEP;72.196;78.65;88.63052;;9/29/2026 1:14:29 PM;9/29/2026 1:18:56 PM;AUA294P;OELXE;4402A3;A320;EBBR;LOWW;25R;SOPOK4G;4.441126377142229;50.89447604325706;455.29498291015625;616.9395
F042-2;9/29/2026 3:16:37 PM +02:00;9/29/2026 3:17:24 PM +02:00;9/29/2026 3:17:05 PM +02:00;47;D;DEP;65.92946;74.74;82.65044;;9/29/2026 1:16:01 PM;9/29/2026 1:20:20 PM;SWR15Y;HBAZD;4B028D;E290;EBBR;LSZH;25R;SOPOK4G;4.441284820774947;50.894300891370335;434.3399963378906;624.05994
F042-2;9/29/2026 3:26:32 PM +02:00;9/29/2026 3:27:34 PM +02:00;9/29/2026 3:26:57 PM +02:00;62;D;DEP;64.96008;73.29;82.884;;9/29/2026 1:26:09 PM;9/29/2026 1:30:20 PM;BEL3ND;;44CC46;A20N;EBBR;HEGN;25R;SOPOK4G;4.441391221385943;50.89440434821297;495.29998779296875;659.5691
F042-2;9/29/2026 3:28:57 PM +02:00;9/29/2026 3:29:44 PM +02:00;9/29/2026 3:29:21 PM +02:00;47;D;DEP;70.41206;77.74;87.13304;;9/29/2026 1:28:33 PM;9/29/2026 1:32:48 PM;BEL5XD;OOSNJ;44CDCA;A320;EBBR;EPWA;25R;LNO4G;4.440826984529745;50.89403309459609;464.82000732421875;648.6842
F042-2;9/29/2026 3:31:41 PM +02:00;9/29/2026 3:32:29 PM +02:00;9/29/2026 3:32:03 PM +02:00;48;D;DEP;68.6564;76.07;85.46882;;9/29/2026 1:31:13 PM;9/29/2026 1:35:05 PM;BEL9EU;;44CC43;A20N;EBBR;ENGM;25R;NIK3G;4.438723020540923;50.89866867914534;504.82501220703125;473.96896
F042-2;9/29/2026 3:37:43 PM +02:00;9/29/2026 3:38:50 PM +02:00;9/29/2026 3:38:12 PM +02:00;67;D;DEP;69.652916;78.14;87.913666;;9/29/2026 1:37:25 PM;9/29/2026 1:41:56 PM;CXI4F;LYLGA;503E61;A320;EBBR;LGIR;25R;SOPOK4G;4.4413271826275995;50.894444749524226;434.3399963378906;614.34827
F042-2;9/29/2026 3:39:10 PM +02:00;9/29/2026 3:39:58 PM +02:00;9/29/2026 3:39:29 PM +02:00;48;D;DEP;69.36312;78;86.17554;;9/29/2026 1:38:41 PM;9/29/2026 1:43:28 PM;ANE1300;ECMVZ;34604B;CRJX;EBBR;LEMD;25R;CIV4G;4.437238870758668;50.89540107217036;346.71002197265625;438.45908
F042-2;9/29/2026 3:41:56 PM +02:00;9/29/2026 3:42:58 PM +02:00;9/29/2026 3:42:22 PM +02:00;62;D;DEP;70.77341;79.73;88.69733;;9/29/2026 1:41:41 PM;9/29/2026 1:45:33 PM;JAF86A;OOTUK;44D2AB;B738;EBBR;GMMW;25R;CIV4G;4.440311966703762;50.89482822593695;293.3699951171875;486.92233
F042-2;9/29/2026 3:45:10 PM +02:00;9/29/2026 3:46:45 PM +02:00;9/29/2026 3:45:53 PM +02:00;95;D;DEP;69.154335;80.3;88.93157;;9/29/2026 1:45:09 PM;9/29/2026 1:49:12 PM;BEL9QH;OOSSF;44CE66;A319;EBBR;LEBL;25R;CIV4G;4.438246489417275;50.89618171111826;411.4800109863281;430.6037
F042-2;9/29/2026 3:47:17 PM +02:00;9/29/2026 3:48:08 PM +02:00;9/29/2026 3:47:39 PM +02:00;51;D;DEP;71.377144;78.92;88.45284;;9/29/2026 1:46:37 PM;9/29/2026 1:50:09 PM;KLM82A;PHEXL;48548E;E75L;EBBR;EHAM;25R;HELEN4G;4.438114347838478;50.898285049639185;457.20001220703125;417.5641
F042-2;9/29/2026 3:48:49 PM +02:00;9/29/2026 3:49:34 PM +02:00;9/29/2026 3:49:11 PM +02:00;45;D;DEP;69.48155;77.46;86.01368;;9/29/2026 1:48:21 PM;9/29/2026 1:52:52 PM;JAF3FD;OOTMZ;44D1BA;B38M;EBBR;DAAG;25R;CIV4G;4.438253540627335;50.897091839936216;367.6650085449219;359.6722
F042-2;9/29/2026 3:51:15 PM +02:00;9/29/2026 3:52:30 PM +02:00;9/29/2026 3:51:57 PM +02:00;75;D;DEP;72.36608;81.64;91.11669;;9/29/2026 1:51:12 PM;9/29/2026 1:56:28 PM;ABB870;;44B0C3;B748;EBBR;ZUUU;25R;LNO4K;4.4404872721292055;50.89511827743296;251.4600067138672;432.33588
F042-2;9/29/2026 3:54:07 PM +02:00;9/29/2026 3:54:55 PM +02:00;9/29/2026 3:54:31 PM +02:00;48;D;DEP;69.735664;77.31;86.54808;;9/29/2026 1:53:40 PM;9/29/2026 1:57:21 PM;BEL7WA;OOSSW;44CE77;A319;EBBR;EKCH;25R;NIK3G;4.439344652195158;50.89880401091734;489.58502197265625;472.84793
F042-2;9/29/2026 3:55:22 PM +02:00;9/29/2026 3:56:20 PM +02:00;9/29/2026 3:55:53 PM +02:00;58;D;DEP;67.20066;75.81;84.83494;;9/29/2026 1:55:04 PM;9/29/2026 1:58:48 PM;CEF05T;2801;498422;A319;EBBR;LKKB;25R;SOPOK4G;4.441689894175529;50.89430569900153;586.739990234375;739.0737
F042-2;9/29/2026 3:57:07 PM +02:00;9/29/2026 3:57:38 PM +02:00;9/29/2026 3:57:25 PM +02:00;31;D;DEP;70.43621;75.96;85.34983;;9/29/2026 1:56:36 PM;9/29/2026 2:01:36 PM;JAF3261;;44D1A6;B38M;EBBR;LTFE;25R;SOPOK4G;4.440489813721207;50.89474071901583;323.8500061035156;504.72153
F042-2;9/29/2026 3:58:20 PM +02:00;9/29/2026 3:59:06 PM +02:00;9/29/2026 3:58:43 PM +02:00;46;D;DEP;71.111946;77.03;87.739525;;9/29/2026 1:57:56 PM;9/29/2026 2:02:05 PM;BEL4DQ;OOSSU;44CE75;A319;EBBR;ESGG;25R;NIK3G;4.437978624860477;50.89508482836822;441.9599914550781;526.04724
F042-2;9/29/2026 3:59:12 PM +02:00;9/29/2026 3:59:56 PM +02:00;9/29/2026 3:59:36 PM +02:00;44;D;DEP;66.271545;73.36;82.70607;;9/29/2026 1:58:44 PM;9/29/2026 2:02:36 PM;BEL3XW;;44CC44;A20N;EBBR;LOWW;25R;SOPOK4G;4.44103904301166;50.89461755348428;491.489990234375;632.607
F042-2;9/29/2026 4:01:06 PM +02:00;9/29/2026 4:02:07 PM +02:00;9/29/2026 4:01:49 PM +02:00;61;D;DEP;64.109085;72.09;81.96239;;9/29/2026 2:00:57 PM;9/29/2026 2:05:56 PM;TAP643;;4952D3;A20N;EBBR;LPPT;25R;CIV4G;4.440291850149239;50.901454284430976;544.8300170898438;644.80804
F042-2;9/29/2026 4:09:02 PM +02:00;9/29/2026 4:10:32 PM +02:00;9/29/2026 4:09:59 PM +02:00;90;D;DEP;66.55564;77.54;86.09807;;9/29/2026 2:09:16 PM;9/29/2026 2:12:45 PM;SAS62A;SERUF;4ACAA6;A20N;EBBR;EKCH;25R;NIK3G;4.437876860647311;50.89797021613104;476.25;444.97406
F042-2;9/29/2026 4:12:43 PM +02:00;9/29/2026 4:14:11 PM +02:00;9/29/2026 4:13:01 PM +02:00;88;D;DEP;69.14042;79.61;88.58524;;9/29/2026 2:12:16 PM;9/29/2026 2:17:37 PM;BAW387;GTTOB;40095D;A320;EBBR;EGLL;25R;HELEN4G;4.439286591347479;50.89851969950653;510.5400085449219;480.5179
F042-2;9/29/2026 4:16:31 PM +02:00;9/29/2026 4:17:40 PM +02:00;9/29/2026 4:17:10 PM +02:00;69;D;DEP;66.14334;77.26;84.53183;;9/29/2026 2:16:29 PM;9/29/2026 2:21:04 PM;BEL7PK;YLABH;502D59;BCS3;EBBR;LJLJ;25R;SOPOK4G;4.43985561313123;50.894686306123006;396.239990234375;538.8498
F042-2;9/29/2026 4:18:36 PM +02:00;9/29/2026 4:19:38 PM +02:00;9/29/2026 4:19:12 PM +02:00;62;D;DEP;70.041626;78.38;87.965546;;9/29/2026 2:18:24 PM;9/29/2026 2:23:08 PM;BEL5TR;OOSNF;44CDC6;A320;EBBR;DTMB;25R;ROUSY4G;4.440157969500332;50.89453820436311;396.239990234375;556.2511
F042-2;9/29/2026 4:21:39 PM +02:00;9/29/2026 4:22:47 PM +02:00;9/29/2026 4:22:04 PM +02:00;68;D;DEP;66.27784;76.11;84.60293;;9/29/2026 2:21:13 PM;9/29/2026 2:25:28 PM;RJA142;;74482C;A20N;EBBR;OJAI;25R;SOPOK4G;4.440432060308969;50.89427775496175;480.05999755859375;637.2075
F042-2;9/29/2026 4:24:36 PM +02:00;9/29/2026 4:25:20 PM +02:00;9/29/2026 4:24:58 PM +02:00;44;D;DEP;68.962425;76.95;85.39695;;9/29/2026 2:24:09 PM;9/29/2026 2:28:04 PM;BEL9EV;OOSSX;44CE78;A319;EBBR;EDDM;25R;SOPOK4G;4.441163604505591;50.894521014427845;449.58001708984375;621.26044
F042-2;9/29/2026 4:27:17 PM +02:00;9/29/2026 4:29:07 PM +02:00;9/29/2026 4:28:18 PM +02:00;110;D;DEP;76.01286;87.03;96.42679;;9/29/2026 2:27:41 PM;9/29/2026 2:32:29 PM;CSC9606;;781EC1;A333;EBBR;ZUTF;25R;NIK3G;4.441014710792386;50.89434560928172;354.33001708984375;564.0813
F042-2;9/29/2026 4:37:58 PM +02:00;9/29/2026 4:38:52 PM +02:00;9/29/2026 4:38:26 PM +02:00;54;D;DEP;70.44704;77.38;87.77097;;9/29/2026 2:37:36 PM;9/29/2026 2:42:20 PM;TAR955;;02A263;A320;EBBR;DTTA;25R;ROUSY4G;4.440799938878526;50.89423420739265;413.385009765625;614.8552
F042-2;9/29/2026 4:40:48 PM +02:00;9/29/2026 4:41:43 PM +02:00;9/29/2026 4:41:18 PM +02:00;55;D;DEP;68.1283;76.6;85.53193;;9/29/2026 2:40:29 PM;9/29/2026 2:44:32 PM;BEL6ZH;OOSSB;44CE62;A319;EBBR;LIML;25R;ROUSY4G;4.441007254756314;50.89452313828415;411.47998046875;594.8619
F042-2;9/29/2026 4:42:05 PM +02:00;9/29/2026 4:43:24 PM +02:00;9/29/2026 4:42:44 PM +02:00;79;D;DEP;67.781685;78.27;86.75796;;9/29/2026 2:41:57 PM;9/29/2026 2:46:04 PM;BEL2HJ;OOSNH;44CDC8;A320;EBBR;EDDB;25R;SPI4G;4.441639748481144;50.89451240925107;434.3399963378906;618.0183
F042-2;9/29/2026 4:48:39 PM +02:00;9/29/2026 4:50:03 PM +02:00;9/29/2026 4:49:30 PM +02:00;84;D;DEP;70.92723;81.26;90.17002;;9/29/2026 2:48:44 PM;9/29/2026 2:53:04 PM;BEL4GU;OOTCV;44D076;A320;EBBR;LEMG;25R;CIV4G;4.4387542720922575;50.89636525195888;430.5299987792969;447.1346
F042-2;9/29/2026 4:56:19 PM +02:00;9/29/2026 4:57:44 PM +02:00;9/29/2026 4:56:48 PM +02:00;85;D;DEP;66.03018;75.44;85.32437;;9/29/2026 2:56:01 PM;9/29/2026 2:59:25 PM;BEL6RA;OOSSO;44CE6F;A319;EBBR;EGLL;25R;HELEN4G;4.4400590082852105;50.899677636415326;548.6400146484375;561.11487
F042-2;9/29/2026 5:06:47 PM +02:00;9/29/2026 5:08:40 PM +02:00;9/29/2026 5:07:52 PM +02:00;113;D;DEP;70.16674;82.26;90.697525;;9/29/2026 3:07:04 PM;9/29/2026 3:10:52 PM;JAF2535;OOJAF;44A826;B738;EBBR;GMMN;25R;CIV4G;4.438532450462936;50.89622911028215;331.4700012207031;374.08868
F042-2;9/29/2026 5:13:39 PM +02:00;9/29/2026 5:14:48 PM +02:00;9/29/2026 5:14:28 PM +02:00;69;D;DEP;71.09708;80.97;89.485565;;9/29/2026 3:13:41 PM;9/29/2026 3:18:08 PM;BOX547;DAALS;3C4593;B77L;EBBR;EDDP;25R;SPI4G;4.439602519661695;50.89450481011718;342.8999938964844;505.26263
F042-2;9/29/2026 5:20:50 PM +02:00;9/29/2026 5:21:36 PM +02:00;9/29/2026 5:21:09 PM +02:00;46;D;DEP;68.39415;75.56;85.02173;;9/29/2026 3:20:21 PM;9/29/2026 3:25:04 PM;TKJ6UN;;4BBD07;B38M;EBBR;LTFJ;25R;PITES4G;4.440031467139724;50.894716767581535;398.14501953125;559.32526
F042-2;9/29/2026 5:24:23 PM +02:00;9/29/2026 5:25:14 PM +02:00;9/29/2026 5:24:44 PM +02:00;51;D;DEP;68.8946;77.41;85.9703;;9/29/2026 3:24:00 PM;9/29/2026 3:28:28 PM;BEL2DT;OOSBA;44CC41;A20N;EBBR;LPPT;25R;CIV4G;4.438395188514209;50.899115624570896;440.05499267578125;433.92752
F042-2;9/29/2026 5:25:32 PM +02:00;9/29/2026 5:26:15 PM +02:00;9/29/2026 5:25:52 PM +02:00;43;D;DEP;70.51339;77.67;86.848076;;9/29/2026 3:25:04 PM;9/29/2026 3:29:28 PM;BEL2ZR;OOSSR;44CE72;A319;EBBR;LKPR;25R;SOPOK4G;4.440486727975179;50.89449689404198;424.81500244140625;578.2284
F042-2;9/29/2026 5:35:46 PM +02:00;9/29/2026 5:36:41 PM +02:00;9/29/2026 5:36:11 PM +02:00;55;D;DEP;69.545616;77.15;86.94924;;9/29/2026 3:35:24 PM;9/29/2026 3:40:44 PM;AUA296;OELXB;44022B;A320;EBBR;LOWW;25R;SOPOK4G;4.441018611480625;50.89416358536136;461.010009765625;646.9412
F042-2;9/29/2026 5:46:25 PM +02:00;9/29/2026 5:47:31 PM +02:00;9/29/2026 5:46:46 PM +02:00;66;D;DEP;73.392586;83.08;91.58803;;9/29/2026 3:46:00 PM;9/29/2026 3:49:40 PM;TRA93K;PHHXL;484B6E;B738;EBBR;LEAL;25R;CIV4G;4.43828430443623;50.89593115109792;352.4250183105469;415.61707
F042-2;9/29/2026 5:48:16 PM +02:00;9/29/2026 5:49:40 PM +02:00;9/29/2026 5:48:39 PM +02:00;84;D;DEP;70.3934;80.98;89.63619;;9/29/2026 3:47:52 PM;9/29/2026 3:52:12 PM;TRA81J;PHHXE;48520D;B738;EBBR;LEIB;25R;CIV4G;4.437136027120629;50.8961740535179;361.9499816894531;386.96057
F042-2;9/29/2026 5:54:40 PM +02:00;9/29/2026 5:55:37 PM +02:00;9/29/2026 5:55:06 PM +02:00;57;D;DEP;74.91909;84.29;92.47784;;9/29/2026 3:54:20 PM;9/29/2026 3:58:56 PM;RYR1FR;EIDPV;4CA4F8;B738;EBBR;LEBL;25R;CIV4G;4.439085617988936;50.89950045293027;438.1499938964844;436.41812
F042-2;9/29/2026 5:59:26 PM +02:00;9/29/2026 6:00:08 PM +02:00;9/29/2026 5:59:47 PM +02:00;42;D;DEP;68.97463;74.94;85.20712;;9/29/2026 3:59:01 PM;9/29/2026 4:03:16 PM;BEL8UK;;44CE79;A319;EBBR;EDDF;25R;SPI4G;4.441253038127332;50.89420983926878;421.0050048828125;635.5181
F042-2;9/29/2026 6:01:03 PM +02:00;9/29/2026 6:01:59 PM +02:00;9/29/2026 6:01:24 PM +02:00;56;D;DEP;66.819626;72.14;84.301506;;9/29/2026 4:00:41 PM;9/29/2026 4:04:32 PM;RYR5ZK;9HQDB;4D222D;B738;EBBR;LIRP;25R;ROUSY4G;4.442265881493626;50.89412636009252;670.5599975585938;827.49316
F042-2;9/29/2026 6:02:29 PM +02:00;9/29/2026 6:03:48 PM +02:00;9/29/2026 6:03:05 PM +02:00;79;D;DEP;72.995255;84.07;91.97153;;9/29/2026 4:02:21 PM;9/29/2026 4:06:40 PM;VLG6FP;;34768E;A320;EBBR;LEMG;25R;CIV4G;4.438735282277346;50.896977614700376;441.96002197265625;436.3113
F042-2;9/29/2026 6:04:19 PM +02:00;9/29/2026 6:05:18 PM +02:00;9/29/2026 6:04:41 PM +02:00;59;D;DEP;67.917366;76.24;85.625885;;9/29/2026 4:03:57 PM;9/29/2026 4:08:12 PM;SXS69W;TCSOI;4BCDE9;B38M;EBBR;LTAI;25R;SOPOK4G;4.440555701014417;50.8946621192277;382.9049987792969;562.3451
F042-2;9/29/2026 6:05:57 PM +02:00;9/29/2026 6:07:19 PM +02:00;9/29/2026 6:06:39 PM +02:00;82;D;DEP;62.142296;71.62;81.28043;;9/29/2026 4:06:01 PM;9/29/2026 4:10:40 PM;LYF278;08 BLUE;503FD3;C27J;EBBR;EYVI;25R;LNO4G;4.440887864459174;50.8947028274111;379.0950012207031;557.9348
F042-2;9/29/2026 6:15:14 PM +02:00;9/29/2026 6:16:10 PM +02:00;9/29/2026 6:15:46 PM +02:00;56;D;DEP;67.70403;76.6;85.18591;;9/29/2026 4:14:56 PM;9/29/2026 4:19:12 PM;BEL3WD;OOSSL;44CE6C;A319;EBBR;LIRF;25R;ROUSY4G;4.4408799701248025;50.89419493871154;419.0999755859375;609.8105
F042-2;9/29/2026 6:26:09 PM +02:00;9/29/2026 6:27:20 PM +02:00;9/29/2026 6:26:45 PM +02:00;71;D;DEP;60.957462;69.49;79.47005;;9/29/2026 4:25:53 PM;9/29/2026 4:29:20 PM;TVS499F;;49D5D6;BCS3;EBBR;LKPR;25R;SOPOK4G;4.442946618710184;50.89491791909757;617.219970703125;761.768
F042-2;9/29/2026 6:28:09 PM +02:00;9/29/2026 6:29:24 PM +02:00;9/29/2026 6:28:27 PM +02:00;75;D;DEP;73.57656;83.27;92.32717;;9/29/2026 4:27:48 PM;9/29/2026 4:32:08 PM;UAE66V;A6ENA;896318;B77W;EBBR;OMDB;25R;PITES4G;4.440369607767556;50.894429378321796;297.1800231933594;534.2424
F042-2;9/29/2026 6:41:24 PM +02:00;9/29/2026 6:42:47 PM +02:00;9/29/2026 6:41:56 PM +02:00;83;D;DEP;67.1523;78.56;86.34308;;9/29/2026 4:41:12 PM;9/29/2026 4:45:56 PM;BEL3FJ;;502D7C;BCS3;EBBR;LEBL;25R;CIV4G;4.438330478245015;50.8968267223086;457.20001220703125;461.75446
F042-2;9/29/2026 6:44:17 PM +02:00;9/29/2026 6:45:27 PM +02:00;9/29/2026 6:44:44 PM +02:00;70;D;DEP;65.623375;73.47;84.074356;;9/29/2026 4:44:00 PM;9/29/2026 4:46:56 PM;IAM3170;;33FCA3;GLF6;EBMB;LIRA;25R;ROUSY4G;4.441085091555664;50.89469848345217;495.3000183105469;639.8971
F042-2;9/29/2026 6:46:07 PM +02:00;9/29/2026 6:46:55 PM +02:00;9/29/2026 6:46:28 PM +02:00;48;D;DEP;70.46964;77.53;87.28206;;9/29/2026 4:46:01 PM;9/29/2026 4:49:48 PM;LBT385;9HMMO;4D23BB;A320;EBBR;DTTJ;25R;ROUSY4G;4.440899251279905;50.894326424653386;407.66998291015625;589.4362
F042-2;9/29/2026 6:51:55 PM +02:00;9/29/2026 6:52:53 PM +02:00;9/29/2026 6:52:26 PM +02:00;58;D;DEP;66.76648;75.37;84.40076;;9/29/2026 4:51:37 PM;9/29/2026 4:55:08 PM;BEL7VN;OOSSA;44CE61;A319;EBBR;LOWW;25R;SOPOK4G;4.441043564906358;50.89412090803034;518.1600341796875;684.34906
F042-2;9/29/2026 6:54:12 PM +02:00;9/29/2026 6:55:13 PM +02:00;9/29/2026 6:54:32 PM +02:00;61;D;DEP;71.19138;80.29;89.044685;;9/29/2026 4:53:45 PM;9/29/2026 4:57:52 PM;MAC114H;CNNMJ;020124;A320;EBBR;GMTT;25R;CIV4G;4.438562417936377;50.89812358740147;459.1050109863281;435.14764
F042-2;9/29/2026 7:03:47 PM +02:00;9/29/2026 7:04:59 PM +02:00;9/29/2026 7:04:37 PM +02:00;72;E;DEP;68.92296;77.6;87.496284;;9/29/2026 5:03:48 PM;9/29/2026 5:08:32 PM;BEL9DL;OOSNK;44CDCB;A320;EBBR;EDDB;25R;SPI4G;4.441010649940076;50.8946006763485;430.5299987792969;591.8902
F042-2;9/29/2026 7:06:25 PM +02:00;9/29/2026 7:07:59 PM +02:00;9/29/2026 7:07:22 PM +02:00;94;E;DEP;59.184967;67.01;78.916245;;9/29/2026 5:06:40 PM;9/29/2026 5:10:24 PM;FSE1C;;3E353E;C25M;EBBR;EDDL;25R;LNO4G;4.440432946457118;50.893831664456194;626.7449951171875;762.86707
F042-2;9/29/2026 7:08:17 PM +02:00;9/29/2026 7:08:58 PM +02:00;9/29/2026 7:08:36 PM +02:00;41;E;DEP;71.461555;78.91;87.58939;;9/29/2026 5:07:48 PM;9/29/2026 5:12:20 PM;RAM833B;CNMAX;020139;B38M;EBBR;GMMN;25R;CIV4G;4.43886748489592;50.89839349522566;419.0999755859375;416.5906
F042-2;9/29/2026 7:13:09 PM +02:00;9/29/2026 7:14:16 PM +02:00;9/29/2026 7:13:49 PM +02:00;67;E;DEP;67.93091;77.34;86.19166;;9/29/2026 5:13:00 PM;9/29/2026 5:17:24 PM;AEA26LC;;348609;B38M;EBBR;LEMD;25R;CIV4G;4.439306359192634;50.90108606850527;457.20001220703125;540.6083
F042-2;9/29/2026 7:18:58 PM +02:00;9/29/2026 7:20:08 PM +02:00;9/29/2026 7:19:42 PM +02:00;70;E;DEP;71.369804;81.48;89.820786;;9/29/2026 5:18:56 PM;9/29/2026 5:23:08 PM;VLG7KZ;;347601;A320;EBBR;LEBL;25R;CIV4G;4.439146912351169;50.897274601674354;487.67999267578125;464.34354
F042-2;9/29/2026 7:22:03 PM +02:00;9/29/2026 7:22:52 PM +02:00;9/29/2026 7:22:35 PM +02:00;49;E;DEP;66.687965;74.54;83.58993;;9/29/2026 5:21:48 PM;9/29/2026 5:25:24 PM;SAS1596;SEROA;4AC9E1;A20N;EBBR;EKCH;25R;NIK3G;4.439925390112053;50.90075172138675;556.260009765625;603.6243
F042-2;9/29/2026 7:26:39 PM +02:00;9/29/2026 7:27:30 PM +02:00;9/29/2026 7:27:09 PM +02:00;51;E;DEP;70.10533;77.1;87.18103;;9/29/2026 5:26:20 PM;9/29/2026 5:30:36 PM;BEL4GV;;44CDD1;A320;EBBR;LSGG;25R;ROUSY4G;4.440623802630978;50.89435879431233;468.6300048828125;636.6307
F042-2;9/29/2026 7:29:45 PM +02:00;9/29/2026 7:30:46 PM +02:00;9/29/2026 7:30:24 PM +02:00;61;E;DEP;68.19179;76.52;86.04509;;9/29/2026 5:29:40 PM;9/29/2026 5:33:29 PM;SAS66P;;4CAD92;A20N;EBBR;ESSA;25R;NIK3G;4.438442863127336;50.89837855899374;476.25;452.55255
F042-2;9/29/2026 7:31:55 PM +02:00;9/29/2026 7:32:48 PM +02:00;9/29/2026 7:32:25 PM +02:00;53;E;DEP;73.05019;80.57;90.29295;;9/29/2026 5:31:36 PM;9/29/2026 5:35:41 PM;FIN5DA;OHLXI;461F6A;A320;EBBR;EFHK;25R;NIK3G;4.437912593129961;50.89611175241657;472.44000244140625;502.1683
F042-2;9/29/2026 7:31:11 PM +02:00;9/29/2026 7:31:49 PM +02:00;9/29/2026 7:31:35 PM +02:00;38;E;DEP;69.1662;75.34;84.964035;;9/29/2026 5:30:45 PM;9/29/2026 5:34:36 PM;BEL8RD;OOSSJ;44CE6A;A319;EBBR;LIMC;25R;ROUSY4G;4.440857351814515;50.8948488935603;487.67999267578125;610.9532
F042-2;9/29/2026 7:33:14 PM +02:00;9/29/2026 7:34:16 PM +02:00;9/29/2026 7:33:32 PM +02:00;62;E;DEP;66.791435;74.95;84.715355;;9/29/2026 5:32:40 PM;9/29/2026 5:36:36 PM;ITY165;;4CADAC;A20N;EBBR;LIRF;25R;ROUSY4G;4.4404138202190255;50.894531666849495;480.05999755859375;614.7104
F042-2;9/29/2026 7:36:51 PM +02:00;9/29/2026 7:38:07 PM +02:00;9/29/2026 7:37:44 PM +02:00;76;E;DEP;64.51196;73.09;83.3201;;9/29/2026 5:36:52 PM;9/29/2026 5:41:12 PM;BEL4HU;YLABE;502D46;BCS3;EBBR;EDDM;25R;SOPOK4G;4.440920386649492;50.89532536398502;480.05999755859375;576.4824
F042-2;9/29/2026 7:40:49 PM +02:00;9/29/2026 7:42:00 PM +02:00;9/29/2026 7:41:29 PM +02:00;71;E;DEP;75.32971;84.9;93.84229;;9/29/2026 5:40:40 PM;9/29/2026 5:45:16 PM;RWD700;;06E02B;A332;EBBR;LFPG;25R;CIV4G;4.438306804091154;50.8965808510274;469.3919982910156;489.56427
F042-2;9/29/2026 7:43:10 PM +02:00;9/29/2026 7:44:17 PM +02:00;9/29/2026 7:43:56 PM +02:00;67;E;DEP;68.22879;76.58;86.48954;;9/29/2026 5:43:08 PM;9/29/2026 5:47:20 PM;BEL2LG;OOSNN;44CDCE;A320;EBBR;EDDF;25R;SPI4G;4.441597439130789;50.89435280632811;441.96002197265625;645.3478
F042-2;9/29/2026 7:44:33 PM +02:00;9/29/2026 7:45:28 PM +02:00;9/29/2026 7:44:56 PM +02:00;55;E;DEP;73.08674;80.96;90.490364;;9/29/2026 5:44:08 PM;9/29/2026 5:48:24 PM;VLG37FQ;ECKJD;342592;A320;EBBR;LEBB;25R;CIV4G;4.438603505669252;50.89534601180796;434.3399963378906;503.31067
F042-2;9/29/2026 7:51:45 PM +02:00;9/29/2026 7:52:39 PM +02:00;9/29/2026 7:52:07 PM +02:00;54;E;DEP;69.39234;77.38;86.71628;;9/29/2026 5:51:20 PM;9/29/2026 5:55:09 PM;BAW391;GEUPG;400877;A319;EBBR;EGLL;25R;HELEN4G;4.438513464184437;50.897725778275216;502.9200134277344;483.21887
F042-2;9/29/2026 7:53:19 PM +02:00;9/29/2026 7:54:33 PM +02:00;9/29/2026 7:53:57 PM +02:00;74;E;DEP;65.39967;74.57;84.09199;;9/29/2026 5:53:13 PM;9/29/2026 5:57:40 PM;SWR7DC;HBJCQ;4B1808;BCS3;EBBR;LSZH;25R;LNO4G;4.440690720077107;50.894663353192726;413.385009765625;582.1437
F042-2;9/29/2026 7:56:24 PM +02:00;9/29/2026 7:57:36 PM +02:00;9/29/2026 7:56:45 PM +02:00;72;E;DEP;66.69957;75.43;85.272896;;9/29/2026 5:56:00 PM;9/29/2026 6:01:12 PM;LOT4CN;;48E95E;B38M;EBBR;EPWA;25R;LNO4G;4.440562828526493;50.894655378085;369.57000732421875;551.24506
F042-2;9/29/2026 7:58:07 PM +02:00;9/29/2026 7:58:54 PM +02:00;9/29/2026 7:58:33 PM +02:00;47;E;DEP;68.68783;75.95;85.408806;;9/29/2026 5:57:48 PM;9/29/2026 6:02:56 PM;ROT374W;;4A08EF;B38M;EBBR;LROP;25R;SOPOK4G;4.439456794617532;50.89512418972454;369.57000732421875;482.52805
F042-2;9/29/2026 7:59:55 PM +02:00;9/29/2026 8:00:46 PM +02:00;9/29/2026 8:00:21 PM +02:00;51;E;DEP;70.94294;78.11;88.01864;;9/29/2026 5:59:32 PM;9/29/2026 6:03:52 PM;AUA29V;OELBO;44001B;A320;EBBR;LOWW;25R;SOPOK4G;4.440382049232505;50.89442826314893;422.90997314453125;584.18756
F042-2;9/29/2026 8:01:01 PM +02:00;9/29/2026 8:02:07 PM +02:00;9/29/2026 8:01:27 PM +02:00;66;E;DEP;72.812805;83.37;91.00825;;9/29/2026 6:00:36 PM;9/29/2026 6:05:04 PM;IBE06LR;ECLVD;344449;A320;EBBR;LEMD;25R;CIV4G;4.438581061783749;50.89768426307532;478.1549987792969;445.8197
F042-2;9/29/2026 8:08:15 PM +02:00;9/29/2026 8:09:32 PM +02:00;9/29/2026 8:08:45 PM +02:00;77;E;DEP;63.604206;71.6;82.46912;;9/29/2026 6:07:52 PM;9/29/2026 6:11:52 PM;KMM421;9HNEO;4D21A2;A20N;EBBR;LMML;25R;ROUSY4G;4.441241579764043;50.894610981262275;502.9200134277344;647.01465
F042-2;9/29/2026 8:19:02 PM +02:00;9/29/2026 8:20:03 PM +02:00;9/29/2026 8:19:39 PM +02:00;61;E;DEP;67.97288;77.97;85.82618;;9/29/2026 6:18:53 PM;9/29/2026 6:23:00 PM;AEE6BR;SXNAK;46B82B;A21N;EBBR;LGAV;25R;PITES4G;4.440763417686659;50.89474093725135;398.14501953125;567.1832
F042-2;9/29/2026 8:20:17 PM +02:00;9/29/2026 8:21:22 PM +02:00;9/29/2026 8:20:40 PM +02:00;65;E;DEP;72.316605;81.67;90.44574;;9/29/2026 6:19:53 PM;9/29/2026 6:24:37 PM;RYR3QK;EIEFD;4CA75F;B738;EBBR;EIDW;25R;DENUT4G;4.439340380056958;50.900060227836704;535.3049926757812;566.0619
F042-2;9/29/2026 8:25:42 PM +02:00;9/29/2026 8:26:55 PM +02:00;9/29/2026 8:26:06 PM +02:00;73;E;DEP;62.68134;70.32;81.31457;;9/29/2026 6:25:17 PM;9/29/2026 6:29:12 PM;ITY153;;4CAE11;BCS1;EBBR;LIML;25R;ROUSY4G;4.443344131451991;50.89516542047538;594.3599853515625;745.3529
F042-2;9/29/2026 8:27:22 PM +02:00;9/29/2026 8:28:42 PM +02:00;9/29/2026 8:27:51 PM +02:00;80;E;DEP;71.921326;82.56;90.952225;;9/29/2026 6:26:52 PM;9/29/2026 6:30:52 PM;RAM831F;CNRGR;020113;E190;EBBR;GMME;25R;CIV4G;4.438066481856842;50.89645796188704;577.2149658203125;563.7102
F042-2;9/29/2026 8:33:56 PM +02:00;9/29/2026 8:35:06 PM +02:00;9/29/2026 8:34:46 PM +02:00;70;E;DEP;62.18257;69.58;80.63355;;9/29/2026 6:34:16 PM;9/29/2026 6:37:12 PM;PNC1VL;YUSVL;4C4AAB;C56X;EBBR;LCLK;25R;PITES4G;4.441725076292539;50.89450346802736;415.28997802734375;621.3846
F042-2;9/29/2026 8:39:29 PM +02:00;9/29/2026 8:40:29 PM +02:00;9/29/2026 8:40:06 PM +02:00;60;E;DEP;72.99161;82.6;90.77312;;9/29/2026 6:39:09 PM;9/29/2026 6:43:41 PM;SAS43M;;4ACA70;E195;EBBR;EKCH;25R;NIK3G;4.438273226755008;50.89702670602785;441.9599914550781;420.7572
F042-2;9/29/2026 8:40:43 PM +02:00;9/29/2026 8:41:37 PM +02:00;9/29/2026 8:41:15 PM +02:00;54;E;DEP;66.882355;74.73;84.20629;;9/29/2026 6:40:25 PM;9/29/2026 6:44:40 PM;LZB408;;452121;BCS3;EBBR;LBSF;25R;PITES4G;4.440509816471209;50.89450252866647;468.6300048828125;613.11523
F042-2;9/29/2026 8:42:31 PM +02:00;9/29/2026 8:43:26 PM +02:00;9/29/2026 8:42:54 PM +02:00;55;E;DEP;60.697346;65.72;78.100975;;9/29/2026 6:42:13 PM;9/29/2026 6:45:13 PM;;FHGLG;399966;LJ75;EBBR;EHBK;25R;LNO4G;4.440133693476772;50.89421909222794;632.4600219726562;749.9453
F042-2;9/29/2026 8:45:05 PM +02:00;9/29/2026 8:46:07 PM +02:00;9/29/2026 8:45:31 PM +02:00;62;E;DEP;67.93686;75.73;85.86078;;9/29/2026 6:44:45 PM;9/29/2026 6:48:32 PM;BEL92K;OOSSW;44CE77;A319;EBBR;LSGG;25R;ROUSY4G;4.4409845144309745;50.89433547873864;436.2449951171875;629.49506
F042-2;9/29/2026 8:48:38 PM +02:00;9/29/2026 8:49:33 PM +02:00;9/29/2026 8:49:02 PM +02:00;55;E;DEP;70.624435;79.39;88.02806;;9/29/2026 6:48:12 PM;9/29/2026 6:52:13 PM;BEL9FL;OOSSV;44CE76;A319;EBBR;ESSA;25R;NIK3G;4.438199011320438;50.897172251679805;489.2040100097656;463.45355
F042-2;9/29/2026 8:49:58 PM +02:00;9/29/2026 8:51:46 PM +02:00;9/29/2026 8:51:02 PM +02:00;108;E;DEP;61.817665;71.17;82.1519;;9/29/2026 6:50:09 PM;9/29/2026 6:54:04 PM;CTN4457;;501C38;BCS3;EBBR;LDZA;25R;PITES4G;4.439671103044485;50.894551324537325;601.97998046875;678.6252
F042-2;9/29/2026 8:58:08 PM +02:00;9/29/2026 8:58:59 PM +02:00;9/29/2026 8:58:29 PM +02:00;51;E;DEP;66.474174;72.7;83.54987;;9/29/2026 6:57:49 PM;9/29/2026 7:01:41 PM;BEL2FM;;44CC44;A20N;EBBR;LEMD;25R;CIV4G;4.4394883238082326;50.900726657233136;491.489990234375;546.65063
F042-2;9/29/2026 9:00:42 PM +02:00;9/29/2026 9:02:31 PM +02:00;9/29/2026 9:01:29 PM +02:00;109;E;DEP;65.33324;75.6;85.707504;;9/29/2026 7:00:41 PM;9/29/2026 7:04:20 PM;EJU87PG;OELQM;440589;A319;EBBR;LIRF;25R;ROUSY4G;4.441341826892247;50.89423350342628;552.4500122070312;708.29016
F042-2;9/29/2026 9:05:22 PM +02:00;9/29/2026 9:06:00 PM +02:00;9/29/2026 9:05:43 PM +02:00;38;E;DEP;65.297844;71.08;81.09568;;9/29/2026 7:04:57 PM;9/29/2026 7:08:08 PM;BEL7JU;;44CC43;A20N;EBBR;LHBP;25R;SOPOK4G;4.441333681432029;50.894770593649035;624.8399658203125;732.39685
F042-2;9/29/2026 9:06:47 PM +02:00;9/29/2026 9:08:07 PM +02:00;9/29/2026 9:07:12 PM +02:00;80;E;DEP;67.19965;76.06;86.23055;;9/29/2026 7:06:25 PM;9/29/2026 7:10:01 PM;BEL1ZK;OOSNI;44CDC9;A320;EBBR;EDDB;25R;SPI4G;4.440902213304316;50.89462980777644;556.260009765625;671.22845
F042-2;9/29/2026 9:08:28 PM +02:00;9/29/2026 9:09:22 PM +02:00;9/29/2026 9:08:43 PM +02:00;54;E;DEP;68.85934;76.31;86.18327;;9/29/2026 7:08:05 PM;9/29/2026 7:12:20 PM;BCS115;ECNHF;346318;B752;EBBR;EDDP;25R;SOPOK4G;4.441596293490437;50.894946084694965;571.5;691.75183
F042-2;9/29/2026 9:10:33 PM +02:00;9/29/2026 9:11:27 PM +02:00;9/29/2026 9:11:00 PM +02:00;54;E;DEP;72.00351;80.25;89.327446;;9/29/2026 7:10:13 PM;9/29/2026 7:14:25 PM;BEL1EW;OOSNB;44CDC2;A320;EBBR;ENGM;25R;NIK3G;4.43882560846132;50.898009179483914;502.9200134277344;489.5502
F042-2;9/29/2026 9:11:50 PM +02:00;9/29/2026 9:12:52 PM +02:00;9/29/2026 9:12:32 PM +02:00;62;E;DEP;64.75106;72.29;82.67498;;9/29/2026 7:11:41 PM;9/29/2026 7:15:32 PM;BEL3LY;YLABH;502D59;BCS3;EBBR;LFLL;25R;CIV4G;4.4404210962472135;50.90078807435185;594.3599853515625;661.18555
F042-2;9/29/2026 9:13:24 PM +02:00;9/29/2026 9:14:32 PM +02:00;9/29/2026 9:13:49 PM +02:00;68;E;DEP;67.99629;75.15;86.32138;;9/29/2026 7:13:00 PM;9/29/2026 7:16:33 PM;BEL5EP;OOSNM;44CDCD;A320;EBBR;EKCH;25R;NIK3G;4.439456013246916;50.89910412338937;678.1799926757812;654.814
F042-2;9/29/2026 9:14:49 PM +02:00;9/29/2026 9:15:37 PM +02:00;9/29/2026 9:15:14 PM +02:00;48;E;DEP;73.89746;82.07;90.70988;;9/29/2026 7:14:32 PM;9/29/2026 7:19:12 PM;MAC148;;02019C;A320;EBBR;GMTT;25R;CIV4G;4.4387764537043575;50.89486341099056;384.0480041503906;529.3277
F042-2;9/29/2026 9:16:23 PM +02:00;9/29/2026 9:17:11 PM +02:00;9/29/2026 9:16:49 PM +02:00;48;E;DEP;72.45703;80.04;89.26945;;9/29/2026 7:16:00 PM;9/29/2026 7:20:25 PM;BEL3UC;OOTCQ;44D071;A320;EBBR;ESGG;25R;NIK3G;4.439367651380677;50.89884784689947;461.010009765625;465.7136
F042-2;9/29/2026 9:17:57 PM +02:00;9/29/2026 9:18:54 PM +02:00;9/29/2026 9:18:19 PM +02:00;57;E;DEP;70.51569;79.85;88.07444;;9/29/2026 7:17:29 PM;9/29/2026 7:22:05 PM;BEL29D;OOSSR;44CE72;A319;EBBR;LFBO;25R;CIV4G;4.438825999533246;50.89781479891723;512.4450073242188;485.6407
F042-2;9/29/2026 9:19:22 PM +02:00;9/29/2026 9:20:12 PM +02:00;9/29/2026 9:19:49 PM +02:00;50;E;DEP;71.95166;81;88.94136;;9/29/2026 7:19:01 PM;9/29/2026 7:23:01 PM;BEL3TX;OOSSX;44CE78;A319;EBBR;EDDH;25R;NIK3G;4.4389720281765825;50.89765198948844;459.1050109863281;434.33728
F042-2;9/29/2026 9:20:51 PM +02:00;9/29/2026 9:21:38 PM +02:00;9/29/2026 9:21:12 PM +02:00;47;E;DEP;69.69104;78.84;86.41202;;9/29/2026 7:20:25 PM;9/29/2026 7:24:24 PM;VLG9XG;ECNCS;34610F;A20N;EBBR;LEAL;25R;CIV4G;4.439484951573277;50.89883445104777;529.5900268554688;533.73486
F042-2;9/29/2026 9:24:46 PM +02:00;9/29/2026 9:25:51 PM +02:00;9/29/2026 9:25:17 PM +02:00;65;E;DEP;67.96495;75.5;86.094086;;9/29/2026 7:24:33 PM;9/29/2026 7:28:17 PM;BEL4AH;OOSNH;44CDC8;A320;EBBR;EGLL;25R;HELEN4G;4.439488502662557;50.89991583926983;608.0759887695312;615.4716
F042-2;9/29/2026 9:26:16 PM +02:00;9/29/2026 9:27:17 PM +02:00;9/29/2026 9:26:53 PM +02:00;61;E;DEP;66.98507;74.49;84.83837;;9/29/2026 7:26:09 PM;9/29/2026 7:30:00 PM;BEL2653;OOSSO;44CE6F;A319;EBBR;EDDM;25R;SOPOK4G;4.441096214559054;50.89445242616892;516.2550048828125;652.9536
F042-2;9/29/2026 9:27:28 PM +02:00;9/29/2026 9:28:16 PM +02:00;9/29/2026 9:27:54 PM +02:00;48;E;DEP;72.20442;79.81;89.01684;;9/29/2026 7:27:09 PM;9/29/2026 7:31:32 PM;MAC112R;;020176;A320;EBBR;GMMN;25R;CIV4G;4.438698221540618;50.89774617165042;480.05999755859375;444.58023
F042-2;9/29/2026 9:28:35 PM +02:00;9/29/2026 9:29:34 PM +02:00;9/29/2026 9:28:57 PM +02:00;59;E;DEP;67.723366;74.15;85.431885;;9/29/2026 7:28:05 PM;9/29/2026 7:32:12 PM;VLG7JX;ECMKX;345205;A319;EBBR;LIRQ;25R;ROUSY4G;4.44204465975991;50.89460261182228;594.3599853515625;735.5283
F042-2;9/29/2026 9:31:06 PM +02:00;9/29/2026 9:32:12 PM +02:00;9/29/2026 9:31:31 PM +02:00;66;E;DEP;67.97531;75.75;86.17075;;9/29/2026 7:30:41 PM;9/29/2026 7:34:32 PM;BEL2SJ;OOSNJ;44CDCA;A320;EBBR;LIPZ;25R;ROUSY4G;4.4423714729503265;50.894662405103354;537.2100219726562;708.0651
F042-2;9/29/2026 9:34:22 PM +02:00;9/29/2026 9:35:55 PM +02:00;9/29/2026 9:34:58 PM +02:00;93;E;DEP;66.18173;75.23;85.86656;;9/29/2026 7:34:08 PM;9/29/2026 7:38:24 PM;BEL9WB;OOSSB;44CE62;A319;EBBR;LFML;25R;ROUSY4G;4.440773063817466;50.89434991971595;499.1100158691406;645.62366
F042-2;9/29/2026 9:45:21 PM +02:00;9/29/2026 9:46:55 PM +02:00;9/29/2026 9:46:14 PM +02:00;94;E;DEP;66.795044;76.57;86.52632;;9/29/2026 7:45:24 PM;9/29/2026 7:49:20 PM;EJU45PN;OEICI;44046D;A320;EBBR;LFMN;25R;ROUSY4G;4.440888072068595;50.89459159477041;542.9249877929688;674.3015
F042-2;9/29/2026 9:53:49 PM +02:00;9/29/2026 9:54:54 PM +02:00;9/29/2026 9:54:24 PM +02:00;65;E;DEP;68.93612;76.96;87.065254;;9/29/2026 7:53:33 PM;9/29/2026 7:58:33 PM;BEL5BJ;OOSNL;44CDCC;A320;EBBR;EGCC;25R;DENUT4G;4.439898212631585;50.90102249987421;607.6950073242188;658.7381
F042-2;9/29/2026 9:55:39 PM +02:00;9/29/2026 9:56:50 PM +02:00;9/29/2026 9:56:02 PM +02:00;71;E;DEP;71.767654;81.31;90.280235;;9/29/2026 7:55:21 PM;9/29/2026 8:00:12 PM;TAP645;CSTTP;495290;A319;EBBR;LPPT;25R;CIV4G;4.440103248198896;50.898870917106294;518.1599731445312;506.31244
F042-2;9/29/2026 9:57:10 PM +02:00;9/29/2026 9:57:56 PM +02:00;9/29/2026 9:57:30 PM +02:00;46;E;DEP;71.38969;78.25;88.017265;;9/29/2026 7:56:45 PM;9/29/2026 8:01:40 PM;ETH751;;040262;A359;EBBR;HAAB;25R;PITES4G;4.440238039897259;50.89447534659057;396.239990234375;579.794
F042-2;9/29/2026 9:58:30 PM +02:00;9/29/2026 9:59:54 PM +02:00;9/29/2026 9:59:13 PM +02:00;84;E;DEP;75.06342;85.83;94.30621;;9/29/2026 7:58:29 PM;9/29/2026 8:03:29 PM;CKS264;N795CK;AACAD4;B77L;EBBR;KCVG;25R;DENUT4G;4.440128626213747;50.89500785514494;419.1000061035156;541.69275
F042-2;9/29/2026 10:00:38 PM +02:00;9/29/2026 10:01:20 PM +02:00;9/29/2026 10:00:54 PM +02:00;42;E;DEP;74.7745;81.28;91.00699;;9/29/2026 8:00:09 PM;9/29/2026 8:05:16 PM;UAE182;A6EGE;89644C;B77W;EBBR;OMDB;25R;PITES4G;4.440284375491734;50.894229970846304;304.79998779296875;541.4202
F042-2;9/29/2026 10:02:45 PM +02:00;9/29/2026 10:04:01 PM +02:00;9/29/2026 10:03:17 PM +02:00;76;E;DEP;74.338036;84.6;93.14617;;9/29/2026 8:02:33 PM;9/29/2026 8:06:56 PM;THY6LS;TCJNT;4BA9D4;A333;EBBR;LTFM;25R;SOPOK4G;4.440584137460204;50.894657646633725;441.96002197265625;582.9835
F042-2;9/29/2026 10:12:39 PM +02:00;9/29/2026 10:13:37 PM +02:00;9/29/2026 10:13:11 PM +02:00;58;E;DEP;68.42762;75.11;86.0619;;9/29/2026 8:12:21 PM;9/29/2026 8:16:16 PM;EJU16RZ;OEIVZ;4402AE;A320;EBBR;LIML;25R;ROUSY4G;4.440730096526652;50.89451618643427;548.6400146484375;664.565
F042-2;9/29/2026 10:25:04 PM +02:00;9/29/2026 10:26:13 PM +02:00;9/29/2026 10:25:34 PM +02:00;69;E;DEP;74.04574;84.04;92.43423;;9/29/2026 8:24:49 PM;9/29/2026 8:28:41 PM;SWT4904;;407DCF;B734;EBBR;ESGJ;25R;NIK3G;4.439163544393811;50.896056563903734;476.25;526.0171
F042-2;9/29/2026 10:27:10 PM +02:00;9/29/2026 10:28:21 PM +02:00;9/29/2026 10:27:34 PM +02:00;71;E;DEP;63.446373;71.67;81.958954;;9/29/2026 8:26:41 PM;9/29/2026 8:30:25 PM;BEL6NX;;44CC45;A20N;EBBR;LKPR;25R;SOPOK4G;4.441138244483185;50.89477044257236;590.550048828125;696.5686
F042-2;9/29/2026 10:28:55 PM +02:00;9/29/2026 10:29:41 PM +02:00;9/29/2026 10:29:17 PM +02:00;46;E;DEP;63.79573;69.23;80.42331;;9/29/2026 8:28:29 PM;9/29/2026 8:31:45 PM;;DCSUS;3CF1A2;PC24;EBBR;EDDK;25R;LNO4G;4.442564980354974;50.89381757524949;721.9949951171875;893.64575
F042-2;9/29/2026 10:30:03 PM +02:00;9/29/2026 10:31:04 PM +02:00;9/29/2026 10:30:43 PM +02:00;61;E;DEP;75.21071;85.49;93.06401;;9/29/2026 8:29:53 PM;9/29/2026 8:35:09 PM;RYR7AC;EIENK;4CA8D6;B738;EBBR;GMMX;25R;CIV4G;4.4385583011726695;50.897515691906;476.25;452.35916
F042-2;9/29/2026 10:31:36 PM +02:00;9/29/2026 10:32:44 PM +02:00;9/29/2026 10:32:01 PM +02:00;68;E;DEP;69.3662;76.69;87.69129;;9/29/2026 8:31:13 PM;9/29/2026 8:35:29 PM;BCS5535;;348358;B738;EBBR;LZIB;25R;SOPOK4G;4.44068034996922;50.89452287951715;575.3099975585938;689.8378
F042-2;9/29/2026 10:36:08 PM +02:00;9/29/2026 10:36:50 PM +02:00;9/29/2026 10:36:26 PM +02:00;42;E;DEP;61.610348;66.96;77.84284;;9/29/2026 8:35:37 PM;9/29/2026 8:38:21 PM;DCS607;;3CD5C4;C56X;EBBR;EDTY;25R;SOPOK4G;4.442657297212706;50.893839008655604;708.6599731445312;869.1768
F042-2;9/29/2026 11:08:30 PM +02:00;9/29/2026 11:09:49 PM +02:00;9/29/2026 11:09:21 PM +02:00;79;N;DEP;70.309166;80.61;89.28544;;9/29/2026 9:08:41 PM;9/29/2026 9:13:33 PM;THA935;;8852E3;B789;EBBR;VTBS;25R;SOPOK4M;4.44068525804439;50.89473637692962;335.2799987792969;517.0728
F042-2;9/29/2026 11:16:28 PM +02:00;9/29/2026 11:18:22 PM +02:00;9/29/2026 11:17:22 PM +02:00;114;N;DEP;71.676285;83.54;92.24533;;9/29/2026 9:16:37 PM;9/29/2026 9:21:29 PM;VLG5KB;ECNLV;346690;A321;EBBR;LEBL;25R;CIV4G;4.43993862968819;50.89945507764738;563.8800048828125;560.1819
F042-2;9/29/2026 11:32:47 PM +02:00;9/29/2026 11:34:13 PM +02:00;9/29/2026 11:33:28 PM +02:00;86;N;DEP;70.45399;79.21;89.79897;;9/29/2026 9:32:41 PM;9/29/2026 9:36:21 PM;BOX117;DAALB;3C4582;B77L;EBBR;EDDP;25R;SPI4M;4.439906758198309;50.89938985878771;636.27001953125;642.99384
F042-2;9/30/2026 12:06:07 AM +02:00;9/30/2026 12:07:26 AM +02:00;9/30/2026 12:06:41 AM +02:00;79;N;DEP;69.04019;76.49;88.016464;;9/29/2026 10:05:53 PM;9/29/2026 10:09:17 PM;DHK954;GDHLM;400B4B;B763;EBBR;EGNX;25R;DENUT4G;4.438974418799531;50.89912619358568;731.52001953125;706.11
F042-2;9/30/2026 12:23:04 AM +02:00;9/30/2026 12:24:20 AM +02:00;9/30/2026 12:23:39 AM +02:00;76;N;DEP;72.88815;82.01;91.69629;;9/29/2026 10:22:49 PM;9/29/2026 10:28:56 PM;BCS62A;DALEJ;3C70AA;A332;EBBR;EDDP;25R;SOPOK4M;4.43843018360952;50.89850214719338;527.6849975585938;506.30054
F042-2;9/30/2026 1:19:27 AM +02:00;9/30/2026 1:21:12 AM +02:00;9/30/2026 1:20:22 AM +02:00;105;N;DEP;72.02712;83.94;92.23901;;9/29/2026 11:19:32 PM;9/29/2026 11:23:52 PM;BCS6TP;;3C71A7;A333;EBBR;EDDP;25R;SOPOK4M;4.439137795991527;50.89739255733385;523.875;504.10712
F043-2;9/29/2026 7:13:59 AM +02:00;9/29/2026 7:15:25 AM +02:00;9/29/2026 7:15:12 AM +02:00;86;D;ARR;60.29599;70.84;79.640976;;9/29/2026 5:07:56 AM;9/29/2026 5:16:44 AM;GER291P;DAKJC;3C6D43;E190;EDDK;EBBR;25L;;4.556845942089974;50.90645511275227;198.1199951171875;346.31583
F043-2;9/29/2026 7:17:15 AM +02:00;9/29/2026 7:18:20 AM +02:00;9/29/2026 7:17:39 AM +02:00;65;D;ARR;62.251217;71.12;80.38035;;9/29/2026 5:10:08 AM;9/29/2026 5:19:40 AM;QTR195;A7BCI;06A0AD;B788;OTHH;EBBR;25L;FLO2H;4.557201433494385;50.90657638881142;198.1199951171875;349.6024
F043-2;9/29/2026 7:20:49 AM +02:00;9/29/2026 7:21:59 AM +02:00;9/29/2026 7:21:33 AM +02:00;70;D;ARR;64.38081;72.88;82.831795;;9/29/2026 5:12:32 AM;9/29/2026 5:23:36 AM;BEL52B;;44CCD1;A333;KJFK;EBBR;25L;KOK9A;4.556691419674145;50.9065978359081;194.30999755859375;371.15735
F043-2;9/29/2026 7:24:37 AM +02:00;9/29/2026 7:25:37 AM +02:00;9/29/2026 7:25:06 AM +02:00;60;D;ARR;64.77587;72.89;82.55738;;9/29/2026 5:17:44 AM;9/29/2026 5:27:08 AM;BEL5YH;OOSFJ;44CCCA;A333;KIAD;EBBR;25L;KOK9A;4.556803379309539;50.90662141928314;198.1199951171875;362.64645
F043-2;9/29/2026 7:27:38 AM +02:00;9/29/2026 7:28:24 AM +02:00;9/29/2026 7:28:03 AM +02:00;46;D;ARR;68.489845;75.32;85.117424;;9/29/2026 5:19:24 AM;9/29/2026 5:30:00 AM;DAL140;N831MH;AB5D2C;B764;KATL;EBBR;25L;KOK9A;4.556177743483087;50.90640578936584;198.1199951171875;376.4193
F043-2;9/29/2026 7:30:46 AM +02:00;9/29/2026 7:31:43 AM +02:00;9/29/2026 7:31:18 AM +02:00;57;D;ARR;62.053513;69.22;79.61226;;9/29/2026 5:22:25 AM;9/29/2026 5:32:36 AM;KLM89W;PHEZL;484C50;E190;EHAM;EBBR;25L;ANT2H;4.557037884847181;50.906458433008574;200.02499389648438;349.56152
F043-2;9/29/2026 7:33:13 AM +02:00;9/29/2026 7:34:37 AM +02:00;9/29/2026 7:34:15 AM +02:00;84;D;ARR;65.68703;75.94;84.92982;;9/29/2026 5:24:04 AM;9/29/2026 5:36:00 AM;UAL950;N2644U;A290D0;B77W;KIAD;EBBR;25L;KOK9A;4.557006018371897;50.90667417168235;201.9300079345703;374.97168
F043-2;9/29/2026 7:36:30 AM +02:00;9/29/2026 7:37:44 AM +02:00;9/29/2026 7:37:26 AM +02:00;74;D;ARR;64.856766;74.45;83.54908;;9/29/2026 5:28:25 AM;9/29/2026 5:39:40 AM;RYR5234;EIDLX;4CA303;B738;LEGE;EBBR;25L;;4.5564549156212175;50.9063046098236;198.1199951171875;358.06277
F043-2;9/29/2026 7:39:44 AM +02:00;9/29/2026 7:40:35 AM +02:00;9/29/2026 7:40:15 AM +02:00;51;D;ARR;64.64415;71.7;81.71985;;9/29/2026 5:32:48 AM;9/29/2026 5:42:12 AM;CPA275;BLQB;789234;A359;VHHH;EBBR;25L;BATTY7A;4.557148156307584;50.906610092956754;205.739990234375;380.34506
F043-2;9/29/2026 7:42:42 AM +02:00;9/29/2026 7:43:34 AM +02:00;9/29/2026 7:43:12 AM +02:00;52;D;ARR;65.8858;74.01;83.04584;;9/29/2026 5:30:36 AM;9/29/2026 5:45:28 AM;UAL994;N14019;A0A54D;B78X;KEWR;EBBR;25L;KOK9A;4.556917084873051;50.90653036613264;194.30999755859375;358.55478
F043-2;9/29/2026 7:45:51 AM +02:00;9/29/2026 7:46:36 AM +02:00;9/29/2026 7:46:16 AM +02:00;45;D;ARR;63.35077;71.35;79.8829;;9/29/2026 5:36:48 AM;9/29/2026 5:47:40 AM;KLM9955;PHEZO;484C53;E190;EHAM;EBBR;25L;WOODY9A;4.556501138361201;50.9063551719949;201.92999267578125;362.04498
F043-2;9/29/2026 7:48:22 AM +02:00;9/29/2026 7:50:09 AM +02:00;9/29/2026 7:49:06 AM +02:00;107;D;ARR;63.18359;74.5;83.477425;;9/29/2026 5:41:24 AM;9/29/2026 5:50:08 AM;RYR7JZ;EIDHH;4CA264;B738;LIRF;EBBR;25L;FLO2H;4.556408772631396;50.906425973135974;198.1199951171875;369.41608
F043-2;9/29/2026 7:53:18 AM +02:00;9/29/2026 7:54:30 AM +02:00;9/29/2026 7:54:02 AM +02:00;72;D;ARR;67.22261;77.17;85.79594;;9/29/2026 5:45:36 AM;9/29/2026 5:55:48 AM;ACA832;CFJZS;C01A61;B77W;CYUL;EBBR;25L;;4.557160564442412;50.90655166148741;203.83499145507812;357.2709
F043-2;9/29/2026 7:56:59 AM +02:00;9/29/2026 7:58:37 AM +02:00;9/29/2026 7:57:50 AM +02:00;98;D;ARR;60.4163;70.39;80.32856;;9/29/2026 5:51:04 AM;9/29/2026 6:00:05 AM;BEL8YE;OOSSU;44CE75;A319;EDDB;EBBR;25L;FLO2H;4.556915291504888;50.906509021715976;194.30999755859375;354.65683
F043-2;9/29/2026 7:59:59 AM +02:00;9/29/2026 8:00:57 AM +02:00;9/29/2026 8:00:35 AM +02:00;58;D;ARR;63.12907;70.43;80.76335;;9/29/2026 5:53:33 AM;9/29/2026 6:02:45 AM;BEL8CL;OOSSO;44CE6F;A319;EDDH;EBBR;25L;ANT2H;4.557200009014771;50.906533223483805;196.59600830078125;362.72894
F043-2;9/29/2026 8:03:14 AM +02:00;9/29/2026 8:04:15 AM +02:00;9/29/2026 8:03:45 AM +02:00;61;D;ARR;62.89897;71.12;80.75227;;9/29/2026 5:56:17 AM;9/29/2026 6:06:01 AM;BEL5GP;OOSSL;44CE6C;A319;LKPR;EBBR;25L;FLO2H;4.556563984594366;50.90645965740483;203.1999969482422;370.33154
F043-2;9/29/2026 8:06:12 AM +02:00;9/29/2026 8:07:21 AM +02:00;9/29/2026 8:06:48 AM +02:00;69;D;ARR;63.881603;73.91;82.270096;;9/29/2026 5:53:45 AM;9/29/2026 6:08:33 AM;ACA826;CFRSI;C02EC1;B789;CYYZ;EBBR;25L;;4.557059226581312;50.906509001507985;198.1199951171875;346.25616
F043-2;9/29/2026 8:09:23 AM +02:00;9/29/2026 8:10:20 AM +02:00;9/29/2026 8:09:52 AM +02:00;57;D;ARR;64.60277;73.41;82.161514;;9/29/2026 5:59:09 AM;9/29/2026 6:11:36 AM;CHH7921;B1341;7812A0;B789;ZSPD;EBBR;25L;ANT2H;4.55668423490421;50.9064427713608;192.40499877929688;352.09665
F043-2;9/29/2026 8:12:31 AM +02:00;9/29/2026 8:13:39 AM +02:00;9/29/2026 8:13:03 AM +02:00;68;D;ARR;60.006336;68.6;78.33143;;9/29/2026 6:02:05 AM;9/29/2026 6:15:13 AM;BEL1PD;;44CC47;A20N;LFML;EBBR;25L;KERKY2H;4.557052134932987;50.90654046471567;198.1199951171875;349.34238
F043-2;9/29/2026 8:15:18 AM +02:00;9/29/2026 8:16:25 AM +02:00;9/29/2026 8:15:55 AM +02:00;67;D;ARR;58.797726;66.19;77.05847;;9/29/2026 6:06:17 AM;9/29/2026 6:17:01 AM;ITY148;;4CAE12;BCS1;LIML;EBBR;25L;FLO2H;4.556831748953402;50.90650006103735;198.1199951171875;350.77283
F043-2;9/29/2026 8:17:48 AM +02:00;9/29/2026 8:18:59 AM +02:00;9/29/2026 8:18:41 AM +02:00;71;D;ARR;61.401253;70.2;79.91383;;9/29/2026 6:09:45 AM;9/29/2026 6:20:44 AM;BEL7ZC;OOSSA;44CE61;A319;LSGG;EBBR;25L;FLO2H;4.556867324822006;50.906533749231045;198.1199951171875;375.04626
F043-2;9/29/2026 8:21:14 AM +02:00;9/29/2026 8:21:53 AM +02:00;9/29/2026 8:21:30 AM +02:00;39;D;ARR;66.103935;72.91;82.01458;;9/29/2026 6:13:05 AM;9/29/2026 6:22:33 AM;ETD46X;A6BND;89653B;B789;OMAA;EBBR;25L;FLO2H;4.557332974970018;50.90659431762434;198.1199951171875;375.24667
F043-2;9/29/2026 8:24:21 AM +02:00;9/29/2026 8:25:04 AM +02:00;9/29/2026 8:24:41 AM +02:00;43;D;ARR;61.172836;67.26;77.50752;;9/29/2026 6:14:05 AM;9/29/2026 6:26:41 AM;BEL94L;;502D7C;BCS3;LFLL;EBBR;25L;ARVOL9A;4.556835315303753;50.90648655957224;205.739990234375;378.34845
F043-2;9/29/2026 8:27:31 AM +02:00;9/29/2026 8:28:30 AM +02:00;9/29/2026 8:28:07 AM +02:00;59;D;ARR;61.143764;68.67;78.85229;;9/29/2026 6:17:33 AM;9/29/2026 6:30:17 AM;BEL76T;;44CC42;A20N;LFBO;EBBR;25L;;4.556982822702429;50.90650900695794;201.9300079345703;356.97852
F043-2;9/29/2026 8:30:27 AM +02:00;9/29/2026 8:31:20 AM +02:00;9/29/2026 8:31:03 AM +02:00;53;D;ARR;62.58977;70.47;79.83253;;9/29/2026 6:23:05 AM;9/29/2026 6:32:17 AM;EJU62ZB;OEIVZ;4402AE;A320;LIML;EBBR;25L;BATTY7A;4.556973924741299;50.906478667132966;201.92999267578125;356.78796
F043-2;9/29/2026 8:33:13 AM +02:00;9/29/2026 8:34:45 AM +02:00;9/29/2026 8:34:15 AM +02:00;92;D;ARR;62.04924;70.63;81.68712;;9/29/2026 6:25:41 AM;9/29/2026 6:35:24 AM;BEL19V;OOSNL;44CDCC;A320;LIPZ;EBBR;25L;FLO2H;4.556661068395365;50.90635627234433;198.1199951171875;342.3436
F043-2;9/29/2026 8:36:51 AM +02:00;9/29/2026 8:37:43 AM +02:00;9/29/2026 8:37:22 AM +02:00;52;D;ARR;63.50211;70.08;80.66214;;9/29/2026 6:28:37 AM;9/29/2026 6:39:36 AM;BEL6WA;OOSNF;44CDC6;A320;LHBP;EBBR;25L;BATTY7A;4.557043276124634;50.90656629897261;201.9300079345703;362.0576
F043-2;9/29/2026 8:39:22 AM +02:00;9/29/2026 8:40:40 AM +02:00;9/29/2026 8:40:21 AM +02:00;78;D;ARR;63.78901;75.9;82.70995;;9/29/2026 6:29:57 AM;9/29/2026 6:41:28 AM;VLG4GZ;ECMBF;34454A;A320;LEAL;EBBR;25L;ARVOL9A;4.55673219772654;50.90641242706882;201.9300079345703;351.9536
F043-2;9/29/2026 8:42:52 AM +02:00;9/29/2026 8:43:36 AM +02:00;9/29/2026 8:43:18 AM +02:00;44;D;ARR;63.474392;69.81;79.90892;;9/29/2026 6:34:08 AM;9/29/2026 6:45:32 AM;EJU64AM;OELQM;440589;A319;LIRF;EBBR;25L;FLO2H;4.556518895970671;50.90635180774978;190.5;342.68732
F043-2;9/29/2026 8:45:51 AM +02:00;9/29/2026 8:46:43 AM +02:00;9/29/2026 8:46:20 AM +02:00;52;D;ARR;61.783287;68.9;78.94332;;9/29/2026 6:37:52 AM;9/29/2026 6:48:24 AM;SWR756C;;4B181B;A20N;LSZH;EBBR;25L;FLO2H;4.55667891009503;50.90645962934226;201.92999267578125;368.92072
F043-2;9/29/2026 8:49:56 AM +02:00;9/29/2026 8:51:21 AM +02:00;9/29/2026 8:51:03 AM +02:00;85;D;ARR;58.52201;68.21;77.8162;;9/29/2026 6:44:08 AM;9/29/2026 6:52:08 AM;CTN456;;501C4B;BCS1;LDZA;EBBR;25L;FLO2H;4.557265410325378;50.90657637499043;198.1199951171875;348.36206
F043-2;9/29/2026 8:53:43 AM +02:00;9/29/2026 8:54:37 AM +02:00;9/29/2026 8:54:19 AM +02:00;54;D;ARR;61.610825;69;78.93476;;9/29/2026 6:44:29 AM;9/29/2026 6:55:24 AM;BEL5PQ;;44CC46;A20N;EGLL;EBBR;25L;KOK9A;4.557151685840678;50.90659887216706;198.1199951171875;352.72357
F043-2;9/29/2026 8:59:31 AM +02:00;9/29/2026 9:01:34 AM +02:00;9/29/2026 9:00:40 AM +02:00;123;D;ARR;57.803917;67.93;78.702965;;9/29/2026 6:53:48 AM;9/29/2026 7:01:44 AM;BTI60K;YLAAX;502D28;BCS3;EVRA;EBBR;25L;FLO2H;4.556575840153877;50.906464144113265;205.739990234375;373.71185
F043-2;9/29/2026 9:05:10 AM +02:00;9/29/2026 9:05:47 AM +02:00;9/29/2026 9:05:30 AM +02:00;37;D;ARR;64.27929;71;79.9613;;9/29/2026 6:58:24 AM;9/29/2026 7:07:48 AM;ASL30E;LZBUR;451D8C;E190;LYBE;EBBR;25L;FLO2H;4.557085860306682;50.906439318500404;201.92999267578125;347.4565
F043-2;9/29/2026 9:07:58 AM +02:00;9/29/2026 9:08:57 AM +02:00;9/29/2026 9:08:27 AM +02:00;59;D;ARR;64.95637;73.35;82.66489;;9/29/2026 6:57:36 AM;9/29/2026 7:10:20 AM;UAL972;N16008;A0F427;B78X;KORD;EBBR;25L;KOK9A;4.556774852138039;50.90644613879959;205.74000549316406;350.80692
F043-2;9/29/2026 9:11:36 AM +02:00;9/29/2026 9:12:30 AM +02:00;9/29/2026 9:12:07 AM +02:00;54;D;ARR;61.755486;69.12;79.07942;;9/29/2026 7:04:28 AM;9/29/2026 7:14:36 AM;KNE641;;711469;A20N;OEJN;EBBR;25L;FLO2H;4.556750012751371;50.90648882637108;201.92999267578125;373.27258
F043-2;9/29/2026 9:14:31 AM +02:00;9/29/2026 9:15:59 AM +02:00;9/29/2026 9:15:11 AM +02:00;88;D;ARR;62.79876;71.07;82.24358;;9/29/2026 7:08:44 AM;9/29/2026 7:17:16 AM;AUA29N;OELXE;4402A3;A320;LOWW;EBBR;25L;FLO2H;4.556725037785396;50.90634277523984;190.5;335.9395
F043-2;9/29/2026 9:18:27 AM +02:00;9/29/2026 9:19:13 AM +02:00;9/29/2026 9:18:42 AM +02:00;46;D;ARR;62.347057;69.51;78.97463;;9/29/2026 7:11:12 AM;9/29/2026 7:20:44 AM;KMM422;9HNED;4D22AB;A20N;LMML;EBBR;25L;FLO2H;4.556853076920806;50.906504551027744;198.1199951171875;350.65533
F043-2;9/29/2026 9:20:28 AM +02:00;9/29/2026 9:21:36 AM +02:00;9/29/2026 9:20:59 AM +02:00;68;D;ARR;65.873375;75.89;84.19846;;9/29/2026 7:13:12 AM;9/29/2026 7:36:00 AM;BTI2YH;YLCSK;502CE5;BCS3;EETN;EBBR;25L;BATTY7A;4.556853038648042;50.90643263860892;419.1000061035156;486.03464
F043-2;9/29/2026 9:23:43 AM +02:00;9/29/2026 9:24:53 AM +02:00;9/29/2026 9:24:34 AM +02:00;70;D;ARR;61.965294;70.72;80.416275;;9/29/2026 7:14:12 AM;9/29/2026 7:26:32 AM;RYR4BP;9HQDL;4D2265;B738;LEPA;EBBR;25L;;4.556380296112076;50.90635294759325;194.30999755859375;365.4522
F043-2;9/29/2026 9:27:14 AM +02:00;9/29/2026 9:28:42 AM +02:00;9/29/2026 9:28:07 AM +02:00;88;D;ARR;60.715363;70.54;80.16019;;9/29/2026 7:20:48 AM;9/29/2026 7:29:56 AM;LOT2VD;;48AF09;B38M;EPWA;EBBR;25L;FLO2H;4.556966796512944;50.90647306508838;190.5;341.6503
F043-2;9/29/2026 9:30:26 AM +02:00;9/29/2026 9:31:22 AM +02:00;9/29/2026 9:31:03 AM +02:00;56;D;ARR;65.22198;73.15;82.70386;;9/29/2026 7:17:24 AM;9/29/2026 7:32:45 AM;RYR61VB;EIEXD;4CAA5F;B738;EIDW;EBBR;25L;;4.556940161722778;50.906487665416776;194.30999755859375;354.13464
F043-2;9/29/2026 9:33:40 AM +02:00;9/29/2026 9:34:54 AM +02:00;9/29/2026 9:34:02 AM +02:00;74;D;ARR;58.615803;66.93;77.30812;;9/29/2026 7:13:12 AM;9/29/2026 7:36:00 AM;BTI2YH;YLCSK;502CE5;BCS3;EETN;EBBR;25L;BATTY7A;4.55712141304609;50.906460661070696;194.30999755859375;343.72775
F043-2;9/29/2026 9:36:24 AM +02:00;9/29/2026 9:37:34 AM +02:00;9/29/2026 9:37:07 AM +02:00;70;D;ARR;62.911373;71.34;81.36235;;9/29/2026 7:24:01 AM;9/29/2026 7:38:45 AM;BEL6TC;OOSNK;44CDCB;A320;LFPG;EBBR;25L;;4.556813944724104;50.9064112860118;194.30999755859375;351.33618
F043-2;9/29/2026 9:40:06 AM +02:00;9/29/2026 9:41:25 AM +02:00;9/29/2026 9:40:40 AM +02:00;79;D;ARR;61.233032;71.74;80.209305;;9/29/2026 7:33:52 AM;9/29/2026 7:42:17 AM;FIN52V;OHLZK;461FA0;A321;EFHK;EBBR;25L;FLO2H;4.556874356250092;50.90638879880261;194.30999755859375;343.3954
F043-2;9/29/2026 9:44:12 AM +02:00;9/29/2026 9:45:26 AM +02:00;9/29/2026 9:45:00 AM +02:00;74;D;ARR;62.635742;71.32;81.32806;;9/29/2026 7:37:17 AM;9/29/2026 7:46:21 AM;EIN63N;EIDEO;4CA295;A320;EIDW;EBBR;25L;;4.556938405469062;50.906523995271584;200.66000366210938;363.53726
F043-2;9/29/2026 9:48:33 AM +02:00;9/29/2026 9:49:13 AM +02:00;9/29/2026 9:48:53 AM +02:00;40;D;ARR;63.387497;70.51;79.4081;;9/29/2026 7:39:33 AM;9/29/2026 7:51:32 AM;LYF439;06;33FFDC;C27J;ELLX;EBMB;25L;FLO2H;4.557347078641064;50.90639880814472;190.5;350.2389
F043-2;9/29/2026 9:51:13 AM +02:00;9/29/2026 9:52:23 AM +02:00;9/29/2026 9:51:51 AM +02:00;70;D;ARR;62.536602;70.97;80.98758;;9/29/2026 7:39:37 AM;9/29/2026 7:53:56 AM;MAC113R;CNNMJ;020124;A320;GMTT;EBBR;25L;ARVOL9A;4.556348297224148;50.90632485993046;198.1199951171875;360.435
F043-2;9/29/2026 9:53:30 AM +02:00;9/29/2026 9:55:03 AM +02:00;9/29/2026 9:54:35 AM +02:00;93;D;ARR;59.69257;69.61;79.377396;;9/29/2026 7:43:16 AM;9/29/2026 7:56:49 AM;SAS57B;;4CAC8E;A20N;EKCH;EBBR;25L;BATTY7A;4.557158753521038;50.9064999807636;201.9300079345703;354.8102
F043-2;9/29/2026 9:57:11 AM +02:00;9/29/2026 9:57:46 AM +02:00;9/29/2026 9:57:30 AM +02:00;35;D;ARR;58.363598;64.75;73.804276;;9/29/2026 7:44:44 AM;9/29/2026 7:59:32 AM;JFA99X;LXZAP;4D02A1;PC24;LSZA;EBBR;25L;LNO6A;4.556078089508231;50.90617548009155;194.30999755859375;361.06204
F043-2;9/29/2026 9:58:46 AM +02:00;9/29/2026 10:00:02 AM +02:00;9/29/2026 9:59:34 AM +02:00;76;D;ARR;60.60663;69.25;79.414764;;9/29/2026 7:44:40 AM;9/29/2026 8:01:56 AM;BAW384;GDBCC;400A7C;A319;EGLL;EBBR;25L;KOK9A;4.556798000071655;50.90651017159242;201.9300079345703;359.01782
F043-2;9/29/2026 10:01:53 AM +02:00;9/29/2026 10:02:50 AM +02:00;9/29/2026 10:02:24 AM +02:00;57;D;ARR;62.75878;70.5;80.31753;;9/29/2026 7:54:52 AM;9/29/2026 8:04:00 AM;BEL4TQ;OOSSB;44CE62;A319;LSZH;EBBR;25L;BATTY7A;4.557130316683843;50.90651797528786;205.74000549316406;349.07166
F043-2;9/29/2026 10:03:50 AM +02:00;9/29/2026 10:05:07 AM +02:00;9/29/2026 10:04:19 AM +02:00;77;D;ARR;59.87358;68.11;78.73849;;9/29/2026 7:57:04 AM;9/29/2026 8:06:36 AM;BEL2SC;YLABH;502D59;BCS3;LIMC;EBBR;25L;;4.557187175210426;50.906499984934335;190.5;339.2985
F043-2;9/29/2026 10:05:44 AM +02:00;9/29/2026 10:06:33 AM +02:00;9/29/2026 10:06:14 AM +02:00;49;D;ARR;62.66551;70.41;79.56747;;9/29/2026 7:59:24 AM;9/29/2026 8:08:29 AM;SAS589;;4CAD96;A20N;ESSA;EBBR;25L;FLO2H;4.5566664589942425;50.90644277924549;201.92999267578125;363.07043
F043-2;9/29/2026 10:09:09 AM +02:00;9/29/2026 10:10:05 AM +02:00;9/29/2026 10:09:34 AM +02:00;56;D;ARR;65.93162;73.6;83.4135;;9/29/2026 8:02:12 AM;9/29/2026 8:11:40 AM;THY7RS;;4BB1ED;A332;LTFM;EBBR;25L;FLO2H;4.556883328195896;50.90655509666986;194.30999755859375;360.7252
F043-2;9/29/2026 10:12:31 AM +02:00;9/29/2026 10:13:42 AM +02:00;9/29/2026 10:13:15 AM +02:00;71;D;ARR;63.302013;72.49;81.8146;;9/29/2026 8:06:25 AM;9/29/2026 8:14:20 AM;RYR2AA;9HQCJ;4D2226;B738;LEMD;EBBR;25L;;4.557245895182782;50.90660557879716;194.30999755859375;353.85056
F043-2;9/29/2026 10:21:10 AM +02:00;9/29/2026 10:22:05 AM +02:00;9/29/2026 10:21:44 AM +02:00;55;D;ARR;62.800816;71.3;80.204445;;9/29/2026 8:14:52 AM;9/29/2026 8:23:48 AM;AEE538;SXDVN;4692CE;A320;LGTS;EBBR;25L;FLO2H;4.55671085362848;50.90637647411764;194.30999755859375;344.17792
F043-2;9/29/2026 10:27:19 AM +02:00;9/29/2026 10:28:19 AM +02:00;9/29/2026 10:28:01 AM +02:00;60;D;ARR;62.79889;71.39;80.5804;;9/29/2026 8:21:20 AM;9/29/2026 8:29:57 AM;AEE2BR;SXNAK;46B82B;A21N;LGAV;EBBR;25L;FLO2H;4.556382448275588;50.906377885769075;204.21600341796875;382.7907
F043-2;9/29/2026 10:35:41 AM +02:00;9/29/2026 10:36:50 AM +02:00;9/29/2026 10:36:18 AM +02:00;69;D;ARR;63.560997;72.45;81.949486;;9/29/2026 8:29:32 AM;9/29/2026 8:38:16 AM;BEL7DD;OOSSX;44CE78;A319;EDDM;EBBR;25L;FLO2H;4.5572368984529374;50.90643255630125;205.74000549316406;339.01068
F043-2;9/29/2026 10:38:04 AM +02:00;9/29/2026 10:39:21 AM +02:00;9/29/2026 10:39:00 AM +02:00;77;D;ARR;60.60906;70.58;79.47397;;9/29/2026 8:31:56 AM;9/29/2026 8:40:01 AM;ITY156;;4CAE1F;A21N;LIRF;EBBR;25L;FLO2H;4.5571872443847266;50.90660222340561;201.9300079345703;365.19495
F043-2;9/29/2026 10:41:14 AM +02:00;9/29/2026 10:42:30 AM +02:00;9/29/2026 10:42:01 AM +02:00;76;D;ARR;60.024014;69.8;78.832146;;9/29/2026 8:34:49 AM;9/29/2026 8:44:13 AM;TAP640;;495153;A21N;LPPT;EBBR;25L;ARVOL9A;4.556934830065223;50.906475301065306;205.739990234375;379.87823
F043-2;9/29/2026 10:44:49 AM +02:00;9/29/2026 10:46:28 AM +02:00;9/29/2026 10:45:45 AM +02:00;99;D;ARR;61.574703;71.84;81.53105;;9/29/2026 8:39:00 AM;9/29/2026 8:47:37 AM;BEL1GH;OOSSF;44CE66;A319;LIML;EBBR;25L;FLO2H;4.55712322024594;50.90654044944756;198.1199951171875;347.8156
F043-2;9/29/2026 10:46:58 AM +02:00;9/29/2026 10:48:13 AM +02:00;9/29/2026 10:47:36 AM +02:00;75;D;ARR;63.56736;73.74;82.31797;;9/29/2026 8:39:45 AM;9/29/2026 8:49:37 AM;TAM8156;;E8046F;B789;SBGR;EBBR;25L;ARVOL9A;4.556968633816236;50.90655282761045;194.30999755859375;360.33282
F043-2;9/29/2026 10:54:14 AM +02:00;9/29/2026 10:55:21 AM +02:00;9/29/2026 10:54:45 AM +02:00;67;D;ARR;57.445675;65.39;75.70642;;9/29/2026 8:47:17 AM;9/29/2026 8:56:56 AM;JTH49;;4D2540;FA7X;EGWU;EBBR;25L;;4.556630891044176;50.90640009097209;186.69000244140625;342.8625
F043-2;9/29/2026 10:56:16 AM +02:00;9/29/2026 10:57:17 AM +02:00;9/29/2026 10:56:49 AM +02:00;61;D;ARR;60.721237;68.55;78.57454;;9/29/2026 8:50:37 AM;9/29/2026 8:59:04 AM;BEL8PZ;;44CC45;A20N;LFPG;EBBR;25L;ARVOL9A;4.556789075956544;50.90642589453922;190.5;362.81793
F043-2;9/29/2026 11:06:21 AM +02:00;9/29/2026 11:07:18 AM +02:00;9/29/2026 11:06:56 AM +02:00;57;D;ARR;63.25445;70.16;80.8132;;9/29/2026 9:00:17 AM;9/29/2026 9:08:04 AM;BEL4VL;;44CDD1;A320;LEPA;EBBR;25L;;4.556723337156445;50.90646074417387;186.69000244140625;347.86166
F043-2;9/29/2026 11:12:10 AM +02:00;9/29/2026 11:13:14 AM +02:00;9/29/2026 11:12:35 AM +02:00;64;D;ARR;60.435665;68.34;78.49747;;9/29/2026 9:05:17 AM;9/29/2026 9:14:52 AM;BEL4QA;YLABE;502D46;BCS3;LOWW;EBBR;25L;FLO2H;4.5569952618712755;50.90653148784687;198.1199951171875;349.77536
F043-2;9/29/2026 11:15:00 AM +02:00;9/29/2026 11:15:57 AM +02:00;9/29/2026 11:15:43 AM +02:00;57;D;ARR;63.72488;72.71;81.28363;;9/29/2026 9:08:53 AM;9/29/2026 9:17:37 AM;IBE05LL;ECIZH;3420CB;A320;LEMD;EBBR;25L;ARVOL9A;4.556831688595359;50.90635847001347;194.30999755859375;349.07736
F043-2;9/29/2026 11:16:51 AM +02:00;9/29/2026 11:17:39 AM +02:00;9/29/2026 11:17:21 AM +02:00;48;D;ARR;62.560177;71.86;79.37259;;9/29/2026 9:09:52 AM;9/29/2026 9:19:28 AM;TKJ1KE;;4BD8CA;B38M;LTFJ;EBBR;25L;BATTY7A;4.556874449830448;50.90655171968385;190.5;382.81946
F043-2;9/29/2026 11:33:19 AM +02:00;9/29/2026 11:34:35 AM +02:00;9/29/2026 11:34:05 AM +02:00;76;D;ARR;62.795708;72.75;81.60384;;9/29/2026 9:26:17 AM;9/29/2026 9:35:56 AM;RAM672S;CNRGK;0200FB;B738;GMTT;EBBR;25L;ARVOL9A;4.557258369994106;50.90667187061263;194.30999755859375;369.57104
F043-2;9/29/2026 11:35:19 AM +02:00;9/29/2026 11:36:30 AM +02:00;9/29/2026 11:35:59 AM +02:00;71;D;ARR;63.13554;73.63;81.648125;;9/29/2026 9:28:49 AM;9/29/2026 9:38:04 AM;BEL9PW;OOTCQ;44D071;A320;LEAL;EBBR;25L;ARVOL9A;4.556925973344689;50.90654160321186;194.30999755859375;358.0567
F043-2;9/29/2026 11:58:01 AM +02:00;9/29/2026 11:58:55 AM +02:00;9/29/2026 11:58:41 AM +02:00;54;D;ARR;63.81465;71.81;81.13859;;9/29/2026 9:51:13 AM;9/29/2026 10:00:32 AM;JAF66L;OOTNB;44D1C2;B738;LEAL;EBBR;25L;KERKY2H;4.557373789361987;50.90649543388374;207.64500427246094;359.03275
F043-2;9/29/2026 12:01:26 PM +02:00;9/29/2026 12:02:38 PM +02:00;9/29/2026 12:02:14 PM +02:00;72;D;ARR;54.55385;62.38;73.127174;;9/29/2026 9:55:20 AM;9/29/2026 10:03:56 AM;TSW7M;OEIOE;440406;C25M;EDDS;EBBR;25L;;4.556508245767561;50.90635404719788;194.30999755859375;358.29395
F043-2;9/29/2026 12:21:58 PM +02:00;9/29/2026 12:22:57 PM +02:00;9/29/2026 12:22:40 PM +02:00;59;D;ARR;60.906113;70.17;78.61463;;9/29/2026 10:15:05 AM;9/29/2026 10:24:12 AM;RAM838J;;0201A2;B38M;GMMN;EBBR;25L;KERKY2H;4.55722278580791;50.906625823994645;190.5;350.5764
F043-2;9/29/2026 12:25:35 PM +02:00;9/29/2026 12:26:22 PM +02:00;9/29/2026 12:26:01 PM +02:00;47;D;ARR;63.5955;69.88;80.31648;;9/29/2026 10:19:12 AM;9/29/2026 10:27:45 AM;BEL9HR;OOSSA;44CE61;A319;LSGG;EBBR;25L;FLO2H;4.556806876483522;50.90648432213075;190.5;367.70566
F043-2;9/29/2026 12:27:13 PM +02:00;9/29/2026 12:28:17 PM +02:00;9/29/2026 12:27:51 PM +02:00;64;D;ARR;60.8002;69.5;78.862;;9/29/2026 10:19:33 AM;9/29/2026 10:29:48 AM;JAF3NE;;44D1B4;B38M;LEMG;EBBR;25L;;4.556824736001607;50.9066798435904;190.5;364.3916
F043-2;9/29/2026 12:30:32 PM +02:00;9/29/2026 12:31:36 PM +02:00;9/29/2026 12:31:07 PM +02:00;64;D;ARR;61.495815;70.09;79.55762;;9/29/2026 10:23:13 AM;9/29/2026 10:33:12 AM;BEL8CZ;;44CC48;A20N;LEMG;EBBR;25L;;4.556520735233043;50.90644730572124;194.30999755859375;364.98358
F043-2;9/29/2026 12:36:23 PM +02:00;9/29/2026 12:37:09 PM +02:00;9/29/2026 12:36:50 PM +02:00;46;D;ARR;61.975433;70.23;78.60301;;9/29/2026 10:30:16 AM;9/29/2026 10:38:41 AM;JAF3EM;OOTMB;44D1A2;B38M;LGKR;EBBR;25L;FLO2H;4.556684277912194;50.90653041723078;184.78500366210938;365.01358
F043-2;9/29/2026 12:39:57 PM +02:00;9/29/2026 12:41:52 PM +02:00;9/29/2026 12:41:01 PM +02:00;115;D;ARR;58.86404;68.18;79.471016;;9/29/2026 10:33:20 AM;9/29/2026 10:42:04 AM;BEL9EL;;44CE79;A319;LIRF;EBBR;25L;FLO2H;4.557016640431835;50.90663036285454;182.8800048828125;352.16895
F043-2;9/29/2026 12:42:28 PM +02:00;9/29/2026 12:43:52 PM +02:00;9/29/2026 12:43:02 PM +02:00;84;D;ARR;62.677788;72.58;81.92058;;9/29/2026 10:34:05 AM;9/29/2026 10:45:17 AM;TRA94J;PHHXJ;4853D3;B738;LEAL;EBBR;25L;;4.556504751261994;50.90646191391419;186.69000244140625;366.28372
F043-2;9/29/2026 12:44:13 PM +02:00;9/29/2026 12:45:39 PM +02:00;9/29/2026 12:45:17 PM +02:00;86;D;ARR;60.226765;70.3;79.57175;;9/29/2026 10:38:53 AM;9/29/2026 10:47:12 AM;BEL5MQ;OOSSL;44CE6C;A319;EDDH;EBBR;25L;WOODY9A;4.556511850053909;50.90643943766445;190.5;363.52982
F043-2;9/29/2026 12:55:04 PM +02:00;9/29/2026 12:56:29 PM +02:00;9/29/2026 12:55:57 PM +02:00;85;D;ARR;54.15368;63.48;73.44787;;9/29/2026 10:48:01 AM;9/29/2026 10:56:57 AM;DCS607;;3CD5C4;C56X;EDTY;EBBR;25L;;4.556440756548968;50.906455198242455;198.1199951171875;357.46725
F043-2;9/29/2026 12:57:52 PM +02:00;9/29/2026 12:59:23 PM +02:00;9/29/2026 12:58:37 PM +02:00;91;D;ARR;61.027775;71.02;80.61819;;9/29/2026 10:51:44 AM;9/29/2026 11:00:24 AM;BEL5UC;OOSNI;44CDC9;A320;LIRN;EBBR;25L;;4.55708061492241;50.90662585460858;190.5;353.47223
F043-2;9/29/2026 1:06:18 PM +02:00;9/29/2026 1:07:36 PM +02:00;9/29/2026 1:06:57 PM +02:00;78;D;ARR;59.775917;69.15;78.69686;;9/29/2026 11:00:12 AM;9/29/2026 11:09:08 AM;BEL1LH;;44CC46;A20N;EGLL;EBBR;25L;KOK9A;4.556686047970572;50.906523678136985;194.30999755859375;364.9005
F043-2;9/29/2026 1:08:03 PM +02:00;9/29/2026 1:08:47 PM +02:00;9/29/2026 1:08:27 PM +02:00;44;D;ARR;63.252636;71.14;79.687164;;9/29/2026 11:01:16 AM;9/29/2026 11:10:08 AM;THY60S;TCJRU;4BAA55;A321;LTFM;EBBR;25L;FLO2H;4.5567748688298035;50.906477600482894;190.5;346.83737
F043-2;9/29/2026 1:10:06 PM +02:00;9/29/2026 1:11:17 PM +02:00;9/29/2026 1:10:53 PM +02:00;71;D;ARR;62.588993;70.73;81.10158;;9/29/2026 11:04:08 AM;9/29/2026 11:12:48 AM;BEL4NK;OOSNE;44CDC5;A320;EDDB;EBBR;25L;FLO2H;4.55670027692334;50.9065394030394;194.30999755859375;360.16913
F043-2;9/29/2026 1:12:22 PM +02:00;9/29/2026 1:13:23 PM +02:00;9/29/2026 1:13:04 PM +02:00;61;D;ARR;62.269085;70.51;80.12238;;9/29/2026 11:06:44 AM;9/29/2026 11:14:56 AM;BEL47P;OOSNL;44CDCC;A320;LKPR;EBBR;25L;BATTY7A;4.55728674568257;50.90657186505675;192.40499877929688;348.47952
F043-2;9/29/2026 1:15:02 PM +02:00;9/29/2026 1:16:07 PM +02:00;9/29/2026 1:15:47 PM +02:00;65;D;ARR;62.790848;72.94;80.91998;;9/29/2026 11:09:32 AM;9/29/2026 11:16:44 AM;BEL9FU;OOSNM;44CDCD;A320;EDDM;EBBR;25L;BATTY7A;4.557123244201514;50.906549422267;201.92999267578125;372.97626
F043-2;9/29/2026 1:25:17 PM +02:00;9/29/2026 1:26:13 PM +02:00;9/29/2026 1:25:51 PM +02:00;56;D;ARR;60.886887;69.43;78.36877;;9/29/2026 11:19:04 AM;9/29/2026 11:27:44 AM;BEL4KY;OOSSJ;44CE6A;A319;EDDF;EBBR;25L;FLO2H;4.5564869177419265;50.90634393605544;184.78500366210938;339.70047
F043-2;9/29/2026 1:27:08 PM +02:00;9/29/2026 1:27:54 PM +02:00;9/29/2026 1:27:35 PM +02:00;46;D;ARR;61.86701;69.13;78.49458;;9/29/2026 11:18:41 AM;9/29/2026 11:29:37 AM;BEL8MP;OOSSV;44CE76;A319;EGCC;EBBR;25L;KOK9A;4.556732184373499;50.90641468615519;182.8800048828125;338.9943
F043-2;9/29/2026 1:28:53 PM +02:00;9/29/2026 1:29:33 PM +02:00;9/29/2026 1:29:12 PM +02:00;40;D;ARR;61.141335;68.41;77.161934;;9/29/2026 11:21:57 AM;9/29/2026 11:31:12 AM;BEL2JE;;502D7C;BCS3;EKCH;EBBR;25L;BATTY7A;4.557293859078847;50.90660333599282;198.1199951171875;350.39233
F043-2;9/29/2026 1:30:39 PM +02:00;9/29/2026 1:32:04 PM +02:00;9/29/2026 1:31:12 PM +02:00;85;D;ARR;61.359524;71.81;80.65371;;9/29/2026 11:23:09 AM;9/29/2026 11:33:09 AM;JAF4JK;;44D1A6;B38M;LEJR;EBBR;25L;ARVOL9A;4.556646808688719;50.90627537387119;190.5;332.159
F043-2;9/29/2026 1:33:32 PM +02:00;9/29/2026 1:34:38 PM +02:00;9/29/2026 1:34:11 PM +02:00;66;D;ARR;61.83375;69.4;80.02919;;9/29/2026 11:26:57 AM;9/29/2026 11:36:25 AM;SEH8BR;SXWEB;46DCA2;A20N;LGAV;EBBR;25L;FLO2H;4.557173027116724;50.90660447425881;194.30999755859375;355.81284
F043-2;9/29/2026 1:50:10 PM +02:00;9/29/2026 1:51:40 PM +02:00;9/29/2026 1:50:38 PM +02:00;90;D;ARR;61.62899;69.78;81.17142;;9/29/2026 11:43:04 AM;9/29/2026 11:52:36 AM;BEL4UG;;44CC42;A20N;LFBO;EBBR;25L;ARVOL9A;4.557164114474738;50.90655054011676;194.30999755859375;352.28235
F043-2;9/29/2026 1:54:47 PM +02:00;9/29/2026 1:55:54 PM +02:00;9/29/2026 1:55:26 PM +02:00;67;D;ARR;61.938652;70.89;80.1994;;9/29/2026 11:48:28 AM;9/29/2026 11:56:33 AM;AUA293;OELXE;4402A3;A320;LOWW;EBBR;25L;FLO2H;4.556876192627718;50.90650453527279;201.92999267578125;358.97363
F043-2;9/29/2026 1:56:53 PM +02:00;9/29/2026 1:57:51 PM +02:00;9/29/2026 1:57:28 PM +02:00;58;D;ARR;60.989113;69.83;78.62339;;9/29/2026 11:50:40 AM;9/29/2026 11:59:17 AM;VLG250G;ECMVD;34560D;A320;LEVC;EBBR;25L;ARVOL9A;4.557233453206086;50.90660670641497;196.21499633789062;361.71786
F043-2;9/29/2026 1:58:44 PM +02:00;9/29/2026 1:59:49 PM +02:00;9/29/2026 1:59:30 PM +02:00;65;D;ARR;61.85246;71.22;79.98159;;9/29/2026 11:52:52 AM;9/29/2026 12:01:29 PM;JAF5KH;OOTMZ;44D1BA;B38M;LGKO;EBBR;25L;FLO2H;4.557091298815524;50.90663033034453;192.40499877929688;363.22037
F043-2;9/29/2026 2:04:12 PM +02:00;9/29/2026 2:05:47 PM +02:00;9/29/2026 2:04:59 PM +02:00;95;D;ARR;61.593647;71.17;81.37088;;9/29/2026 11:54:53 AM;9/29/2026 12:07:05 PM;CSC9605;;781EC1;A333;UUEE;EBBR;25L;WOODY9A;4.557073501551685;50.906616867082725;198.1199951171875;356.0437
F043-2;9/29/2026 2:16:06 PM +02:00;9/29/2026 2:17:00 PM +02:00;9/29/2026 2:16:36 PM +02:00;54;D;ARR;59.694004;68.06;77.017944;;9/29/2026 12:09:52 PM;9/29/2026 12:18:41 PM;BEL9VN;;44CC43;A20N;LGIR;EBBR;25L;FLO2H;4.557173055071442;50.90667976904088;213.36000061035156;366.83954
F043-2;9/29/2026 2:18:46 PM +02:00;9/29/2026 2:19:47 PM +02:00;9/29/2026 2:19:24 PM +02:00;61;D;ARR;61.351;71.83;79.2043;;9/29/2026 12:12:37 PM;9/29/2026 12:21:37 PM;CAI3GV;LYLGA;503E61;A320;LTAI;EBBR;25L;FLO2H;4.557016615650123;50.90654944515451;198.1199951171875;378.83038
F043-2;9/29/2026 2:21:03 PM +02:00;9/29/2026 2:21:48 PM +02:00;9/29/2026 2:21:27 PM +02:00;45;D;ARR;58.640873;66.41;75.173;;9/29/2026 12:14:25 PM;9/29/2026 12:23:21 PM;SWR74D;HBAZD;4B028D;E290;LSZH;EBBR;25L;FLO2H;4.557052179005148;50.906589888742936;205.739990234375;383.19382
F043-2;9/29/2026 2:23:26 PM +02:00;9/29/2026 2:24:33 PM +02:00;9/29/2026 2:23:58 PM +02:00;67;D;ARR;62.539257;71.85;80.8;;9/29/2026 12:15:53 PM;9/29/2026 12:25:01 PM;BEL4SF;YLABH;502D59;BCS3;LFLL;EBBR;25L;ARVOL9A;4.556977493769189;50.90650450855697;190.5;372.16757
F043-2;9/29/2026 2:25:43 PM +02:00;9/29/2026 2:26:55 PM +02:00;9/29/2026 2:26:35 PM +02:00;72;D;ARR;57.038322;64.74;75.61165;;9/29/2026 12:18:01 PM;9/29/2026 12:28:08 PM;IAM3170;;33FCA3;GLF6;LIRA;EBMB;25L;BATTY7A;4.557208552219614;50.90657338053871;195.5800018310547;360.60315
F043-2;9/29/2026 2:30:59 PM +02:00;9/29/2026 2:32:24 PM +02:00;9/29/2026 2:31:31 PM +02:00;85;D;ARR;58.754536;69.67;78.04872;;9/29/2026 12:21:57 PM;9/29/2026 12:32:41 PM;ANE1299;ECMVZ;34604B;CRJX;LEMD;EBBR;25L;ARVOL9A;4.556718022068007;50.90651806326691;205.74000549316406;358.7359
F043-2;9/29/2026 2:33:41 PM +02:00;9/29/2026 2:35:05 PM +02:00;9/29/2026 2:34:37 PM +02:00;84;D;ARR;58.632473;68.08;77.87527;;9/29/2026 12:27:44 PM;9/29/2026 12:36:49 PM;BEL6QG;;44CC44;A20N;LGRP;EBBR;25L;FLO2H;4.556518995448087;50.9065158463106;194.30999755859375;371.9126
F043-2;9/29/2026 2:37:36 PM +02:00;9/29/2026 2:39:01 PM +02:00;9/29/2026 2:38:40 PM +02:00;85;D;ARR;58.758347;68.8;78.052536;;9/29/2026 12:32:24 PM;9/29/2026 12:40:32 PM;BEL3LZ;OOSSW;44CE77;A319;LIML;EBBR;25L;FLO2H;4.556831768073453;50.906536017246346;175.25999450683594;344.6009
F043-2;9/29/2026 2:42:38 PM +02:00;9/29/2026 2:44:19 PM +02:00;9/29/2026 2:43:30 PM +02:00;101;D;ARR;61.554432;70.81;81.59765;;9/29/2026 12:36:28 PM;9/29/2026 12:45:40 PM;RJA141;;74482C;A20N;OJAI;EBBR;25L;FLO2H;4.556504769717255;50.90649899464687;194.30999755859375;371.35147
F043-2;9/29/2026 2:44:47 PM +02:00;9/29/2026 2:46:05 PM +02:00;9/29/2026 2:45:12 PM +02:00;78;D;ARR;60.06006;71.26;78.981;;9/29/2026 12:38:28 PM;9/29/2026 12:47:13 PM;BEL1EV;OOSNH;44CDC8;A320;LIPZ;EBBR;25L;FLO2H;4.556390995221672;50.90642935530488;201.9300079345703;357.76953
F043-2;9/29/2026 2:46:42 PM +02:00;9/29/2026 2:47:37 PM +02:00;9/29/2026 2:47:19 PM +02:00;55;D;ARR;60.916016;70.29;78.31964;;9/29/2026 12:38:57 PM;9/29/2026 12:48:21 PM;TAP64BR;;4952D3;A20N;LPPT;EBBR;25L;ARVOL9A;4.5566824762440605;50.90648434948655;201.92999267578125;369.9771
F043-2;9/29/2026 2:48:03 PM +02:00;9/29/2026 2:49:33 PM +02:00;9/29/2026 2:48:41 PM +02:00;90;D;ARR;61.356117;71.45;80.898544;;9/29/2026 12:41:32 PM;9/29/2026 12:50:24 PM;JAF63N;OOJAF;44A826;B738;LEPA;EBBR;25L;FLO2H;4.556673986968369;50.90654322087658;188.9759979248047;386.91577
F043-2;9/29/2026 2:50:40 PM +02:00;9/29/2026 2:51:44 PM +02:00;9/29/2026 2:51:20 PM +02:00;64;D;ARR;60.49397;69.87;78.55577;;9/29/2026 12:44:36 PM;9/29/2026 12:52:28 PM;CEF08;2801;498422;A319;LKKB;EBBR;25L;FLO2H;4.557043600073648;50.9065125910947;195.07199096679688;349.9764
F043-2;9/29/2026 2:52:36 PM +02:00;9/29/2026 2:53:57 PM +02:00;9/29/2026 2:53:07 PM +02:00;81;D;ARR;58.68277;69.38;77.76762;;9/29/2026 12:45:53 PM;9/29/2026 12:54:57 PM;KLM83V;PHEXL;48548E;E75L;EHAM;EBBR;25L;WOODY9A;4.556810416214194;50.90648658199073;205.74000549316406;353.5413
F043-2;9/29/2026 2:54:57 PM +02:00;9/29/2026 2:55:48 PM +02:00;9/29/2026 2:55:25 PM +02:00;51;D;ARR;61.750607;71.34;78.82631;;9/29/2026 12:46:45 PM;9/29/2026 12:56:33 PM;BAW386;GTTOB;40095D;A320;EGLL;EBBR;25L;KOK9A;4.557030826188424;50.90654045444739;194.30999755859375;374.61404
F043-2;9/29/2026 2:56:30 PM +02:00;9/29/2026 2:57:31 PM +02:00;9/29/2026 2:57:12 PM +02:00;61;D;ARR;61.18793;71.61;79.04123;;9/29/2026 12:50:41 PM;9/29/2026 12:59:13 PM;BEL6UA;OOSSU;44CE75;A319;ESSA;EBBR;25L;WOODY9A;4.55644786501229;50.906429341926646;194.30999755859375;353.48404
F043-2;9/29/2026 2:58:20 PM +02:00;9/29/2026 2:59:27 PM +02:00;9/29/2026 2:59:04 PM +02:00;67;D;ARR;61.562847;71.84;79.82359;;9/29/2026 12:52:12 PM;9/29/2026 1:00:48 PM;BEL9DK;OOTCV;44D076;A320;LDSP;EBBR;25L;FLO2H;4.556540268718337;50.906441693796175;190.5;350.0509
F043-2;9/29/2026 3:00:09 PM +02:00;9/29/2026 3:00:50 PM +02:00;9/29/2026 3:00:34 PM +02:00;41;D;ARR;63.052284;69.83;79.18012;;9/29/2026 12:53:00 PM;9/29/2026 1:02:17 PM;BEL7AD;OOSNF;44CDC6;A320;LEMD;EBBR;25L;ARVOL9A;4.557251279175552;50.90670670623896;188.59500122070312;369.87827
F043-2;9/29/2026 3:02:50 PM +02:00;9/29/2026 3:03:46 PM +02:00;9/29/2026 3:03:28 PM +02:00;56;D;ARR;61.36336;70.51;78.845245;;9/29/2026 12:56:40 PM;9/29/2026 1:05:17 PM;BEL6HF;OOSSB;44CE62;A319;LFMN;EBBR;25L;FLO2H;4.556654031491041;50.906457834442236;196.59600830078125;377.5252
F043-2;9/29/2026 3:05:05 PM +02:00;9/29/2026 3:05:56 PM +02:00;9/29/2026 3:05:38 PM +02:00;51;D;ARR;63.771687;70.81;80.84739;;9/29/2026 12:58:49 PM;9/29/2026 1:07:29 PM;BEL23U;OOSSX;44CE78;A319;EGPH;EBBR;25L;WOODY9A;4.556625572536275;50.906419191564865;186.69000244140625;345.81964
F043-2;9/29/2026 3:06:24 PM +02:00;9/29/2026 3:07:21 PM +02:00;9/29/2026 3:07:03 PM +02:00;57;D;ARR;60.69993;67.82;78.258675;;9/29/2026 1:00:16 PM;9/29/2026 1:08:45 PM;SAS1593;SERUF;4ACAA6;A20N;EKCH;EBBR;25L;FLO2H;4.5566255977660655;50.906466383739726;194.30999755859375;363.91174
F043-2;9/29/2026 3:13:43 PM +02:00;9/29/2026 3:14:43 PM +02:00;9/29/2026 3:14:23 PM +02:00;60;D;ARR;60.79801;71.46;78.57952;;9/29/2026 1:07:05 PM;9/29/2026 1:16:25 PM;JAF11G;;449683;E295;LGRP;EBBR;25L;;4.556556234427272;50.9063630243625;194.30999755859375;359.46664
F043-2;9/29/2026 3:17:01 PM +02:00;9/29/2026 3:18:23 PM +02:00;9/29/2026 3:18:09 PM +02:00;82;D;ARR;61.523228;71.7;80.66137;;9/29/2026 1:11:21 PM;9/29/2026 1:20:13 PM;TAR954;;02A263;A320;DTTA;EBBR;25L;;4.556938381630739;50.90650902737203;190.5;345.67023
F043-2;9/29/2026 3:34:49 PM +02:00;9/29/2026 3:35:51 PM +02:00;9/29/2026 3:35:22 PM +02:00;62;D;ARR;63.02519;74.54;80.949104;;9/29/2026 1:28:09 PM;9/29/2026 1:37:05 PM;JAF12M;PHTFU;485A86;B38M;GCTS;EBBR;25L;ARVOL9A;4.556279107174918;50.90655409670682;194.30999755859375;386.76685
F043-2;9/29/2026 3:37:49 PM +02:00;9/29/2026 3:38:53 PM +02:00;9/29/2026 3:38:16 PM +02:00;64;D;ARR;62.56448;72.1;80.62628;;9/29/2026 1:30:49 PM;9/29/2026 1:40:04 PM;TRA64E;PHHXL;484B6E;B738;GCTS;EBBR;25L;ARVOL9A;4.55678202058487;50.906525898942164;198.1199951171875;361.37607
F043-2;9/29/2026 3:41:17 PM +02:00;9/29/2026 3:42:01 PM +02:00;9/29/2026 3:41:39 PM +02:00;44;D;ARR;63.582832;71.64;80.01736;;9/29/2026 1:34:57 PM;9/29/2026 1:43:33 PM;TKJ22D;;4BBD07;B38M;LTFJ;EBBR;25L;FLO2H;4.557199678777964;50.906587610575876;194.30999755859375;355.55453
F043-2;9/29/2026 3:42:38 PM +02:00;9/29/2026 3:44:08 PM +02:00;9/29/2026 3:43:12 PM +02:00;90;D;ARR;61.293453;71.22;80.83588;;9/29/2026 1:37:01 PM;9/29/2026 1:45:17 PM;BEL4UT;OOSSO;44CE6F;A319;LPFR;EBBR;25L;;4.557089481903127;50.90656966086935;201.9300079345703;360.67233
F043-2;9/29/2026 4:09:06 PM +02:00;9/29/2026 4:10:12 PM +02:00;9/29/2026 4:09:53 PM +02:00;66;D;ARR;60.020782;69.54;78.216225;;9/29/2026 2:02:44 PM;9/29/2026 2:11:56 PM;BEL8HR;OOSBA;44CC41;A20N;LPPR;EBBR;25L;;4.557240580178246;50.90663479303657;198.1199951171875;375.5815
F043-2;9/29/2026 4:11:17 PM +02:00;9/29/2026 4:12:17 PM +02:00;9/29/2026 4:11:52 PM +02:00;60;D;ARR;62.22659;71.05;80.0081;;9/29/2026 2:05:28 PM;9/29/2026 2:13:44 PM;BEL3HE;OOSSR;44CE72;A319;LPPT;EBBR;25L;ARVOL9A;4.556319890671508;50.90641477273202;182.8800048828125;351.25702
F043-2;9/29/2026 4:21:29 PM +02:00;9/29/2026 4:22:36 PM +02:00;9/29/2026 4:21:57 PM +02:00;67;D;ARR;63.136696;72.18;81.397446;;9/29/2026 2:14:45 PM;9/29/2026 2:23:45 PM;TRA264K;PHHXE;48520D;B738;GMMX;EBBR;25L;;4.55715171044604;50.906610091879514;198.1199951171875;368.06976
F043-2;9/29/2026 4:23:01 PM +02:00;9/29/2026 4:23:38 PM +02:00;9/29/2026 4:23:25 PM +02:00;37;D;ARR;57.45865;63.99;73.14066;;9/29/2026 2:15:40 PM;9/29/2026 2:24:57 PM;;DCSUS;3CF1A2;PC24;EDDK;EBBR;25L;LNO6A;4.556078066839875;50.90615414027851;190.5;340.58008
F043-2;9/29/2026 4:24:12 PM +02:00;9/29/2026 4:25:15 PM +02:00;9/29/2026 4:24:52 PM +02:00;63;D;ARR;66.408905;75.33;84.40231;;9/29/2026 2:16:52 PM;9/29/2026 2:27:01 PM;UAE56W;A6ENA;896318;B77W;OMDB;EBBR;25L;FLO2H;4.556691368070656;50.906491086615524;194.30999755859375;356.2314
F043-2;9/29/2026 4:26:06 PM +02:00;9/29/2026 4:27:22 PM +02:00;9/29/2026 4:26:57 PM +02:00;76;D;ARR;60.280724;71.09;79.08886;;9/29/2026 2:18:44 PM;9/29/2026 2:28:57 PM;SXS8GR;TCSOI;4BCDE9;B38M;LTAI;EBBR;25L;BATTY7A;4.557308117568552;50.906679739855036;198.1199951171875;357.43878
F043-2;9/29/2026 4:28:00 PM +02:00;9/29/2026 4:29:09 PM +02:00;9/29/2026 4:28:46 PM +02:00;69;D;ARR;61.016407;70.07;79.4049;;9/29/2026 2:21:32 PM;9/29/2026 2:30:53 PM;AUA295;OELXB;44022B;A320;LOWW;EBBR;25L;BATTY7A;4.556858380226103;50.90642251110711;198.1199951171875;350.5535
F043-2;9/29/2026 4:33:34 PM +02:00;9/29/2026 4:34:27 PM +02:00;9/29/2026 4:33:59 PM +02:00;53;D;ARR;61.66912;69.86;78.91188;;9/29/2026 2:25:49 PM;9/29/2026 2:35:49 PM;VLG7SN;;34768E;A320;LEMG;EBBR;25L;;4.556490447817207;50.90632484655751;198.1199951171875;344.56213
F043-2;9/29/2026 4:37:16 PM +02:00;9/29/2026 4:38:22 PM +02:00;9/29/2026 4:37:50 PM +02:00;66;D;ARR;56.883415;65.35;75.07886;;9/29/2026 2:27:28 PM;9/29/2026 2:40:21 PM;AAB83E;OOELK;44958B;FA8X;LEMG;EBBR;25L;;4.557279656692288;50.90659658093258;190.5;368.31622
F043-2;9/29/2026 4:40:47 PM +02:00;9/29/2026 4:41:41 PM +02:00;9/29/2026 4:41:21 PM +02:00;54;D;ARR;58.858784;66.21;76.182724;;9/29/2026 2:34:16 PM;9/29/2026 2:43:36 PM;SIO624;IJAMI;300473;FA7X;LIPR;EBBR;25L;FLO2H;4.556959654359926;50.90641014324082;190.5;335.99622
F043-2;9/29/2026 4:50:09 PM +02:00;9/29/2026 4:50:52 PM +02:00;9/29/2026 4:50:32 PM +02:00;43;D;ARR;56.87862;62.42;73.2133;;9/29/2026 2:43:40 PM;9/29/2026 2:52:33 PM;VJH724;DAIRG;3C6647;E35L;LSZH;EBBR;25L;;4.556696644432158;50.906383215522084;194.30999755859375;361.8489
F043-2;9/29/2026 4:53:20 PM +02:00;9/29/2026 4:55:01 PM +02:00;9/29/2026 4:54:19 PM +02:00;101;D;ARR;60.188442;70.32;80.23166;;9/29/2026 2:46:44 PM;9/29/2026 2:56:01 PM;RYR5236;9HQDB;4D222D;B738;LIRP;EBBR;25L;FLO2H;4.557235222868019;50.906590974952294;194.30999755859375;352.88876
F043-2;9/29/2026 4:55:31 PM +02:00;9/29/2026 4:56:23 PM +02:00;9/29/2026 4:56:04 PM +02:00;52;D;ARR;63.560287;72.68;80.72032;;9/29/2026 2:46:00 PM;9/29/2026 2:58:01 PM;RYR87CX;EIDPV;4CA4F8;B738;LEBL;EBBR;25L;;4.5572920787489295;50.9065707385768;194.30999755859375;348.58267
F043-2;9/29/2026 4:58:07 PM +02:00;9/29/2026 4:58:53 PM +02:00;9/29/2026 4:58:41 PM +02:00;46;D;ARR;61.125465;68.35;77.753044;;9/29/2026 2:51:33 PM;9/29/2026 2:59:45 PM;BEL9SW;;44CE79;A319;EDDM;EBBR;25L;;4.5566966727141915;50.90647312251656;190.5;348.50192
F043-2;9/29/2026 4:59:43 PM +02:00;9/29/2026 5:00:53 PM +02:00;9/29/2026 5:00:28 PM +02:00;70;D;ARR;60.148067;71.86;78.599045;;9/29/2026 2:53:57 PM;9/29/2026 3:02:17 PM;BEL9BP;OOSSL;44CE6C;A319;EDDM;EBBR;25L;BATTY7A;4.557087735474529;50.90662696625391;201.9300079345703;365.921
F043-2;9/29/2026 5:10:50 PM +02:00;9/29/2026 5:11:52 PM +02:00;9/29/2026 5:11:27 PM +02:00;62;D;ARR;59.44015;67.88;77.36407;;9/29/2026 3:04:32 PM;9/29/2026 3:12:29 PM;BEL5EF;;502D7C;BCS3;EDDF;EBBR;25L;FLO2H;4.556860183053874;50.90650005498883;198.1199951171875;350.0683
F043-2;9/29/2026 5:21:57 PM +02:00;9/29/2026 5:23:12 PM +02:00;9/29/2026 5:22:43 PM +02:00;75;D;ARR;61.29598;71.25;80.04659;;9/29/2026 3:15:08 PM;9/29/2026 3:24:44 PM;LBT384;9HMMO;4D23BB;A320;DTTJ;EBBR;25L;;4.556867305939508;50.906527020632375;198.1199951171875;352.3706
F043-2;9/29/2026 5:25:20 PM +02:00;9/29/2026 5:26:30 PM +02:00;9/29/2026 5:26:11 PM +02:00;70;D;ARR;58.0517;67.6;76.50268;;9/29/2026 3:17:41 PM;9/29/2026 3:27:17 PM;TVS4345;;49D5D6;BCS3;LEZL;EBBR;25L;ARVOL9A;4.55703790341158;50.90651350060743;190.5;343.78687
F043-2;9/29/2026 5:28:06 PM +02:00;9/29/2026 5:29:11 PM +02:00;9/29/2026 5:28:33 PM +02:00;65;D;ARR;61.217834;69.15;79.34697;;9/29/2026 3:20:33 PM;9/29/2026 3:30:28 PM;MAC115B;CNNMJ;020124;A320;GMMW;EBBR;25L;ARVOL9A;4.55650475013759;50.90645292062779;190.5;365.5145
F043-2;9/29/2026 5:32:20 PM +02:00;9/29/2026 5:33:16 PM +02:00;9/29/2026 5:32:44 PM +02:00;56;D;ARR;61.96918;70.49;79.451065;;9/29/2026 3:25:45 PM;9/29/2026 3:34:24 PM;AEA36NR;;348609;B38M;LEMD;EBBR;25L;ARVOL9A;4.556782043879543;50.90657084521006;186.69000244140625;359.57507
F043-2;9/29/2026 5:34:50 PM +02:00;9/29/2026 5:36:03 PM +02:00;9/29/2026 5:35:14 PM +02:00;73;D;ARR;54.028877;61.55;72.66211;;9/29/2026 3:26:32 PM;9/29/2026 3:36:40 PM;AAB42N;OONSG;44BA67;C25C;EDDP;EBBR;25L;FLO2H;4.555776067779877;50.90634970421678;182.8800048828125;356.61252
F043-2;9/29/2026 5:38:26 PM +02:00;9/29/2026 5:39:21 PM +02:00;9/29/2026 5:39:03 PM +02:00;55;D;ARR;62.54044;71.8;79.94407;;9/29/2026 3:30:32 PM;9/29/2026 3:40:44 PM;RAM832B;CNMAX;020139;B38M;GMMN;EBBR;25L;ARVOL9A;4.556966839766516;50.90655396655868;190.5;349.20364
F043-2;9/29/2026 5:42:30 PM +02:00;9/29/2026 5:43:20 PM +02:00;9/29/2026 5:42:58 PM +02:00;50;D;ARR;63.21424;71.09;80.20394;;9/29/2026 3:36:16 PM;9/29/2026 3:44:56 PM;BEL2WM;OOSSA;44CE61;A319;LIPE;EBBR;25L;FLO2H;4.557037920280215;50.906544962290184;190.5;346.7434
F043-2;9/29/2026 5:45:17 PM +02:00;9/29/2026 5:46:40 PM +02:00;9/29/2026 5:46:08 PM +02:00;83;D;ARR;59.735905;70.09;78.92669;;9/29/2026 3:39:36 PM;9/29/2026 3:47:16 PM;BEL1VC;OOSNK;44CDCB;A320;LGAV;EBBR;25L;;4.556513641493018;50.90646865277396;184.78500366210938;352.4012
F043-2;9/29/2026 5:53:15 PM +02:00;9/29/2026 5:53:54 PM +02:00;9/29/2026 5:53:40 PM +02:00;39;D;ARR;55.162457;61.17;71.073105;;9/29/2026 3:47:16 PM;9/29/2026 3:55:40 PM;JNJ605;OYJJS;45A953;HA4T;LUKK;EBBR;25L;;4.556597137968954;50.90642369438948;194.30999755859375;359.45386
F043-2;9/29/2026 5:57:06 PM +02:00;9/29/2026 5:58:11 PM +02:00;9/29/2026 5:57:49 PM +02:00;65;D;ARR;61.32167;70.01;79.450806;;9/29/2026 3:51:20 PM;9/29/2026 3:58:57 PM;BEL6VF;OOSNN;44CDCE;A320;LFMN;EBBR;25L;;4.556419436917433;50.906425969974364;190.5;368.23898
F043-2;9/29/2026 6:01:11 PM +02:00;9/29/2026 6:02:28 PM +02:00;9/29/2026 6:01:54 PM +02:00;77;D;ARR;63.152794;72.42;82.0177;;9/29/2026 3:54:04 PM;9/29/2026 4:04:01 PM;RWD700;;06E02B;A332;HRYR;EBBR;25L;FLO2H;4.55660436850883;50.906675395693185;160.02000427246094;358.4176
F043-2;9/29/2026 6:09:11 PM +02:00;9/29/2026 6:10:08 PM +02:00;9/29/2026 6:09:50 PM +02:00;57;D;ARR;56.30045;63.77;73.8592;;9/29/2026 4:02:48 PM;9/29/2026 4:12:04 PM;PNC1VL;YUSVL;4C4AAB;C56X;LSZH;EBBR;25L;FLO2H;4.556957356834734;50.90651799963359;195.5800018310547;360.8126
F043-2;9/29/2026 6:11:02 PM +02:00;9/29/2026 6:11:46 PM +02:00;9/29/2026 6:11:35 PM +02:00;44;D;ARR;62.66656;70.62;79.10109;;9/29/2026 4:03:37 PM;9/29/2026 4:13:25 PM;BEL5HH;;44CDD1;A320;LEIB;EBBR;25L;ARVOL9A;4.556476305586468;50.90643944742527;184.78500366210938;365.06696
F043-2;9/29/2026 6:12:30 PM +02:00;9/29/2026 6:13:36 PM +02:00;9/29/2026 6:13:12 PM +02:00;66;D;ARR;58.999187;67.62;77.194626;;9/29/2026 4:05:57 PM;9/29/2026 4:15:00 PM;VLG79RM;;347601;A320;LEBL;EBBR;25L;ARVOL9A;4.5565473536076695;50.90639674704006;182.8800048828125;342.625
F043-2;9/29/2026 6:14:34 PM +02:00;9/29/2026 6:15:38 PM +02:00;9/29/2026 6:14:57 PM +02:00;64;D;ARR;61.112286;70.02;79.17409;;9/29/2026 4:06:28 PM;9/29/2026 4:17:00 PM;BEL2CA;OOSSJ;44CE6A;A319;LSGG;EBBR;25L;FLO2H;4.556906392457308;50.90647531091405;190.5;369.1827
F043-2;9/29/2026 6:16:13 PM +02:00;9/29/2026 6:17:02 PM +02:00;9/29/2026 6:16:38 PM +02:00;49;D;ARR;60.83308;68.06;77.73504;;9/29/2026 4:09:49 PM;9/29/2026 4:18:36 PM;SAS64U;;4CAD92;A20N;ESSA;EBBR;25L;FLO2H;4.556909953965157;50.90649666202014;186.69000244140625;349.41687
F043-2;9/29/2026 6:17:20 PM +02:00;9/29/2026 6:18:36 PM +02:00;9/29/2026 6:18:03 PM +02:00;76;D;ARR;58.481663;68.35;77.289795;;9/29/2026 4:11:17 PM;9/29/2026 4:19:56 PM;BEL2YK;YLABE;502D46;BCS3;LEMG;EBBR;25L;ARVOL9A;4.556440761253872;50.906464187294844;190.5;355.00635
F043-2;9/29/2026 6:19:17 PM +02:00;9/29/2026 6:20:40 PM +02:00;9/29/2026 6:19:51 PM +02:00;83;D;ARR;61.22904;71.65;80.41982;;9/29/2026 4:12:53 PM;9/29/2026 4:20:57 PM;FIN2PG;OHLXI;461F6A;A320;EFHK;EBBR;25L;FLO2H;4.556854500170256;50.906480267580804;185.92800903320312;351.30118
F043-2;9/29/2026 6:21:02 PM +02:00;9/29/2026 6:22:14 PM +02:00;9/29/2026 6:21:50 PM +02:00;72;D;ARR;58.083675;66.75;76.657;;9/29/2026 4:14:48 PM;9/29/2026 4:24:00 PM;SWR8QE;HBJCQ;4B1808;BCS3;LSZH;EBBR;25L;FLO2H;4.556554490477487;50.906450679860605;190.5;350.4448
F043-2;9/29/2026 6:23:41 PM +02:00;9/29/2026 6:24:59 PM +02:00;9/29/2026 6:24:28 PM +02:00;78;D;ARR;59.42225;68.39;78.34319;;9/29/2026 4:18:13 PM;9/29/2026 4:26:33 PM;SAS1595;SEROA;4AC9E1;A20N;EKCH;EBBR;25L;FLO2H;4.556739346483803;50.90647983928246;190.5;371.81387
F043-2;9/29/2026 6:26:14 PM +02:00;9/29/2026 6:27:30 PM +02:00;9/29/2026 6:27:10 PM +02:00;76;D;ARR;60.056557;70.61;78.86469;;9/29/2026 4:20:48 PM;9/29/2026 4:28:52 PM;LOT3ML;;48E95E;B38M;EPWA;EBBR;25L;FLO2H;4.557233442757144;50.90657973609194;186.69000244140625;350.74872
F043-2;9/29/2026 6:29:01 PM +02:00;9/29/2026 6:30:21 PM +02:00;9/29/2026 6:29:38 PM +02:00;80;D;ARR;58.646473;67.45;77.677376;;9/29/2026 4:23:16 PM;9/29/2026 4:31:44 PM;ITY160;;4CADAC;A20N;LIRF;EBBR;25L;BATTY7A;4.557304469386205;50.90648196974608;194.30999755859375;340.61288
F043-2;9/29/2026 6:38:06 PM +02:00;9/29/2026 6:38:59 PM +02:00;9/29/2026 6:38:33 PM +02:00;53;D;ARR;60.524624;67.6;77.76738;;9/29/2026 4:31:48 PM;9/29/2026 4:40:20 PM;ROT373D;;4A08EF;B38M;LROP;EBBR;25L;FLO2H;4.556908190969081;50.90651913374304;186.69000244140625;353.3855
F043-2;9/29/2026 6:43:13 PM +02:00;9/29/2026 6:44:22 PM +02:00;9/29/2026 6:43:54 PM +02:00;69;D;ARR;62.07984;71.01;80.46833;;9/29/2026 4:36:21 PM;9/29/2026 4:45:36 PM;JAF6YV;OOJAQ;44A831;B738;GMFO;EBBR;25L;ARVOL9A;4.556771322230043;50.906458483817694;194.30999755859375;360.77945
F043-2;9/29/2026 6:45:20 PM +02:00;9/29/2026 6:46:30 PM +02:00;9/29/2026 6:45:47 PM +02:00;70;D;ARR;61.965485;71.78;80.416466;;9/29/2026 4:39:09 PM;9/29/2026 4:47:41 PM;VLG7QT;ECKJD;342592;A320;LEBB;EBBR;25L;;4.557194324957614;50.9065763903449;198.1199951171875;349.7435
F043-2;9/29/2026 6:49:42 PM +02:00;9/29/2026 6:50:51 PM +02:00;9/29/2026 6:50:20 PM +02:00;69;D;ARR;59.712692;69.75;78.10118;;9/29/2026 4:38:20 PM;9/29/2026 4:52:33 PM;BAW9LL;GEUPG;400877;A319;EGLL;EBBR;25L;;4.557016573225742;50.90647978388092;201.9300079345703;353.06952
F043-2;9/29/2026 6:51:11 PM +02:00;9/29/2026 6:52:09 PM +02:00;9/29/2026 6:51:47 PM +02:00;58;D;ARR;62.698757;70.3;80.33304;;9/29/2026 4:41:24 PM;9/29/2026 4:52:57 PM;IBE06KA;ECLVD;344449;A320;LEMD;EBBR;25L;ARVOL9A;4.556938391231723;50.9065270054765;198.1199951171875;350.67172
F043-2;9/29/2026 6:52:52 PM +02:00;9/29/2026 6:53:43 PM +02:00;9/29/2026 6:53:28 PM +02:00;51;D;ARR;63.440544;71.48;80.51624;;9/29/2026 4:45:32 PM;9/29/2026 4:55:21 PM;AUA297W;OELBO;44001B;A320;LOWW;EBBR;25L;FLO2H;4.5569846157110545;50.90653934467174;205.74000549316406;362.26456
F043-2;9/29/2026 6:54:17 PM +02:00;9/29/2026 6:55:42 PM +02:00;9/29/2026 6:55:06 PM +02:00;85;D;ARR;61.35597;73.32;80.650154;;9/29/2026 4:45:32 PM;9/29/2026 4:57:01 PM;BEL5DP;OOSNI;44CDC9;A320;LEBB;EBBR;25L;ARVOL9A;4.557149911912358;50.90658425611538;201.9300079345703;362.32065
F043-2;9/29/2026 6:57:21 PM +02:00;9/29/2026 6:58:46 PM +02:00;9/29/2026 6:58:20 PM +02:00;85;D;ARR;60.21849;70.02;79.51268;;9/29/2026 4:51:20 PM;9/29/2026 5:00:12 PM;KMM420;9HNEO;4D21A2;A20N;LMML;EBBR;25L;FLO2H;4.556646952788316;50.9065236849741;201.9300079345703;361.95798
F043-2;9/29/2026 6:59:26 PM +02:00;9/29/2026 7:00:20 PM +02:00;9/29/2026 6:59:54 PM +02:00;54;D;ARR;62.577705;69.15;79.90164;;9/29/2026 4:51:53 PM;9/29/2026 5:01:17 PM;RAM830F;CNRGR;020113;E190;GMME;EBBR;25L;ARVOL9A;4.556730409964023;50.906395573193365;194.30999755859375;354.4709
F043-2;9/29/2026 7:00:54 PM +02:00;9/29/2026 7:02:10 PM +02:00;9/29/2026 7:01:23 PM +02:00;76;E;ARR;62.646336;72.28;81.45447;;9/29/2026 4:54:21 PM;9/29/2026 5:03:08 PM;JAF1KW;OOJAX;44A838;B738;HESH;EBBR;25L;BATTY7A;4.556504700192846;50.90639226147003;198.1199951171875;350.0243
F043-2;9/29/2026 7:03:00 PM +02:00;9/29/2026 7:04:48 PM +02:00;9/29/2026 7:04:07 PM +02:00;108;E;ARR;59.140896;69.4;79.475136;;9/29/2026 4:57:20 PM;9/29/2026 5:05:16 PM;AEE6TH;SXNAK;46B82B;A21N;LGAV;EBBR;25L;FLO2H;4.55728674567055;50.90659434847987;198.1199951171875;349.66864
F043-2;9/29/2026 7:15:15 PM +02:00;9/29/2026 7:16:27 PM +02:00;9/29/2026 7:15:59 PM +02:00;72;E;ARR;64.021835;73.17;82.59516;;9/29/2026 5:08:17 PM;9/29/2026 5:17:04 PM;RYR83SZ;EIEFD;4CA75F;B738;EIDW;EBBR;25L;;4.557087734250305;50.9066101056516;198.1199951171875;380.1374
F043-2;9/29/2026 7:17:08 PM +02:00;9/29/2026 7:18:19 PM +02:00;9/29/2026 7:18:04 PM +02:00;71;E;ARR;58.147427;66.23;76.66001;;9/29/2026 5:10:32 PM;9/29/2026 5:20:00 PM;ITY154;;4CAE11;BCS1;LIML;EBBR;25L;FLO2H;4.557075286018561;50.906605618696446;194.30999755859375;358.6227
F043-2;9/29/2026 7:19:47 PM +02:00;9/29/2026 7:20:57 PM +02:00;9/29/2026 7:20:30 PM +02:00;70;E;ARR;65.949936;75.07;84.40092;;9/29/2026 5:13:16 PM;9/29/2026 5:22:28 PM;UAE181;A6EGE;89644C;B77W;OMDB;EBBR;25L;FLO2H;4.5566149205923745;50.90643042536611;186.69000244140625;361.3423
F043-2;9/29/2026 7:31:19 PM +02:00;9/29/2026 7:32:51 PM +02:00;9/29/2026 7:32:03 PM +02:00;92;E;ARR;60.463814;70.57;80.10169;;9/29/2026 5:23:16 PM;9/29/2026 5:33:56 PM;MAC147C;;02019C;A320;GMTT;EBBR;25L;;4.556803341112989;50.90654950686627;190.5;352.7391
F043-2;9/29/2026 7:35:33 PM +02:00;9/29/2026 7:37:23 PM +02:00;9/29/2026 7:36:25 PM +02:00;110;E;ARR;59.164314;68.67;79.57824;;9/29/2026 5:30:05 PM;9/29/2026 5:37:36 PM;BEL7AM;;44CC44;A20N;LOWW;EBBR;25L;;4.556966827672408;50.90649776933791;190.5;371.84024
F043-2;9/29/2026 7:38:07 PM +02:00;9/29/2026 7:39:09 PM +02:00;9/29/2026 7:38:51 PM +02:00;62;E;ARR;61.036198;69.05;78.96011;;9/29/2026 5:30:37 PM;9/29/2026 5:40:44 PM;BEL2ZH;OOSSV;44CE76;A319;ESSA;EBBR;25L;WOODY9A;4.556557990335158;50.90631582876694;194.30999755859375;351.3162
F043-2;9/29/2026 7:39:39 PM +02:00;9/29/2026 7:40:51 PM +02:00;9/29/2026 7:40:30 PM +02:00;72;E;ARR;62.099827;70.39;80.67315;;9/29/2026 5:32:52 PM;9/29/2026 5:41:40 PM;BEL3CQ;OOSSX;44CE78;A319;EDDM;EBBR;25L;FLO2H;4.557123251679969;50.9065988782864;198.1199951171875;353.3068
F043-2;9/29/2026 7:41:29 PM +02:00;9/29/2026 7:42:18 PM +02:00;9/29/2026 7:41:48 PM +02:00;49;E;ARR;63.16255;70;80.064514;;9/29/2026 5:34:24 PM;9/29/2026 5:43:56 PM;BEL8MN;OOSSW;44CE77;A319;EKCH;EBBR;25L;FLO2H;4.556698425510454;50.9064023217509;194.30999755859375;345.9836
F043-2;9/29/2026 7:42:47 PM +02:00;9/29/2026 7:43:42 PM +02:00;9/29/2026 7:43:18 PM +02:00;55;E;ARR;59.978027;68.28;77.38165;;9/29/2026 5:36:40 PM;9/29/2026 5:45:25 PM;LZB407;;452121;BCS3;LBSF;EBBR;25L;FLO2H;4.556440702442734;50.906351824138625;190.5;345.0734
F043-2;9/29/2026 7:44:51 PM +02:00;9/29/2026 7:45:44 PM +02:00;9/29/2026 7:45:25 PM +02:00;53;E;ARR;61.929344;68.81;79.172104;;9/29/2026 5:35:53 PM;9/29/2026 5:47:25 PM;BEL7TA;OOSSU;44CE75;A319;ESGG;EBBR;25L;BEKEM9A;4.557059224169461;50.90650450698187;198.1199951171875;345.83838
F043-2;9/29/2026 7:47:22 PM +02:00;9/29/2026 7:48:21 PM +02:00;9/29/2026 7:47:50 PM +02:00;59;E;ARR;63.63311;72.41;81.34163;;9/29/2026 5:40:28 PM;9/29/2026 5:49:48 PM;BEL4WF;OOSNM;44CDCD;A320;LHBP;EBBR;25L;FLO2H;4.557366699285064;50.9065370140678;192.40499877929688;343.0486
F043-2;9/29/2026 7:48:44 PM +02:00;9/29/2026 7:49:36 PM +02:00;9/29/2026 7:49:20 PM +02:00;52;E;ARR;63.44817;71.98;80.6082;;9/29/2026 5:39:49 PM;9/29/2026 5:51:16 PM;SAS69X;;4ACA70;E195;EKCH;EBBR;25L;WOODY9A;4.557121378652306;50.90639549043875;192.40499877929688;337.34644
F043-2;9/29/2026 7:50:15 PM +02:00;9/29/2026 7:51:15 PM +02:00;9/29/2026 7:50:46 PM +02:00;60;E;ARR;61.94096;70.77;79.72247;;9/29/2026 5:41:53 PM;9/29/2026 5:53:01 PM;BEL93B;OOSSO;44CE6F;A319;EGLL;EBBR;25L;KERKY2H;4.556568657853235;50.90635629181964;190.5;341.60495
F043-2;9/29/2026 7:51:35 PM +02:00;9/29/2026 7:52:46 PM +02:00;9/29/2026 7:52:09 PM +02:00;71;E;ARR;58.97378;67.33;77.48637;;9/29/2026 5:45:00 PM;9/29/2026 5:54:13 PM;CTN4456;;501C38;BCS3;LDZA;EBBR;25L;FLO2H;4.556450682884885;50.906384173036194;193.54800415039062;358.99896
F043-2;9/29/2026 7:54:11 PM +02:00;9/29/2026 7:54:51 PM +02:00;9/29/2026 7:54:38 PM +02:00;40;E;ARR;62.895367;69.48;78.91597;;9/29/2026 5:46:41 PM;9/29/2026 5:56:17 PM;BEL3JZ;OOSNH;44CDC8;A320;EDDB;EBBR;25L;FLO2H;4.5571602035135035;50.90654941874421;195.07199096679688;354.9906
F043-2;9/29/2026 7:55:57 PM +02:00;9/29/2026 7:57:03 PM +02:00;9/29/2026 7:56:34 PM +02:00;66;E;ARR;61.093033;69.94;79.288475;;9/29/2026 5:48:56 PM;9/29/2026 5:58:25 PM;BEL9PY;OOSNJ;44CDCA;A320;EPWA;EBBR;25L;FLO2H;4.556968636187397;50.90656631503758;194.30999755859375;358.94623
F043-2;9/29/2026 7:57:24 PM +02:00;9/29/2026 7:58:17 PM +02:00;9/29/2026 7:57:56 PM +02:00;53;E;ARR;61.863766;70.09;79.10652;;9/29/2026 5:46:01 PM;9/29/2026 6:00:16 PM;MAC111;;020176;A320;GMMN;EBBR;25L;ARVOL9A;4.556757122114633;50.90649781753414;194.30999755859375;355.0536
F043-2;9/29/2026 7:59:03 PM +02:00;9/29/2026 7:59:47 PM +02:00;9/29/2026 7:59:27 PM +02:00;44;E;ARR;62.25867;69.03;78.6932;;9/29/2026 5:51:48 PM;9/29/2026 6:01:40 PM;BEL1BT;OOSSB;44CE62;A319;LIML;EBBR;25L;FLO2H;4.557045050506619;50.90658541150084;198.1199951171875;353.69946
F043-2;9/29/2026 8:00:39 PM +02:00;9/29/2026 8:01:24 PM +02:00;9/29/2026 8:01:01 PM +02:00;45;E;ARR;61.035484;68.38;77.56761;;9/29/2026 5:53:40 PM;9/29/2026 6:02:09 PM;BEL6HI;YLABH;502D59;BCS3;LJLJ;EBBR;25L;FLO2H;4.55726898085589;50.906574111488844;194.30999755859375;368.42813
F043-2;9/29/2026 8:02:44 PM +02:00;9/29/2026 8:04:02 PM +02:00;9/29/2026 8:03:39 PM +02:00;78;E;ARR;63.767323;72.79;82.68827;;9/29/2026 5:56:24 PM;9/29/2026 6:05:32 PM;THY1HZ;TCJNT;4BA9D4;A333;LTFM;EBBR;25L;BATTY7A;4.556977484523979;50.90648653045142;194.30999755859375;373.03906
F043-2;9/29/2026 8:05:21 PM +02:00;9/29/2026 8:06:32 PM +02:00;9/29/2026 8:06:03 PM +02:00;71;E;ARR;56.05401;66.3;74.56659;;9/29/2026 5:59:45 PM;9/29/2026 6:07:04 PM;;FHGLG;399966;LJ75;LFLC;EBBR;25L;ARVOL9A;4.556582952655851;50.90648324954102;201.9300079345703;358.44238
F043-2;9/29/2026 8:14:05 PM +02:00;9/29/2026 8:15:31 PM +02:00;9/29/2026 8:14:52 PM +02:00;86;E;ARR;61.270634;70.55;80.615616;;9/29/2026 6:07:44 PM;9/29/2026 6:17:01 PM;EJU79BG;OELQM;440589;A319;LIRF;EBBR;25L;;4.5569419827003195;50.90657531065843;196.21499633789062;359.14966
F043-2;9/29/2026 8:16:00 PM +02:00;9/29/2026 8:16:54 PM +02:00;9/29/2026 8:16:31 PM +02:00;54;E;ARR;62.73018;70.25;80.054115;;9/29/2026 6:08:28 PM;9/29/2026 6:18:29 PM;BEL7LW;OOSNL;44CDCC;A320;LPPR;EBBR;25L;;4.5564833730493;50.90635629420546;198.1199951171875;359.2468
F043-2;9/29/2026 8:17:17 PM +02:00;9/29/2026 8:18:25 PM +02:00;9/29/2026 8:17:56 PM +02:00;68;E;ARR;60.284046;70.45;78.60914;;9/29/2026 6:10:04 PM;9/29/2026 6:20:01 PM;BEL3SG;;44CC47;A20N;LIRF;EBBR;25L;FLO2H;4.556998855798093;50.906579791157036;201.9300079345703;363.88663
F043-2;9/29/2026 8:19:02 PM +02:00;9/29/2026 8:20:07 PM +02:00;9/29/2026 8:19:48 PM +02:00;65;E;ARR;61.965096;70.45;80.09423;;9/29/2026 6:12:08 PM;9/29/2026 6:21:53 PM;BEL2KP;OOSSR;44CE72;A319;LKPR;EBBR;25L;BATTY7A;4.556524296309034;50.906464161539915;186.69000244140625;360.49
F043-2;9/29/2026 8:20:50 PM +02:00;9/29/2026 8:21:38 PM +02:00;9/29/2026 8:21:15 PM +02:00;48;E;ARR;61.195843;68.23;78.008255;;9/29/2026 6:13:29 PM;9/29/2026 6:23:17 PM;VLG56EE;ECNCS;34610F;A20N;LEAL;EBBR;25L;;4.556454853541529;50.90622597442432;198.1199951171875;337.15958
F043-2;9/29/2026 8:23:14 PM +02:00;9/29/2026 8:24:04 PM +02:00;9/29/2026 8:23:37 PM +02:00;50;E;ARR;51.841736;58.73;68.831436;;9/29/2026 6:14:09 PM;9/29/2026 6:25:33 PM;;DIBEC;3E1A56;DA62;EDQG;EBBR;25L;FLO2H;4.556693213636685;50.90662592536527;205.74000549316406;384.4602
F043-2;9/29/2026 8:25:36 PM +02:00;9/29/2026 8:27:01 PM +02:00;9/29/2026 8:26:29 PM +02:00;85;E;ARR;60.28391;69.74;79.578094;;9/29/2026 6:17:49 PM;9/29/2026 6:28:25 PM;BEL9CJ;;44CE79;A319;EDDF;EBBR;25L;FLO2H;4.556988098025903;50.90642811526614;190.5;336.97675
F043-2;9/29/2026 8:27:33 PM +02:00;9/29/2026 8:29:01 PM +02:00;9/29/2026 8:28:08 PM +02:00;88;E;ARR;60.953793;70.34;80.39862;;9/29/2026 6:19:53 PM;9/29/2026 6:30:24 PM;EJU86EN;OEICI;44046D;A320;LFMN;EBBR;25L;BATTY7A;4.556748228160727;50.906484337336835;188.59500122070312;350.90417
F043-2;9/29/2026 8:33:54 PM +02:00;9/29/2026 8:35:50 PM +02:00;9/29/2026 8:35:08 PM +02:00;116;E;ARR;59.95328;69.7;80.59786;;9/29/2026 6:27:13 PM;9/29/2026 6:37:00 PM;BEL74C;OOSSF;44CE66;A319;LEBL;EBBR;25L;KERKY2H;4.557219228945267;50.906601095451194;192.40499877929688;352.24432
F043-2;9/29/2026 8:36:36 PM +02:00;9/29/2026 8:37:54 PM +02:00;9/29/2026 8:37:28 PM +02:00;78;E;ARR;61.898598;71.45;80.81954;;9/29/2026 6:30:28 PM;9/29/2026 6:39:21 PM;JAF94C;OOTNB;44D1C2;B738;LGZA;EBBR;25L;BATTY7A;4.556703802284014;50.906475350593375;186.69000244140625;367.85367
F043-2;9/29/2026 8:38:33 PM +02:00;9/29/2026 8:39:36 PM +02:00;9/29/2026 8:39:01 PM +02:00;63;E;ARR;61.565304;69.79;79.55871;;9/29/2026 6:31:36 PM;9/29/2026 6:41:13 PM;VLG6814;ECMKX;345205;A319;LIRQ;EBBR;25L;FLO2H;4.556435087531403;50.90645608359574;185.92800903320312;373.76138
F043-2;9/29/2026 8:40:33 PM +02:00;9/29/2026 8:41:42 PM +02:00;9/29/2026 8:41:15 PM +02:00;69;E;ARR;61.982613;70.77;80.3711;;9/29/2026 6:33:09 PM;9/29/2026 6:42:21 PM;TAP44BR;CSTTP;495290;A319;LPPT;EBBR;25L;ARVOL9A;4.55649052381897;50.90644169188968;190.5;363.43185
F043-2;9/29/2026 8:47:02 PM +02:00;9/29/2026 8:48:04 PM +02:00;9/29/2026 8:47:43 PM +02:00;62;E;ARR;61.90167;70.98;79.825584;;9/29/2026 6:39:44 PM;9/29/2026 6:49:16 PM;JAF4NV;;44D1B4;B38M;LEIB;EBBR;25L;;4.556874371374959;50.90644611764793;190.5;341.40585
F043-2;9/29/2026 9:06:14 PM +02:00;9/29/2026 9:07:54 PM +02:00;9/29/2026 9:06:50 PM +02:00;100;E;ARR;62.16061;72.73;82.160614;;9/29/2026 6:57:49 PM;9/29/2026 7:09:05 PM;TRA90G;PHHXM;484C9B;B738;LEMG;EBBR;25L;ARVOL9A;4.556481653533207;50.90647203166914;201.92999267578125;374.0384
F043-2;9/29/2026 9:14:21 PM +02:00;9/29/2026 9:15:52 PM +02:00;9/29/2026 9:15:25 PM +02:00;91;E;ARR;60.808304;70.82;80.39872;;9/29/2026 7:08:24 PM;9/29/2026 7:17:25 PM;THA934;;8852E3;B789;VTBS;EBBR;25L;FLO2H;4.557222805207372;50.90662580728521;186.69000244140625;372.45624
F043-2;9/29/2026 9:17:09 PM +02:00;9/29/2026 9:18:12 PM +02:00;9/29/2026 9:17:45 PM +02:00;63;E;ARR;61.018314;69.68;79.01172;;9/29/2026 7:09:25 PM;9/29/2026 7:19:33 PM;BEL1852;;44CC45;A20N;LICJ;EBBR;25L;FLO2H;4.55681048077102;50.906574209836506;198.1199951171875;382.7824
F043-2;9/29/2026 9:18:49 PM +02:00;9/29/2026 9:20:01 PM +02:00;9/29/2026 9:19:23 PM +02:00;72;E;ARR;61.167538;70.02;79.74086;;9/29/2026 7:11:13 PM;9/29/2026 7:21:09 PM;EJU84YJ;OEIVZ;4402AE;A320;LIML;EBBR;25L;BATTY7A;4.556611375199924;50.90648212957459;198.1199951171875;354.95038
F043-2;9/29/2026 9:20:32 PM +02:00;9/29/2026 9:22:00 PM +02:00;9/29/2026 9:21:04 PM +02:00;88;E;ARR;62.062508;72.28;81.50733;;9/29/2026 7:11:09 PM;9/29/2026 7:22:45 PM;RYR44SX;EIENK;4CA8D6;B738;GMMX;EBBR;25L;ARVOL9A;4.5566398041360765;50.90643266610562;190.5;369.0937
F043-2;9/29/2026 9:22:26 PM +02:00;9/29/2026 9:23:35 PM +02:00;9/29/2026 9:22:53 PM +02:00;69;E;ARR;61.75382;70.51;80.14231;;9/29/2026 7:14:00 PM;9/29/2026 7:24:04 PM;THY1EF;TCLTL;4BB28C;A21N;LTFM;EBBR;25L;BATTY7A;4.557226358676309;50.90663704883167;194.30999755859375;364.17676
F043-2;9/29/2026 9:32:41 PM +02:00;9/29/2026 9:34:48 PM +02:00;9/29/2026 9:33:40 PM +02:00;127;E;ARR;60.01715;70.77;81.05519;;9/29/2026 7:25:01 PM;9/29/2026 7:36:12 PM;TRA94N;PHHXJ;4853D3;B738;GMAD;EBBR;25L;ARVOL9A;4.556682507908994;50.90654727407192;198.1199951171875;364.28204
F043-2;9/29/2026 9:38:31 PM +02:00;9/29/2026 9:40:01 PM +02:00;9/29/2026 9:38:56 PM +02:00;90;E;ARR;61.4309;71.25;80.97333;;9/29/2026 7:32:12 PM;9/29/2026 7:40:40 PM;JAF8WG;OOTUJ;44D2AA;B738;HEMA;EBBR;25L;FLO2H;4.556497653611737;50.90646190542393;194.30999755859375;375.67633
F043-2;9/29/2026 9:42:18 PM +02:00;9/29/2026 9:43:37 PM +02:00;9/29/2026 9:43:14 PM +02:00;79;E;ARR;65.7661;76.48;84.74237;;9/29/2026 7:32:33 PM;9/29/2026 7:45:13 PM;BCS378;;3C71A7;A333;KCVG;EBBR;25L;KOK9A;4.556426602268225;50.9065450782267;186.69000244140625;371.5285
F043-2;9/29/2026 9:50:05 PM +02:00;9/29/2026 9:50:55 PM +02:00;9/29/2026 9:50:30 PM +02:00;50;E;ARR;61.602646;69.19;78.59235;;9/29/2026 7:44:05 PM;9/29/2026 7:52:33 PM;BEL9NK;OOSNK;44CDCB;A320;EDDB;EBBR;25L;;4.556821173089135;50.90664050686336;186.69000244140625;366.04483
F043-2;9/29/2026 9:52:22 PM +02:00;9/29/2026 9:53:52 PM +02:00;9/29/2026 9:53:19 PM +02:00;90;E;ARR;63.01272;72.58;82.555145;;9/29/2026 7:46:04 PM;9/29/2026 7:55:01 PM;DHK954;GDHLM;400B4B;B763;OMDW;EBBR;25L;FLO2H;4.556956202168754;50.90657755438874;194.30999755859375;360.56152
F043-2;9/29/2026 9:54:49 PM +02:00;9/29/2026 9:56:00 PM +02:00;9/29/2026 9:55:37 PM +02:00;71;E;ARR;62.272892;71.91;80.78548;;9/29/2026 7:44:17 PM;9/29/2026 7:57:29 PM;JAF7GY;OOTUK;44D2AB;B738;GMMW;EBBR;25L;ARVOL9A;4.556696694288198;50.90648659374263;186.69000244140625;351.95398
F043-2;9/29/2026 9:57:03 PM +02:00;9/29/2026 9:58:00 PM +02:00;9/29/2026 9:57:37 PM +02:00;57;E;ARR;63.252953;71.29;80.8117;;9/29/2026 7:49:49 PM;9/29/2026 7:59:57 PM;VLG3HA;ECNLV;346690;A321;LEBL;EBBR;25L;ARVOL9A;4.556378553434881;50.90642261423692;186.69000244140625;367.43552
F043-2;9/29/2026 9:59:21 PM +02:00;9/29/2026 10:00:28 PM +02:00;9/29/2026 9:59:47 PM +02:00;67;E;ARR;61.110355;69.17;79.3711;;9/29/2026 7:50:05 PM;9/29/2026 8:01:49 PM;JAF9LD;OOTMZ;44D1BA;B38M;DAAG;EBBR;25L;BATTY7A;4.556945535774968;50.90659442184974;190.5;353.497
F043-2;9/29/2026 10:00:54 PM +02:00;9/29/2026 10:02:02 PM +02:00;9/29/2026 10:01:39 PM +02:00;68;E;ARR;61.35816;68.94;79.68325;;9/29/2026 7:52:41 PM;9/29/2026 8:03:48 PM;KLM65C;PHEZL;484C50;E190;EHAM;EBBR;25L;WOODY9A;4.556522462661488;50.9063551689427;186.69000244140625;341.1418
F043-2;9/29/2026 10:03:35 PM +02:00;9/29/2026 10:04:42 PM +02:00;9/29/2026 10:04:11 PM +02:00;67;E;ARR;61.680595;70.1;79.941345;;9/29/2026 7:56:08 PM;9/29/2026 8:05:28 PM;BEL72R;;44CDD1;A320;LSGG;EBBR;25L;FLO2H;4.556925642089862;50.90657912861252;192.0240020751953;371.83542
F043-2;9/29/2026 10:07:09 PM +02:00;9/29/2026 10:08:22 PM +02:00;9/29/2026 10:07:45 PM +02:00;73;E;ARR;55.128025;63.86;73.76125;;9/29/2026 7:57:49 PM;9/29/2026 8:09:20 PM;VJT643;;4D21CD;E35L;EGLF;EBBR;25L;KOK9A;4.556255946748688;50.90647770940318;190.5;361.9452
F043-2;9/29/2026 10:10:12 PM +02:00;9/29/2026 10:11:36 PM +02:00;9/29/2026 10:11:16 PM +02:00;84;E;ARR;60.90209;72.3;80.14488;;9/29/2026 8:03:13 PM;9/29/2026 8:12:57 PM;BEL4MR;OOSNF;44CDC6;A320;DTMB;EBBR;25L;FLO2H;4.556949117039765;50.90661800473049;186.69000244140625;361.6983
F043-2;9/29/2026 10:13:54 PM +02:00;9/29/2026 10:15:19 PM +02:00;9/29/2026 10:14:56 PM +02:00;85;E;ARR;61.403095;71.74;80.69728;;9/29/2026 8:08:13 PM;9/29/2026 8:16:21 PM;LOT1KE;SPLND;48ADA3;E195;EPWA;EBBR;25L;BATTY7A;4.556945507590661;50.90651687945489;186.69000244140625;353.06915
F043-2;9/29/2026 10:16:47 PM +02:00;9/29/2026 10:17:51 PM +02:00;9/29/2026 10:17:25 PM +02:00;64;E;ARR;62.639008;71.69;80.700806;;9/29/2026 8:10:13 PM;9/29/2026 8:19:21 PM;BEL5PR;OOSNN;44CDCE;A320;EDDF;EBBR;25L;FLO2H;4.556547339431576;50.906369779882425;190.5;343.43045
F043-2;9/29/2026 10:18:48 PM +02:00;9/29/2026 10:20:12 PM +02:00;9/29/2026 10:19:51 PM +02:00;84;E;ARR;60.49096;71.04;79.73375;;9/29/2026 8:12:33 PM;9/29/2026 8:21:53 PM;FIN2L;OHLKG;461E16;E190;EFHK;EBBR;25L;BATTY7A;4.5568459392399605;50.90642813650626;186.69000244140625;354.67844
F043-2;9/29/2026 10:29:39 PM +02:00;9/29/2026 10:30:50 PM +02:00;9/29/2026 10:30:18 PM +02:00;71;E;ARR;62.692123;71.22;81.204704;;9/29/2026 8:23:37 PM;9/29/2026 8:32:21 PM;FHY8014;TCFBV;4B9856;A320;LTAI;EBBR;25L;FLO2H;4.556737540289465;50.906438270868485;192.40499877929688;355.8612
F043-2;9/29/2026 10:51:13 PM +02:00;9/29/2026 10:52:29 PM +02:00;9/29/2026 10:51:50 PM +02:00;76;E;ARR;59.483852;68.78;78.291985;;9/29/2026 8:44:53 PM;9/29/2026 8:53:53 PM;BEL6AK;YLABE;502D46;BCS3;EDDM;EBBR;25L;FLO2H;4.557032640068616;50.90661461654598;194.30999755859375;360.968
F043-2;9/29/2026 10:54:12 PM +02:00;9/29/2026 10:55:48 PM +02:00;9/29/2026 10:55:01 PM +02:00;96;E;ARR;59.118;69.24;78.94071;;9/29/2026 8:45:41 PM;9/29/2026 8:56:57 PM;IBE0603;ECNCM;346147;A20N;LEMD;EBBR;25L;ARVOL9A;4.557077062242387;50.90660674374208;201.92999267578125;359.99396
F043-2;9/29/2026 10:59:19 PM +02:00;9/29/2026 11:00:32 PM +02:00;9/29/2026 10:59:54 PM +02:00;73;E;ARR;60.312515;70;78.94575;;9/29/2026 8:52:37 PM;9/29/2026 9:01:49 PM;BEL9WV;OOSSA;44CE61;A319;LOWW;EBBR;25L;FLO2H;4.557091266076006;50.90658314442894;194.30999755859375;358.73752
F043-2;9/29/2026 11:06:44 PM +02:00;9/29/2026 11:08:15 PM +02:00;9/29/2026 11:07:47 PM +02:00;91;N;ARR;59.56119;70.44;79.1516;;9/29/2026 9:00:37 PM;9/29/2026 9:09:45 PM;CXI32CZ;LYLGA;503E61;A320;LGIR;EBBR;25L;FLO2H;4.55645319880694;50.90643383477506;194.30999755859375;353.00598
F043-2;9/30/2026 12:31:00 AM +02:00;9/30/2026 12:32:30 AM +02:00;9/30/2026 12:31:42 AM +02:00;90;N;ARR;62.45976;73.13;82.00218;;9/29/2026 10:20:37 PM;9/29/2026 10:34:04 PM;JAF2536;OOJAF;44A826;B738;GMMN;EBBR;25L;ARVOL9A;4.556469162359772;50.90640125797418;190.5;348.55862
F043-2;9/30/2026 12:34:06 AM +02:00;9/30/2026 12:36:20 AM +02:00;9/30/2026 12:35:11 AM +02:00;134;N;ARR;59.470287;70.97;80.74133;;9/29/2026 10:25:33 PM;9/29/2026 10:37:20 PM;TAP46RU;CSTNK;4951CB;A320;LPPT;EBBR;25L;ARVOL9A;4.556840608999966;50.90642813647039;186.69000244140625;344.58423
F043-2;9/30/2026 12:40:36 AM +02:00;9/30/2026 12:42:13 AM +02:00;9/30/2026 12:41:29 AM +02:00;97;N;ARR;60.666443;71.06;80.53416;;9/29/2026 10:33:36 PM;9/29/2026 10:43:16 PM;JAF3261;;44D1A6;B38M;LTBJ;EBBR;25L;FLO2H;4.5570148041377765;50.90648989551618;186.69000244140625;348.82825
F043-2;9/30/2026 12:43:02 AM +02:00;9/30/2026 12:44:25 AM +02:00;9/30/2026 12:43:40 AM +02:00;83;N;ARR;60.651497;70.82;79.84228;;9/29/2026 10:35:52 PM;9/29/2026 10:45:20 PM;JAF2EV;OOTMB;44D1A2;B38M;HEGN;EBBR;25L;FLO2H;4.556586474884986;50.90641357955966;192.40499877929688;349.42596
F044-2;9/29/2026 7:05:50 AM +02:00;9/29/2026 7:06:57 AM +02:00;9/29/2026 7:06:29 AM +02:00;67;D;DEP;49.550686;54.3;67.81143;;9/29/2026 5:03:21 AM;9/29/2026 5:07:20 AM;BEL5RA;YLABE;502D46;BCS3;EBBR;LOWW;25R;SOPOK4G;4.517297267754881;50.822436436108966;1837.1439208984375;2442.1165
F044-2;9/29/2026 7:08:11 AM +02:00;9/29/2026 7:09:20 AM +02:00;9/29/2026 7:08:42 AM +02:00;69;D;DEP;47.81515;54.26;66.20364;;9/29/2026 5:05:24 AM;9/29/2026 5:09:52 AM;JAF4AB;;449683;E295;EBBR;LGRP;25R;PITES4G;4.511944049337294;50.816915113011234;1585.683837890625;2821.1616
F044-2;9/29/2026 7:13:09 AM +02:00;9/29/2026 7:14:25 AM +02:00;9/29/2026 7:13:44 AM +02:00;76;D;DEP;52.378044;58.91;71.18618;;9/29/2026 5:10:40 AM;9/29/2026 5:14:36 AM;BEL8HQ;OOSSB;44CE62;A319;EBBR;LSZH;25R;ROUSY4G;4.512822644569737;50.81980979874193;1833.3338623046875;2734.929
F044-2;9/29/2026 7:15:20 AM +02:00;9/29/2026 7:16:58 AM +02:00;9/29/2026 7:16:12 AM +02:00;98;D;DEP;56.160423;62.01;76.072685;;9/29/2026 5:12:56 AM;9/29/2026 5:18:12 AM;BCS081;DALEJ;3C70AA;A332;EBBR;DNMM;25R;ROUSY4G;4.514296901662438;50.81936507212677;1301.114990234375;2413.7903
F044-2;9/29/2026 7:24:16 AM +02:00;9/29/2026 7:25:28 AM +02:00;9/29/2026 7:24:31 AM +02:00;72;D;DEP;54.80773;61;73.38106;;9/29/2026 5:21:52 AM;9/29/2026 5:25:36 AM;BEL4CB;OOSSF;44CE66;A319;EBBR;LIML;25R;ROUSY4G;4.513269669862983;50.81983909661717;1789.518798828125;2691.6458
F044-2;9/29/2026 7:27:41 AM +02:00;9/29/2026 7:29:24 AM +02:00;9/29/2026 7:28:49 AM +02:00;103;D;DEP;54.980827;62.03;75.1092;;9/29/2026 5:25:28 AM;9/29/2026 5:29:48 AM;BEL1YC;;44CE79;A319;EBBR;LIRF;25R;ROUSY4G;4.516472922630811;50.82072274397277;1726.65380859375;2490.254
F044-2;9/29/2026 8:12:18 AM +02:00;9/29/2026 8:13:27 AM +02:00;9/29/2026 8:12:48 AM +02:00;69;D;DEP;57.61329;62.91;76.00178;;9/29/2026 6:09:33 AM;9/29/2026 6:14:16 AM;LOT4MH;SPLNE;48ADA4;E195;EBBR;EPWA;25R;LNO4G;4.531774477505676;50.83069734880346;1792.1248779296875;1752.6783
F044-2;9/29/2026 8:59:35 AM +02:00;9/29/2026 9:00:49 AM +02:00;9/29/2026 9:00:13 AM +02:00;74;D;DEP;56.15217;63.63;74.84448;;9/29/2026 6:57:08 AM;9/29/2026 7:01:28 AM;RYR1TZ;EIDHH;4CA264;B738;EBBR;LIRF;25R;ROUSY4G;4.515072015838893;50.81969331793631;1700.6849365234375;2584.8386
F044-2;9/29/2026 9:22:17 AM +02:00;9/29/2026 9:23:20 AM +02:00;9/29/2026 9:23:08 AM +02:00;63;D;ARR;51.03072;59.4;69.024124;;9/29/2026 7:13:12 AM;9/29/2026 7:36:00 AM;BTI2YH;YLCSK;502CE5;BCS3;EETN;EBBR;25L;BATTY7A;4.541885129326585;50.85182152600109;1211.5799560546875;2406.3044
F044-2;9/29/2026 9:28:22 AM +02:00;9/29/2026 9:29:58 AM +02:00;9/29/2026 9:29:17 AM +02:00;96;D;DEP;53.46562;58.8;73.28833;;9/29/2026 7:25:48 AM;9/29/2026 7:30:52 AM;GER291;DAKJC;3C6D43;E190;EBBR;EDJA;25R;SOPOK4G;4.51410288299515;50.81648286635503;1597.81494140625;2782.0745
F044-2;9/29/2026 9:32:13 AM +02:00;9/29/2026 9:33:11 AM +02:00;9/29/2026 9:32:39 AM +02:00;58;D;DEP;48.052467;51.92;65.686745;;9/29/2026 7:29:37 AM;9/29/2026 7:33:20 AM;BEL5FJ;;44CC47;A20N;EBBR;LIRQ;25R;ROUSY4G;4.513798266459834;50.81984029991329;1832.1298828125;2696.688
F044-2;9/29/2026 9:37:41 AM +02:00;9/29/2026 9:38:49 AM +02:00;9/29/2026 9:38:29 AM +02:00;68;D;DEP;53.266968;58.51;71.59206;;9/29/2026 7:35:32 AM;9/29/2026 7:39:24 AM;EJU98PT;OEIVZ;4402AE;A320;EBBR;LIML;25R;ROUSY4G;4.5136175226853155;50.81954477644896;1646.643798828125;2614.0396
F044-2;9/29/2026 9:44:30 AM +02:00;9/29/2026 9:46:08 AM +02:00;9/29/2026 9:45:24 AM +02:00;98;D;DEP;52.475536;61.31;72.387794;;9/29/2026 7:42:17 AM;9/29/2026 7:46:28 AM;BEL1UF;OOSSA;44CE61;A319;EBBR;LSGG;25R;ROUSY4G;4.514385427888513;50.819793195660715;1717.12890625;2604.6133
F044-2;9/29/2026 9:53:48 AM +02:00;9/29/2026 9:55:16 AM +02:00;9/29/2026 9:54:28 AM +02:00;88;D;DEP;51.604336;59.18;71.049164;;9/29/2026 7:51:40 AM;9/29/2026 7:55:20 AM;EJU54YE;OELQM;440589;A319;EBBR;LIRF;25R;SOPOK4G;4.51490115081259;50.82127989343846;1860.00390625;2596.7898
F044-2;9/29/2026 10:00:21 AM +02:00;9/29/2026 10:01:37 AM +02:00;9/29/2026 10:00:56 AM +02:00;76;D;DEP;54.30834;60.98;73.11647;;9/29/2026 7:57:40 AM;9/29/2026 8:02:12 AM;BEL8CE;OOSNE;44CDC5;A320;EBBR;EDDB;25R;SPI4G;4.528113030397092;50.82256648698697;1812.3787841796875;2161.8538
F044-2;9/29/2026 10:11:15 AM +02:00;9/29/2026 10:12:30 AM +02:00;9/29/2026 10:12:00 AM +02:00;75;D;DEP;54.905422;61.14;73.65604;;9/29/2026 8:08:45 AM;9/29/2026 8:13:24 AM;BEL2NM;OOSNL;44CDCC;A320;EBBR;LKPR;25R;SOPOK4G;4.514250045674805;50.816794165906444;1532.3438720703125;2722.62
F044-2;9/29/2026 10:12:51 AM +02:00;9/29/2026 10:13:44 AM +02:00;9/29/2026 10:13:27 AM +02:00;53;D;DEP;55.17669;61.63;72.41945;;9/29/2026 8:10:21 AM;9/29/2026 8:15:24 AM;BEL5GR;OOSNM;44CDCD;A320;EBBR;EDDM;25R;SOPOK4G;4.512678133235773;50.817581576922905;1652.35888671875;2779.9136
F044-2;9/29/2026 10:14:46 AM +02:00;9/29/2026 10:15:43 AM +02:00;9/29/2026 10:15:09 AM +02:00;57;D;DEP;53.39276;60.84;70.95151;;9/29/2026 8:12:20 AM;9/29/2026 8:15:52 AM;SWR52Y;;4B181B;A20N;EBBR;LSZH;25R;ROUSY4G;4.516037144704235;50.81922601286469;1890.48388671875;2707.172
F044-2;9/29/2026 10:20:55 AM +02:00;9/29/2026 10:22:04 AM +02:00;9/29/2026 10:21:36 AM +02:00;69;D;DEP;54.959484;60.16;73.34798;;9/29/2026 8:18:32 AM;9/29/2026 8:22:44 AM;JAF85C;OOTUJ;44D2AA;B738;EBBR;HEMA;25R;SOPOK4G;4.5104263199044645;50.81567545949661;1597.1138916015625;2973.4998
F044-2;9/29/2026 10:23:23 AM +02:00;9/29/2026 10:24:36 AM +02:00;9/29/2026 10:24:02 AM +02:00;73;D;DEP;55.227554;62.05;73.86079;;9/29/2026 8:20:49 AM;9/29/2026 8:25:32 AM;ASL39W;LZBUR;451D8C;E190;EBBR;LYBE;25R;SOPOK4G;4.518537383604622;50.82198487496803;1448.5238037109375;2155.6904
F044-2;9/29/2026 10:25:07 AM +02:00;9/29/2026 10:26:35 AM +02:00;9/29/2026 10:26:20 AM +02:00;88;D;DEP;54.27707;59.47;73.72189;;9/29/2026 8:22:36 AM;9/29/2026 8:26:56 AM;AUA22D;OELXE;4402A3;A320;EBBR;LOWW;25R;SOPOK4G;4.514032809870663;50.818805448884426;1503.7689208984375;2558.1343
F044-2;9/29/2026 10:27:02 AM +02:00;9/29/2026 10:27:53 AM +02:00;9/29/2026 10:27:35 AM +02:00;51;D;DEP;52.82026;59.57;69.89596;;9/29/2026 8:24:08 AM;9/29/2026 8:28:16 AM;BTI60L;YLAAX;502D28;BCS3;EBBR;EVRA;25R;SPI4G;4.5271089742973905;50.822583310125516;2033.35888671875;2347.2354
F044-2;9/29/2026 10:34:02 AM +02:00;9/29/2026 10:35:17 AM +02:00;9/29/2026 10:34:49 AM +02:00;75;D;DEP;54.87457;62.45;73.62518;;9/29/2026 8:31:40 AM;9/29/2026 8:36:28 AM;BEL8BK;OOTCV;44D076;A320;EBBR;LDSP;25R;SOPOK4G;4.5141927336227425;50.81801890709454;1437.0938720703125;2574.278
F044-2;9/29/2026 10:36:32 AM +02:00;9/29/2026 10:37:59 AM +02:00;9/29/2026 10:37:12 AM +02:00;87;D;DEP;59.064617;67.04;78.45981;;9/29/2026 8:34:04 AM;9/29/2026 8:39:32 AM;BEL4KE;OOSFB;44CCC2;A333;EBBR;HRYR;25R;ROUSY4G;4.512133643949532;50.821616531686054;1234.43994140625;2318.5374
F044-2;9/29/2026 10:40:06 AM +02:00;9/29/2026 10:41:21 AM +02:00;9/29/2026 10:40:50 AM +02:00;75;D;DEP;54.226284;61.56;72.9769;;9/29/2026 8:37:41 AM;9/29/2026 8:42:20 AM;RYR5XV;EIEXD;4CAA5F;B738;EBBR;LEPA;25R;ROUSY4G;4.514612443118729;50.81993818716435;1652.35888671875;2552.4573
F044-2;9/29/2026 10:48:03 AM +02:00;9/29/2026 10:49:55 AM +02:00;9/29/2026 10:48:51 AM +02:00;112;D;DEP;56.94943;63.84;77.44161;;9/29/2026 8:45:41 AM;9/29/2026 8:51:00 AM;BEL5RH;OOSFC;44CCC3;A333;EBBR;HKJK;25R;ROUSY4G;4.517782451560167;50.8196801939746;1203.9599609375;2204.6958
F044-2;9/29/2026 10:54:08 AM +02:00;9/29/2026 10:55:28 AM +02:00;9/29/2026 10:54:50 AM +02:00;80;D;DEP;53.04733;59.93;72.07823;;9/29/2026 8:51:49 AM;9/29/2026 8:57:16 AM;BEL3WF;OOSNK;44CDCB;A320;EBBR;LGAV;25R;SOPOK4G;4.513766910196621;50.818324477387876;1367.7900390625;2533.8643
F044-2;9/29/2026 11:01:38 AM +02:00;9/29/2026 11:02:52 AM +02:00;9/29/2026 11:02:19 AM +02:00;74;D;DEP;53.76343;59.72;72.45575;;9/29/2026 8:59:12 AM;9/29/2026 9:03:16 AM;BEL5WE;OOSSW;44CE77;A319;EBBR;LIML;25R;ROUSY4G;4.515838678333765;50.81863719044772;1677.1239013671875;2610.8523
F044-2;9/29/2026 11:03:26 AM +02:00;9/29/2026 11:04:42 AM +02:00;9/29/2026 11:04:13 AM +02:00;76;D;DEP;55.194912;61.3;74.003044;;9/29/2026 9:00:48 AM;9/29/2026 9:04:48 AM;BEL3DQ;OOSSJ;44CE6A;A319;EBBR;EDDF;25R;SPI4G;4.525984237243123;50.823303561571834;1959.0638427734375;2264.654
F044-2;9/29/2026 11:05:07 AM +02:00;9/29/2026 11:06:25 AM +02:00;9/29/2026 11:05:33 AM +02:00;78;D;DEP;53.213802;60.76;72.13475;;9/29/2026 9:02:32 AM;9/29/2026 9:07:04 AM;BEL6VP;OOSNH;44CDC8;A320;EBBR;LIPZ;25R;ROUSY4G;4.514110345847899;50.82009316222923;1505.673828125;2475.1714
F044-2;9/29/2026 11:38:02 AM +02:00;9/29/2026 11:39:23 AM +02:00;9/29/2026 11:38:47 AM +02:00;81;D;DEP;51.21109;57.94;70.29594;;9/29/2026 9:35:48 AM;9/29/2026 9:40:00 AM;AEE539;SXDVN;4692CE;A320;EBBR;LGTS;25R;SOPOK4G;4.51620001698281;50.820178894202186;1494.243896484375;2385.3755
F044-2;9/29/2026 11:50:03 AM +02:00;9/29/2026 11:51:37 AM +02:00;9/29/2026 11:50:58 AM +02:00;94;D;DEP;54.45366;63.1;74.18494;;9/29/2026 9:47:52 AM;9/29/2026 9:53:32 AM;THY7WF;;4BB1ED;A332;EBBR;LTFM;25R;SOPOK4G;4.513532896851391;50.81804578147724;1446.618896484375;2601.8499
F044-2;9/29/2026 11:52:19 AM +02:00;9/29/2026 11:53:34 AM +02:00;9/29/2026 11:52:50 AM +02:00;75;D;DEP;53.093433;60.66;71.84405;;9/29/2026 9:49:57 AM;9/29/2026 9:54:40 AM;THY6553;TCVEL;4BD8AC;A310;EBBR;LTFM;25R;SOPOK4G;4.511913329410312;50.81831294870726;1671.408935546875;2781.6562
F044-2;9/29/2026 11:55:29 AM +02:00;9/29/2026 11:56:47 AM +02:00;9/29/2026 11:56:19 AM +02:00;78;D;DEP;52.804104;62.18;71.72505;;9/29/2026 9:53:20 AM;9/29/2026 9:57:08 AM;ITY159;;4CAE1F;A21N;EBBR;LIRF;25R;ROUSY4G;4.514573612176639;50.819398824242676;1968.5888671875;2789.523
F044-2;9/29/2026 11:57:46 AM +02:00;9/29/2026 11:58:40 AM +02:00;9/29/2026 11:58:08 AM +02:00;54;D;DEP;50.47194;56.17;67.795876;;9/29/2026 9:55:08 AM;9/29/2026 10:00:20 AM;AEE3BR;SXNAK;46B82B;A21N;EBBR;LGAV;25R;SOPOK4G;4.51345098139068;50.818827827392305;1616.163818359375;2648.645
F044-2;9/29/2026 12:17:39 PM +02:00;9/29/2026 12:19:26 PM +02:00;9/29/2026 12:18:20 PM +02:00;107;D;DEP;57.001442;65.75;77.29528;;9/29/2026 10:15:05 AM;9/29/2026 10:21:16 AM;BEL8VB;OOSFG;44CCC7;A333;EBBR;FKKD;25R;ROUSY4G;4.5128724457943905;50.8194996850813;1120.1400146484375;2366.739
F044-2;9/29/2026 1:05:46 PM +02:00;9/29/2026 1:07:18 PM +02:00;9/29/2026 1:06:13 PM +02:00;92;D;DEP;58.174885;66.39;77.81276;;9/29/2026 11:03:04 AM;9/29/2026 11:08:20 AM;CCA964;B6101;780DFD;A333;EBBR;ZBAA;25R;SPI4G;4.52870564835238;50.82098778044025;1379.219970703125;1936.5825
F044-2;9/29/2026 1:18:25 PM +02:00;9/29/2026 1:19:24 PM +02:00;9/29/2026 1:18:45 PM +02:00;59;D;DEP;50.950417;59.26;68.658936;;9/29/2026 11:15:48 AM;9/29/2026 11:20:44 AM;CPA294;BLQB;789234;A359;EBBR;VHHH;25R;SOPOK4G;4.511249806416321;50.8147126623428;1341.1199951171875;2901.7688
F044-2;9/29/2026 1:48:10 PM +02:00;9/29/2026 1:49:49 PM +02:00;9/29/2026 1:49:13 PM +02:00;99;D;DEP;54.81438;63.97;74.77073;;9/29/2026 11:45:56 AM;9/29/2026 11:49:48 AM;BEL5NZ;OOSSA;44CE61;A319;EBBR;LIPE;25R;ROUSY4G;4.5139789278500295;50.820740401166056;1959.0638427734375;2729.0325
F044-2;9/29/2026 1:50:16 PM +02:00;9/29/2026 1:51:11 PM +02:00;9/29/2026 1:50:35 PM +02:00;55;D;DEP;53.3267;60.51;70.73032;;9/29/2026 11:47:40 AM;9/29/2026 11:50:56 AM;JAF25B;OOTNB;44D1C2;B738;EBBR;LGZA;25R;ROUSY4G;4.51378066352547;50.81967964050088;2141.94384765625;2925.759
F044-2;9/29/2026 1:51:53 PM +02:00;9/29/2026 1:53:14 PM +02:00;9/29/2026 1:52:23 PM +02:00;81;D;DEP;51.86026;57.21;70.94511;;9/29/2026 11:49:24 AM;9/29/2026 11:54:00 AM;BEL7LF;;44CE79;A319;EBBR;EDDM;25R;SOPOK4G;4.513194503287058;50.81704454692337;1661.8839111328125;2811.7178
F044-2;9/29/2026 1:53:54 PM +02:00;9/29/2026 1:55:19 PM +02:00;9/29/2026 1:54:30 PM +02:00;85;D;DEP;51.256355;60.85;70.550545;;9/29/2026 11:51:36 AM;9/29/2026 11:55:04 AM;JFA99X;LXZAP;4D02A1;PC24;EBBR;LSZA;25R;SPI4G;4.529450584618926;50.822696875355;2077.173828125;2327.1658
F044-2;9/29/2026 1:55:47 PM +02:00;9/29/2026 1:56:56 PM +02:00;9/29/2026 1:56:06 PM +02:00;69;D;DEP;55.56728;63.12;73.95577;;9/29/2026 11:53:20 AM;9/29/2026 11:57:04 AM;BEL2PN;OOSSL;44CE6C;A319;EBBR;EDDM;25R;SOPOK4G;4.517151890771175;50.824038374306554;1997.163818359375;2473.197
F044-2;9/29/2026 2:02:27 PM +02:00;9/29/2026 2:04:05 PM +02:00;9/29/2026 2:03:28 PM +02:00;98;D;DEP;60.590652;69.68;80.502914;;9/29/2026 12:01:33 PM;9/29/2026 12:05:28 PM;BEL8NY;OOSNN;44CDCE;A320;EBBR;LFMN;19 ;ROUSY1L;4.535525627943489;50.83602563827401;1146.81005859375;1131.6595
F044-2;9/29/2026 2:10:45 PM +02:00;9/29/2026 2:11:57 PM +02:00;9/29/2026 2:11:25 PM +02:00;72;D;DEP;61.30979;69.5;79.88312;;9/29/2026 12:09:41 PM;9/29/2026 12:14:36 PM;JAF6JG;OOTMB;44D1A2;B38M;EBBR;HEGN;19 ;SOPOK9L;4.531740720716934;50.83298396838874;1002.0299682617188;935.0703
F044-2;9/29/2026 2:15:51 PM +02:00;9/29/2026 2:16:52 PM +02:00;9/29/2026 2:16:24 PM +02:00;61;D;DEP;60.884518;68.87;78.737816;;9/29/2026 12:14:41 PM;9/29/2026 12:19:32 PM;JAF4NV;;44D1B4;B38M;EBBR;LEAL;19 ;CIV3L;4.53422666315198;50.83459863698806;996.3150024414062;942.11914
F044-2;9/29/2026 2:24:34 PM +02:00;9/29/2026 2:26:13 PM +02:00;9/29/2026 2:25:18 PM +02:00;99;D;DEP;61.911846;70.92;81.868195;;9/29/2026 12:23:29 PM;9/29/2026 12:27:52 PM;BEL4RE;OOSNI;44CDC9;A320;EBBR;LEBB;19 ;CIV3L;4.537729425087674;50.83504798320527;1082.0400390625;1070.0594
F044-2;9/29/2026 2:34:41 PM +02:00;9/29/2026 2:36:20 PM +02:00;9/29/2026 2:35:39 PM +02:00;99;D;DEP;61.530468;70.05;81.48682;;9/29/2026 12:33:41 PM;9/29/2026 12:38:28 PM;BEL3KK;OOTCQ;44D071;A320;EBBR;LEMD;19 ;CIV3L;4.536320529233844;50.83541659209298;1091.5650634765625;1068.994
F044-2;9/29/2026 2:37:53 PM +02:00;9/29/2026 2:39:48 PM +02:00;9/29/2026 2:38:46 PM +02:00;115;D;DEP;61.776684;71.82;82.38366;;9/29/2026 12:36:49 PM;9/29/2026 12:41:52 PM;BEL4EW;OOSNE;44CDC5;A320;EBBR;GCLP;19 ;CIV3L;4.536391405787693;50.83431990786202;1002.030029296875;959.4109
F044-2;9/29/2026 2:41:02 PM +02:00;9/29/2026 2:42:34 PM +02:00;9/29/2026 2:41:47 PM +02:00;92;D;DEP;55.30978;66.75;74.947655;;9/29/2026 12:38:29 PM;9/29/2026 12:42:48 PM;SEH8BX;SXWEB;46DCA2;A20N;EBBR;LGAV;25R;ROUSY4G;4.516725378618452;50.8192575668593;1805.9627685546875;2627.1208
F044-2;9/29/2026 2:44:39 PM +02:00;9/29/2026 2:45:18 PM +02:00;9/29/2026 2:45:09 PM +02:00;39;D;DEP;53.143246;59.74;69.053894;;9/29/2026 12:42:08 PM;9/29/2026 12:46:36 PM;BEL2SR;;502D7C;BCS3;EBBR;EDDF;25R;SPI4G;4.525012260182726;50.82177528774085;1916.452880859375;2344.1187
F044-2;9/29/2026 2:46:16 PM +02:00;9/29/2026 2:47:41 PM +02:00;9/29/2026 2:46:49 PM +02:00;85;D;DEP;52.410263;61.64;71.70445;;9/29/2026 12:43:49 PM;9/29/2026 12:47:44 PM;QTR91Y;A7BFZ;06A30D;B77L;EBBR;OTHH;25R;SOPOK4G;4.5096229985022935;50.81160317396309;1701.1878662109375;3371.2307
F044-2;9/29/2026 2:49:57 PM +02:00;9/29/2026 2:51:31 PM +02:00;9/29/2026 2:50:40 PM +02:00;94;D;DEP;53.259163;62.47;72.99044;;9/29/2026 12:47:41 PM;9/29/2026 12:52:56 PM;THY8LQ;TCJRU;4BAA55;A321;EBBR;LTFM;25R;SOPOK4G;4.513609092225118;50.81822107999461;1472.587890625;2603.443
F044-2;9/29/2026 3:11:32 PM +02:00;9/29/2026 3:12:27 PM +02:00;9/29/2026 3:12:07 PM +02:00;55;D;DEP;53.97503;61.02;71.378654;;9/29/2026 1:09:05 PM;9/29/2026 1:12:40 PM;BEL8KA;;44CC47;A20N;EBBR;LIRF;25R;SOPOK4G;4.518239037054268;50.82307141151273;1937.4078369140625;2442.3506
F044-2;9/29/2026 3:12:56 PM +02:00;9/29/2026 3:14:11 PM +02:00;9/29/2026 3:13:41 PM +02:00;75;D;DEP;56.125156;61.1;74.87577;;9/29/2026 1:10:45 PM;9/29/2026 1:14:29 PM;BEL6PR;OOSNM;44CDCD;A320;EBBR;LHBP;25R;SOPOK4G;4.516579196045498;50.82123402656207;1624.98779296875;2391.8396
F044-2;9/29/2026 3:15:05 PM +02:00;9/29/2026 3:16:01 PM +02:00;9/29/2026 3:15:37 PM +02:00;56;D;DEP;56.05154;62.89;73.533424;;9/29/2026 1:12:33 PM;9/29/2026 1:16:32 PM;BEL9SE;OOSSJ;44CE6A;A319;EBBR;LSGG;25R;SOPOK4G;4.513425726402573;50.81990128973658;1582.4427490234375;2556.9036
F044-2;9/29/2026 3:16:25 PM +02:00;9/29/2026 3:17:40 PM +02:00;9/29/2026 3:16:47 PM +02:00;75;D;DEP;54.991188;62.88;73.7418;;9/29/2026 1:14:29 PM;9/29/2026 1:18:56 PM;AUA294P;OELXE;4402A3;A320;EBBR;LOWW;25R;SOPOK4G;4.513468637469889;50.81903982710894;1346.199951171875;2483.024
F044-2;9/29/2026 3:18:39 PM +02:00;9/29/2026 3:20:05 PM +02:00;9/29/2026 3:18:47 PM +02:00;86;D;DEP;54.618923;64.3;73.963905;;9/29/2026 1:16:01 PM;9/29/2026 1:20:20 PM;SWR15Y;HBAZD;4B028D;E290;EBBR;LSZH;25R;SOPOK4G;4.515163972637035;50.82026861472836;1552.5977783203125;2450.7754
F044-2;9/29/2026 3:28:39 PM +02:00;9/29/2026 3:29:51 PM +02:00;9/29/2026 3:29:07 PM +02:00;72;D;DEP;50.176453;59.52;68.74978;;9/29/2026 1:26:09 PM;9/29/2026 1:30:20 PM;BEL3ND;;44CC46;A20N;EBBR;HEGN;25R;SOPOK4G;4.513874196429535;50.820734740968405;1558.312744140625;2481.9836
F044-2;9/29/2026 3:31:01 PM +02:00;9/29/2026 3:32:05 PM +02:00;9/29/2026 3:31:36 PM +02:00;64;D;DEP;56.185787;63.46;74.24759;;9/29/2026 1:28:33 PM;9/29/2026 1:32:48 PM;BEL5XD;OOSNJ;44CDCA;A320;EBBR;EPWA;25R;LNO4G;4.530142447056354;50.823218301979615;1516.40283203125;1860.0186
F044-2;9/29/2026 3:39:50 PM +02:00;9/29/2026 3:41:00 PM +02:00;9/29/2026 3:40:34 PM +02:00;70;D;DEP;53.62096;61.31;72.07194;;9/29/2026 1:37:25 PM;9/29/2026 1:41:56 PM;CXI4F;LYLGA;503E61;A320;EBBR;LGIR;25R;SOPOK4G;4.513716791252731;50.81949307214514;1383.0413818359375;2468.2634
F044-2;9/29/2026 3:57:26 PM +02:00;9/29/2026 3:58:25 PM +02:00;9/29/2026 3:58:05 PM +02:00;59;D;DEP;54.904568;60.68;72.61309;;9/29/2026 1:55:04 PM;9/29/2026 1:58:48 PM;CEF05T;2801;498422;A319;EBBR;LKKB;25R;SOPOK4G;4.518256324209441;50.82458834272827;1882.162841796875;2327.8994
F044-2;9/29/2026 4:01:27 PM +02:00;9/29/2026 4:01:56 PM +02:00;9/29/2026 4:01:48 PM +02:00;29;D;DEP;56.53979;61.72;71.16377;;9/29/2026 1:58:44 PM;9/29/2026 2:02:36 PM;BEL3XW;;44CC44;A20N;EBBR;LOWW;25R;SOPOK4G;4.516635985143519;50.821175605902475;1857.3978271484375;2551.272
F044-2;9/29/2026 4:18:46 PM +02:00;9/29/2026 4:20:12 PM +02:00;9/29/2026 4:19:21 PM +02:00;86;D;DEP;52.908455;60.15;72.25344;;9/29/2026 2:16:29 PM;9/29/2026 2:21:04 PM;BEL7PK;YLABH;502D59;BCS3;EBBR;LJLJ;25R;SOPOK4G;4.513582430514406;50.81840423782388;1685.9478759765625;2712.018
F044-2;9/29/2026 4:20:51 PM +02:00;9/29/2026 4:22:02 PM +02:00;9/29/2026 4:21:34 PM +02:00;71;D;DEP;52.083588;60.72;70.59617;;9/29/2026 2:18:24 PM;9/29/2026 2:23:08 PM;BEL5TR;OOSNF;44CDC6;A320;EBBR;DTMB;25R;ROUSY4G;4.513471401931801;50.8210403133123;1346.8349609375;2344.88
F044-2;9/29/2026 4:23:39 PM +02:00;9/29/2026 4:24:56 PM +02:00;9/29/2026 4:24:23 PM +02:00;77;D;DEP;53.090343;61.27;71.95525;;9/29/2026 2:21:13 PM;9/29/2026 2:25:28 PM;RJA142;;74482C;A20N;EBBR;OJAI;25R;SOPOK4G;4.514827076069457;50.81990338031224;1615.4627685546875;2534.2769
F044-2;9/29/2026 4:39:58 PM +02:00;9/29/2026 4:41:18 PM +02:00;9/29/2026 4:40:47 PM +02:00;80;D;DEP;53.971;60.68;73.0019;;9/29/2026 2:37:36 PM;9/29/2026 2:42:20 PM;TAR955;;02A263;A320;EBBR;DTTA;25R;ROUSY4G;4.516494633173093;50.819486733335346;1440.2027587890625;2404.0242
F044-2;9/29/2026 4:42:12 PM +02:00;9/29/2026 4:43:06 PM +02:00;9/29/2026 4:42:56 PM +02:00;54;D;DEP;62.737682;73.57;80.06162;;9/29/2026 2:40:29 PM;9/29/2026 2:44:32 PM;BEL6ZH;OOSSB;44CE62;A319;EBBR;LIML;25R;ROUSY4G;4.522479810223043;50.81856600310378;1676.4228515625;2436.5078
F044-2;9/29/2026 4:44:47 PM +02:00;9/29/2026 4:45:58 PM +02:00;9/29/2026 4:45:10 PM +02:00;71;D;DEP;63.271057;73.53;81.78364;;9/29/2026 2:41:57 PM;9/29/2026 2:46:04 PM;BEL2HJ;OOSNH;44CDC8;A320;EBBR;EDDB;25R;SPI4G;4.527985300735242;50.82242263754029;1817.392822265625;2165.9883
F044-2;9/29/2026 5:16:13 PM +02:00;9/29/2026 5:17:32 PM +02:00;9/29/2026 5:16:55 PM +02:00;79;D;DEP;56.776882;66.37;75.75315;;9/29/2026 3:13:41 PM;9/29/2026 3:18:08 PM;BOX547;DAALS;3C4593;B77L;EBBR;EDDP;25R;SPI4G;4.532391845237592;50.82472619085862;1924.07275390625;2097.5374
F044-2;9/29/2026 5:37:46 PM +02:00;9/29/2026 5:39:09 PM +02:00;9/29/2026 5:38:56 PM +02:00;83;D;DEP;55.348827;62.53;74.53961;;9/29/2026 3:35:24 PM;9/29/2026 3:40:44 PM;AUA296;OELXB;44022B;A320;EBBR;LOWW;25R;SOPOK4G;4.528318696121935;50.823955334055825;1462.36181640625;1801.1575
F044-2;9/29/2026 6:01:41 PM +02:00;9/29/2026 6:02:39 PM +02:00;9/29/2026 6:02:13 PM +02:00;58;D;DEP;57.13768;65.43;74.77196;;9/29/2026 3:59:01 PM;9/29/2026 4:03:16 PM;BEL8UK;;44CE79;A319;EBBR;EDDF;25R;SPI4G;4.528141570786897;50.821141741198325;1706.2017822265625;2170.5906
F044-2;9/29/2026 6:02:59 PM +02:00;9/29/2026 6:03:52 PM +02:00;9/29/2026 6:03:37 PM +02:00;53;D;DEP;54.39127;58.62;71.634026;;9/29/2026 4:00:41 PM;9/29/2026 4:04:32 PM;RYR5ZK;9HQDB;4D222D;B738;EBBR;LIRP;25R;ROUSY4G;4.516491184724189;50.81940585857377;1774.78173828125;2604.0684
F044-2;9/29/2026 6:08:21 PM +02:00;9/29/2026 6:10:10 PM +02:00;9/29/2026 6:09:18 PM +02:00;109;D;DEP;58.051323;66.76;78.42559;;9/29/2026 4:06:01 PM;9/29/2026 4:10:40 PM;LYF278;08 BLUE;503FD3;C27J;EBBR;EYVI;25R;LNO4G;4.527793670490485;50.823258661401546;2071.9619140625;2338.0386
F044-2;9/29/2026 6:17:29 PM +02:00;9/29/2026 6:18:31 PM +02:00;9/29/2026 6:18:04 PM +02:00;62;D;DEP;52.78316;59.4;70.70708;;9/29/2026 4:14:56 PM;9/29/2026 4:19:12 PM;BEL3WD;OOSSL;44CE6C;A319;EBBR;LIRF;25R;ROUSY4G;4.515508365729109;50.819527051158325;1670.0068359375;2556.9937
F044-2;9/29/2026 6:46:34 PM +02:00;9/29/2026 6:47:25 PM +02:00;9/29/2026 6:46:56 PM +02:00;51;D;DEP;48.61606;53.82;65.69176;;9/29/2026 4:44:00 PM;9/29/2026 4:46:56 PM;IAM3170;;33FCA3;GLF6;EBMB;LIRA;25R;ROUSY4G;4.516370992158587;50.818115886597546;2285.32177734375;3037.512
F044-2;9/29/2026 6:48:03 PM +02:00;9/29/2026 6:49:25 PM +02:00;9/29/2026 6:48:55 PM +02:00;82;D;DEP;53.229183;61.86;72.367325;;9/29/2026 4:46:01 PM;9/29/2026 4:49:48 PM;LBT385;9HMMO;4D23BB;A320;EBBR;DTTJ;25R;ROUSY4G;4.516782024902729;50.81961714378538;1569.041748046875;2449.746
F044-2;9/29/2026 7:28:45 PM +02:00;9/29/2026 7:30:18 PM +02:00;9/29/2026 7:30:05 PM +02:00;93;E;DEP;54.224815;63.93;73.909645;;9/29/2026 5:26:20 PM;9/29/2026 5:30:36 PM;BEL4GV;;44CDD1;A320;EBBR;LSGG;25R;ROUSY4G;4.515070087569798;50.819930383834574;1636.417724609375;2521.917
F044-2;9/29/2026 7:33:05 PM +02:00;9/29/2026 7:34:43 PM +02:00;9/29/2026 7:33:50 PM +02:00;98;E;DEP;51.935196;61.22;71.84746;;9/29/2026 5:30:45 PM;9/29/2026 5:34:36 PM;BEL8RD;OOSSJ;44CE6A;A319;EBBR;LIMC;25R;ROUSY4G;4.513817872625181;50.819571746838314;1703.0927734375;2633.039
F044-2;9/29/2026 7:35:05 PM +02:00;9/29/2026 7:36:09 PM +02:00;9/29/2026 7:35:29 PM +02:00;64;E;DEP;54.114597;62.86;72.1764;;9/29/2026 5:32:40 PM;9/29/2026 5:36:36 PM;ITY165;;4CADAC;A20N;EBBR;LIRF;25R;ROUSY4G;4.513340571249978;50.81994810044025;1840.2528076171875;2713.9324
F044-2;9/29/2026 7:39:15 PM +02:00;9/29/2026 7:40:20 PM +02:00;9/29/2026 7:40:06 PM +02:00;65;E;DEP;49.879158;55.58;68.00829;;9/29/2026 5:36:52 PM;9/29/2026 5:41:12 PM;BEL4HU;YLABE;502D46;BCS3;EBBR;EDDM;25R;SOPOK4G;4.516554173704527;50.82184080175799;1729.7628173828125;2414.1636
F044-2;9/29/2026 7:45:35 PM +02:00;9/29/2026 7:47:04 PM +02:00;9/29/2026 7:46:14 PM +02:00;89;E;DEP;55.10304;62.25;74.59694;;9/29/2026 5:43:08 PM;9/29/2026 5:47:20 PM;BEL2LG;OOSNN;44CDCE;A320;EBBR;EDDF;25R;SPI4G;4.526800369034778;50.82237770950599;1775.4827880859375;2158.5269
F044-2;9/29/2026 7:58:43 PM +02:00;9/29/2026 8:00:03 PM +02:00;9/29/2026 7:59:31 PM +02:00;80;E;DEP;50.74195;57.93;69.77285;;9/29/2026 5:56:00 PM;9/29/2026 6:01:12 PM;LOT4CN;;48E95E;B38M;EBBR;EPWA;25R;LNO4G;4.52667781185242;50.823337262828296;1571.6478271484375;1940.1123
F044-2;9/29/2026 8:02:08 PM +02:00;9/29/2026 8:03:32 PM +02:00;9/29/2026 8:02:40 PM +02:00;84;E;DEP;51.049976;58.06;70.29277;;9/29/2026 5:59:32 PM;9/29/2026 6:03:52 PM;AUA29V;OELBO;44001B;A320;EBBR;LOWW;25R;SOPOK4G;4.513135950304931;50.81727042185514;1501.162841796875;2710.0823
F044-2;9/29/2026 8:21:05 PM +02:00;9/29/2026 8:22:50 PM +02:00;9/29/2026 8:21:57 PM +02:00;105;E;DEP;48.265163;57.2;68.47706;;9/29/2026 6:18:53 PM;9/29/2026 6:23:00 PM;AEE6BR;SXNAK;46B82B;A21N;EBBR;LGAV;25R;PITES4G;4.512319660172336;50.818142244190106;1645.94287109375;2757.5134
F044-2;9/29/2026 8:27:37 PM +02:00;9/29/2026 8:29:06 PM +02:00;9/29/2026 8:28:31 PM +02:00;89;E;DEP;46.39422;52.53;65.888115;;9/29/2026 6:25:17 PM;9/29/2026 6:29:12 PM;ITY153;;4CAE11;BCS1;EBBR;LIML;25R;ROUSY4G;4.515380519098793;50.819924812033015;1895.497802734375;2683.0586
F044-2;9/29/2026 8:36:29 PM +02:00;9/29/2026 8:37:55 PM +02:00;9/29/2026 8:37:15 PM +02:00;86;E;DEP;43.854885;48.8;63.19987;;9/29/2026 6:34:16 PM;9/29/2026 6:37:12 PM;PNC1VL;YUSVL;4C4AAB;C56X;EBBR;LCLK;25R;PITES4G;4.512215551860295;50.82094797584358;2545.102783203125;3203.7112
F044-2;9/29/2026 8:42:52 PM +02:00;9/29/2026 8:44:16 PM +02:00;9/29/2026 8:43:29 PM +02:00;84;E;DEP;47.783623;53.52;67.02641;;9/29/2026 6:40:25 PM;9/29/2026 6:44:40 PM;LZB408;;452121;BCS3;EBBR;LBSF;25R;PITES4G;4.517217630320222;50.82183302353624;1604.03271484375;2303.404
F044-2;9/29/2026 8:46:58 PM +02:00;9/29/2026 8:48:16 PM +02:00;9/29/2026 8:47:53 PM +02:00;78;E;DEP;51.891487;59.05;70.81243;;9/29/2026 6:44:45 PM;9/29/2026 6:48:32 PM;BEL92K;OOSSW;44CE77;A319;EBBR;LSGG;25R;ROUSY4G;4.513213406561737;50.81852440092643;1703.0927734375;2721.1304
F044-2;9/29/2026 8:52:35 PM +02:00;9/29/2026 8:54:10 PM +02:00;9/29/2026 8:53:13 PM +02:00;95;E;DEP;47.862885;55.56;67.64012;;9/29/2026 6:50:09 PM;9/29/2026 6:54:04 PM;CTN4457;;501C38;BCS3;EBBR;LDZA;25R;PITES4G;4.518255945499813;50.8259760639203;1897.40283203125;2279.5823
F044-2;9/29/2026 9:03:02 PM +02:00;9/29/2026 9:04:26 PM +02:00;9/29/2026 9:03:43 PM +02:00;84;E;DEP;51.359074;59.39;70.60187;;9/29/2026 7:00:41 PM;9/29/2026 7:04:20 PM;EJU87PG;OELQM;440589;A319;EBBR;LIRF;25R;ROUSY4G;4.5131566200674555;50.81880758560147;1813.582763671875;2782.1592
F044-2;9/29/2026 9:07:03 PM +02:00;9/29/2026 9:08:23 PM +02:00;9/29/2026 9:07:35 PM +02:00;80;E;DEP;52.48632;62.48;71.51722;;9/29/2026 7:04:57 PM;9/29/2026 7:08:08 PM;BEL7JU;;44CC43;A20N;EBBR;LHBP;25R;SOPOK4G;4.519201716956873;50.82518286184084;1941.2177734375;2305.0806
F044-2;9/29/2026 9:08:50 PM +02:00;9/29/2026 9:09:58 PM +02:00;9/29/2026 9:09:15 PM +02:00;68;E;DEP;54.83508;59.97;73.16017;;9/29/2026 7:06:25 PM;9/29/2026 7:10:01 PM;BEL1ZK;OOSNI;44CDC9;A320;EBBR;EDDB;25R;SPI4G;4.523804420125795;50.82068752067054;1786.912841796875;2343.3442
F044-2;9/29/2026 9:10:25 PM +02:00;9/29/2026 9:11:43 PM +02:00;9/29/2026 9:10:52 PM +02:00;78;E;DEP;52.860188;58.36;71.781136;;9/29/2026 7:08:05 PM;9/29/2026 7:12:20 PM;BCS115;ECNHF;346318;B752;EBBR;EDDP;25R;SOPOK4G;4.512773351966376;50.81889063925751;1615.462890625;2671.981
F044-2;9/29/2026 9:27:55 PM +02:00;9/29/2026 9:29:46 PM +02:00;9/29/2026 9:29:09 PM +02:00;111;E;DEP;51.283604;59.58;71.73683;;9/29/2026 7:26:09 PM;9/29/2026 7:30:00 PM;BEL2653;OOSSO;44CE6F;A319;EBBR;EDDM;25R;SOPOK4G;4.518253479867818;50.822232044717246;1958.36279296875;2509.1663
F044-2;9/29/2026 9:30:11 PM +02:00;9/29/2026 9:31:48 PM +02:00;9/29/2026 9:31:02 PM +02:00;97;E;DEP;49.26833;58.25;69.13605;;9/29/2026 7:28:05 PM;9/29/2026 7:32:12 PM;VLG7JX;ECMKX;345205;A319;EBBR;LIRQ;25R;ROUSY4G;4.51463952300039;50.81881230922036;1714.5228271484375;2667.933
F044-2;9/29/2026 9:32:42 PM +02:00;9/29/2026 9:34:45 PM +02:00;9/29/2026 9:33:45 PM +02:00;123;E;DEP;50.293636;58.62;71.19269;;9/29/2026 7:30:41 PM;9/29/2026 7:34:32 PM;BEL2SJ;OOSNJ;44CDCA;A320;EBBR;LIPZ;25R;ROUSY4G;4.51627141117689;50.81886198030076;1760.2427978515625;2638.75
F044-2;9/29/2026 9:36:41 PM +02:00;9/29/2026 9:37:58 PM +02:00;9/29/2026 9:37:18 PM +02:00;77;E;DEP;52.437244;58.88;71.302155;;9/29/2026 7:34:08 PM;9/29/2026 7:38:24 PM;BEL9WB;OOSSB;44CE62;A319;EBBR;LFML;25R;ROUSY4G;4.513040652976901;50.82030425107736;1777.3878173828125;2675.5254
F044-2;9/29/2026 9:47:23 PM +02:00;9/29/2026 9:49:18 PM +02:00;9/29/2026 9:48:26 PM +02:00;115;E;DEP;51.775917;60.3;72.3829;;9/29/2026 7:45:24 PM;9/29/2026 7:49:20 PM;EJU45PN;OEICI;44046D;A320;EBBR;LFMN;25R;ROUSY4G;4.514965660064722;50.81948655004069;1645.94287109375;2568.4387
F044-2;9/29/2026 9:59:07 PM +02:00;9/29/2026 10:00:55 PM +02:00;9/29/2026 9:59:54 PM +02:00;108;E;DEP;48.133266;54.51;68.46751;;9/29/2026 7:56:45 PM;9/29/2026 8:01:40 PM;ETH751;;040262;A359;EBBR;HAAB;25R;PITES4G;4.5118281488467185;50.814195844193435;1482.11279296875;2974.4407
F044-2;9/29/2026 10:04:40 PM +02:00;9/29/2026 10:06:05 PM +02:00;9/29/2026 10:05:43 PM +02:00;85;E;DEP;58.44103;68.06;77.735214;;9/29/2026 8:02:33 PM;9/29/2026 8:06:56 PM;THY6LS;TCJNT;4BA9D4;A333;EBBR;LTFM;25R;SOPOK4G;4.513943601581505;50.820097630644135;1487.4468994140625;2479.212
F044-2;9/29/2026 10:14:41 PM +02:00;9/29/2026 10:16:16 PM +02:00;9/29/2026 10:15:17 PM +02:00;95;E;DEP;53.816654;62.84;73.59389;;9/29/2026 8:12:21 PM;9/29/2026 8:16:16 PM;EJU16RZ;OEIVZ;4402AE;A320;EBBR;LIML;25R;ROUSY4G;4.507740424396485;50.820138102539794;1583.0777587890625;2779.0815
F044-2;9/29/2026 10:28:32 PM +02:00;9/29/2026 10:30:06 PM +02:00;9/29/2026 10:29:33 PM +02:00;94;E;DEP;46.377354;52;66.108635;;9/29/2026 8:26:41 PM;9/29/2026 8:30:25 PM;BEL6NX;;44CC45;A20N;EBBR;LKPR;25R;SOPOK4G;4.518472819526587;50.82438723454973;1992.65283203125;2407.3079
F044-2;9/29/2026 10:30:26 PM +02:00;9/29/2026 10:31:53 PM +02:00;9/29/2026 10:30:57 PM +02:00;87;E;DEP;51.432682;57.99;70.82787;;9/29/2026 8:28:29 PM;9/29/2026 8:31:45 PM;;DCSUS;3CF1A2;PC24;EBBR;EDDK;25R;LNO4G;4.5308378527192374;50.82291267678305;1790.7227783203125;2089.606
F044-2;9/29/2026 10:33:38 PM +02:00;9/29/2026 10:35:05 PM +02:00;9/29/2026 10:34:10 PM +02:00;87;E;DEP;45.86127;50.69;65.25646;;9/29/2026 8:31:13 PM;9/29/2026 8:35:29 PM;BCS5535;;348358;B738;EBBR;LZIB;25R;SOPOK4G;4.509442047223064;50.81167841887604;1554.5028076171875;3306.6506
F044-2;9/29/2026 10:37:31 PM +02:00;9/29/2026 10:39:10 PM +02:00;9/29/2026 10:38:18 PM +02:00;99;E;DEP;51.645912;62.68;71.602264;;9/29/2026 8:35:37 PM;9/29/2026 8:38:21 PM;DCS607;;3CD5C4;C56X;EBBR;EDTY;25R;SOPOK4G;4.522281219378298;50.82656862325652;2421.27783203125;2599.4854
F044-2;9/29/2026 11:24:01 PM +02:00;9/29/2026 11:25:31 PM +02:00;9/29/2026 11:24:37 PM +02:00;90;N;DEP;55.670826;63.73;75.21325;;9/29/2026 9:23:01 PM;9/29/2026 9:26:33 PM;VJT643;;4D21CD;E35L;EBBR;LATI;19 ;PITES1L;4.530993696040187;50.833955923318044;1061.0850830078125;1007.9354
F044-2;9/30/2026 12:40:07 AM +02:00;9/30/2026 12:41:58 AM +02:00;9/30/2026 12:40:56 AM +02:00;111;N;DEP;60.49776;68.05;80.95099;;9/29/2026 10:39:00 PM;9/29/2026 10:43:08 PM;BCS92P;;347301;B752;EBBR;EDDP;19 ;SOPOK9L;4.532022839492151;50.83252214873332;1125.85498046875;1059.9926
F044-2;9/30/2026 1:35:14 AM +02:00;9/30/2026 1:37:07 AM +02:00;9/30/2026 1:36:08 AM +02:00;113;N;DEP;61.962284;69.21;82.493065;;9/29/2026 11:34:20 PM;9/29/2026 11:38:04 PM;BCS2200;;3420C6;B738;EBBR;EDDP;19 ;SOPOK9L;4.538052430775454;50.83583001852614;1177.2900390625;1185.1798
F044-2;9/30/2026 1:42:22 AM +02:00;9/30/2026 1:44:08 AM +02:00;9/30/2026 1:43:15 AM +02:00;106;N;DEP;54.26201;60.62;74.51507;;9/29/2026 11:41:33 PM;9/29/2026 11:45:00 PM;BCS491;OELNW;440BCD;B752;EBBR;EDDK;19 ;LNO8L;4.547520719410361;50.84594871200815;1249.6800537109375;2071.0356
F045-1;9/29/2026 6:59:46 AM +02:00;9/29/2026 7:01:07 AM +02:00;9/29/2026 7:00:22 AM +02:00;81;D;DEP;54.927795;62.85;74.01264;;9/29/2026 4:58:09 AM;9/29/2026 5:01:53 AM;TRA15N;PHHXJ;4853D3;B738;EBBR;LEAL;25R;CIV4G;4.321024490934386;50.90831276120724;1348.739990234375;2682.5854
F045-1;9/29/2026 7:19:28 AM +02:00;9/29/2026 7:21:25 AM +02:00;9/29/2026 7:20:21 AM +02:00;117;D;DEP;51.54498;61.42;72.22684;;9/29/2026 5:18:00 AM;9/29/2026 5:22:28 AM;IBE06CK;ECILS;342091;A320;EBBR;LEMD;25R;CIV4G;4.31938293607156;50.90973905593652;1234.43994140625;2486.8499
F045-1;9/29/2026 8:21:39 AM +02:00;9/29/2026 8:22:51 AM +02:00;9/29/2026 8:22:10 AM +02:00;72;D;DEP;51.858704;57.4;70.43203;;9/29/2026 6:19:45 AM;9/29/2026 6:23:49 AM;KLM58G;PHEZL;484C50;E190;EBBR;EHAM;25R;HELEN4G;4.340749169680827;50.94855680009115;1325.8800048828125;2804.1516
F045-1;9/29/2026 8:27:23 AM +02:00;9/29/2026 8:28:16 AM +02:00;9/29/2026 8:27:39 AM +02:00;53;D;DEP;50.694553;59.09;67.93731;;9/29/2026 6:25:29 AM;9/29/2026 6:29:53 AM;BEL8KV;;44CC45;A20N;EBBR;LFPG;25R;CIV4G;4.327811747450099;50.908738290620285;1341.1199951171875;2723.888
F045-1;9/29/2026 8:30:51 AM +02:00;9/29/2026 8:32:18 AM +02:00;9/29/2026 8:31:41 AM +02:00;87;D;DEP;50.56958;56.3;69.964775;;9/29/2026 6:29:01 AM;9/29/2026 6:33:52 AM;ANE8076;ECMTZ;345687;CRJX;EBBR;LPPR;25R;CIV4G;4.3199100914763875;50.90636461144185;1158.239990234375;2805.5662
F045-1;9/29/2026 8:36:19 AM +02:00;9/29/2026 8:37:50 AM +02:00;9/29/2026 8:36:48 AM +02:00;91;D;DEP;53.06689;58.36;72.6573;;9/29/2026 6:34:44 AM;9/29/2026 6:38:24 AM;RYR38YH;EIDLX;4CA303;B738;EBBR;LEGE;25R;CIV4G;4.322437485172776;50.90869283984435;1578.764892578125;2808.4302
F045-1;9/29/2026 9:02:19 AM +02:00;9/29/2026 9:03:58 AM +02:00;9/29/2026 9:02:59 AM +02:00;99;D;DEP;53.994946;61.59;73.951294;;9/29/2026 7:00:52 AM;9/29/2026 7:04:36 AM;TRA22C;PHHXE;48520D;B738;EBBR;GMMX;25R;CIV4G;4.321041078766871;50.90778692979166;1242.06005859375;2677.9695
F045-1;9/29/2026 9:32:43 AM +02:00;9/29/2026 9:33:46 AM +02:00;9/29/2026 9:33:38 AM +02:00;63;D;DEP;59.984264;68.18;77.97767;;9/29/2026 7:31:17 AM;9/29/2026 7:35:40 AM;BEL2DY;OOSSR;44CE72;A319;EBBR;LPPT;25R;CIV4G;4.3282952782803825;50.908712165519326;1135.3800048828125;2641.7542
F045-1;9/29/2026 9:39:00 AM +02:00;9/29/2026 9:40:47 AM +02:00;9/29/2026 9:39:53 AM +02:00;107;D;DEP;52.97945;58.32;73.273285;;9/29/2026 7:37:33 AM;9/29/2026 7:41:44 AM;BEL5KF;OOSSO;44CE6F;A319;EBBR;LPFR;25R;CIV4G;4.324671748613884;50.908238373891976;1264.9200439453125;2686.309
F045-1;9/29/2026 9:51:32 AM +02:00;9/29/2026 9:52:38 AM +02:00;9/29/2026 9:52:06 AM +02:00;66;D;DEP;53.8941;59.33;72.08954;;9/29/2026 7:49:53 AM;9/29/2026 7:54:12 AM;VLG9BU;ECMBF;34454A;A320;EBBR;LEAL;25R;CIV4G;4.322740022385981;50.90780795638525;1203.9599609375;2690.031
F045-1;9/29/2026 9:58:08 AM +02:00;9/29/2026 9:59:13 AM +02:00;9/29/2026 9:58:26 AM +02:00;65;D;DEP;54.258556;59.98;72.38769;;9/29/2026 7:56:04 AM;9/29/2026 8:00:36 AM;BEL5EN;OOSNF;44CDC6;A320;EBBR;LEMD;25R;CIV4G;4.323157000441354;50.90835703476626;1226.8199462890625;2669.835
F045-1;9/29/2026 10:05:55 AM +02:00;9/29/2026 10:07:37 AM +02:00;9/29/2026 10:06:40 AM +02:00;102;D;DEP;62.082314;72.04;82.16831;;9/29/2026 8:04:28 AM;9/29/2026 8:09:05 AM;DAL141;N831MH;AB5D2C;B764;EBBR;KATL;25R;DENUT4G;4.312392380370893;50.91877362253244;1186.179931640625;1785.7235
F045-1;9/29/2026 10:15:56 AM +02:00;9/29/2026 10:17:41 AM +02:00;9/29/2026 10:16:47 AM +02:00;105;D;DEP;61.746094;69.93;81.957985;;9/29/2026 8:14:40 AM;9/29/2026 8:18:33 AM;ACA833;CFJZS;C01A61;B77W;EBBR;CYUL;25R;DENUT4G;4.318741609879381;50.92176409493252;1287.780029296875;1535.3931
F045-1;9/29/2026 10:28:47 AM +02:00;9/29/2026 10:30:24 AM +02:00;9/29/2026 10:29:43 AM +02:00;97;D;DEP;59.944916;67.35;79.81263;;9/29/2026 8:27:24 AM;9/29/2026 8:31:57 AM;UAL973;N14019;A0A54D;B78X;EBBR;KORD;25R;DENUT4G;4.317852036414387;50.92144898877514;1223.77197265625;1512.2463
F045-1;9/29/2026 10:30:54 AM +02:00;9/29/2026 10:32:11 AM +02:00;9/29/2026 10:31:29 AM +02:00;77;D;DEP;59.415897;66.78;78.28081;;9/29/2026 8:29:17 AM;9/29/2026 8:35:33 AM;ACA827;CFRSI;C02EC1;B789;EBBR;CYYZ;25R;DENUT4G;4.318490354593321;50.9215086153974;1203.9599609375;1490.1897
F045-1;9/29/2026 10:34:18 AM +02:00;9/29/2026 10:36:20 AM +02:00;9/29/2026 10:35:27 AM +02:00;122;D;DEP;58.50635;66.88;79.36995;;9/29/2026 8:32:57 AM;9/29/2026 8:38:41 AM;BEL5UB;OOSSV;44CE76;A319;EBBR;EGCC;25R;DENUT4G;4.320039121302418;50.9218237628246;1367.7900390625;1595.1039
F045-1;9/29/2026 10:37:44 AM +02:00;9/29/2026 10:39:35 AM +02:00;9/29/2026 10:38:46 AM +02:00;111;D;DEP;53.817177;62.32;74.27041;;9/29/2026 8:36:25 AM;9/29/2026 8:40:52 AM;RYR7EM;9HQEY;4D251C;B738;EBBR;LEBL;25R;CIV4G;4.325228690144907;50.90929557547063;1325.8800048828125;2636.2117
F045-1;9/29/2026 10:48:46 AM +02:00;9/29/2026 10:50:27 AM +02:00;9/29/2026 10:49:24 AM +02:00;101;D;DEP;63.518284;71.89;83.5615;;9/29/2026 8:47:01 AM;9/29/2026 8:52:57 AM;BEL1CP;;44CCD1;A333;EBBR;KJFK;25R;DENUT4G;4.318583758043865;50.9228571436701;1051.56005859375;1278.3354
F045-1;9/29/2026 10:52:49 AM +02:00;9/29/2026 10:53:34 AM +02:00;9/29/2026 10:53:19 AM +02:00;45;D;DEP;50.25838;54.52;66.790504;;9/29/2026 8:50:53 AM;9/29/2026 8:54:48 AM;BEL1MG;OOSBA;44CC41;A20N;EBBR;LPPR;25R;CIV4G;4.327444140580605;50.908265722389686;1448.5238037109375;2816.6597
F045-1;9/29/2026 10:54:05 AM +02:00;9/29/2026 10:55:37 AM +02:00;9/29/2026 10:55:13 AM +02:00;92;D;DEP;61.621;68.26;81.25887;;9/29/2026 8:52:52 AM;9/29/2026 8:57:04 AM;EIN6AP;EIDEO;4CA295;A320;EBBR;EIDW;25R;DENUT4G;4.318600987775415;50.92180429290285;1242.0599365234375;1494.1831
F045-1;9/29/2026 10:56:11 AM +02:00;9/29/2026 10:57:43 AM +02:00;9/29/2026 10:56:45 AM +02:00;92;D;DEP;59.56409;67.52;79.201965;;9/29/2026 8:54:20 AM;9/29/2026 8:58:48 AM;RYR7FE;9HQDL;4D2265;B738;EBBR;EIDW;25R;DENUT4G;4.318726614812386;50.92115847267229;1348.739990234375;1626.0325
F045-1;9/29/2026 11:08:55 AM +02:00;9/29/2026 11:10:24 AM +02:00;9/29/2026 11:09:47 AM +02:00;89;D;DEP;48.869484;56.78;68.36338;;9/29/2026 9:07:44 AM;9/29/2026 9:11:21 AM;BAW385;GDBCC;400A7C;A319;EBBR;EGLL;25R;HELEN4G;4.339301640785354;50.949774719763354;1318.260009765625;2861.3113
F045-1;9/29/2026 11:13:18 AM +02:00;9/29/2026 11:14:25 AM +02:00;9/29/2026 11:13:53 AM +02:00;67;D;DEP;53.66218;59.44;71.92293;;9/29/2026 9:11:36 AM;9/29/2026 9:17:04 AM;MAC116Q;CNNMJ;020124;A320;EBBR;GMMW;25R;CIV4G;4.3248962920082334;50.90890396314465;1143;2589.2607
F045-1;9/29/2026 11:15:32 AM +02:00;9/29/2026 11:16:27 AM +02:00;9/29/2026 11:15:56 AM +02:00;55;D;DEP;55.281067;60.09;72.68469;;9/29/2026 9:13:44 AM;9/29/2026 9:18:32 AM;RYR29DB;9HQCJ;4D2226;B738;EBBR;LEMD;25R;CIV4G;4.321809085749949;50.90931645461981;1303.02001953125;2606.3108
F045-1;9/29/2026 11:22:52 AM +02:00;9/29/2026 11:24:24 AM +02:00;9/29/2026 11:23:34 AM +02:00;92;D;DEP;60.203827;69.71;79.841705;;9/29/2026 9:21:24 AM;9/29/2026 9:26:53 AM;UAL995;N16008;A0F427;B78X;EBBR;KEWR;25R;DENUT4G;4.316656659024103;50.92322325546203;1181.0999755859375;1395.715
F045-1;9/29/2026 11:29:47 AM +02:00;9/29/2026 11:31:30 AM +02:00;9/29/2026 11:30:30 AM +02:00;103;D;DEP;58.45799;64.43;78.586365;;9/29/2026 9:28:04 AM;9/29/2026 9:33:32 AM;BEL8AN;OOSFX;44CCD8;A333;EBBR;GOBD;25R;CIV4G;4.319304837127384;50.909716441411554;1059.1800537109375;2414.8481
F045-1;9/29/2026 11:32:27 AM +02:00;9/29/2026 11:33:11 AM +02:00;9/29/2026 11:32:54 AM +02:00;44;D;DEP;59.07289;63.63;75.507416;;9/29/2026 9:30:24 AM;9/29/2026 9:36:28 AM;BEL6ZD;OOSFF;44CCC6;A333;EBBR;DFFD;25R;CIV4G;4.322789159782248;50.90953844213073;1043.93994140625;2472.3425
F045-1;9/29/2026 11:41:32 AM +02:00;9/29/2026 11:42:42 AM +02:00;9/29/2026 11:41:56 AM +02:00;70;D;DEP;61.88028;68.57;80.33126;;9/29/2026 9:39:28 AM;9/29/2026 9:43:40 AM;BEL4OZ;OOSSX;44CE78;A319;EBBR;EGPH;25R;DENUT4G;4.319278196938096;50.921831366765886;1257.300048828125;1502.7152
F045-1;9/29/2026 12:05:34 PM +02:00;9/29/2026 12:06:54 PM +02:00;9/29/2026 12:06:33 PM +02:00;80;D;DEP;49.088017;56.85;68.11892;;9/29/2026 10:04:12 AM;9/29/2026 10:08:16 AM;TAP641;;495153;A21N;EBBR;LPPT;25R;CIV4G;4.326788284633426;50.908682567060396;1394.4599609375;2743.0808
F045-1;9/29/2026 12:12:56 PM +02:00;9/29/2026 12:14:33 PM +02:00;9/29/2026 12:13:38 PM +02:00;97;D;DEP;51.176758;58.56;71.04447;;9/29/2026 10:11:20 AM;9/29/2026 10:15:08 AM;ENT579P;;48E87F;B738;EBBR;LFSL;25R;CIV4G;4.326120531370671;50.90856903146413;1348.739990234375;2725.207
F045-1;9/29/2026 12:19:06 PM +02:00;9/29/2026 12:20:30 PM +02:00;9/29/2026 12:20:04 PM +02:00;84;D;DEP;47.900734;54.15;67.143524;;9/29/2026 10:17:33 AM;9/29/2026 10:23:00 AM;BEL6EP;YLABE;502D46;BCS3;EBBR;LEMG;25R;CIV4G;4.322576216328606;50.90787508165583;1234.43994140625;2719.2036
F045-1;9/29/2026 12:28:38 PM +02:00;9/29/2026 12:30:14 PM +02:00;9/29/2026 12:29:34 PM +02:00;96;D;DEP;54.70973;63.03;74.53244;;9/29/2026 10:27:04 AM;9/29/2026 10:33:08 AM;BEL37K;OOSFE;44CCC5;A333;EBBR;FZAA;25R;CIV4G;4.321155370666669;50.90924336677179;1059.1800537109375;2505.037
F045-1;9/29/2026 12:33:51 PM +02:00;9/29/2026 12:35:25 PM +02:00;9/29/2026 12:34:37 PM +02:00;94;D;DEP;62.87184;71.86;82.60312;;9/29/2026 10:32:28 AM;9/29/2026 10:37:21 AM;UAL951;N2644U;A290D0;B77W;EBBR;KIAD;25R;DENUT4G;4.319270689922621;50.92191750043109;1193.7999267578125;1463.0729
F045-1;9/29/2026 12:36:22 PM +02:00;9/29/2026 12:37:40 PM +02:00;9/29/2026 12:37:15 PM +02:00;78;D;DEP;55.29197;62.55;74.21291;;9/29/2026 10:34:44 AM;9/29/2026 10:40:32 AM;BEL27A;OOSFD;44CCC4;A333;EBBR;DGAA;25R;CIV4G;4.319004296118998;50.90858327101334;982.97998046875;2543.993
F045-1;9/29/2026 12:54:52 PM +02:00;9/29/2026 12:55:45 PM +02:00;9/29/2026 12:55:25 PM +02:00;53;D;DEP;53.26353;60.8;70.50629;;9/29/2026 10:53:00 AM;9/29/2026 10:57:24 AM;BEL6JW;;44CDD1;A320;EBBR;LEIB;25R;CIV4G;4.326262474295762;50.90862321541135;1242.06005859375;2672.1057
F045-1;9/29/2026 12:56:24 PM +02:00;9/29/2026 12:58:02 PM +02:00;9/29/2026 12:57:06 PM +02:00;98;D;DEP;51.973846;60.06;71.88611;;9/29/2026 10:54:53 AM;9/29/2026 10:59:12 AM;RAM673S;CNRGK;0200FB;B738;EBBR;GMTT;25R;CIV4G;4.321231622390907;50.90809739624998;1264.9200439453125;2664.192
F045-1;9/29/2026 1:01:23 PM +02:00;9/29/2026 1:02:51 PM +02:00;9/29/2026 1:02:10 PM +02:00;88;D;DEP;53.270885;60.08;72.71571;;9/29/2026 10:59:48 AM;9/29/2026 11:04:24 AM;IBE05SM;ECIZH;3420CB;A320;EBBR;LEMD;25R;CIV4G;4.317823850342462;50.908657525105134;1165.8599853515625;2577.5964
F045-1;9/29/2026 1:07:08 PM +02:00;9/29/2026 1:08:23 PM +02:00;9/29/2026 1:07:59 PM +02:00;75;D;DEP;55.086613;62.25;73.83723;;9/29/2026 11:05:36 AM;9/29/2026 11:11:52 AM;BEL7WR;OOSFP;44CCD0;A333;EBBR;GFLL;25R;CIV4G;4.325295530186733;50.908648479796604;982.97998046875;2555.431
F045-1;9/29/2026 1:35:26 PM +02:00;9/29/2026 1:36:12 PM +02:00;9/29/2026 1:36:02 PM +02:00;46;D;DEP;52.285587;57.78;68.91316;;9/29/2026 11:33:57 AM;9/29/2026 11:39:08 AM;RAM839J;;0201A2;B38M;EBBR;GMMN;25R;CIV4G;4.327528181574281;50.90937486080229;1469.478759765625;2718.6367
F045-1;9/29/2026 2:41:14 PM +02:00;9/29/2026 2:42:19 PM +02:00;9/29/2026 2:41:52 PM +02:00;65;D;DEP;51.95727;60.61;70.0864;;9/29/2026 12:39:29 PM;9/29/2026 12:43:28 PM;BEL3CP;OOSNL;44CDCC;A320;EBBR;LPPR;25R;CIV4G;4.329074565520721;50.90770557753845;1249.6800537109375;2793.9922
F045-1;9/29/2026 2:51:56 PM +02:00;9/29/2026 2:53:20 PM +02:00;9/29/2026 2:52:50 PM +02:00;84;D;DEP;57.711243;67.68;76.95403;;9/29/2026 12:50:32 PM;9/29/2026 12:55:13 PM;DHK842;;407EA0;B763;EBBR;EGNX;25R;DENUT4G;4.318075084304697;50.92134488606142;1503.06787109375;1737.9261
F045-1;9/29/2026 2:59:01 PM +02:00;9/29/2026 3:00:23 PM +02:00;9/29/2026 2:59:43 PM +02:00;82;D;DEP;54.02434;64.71;73.16248;;9/29/2026 12:57:33 PM;9/29/2026 1:01:24 PM;TRA89Z;PHHXM;484C9B;B738;EBBR;LEMG;25R;CIV4G;4.325098881627518;50.90810429315933;1287.780029296875;2733.5425
F045-1;9/29/2026 3:03:19 PM +02:00;9/29/2026 3:04:45 PM +02:00;9/29/2026 3:03:53 PM +02:00;86;D;DEP;50.695415;58.9;70.0404;;9/29/2026 1:01:40 PM;9/29/2026 1:05:40 PM;VLG359E;ECMVD;34560D;A320;EBBR;LEVC;25R;CIV4G;4.327648298805376;50.90872452188272;1264.9200439453125;2687.9214
F045-1;9/29/2026 3:07:18 PM +02:00;9/29/2026 3:08:00 PM +02:00;9/29/2026 3:07:29 PM +02:00;42;D;DEP;49.8254;55.96;66.05789;;9/29/2026 1:05:05 PM;9/29/2026 1:09:05 PM;BEL7NO;;44CC42;A20N;EBBR;GCRR;25R;CIV4G;4.32295981586944;50.90793869064804;1432.582763671875;2800.9238
F045-1;9/29/2026 3:40:30 PM +02:00;9/29/2026 3:41:30 PM +02:00;9/29/2026 3:41:05 PM +02:00;60;D;DEP;49.364857;56.41;67.14637;;9/29/2026 1:38:41 PM;9/29/2026 1:43:28 PM;ANE1300;ECMVZ;34604B;CRJX;EBBR;LEMD;25R;CIV4G;4.323118939420504;50.90732771700699;1181.0999755859375;2753.65
F045-1;9/29/2026 3:43:12 PM +02:00;9/29/2026 3:44:49 PM +02:00;9/29/2026 3:43:59 PM +02:00;97;D;DEP;52.476254;61.25;72.34397;;9/29/2026 1:41:41 PM;9/29/2026 1:45:33 PM;JAF86A;OOTUK;44D2AB;B738;EBBR;GMMW;25R;CIV4G;4.3253721754198295;50.90739014375264;1356.3599853515625;2837.0935
F045-1;9/29/2026 3:46:49 PM +02:00;9/29/2026 3:48:05 PM +02:00;9/29/2026 3:47:22 PM +02:00;76;D;DEP;51.923016;60.26;70.73115;;9/29/2026 1:45:09 PM;9/29/2026 1:49:12 PM;BEL9QH;OOSSF;44CE66;A319;EBBR;LEBL;25R;CIV4G;4.3273000550798635;50.908701440948704;1295.4000244140625;2699.8726
F045-1;9/29/2026 3:48:31 PM +02:00;9/29/2026 3:49:23 PM +02:00;9/29/2026 3:49:06 PM +02:00;52;D;DEP;50.42317;56.64;67.5832;;9/29/2026 1:46:37 PM;9/29/2026 1:50:09 PM;KLM82A;PHEXL;48548E;E75L;EBBR;EHAM;25R;HELEN4G;4.339510758973724;50.94910088902284;1424.9627685546875;2860.1777
F045-1;9/29/2026 4:02:15 PM +02:00;9/29/2026 4:03:55 PM +02:00;9/29/2026 4:03:15 PM +02:00;100;D;DEP;45.96039;52.16;65.96039;;9/29/2026 2:00:57 PM;9/29/2026 2:05:56 PM;TAP643;;4952D3;A20N;EBBR;LPPT;25R;CIV4G;4.325005789798907;50.9082569430088;1554.5028076171875;2849.1145
F045-1;9/29/2026 4:13:20 PM +02:00;9/29/2026 4:15:07 PM +02:00;9/29/2026 4:14:34 PM +02:00;107;D;DEP;47.773315;53.72;68.067154;;9/29/2026 2:12:16 PM;9/29/2026 2:17:37 PM;BAW387;GTTOB;40095D;A320;EBBR;EGLL;25R;HELEN4G;4.34021505541747;50.94867390624947;1135.3800048828125;2717.9202
F045-1;9/29/2026 4:38:40 PM +02:00;9/29/2026 4:39:59 PM +02:00;9/29/2026 4:39:17 PM +02:00;79;D;ARR;51.72758;59.33;70.70385;;9/29/2026 2:37:00 PM;9/29/2026 2:47:16 PM;BAF649;CT01;44F681;A400;LEMO;EBMB;25R;KERKY2R;4.308402711224689;50.943229740835356;1924.07275390625;2548.3127
F045-1;9/29/2026 4:50:19 PM +02:00;9/29/2026 4:51:45 PM +02:00;9/29/2026 4:51:01 PM +02:00;86;D;DEP;51.436726;60.76;70.78171;;9/29/2026 2:48:44 PM;9/29/2026 2:53:04 PM;BEL4GU;OOTCV;44D076;A320;EBBR;LEMG;25R;CIV4G;4.322278045289938;50.90778465719104;1188.719970703125;2672.2493
F045-1;9/29/2026 4:57:55 PM +02:00;9/29/2026 4:58:59 PM +02:00;9/29/2026 4:58:40 PM +02:00;64;D;DEP;52.14188;58.49;70.20368;;9/29/2026 2:56:01 PM;9/29/2026 2:59:25 PM;BEL6RA;OOSSO;44CE6F;A319;EBBR;EGLL;25R;HELEN4G;4.341189468933867;50.94832942944582;1533.5478515625;2902.0542
F045-1;9/29/2026 5:08:23 PM +02:00;9/29/2026 5:09:54 PM +02:00;9/29/2026 5:09:25 PM +02:00;91;D;DEP;53.3985;61.85;72.988914;;9/29/2026 3:07:04 PM;9/29/2026 3:10:52 PM;JAF2535;OOJAF;44A826;B738;EBBR;GMMN;25R;CIV4G;4.327834721195577;50.908360789360664;1409.7227783203125;2793.1956
F045-1;9/29/2026 5:25:41 PM +02:00;9/29/2026 5:26:51 PM +02:00;9/29/2026 5:26:15 PM +02:00;70;D;DEP;47.111237;52.34;65.56222;;9/29/2026 3:24:00 PM;9/29/2026 3:28:28 PM;BEL2DT;OOSBA;44CC41;A20N;EBBR;LPPT;25R;CIV4G;4.329755730138378;50.90841353324172;1371.5999755859375;2793.6726
F045-1;9/29/2026 5:47:31 PM +02:00;9/29/2026 5:48:54 PM +02:00;9/29/2026 5:48:14 PM +02:00;83;D;DEP;54.389606;64.46;73.58039;;9/29/2026 3:46:00 PM;9/29/2026 3:49:40 PM;TRA93K;PHHXL;484B6E;B738;EBBR;LEAL;25R;CIV4G;4.328439530416656;50.90823599518329;1303.02001953125;2762.8247
F045-1;9/29/2026 5:49:26 PM +02:00;9/29/2026 5:50:44 PM +02:00;9/29/2026 5:50:11 PM +02:00;78;D;DEP;52.85892;61.36;71.77987;;9/29/2026 3:47:52 PM;9/29/2026 3:52:12 PM;TRA81J;PHHXE;48520D;B738;EBBR;LEIB;25R;CIV4G;4.321848404748334;50.908476046203575;1188.719970703125;2637.4324
F045-1;9/29/2026 5:55:32 PM +02:00;9/29/2026 5:57:16 PM +02:00;9/29/2026 5:56:34 PM +02:00;104;D;DEP;52.862312;63.49;73.032646;;9/29/2026 3:54:20 PM;9/29/2026 3:58:56 PM;RYR1FR;EIDPV;4CA4F8;B738;EBBR;LEBL;25R;CIV4G;4.327980365853119;50.90919702749979;1272.5400390625;2649.8665
F045-1;9/29/2026 6:03:45 PM +02:00;9/29/2026 6:05:04 PM +02:00;9/29/2026 6:04:38 PM +02:00;79;D;DEP;52.859177;62.36;71.83545;;9/29/2026 4:02:21 PM;9/29/2026 4:06:40 PM;VLG6FP;;34768E;A320;EBBR;LEMG;25R;CIV4G;4.326813332031339;50.90945567167673;1211.5799560546875;2582.6797
F045-1;9/29/2026 6:43:11 PM +02:00;9/29/2026 6:44:16 PM +02:00;9/29/2026 6:43:34 PM +02:00;65;D;DEP;48.69095;55.7;66.82008;;9/29/2026 4:41:12 PM;9/29/2026 4:45:56 PM;BEL3FJ;;502D7C;BCS3;EBBR;LEBL;25R;CIV4G;4.328529758626533;50.90873954041503;1348.739990234375;2736.8262
F045-1;9/29/2026 6:55:18 PM +02:00;9/29/2026 6:56:47 PM +02:00;9/29/2026 6:56:05 PM +02:00;89;D;DEP;50.818714;59.34;70.312614;;9/29/2026 4:53:45 PM;9/29/2026 4:57:52 PM;MAC114H;CNNMJ;020124;A320;EBBR;GMTT;25R;CIV4G;4.328447084029005;50.908548346087805;1293.4949951171875;2724.8186
F045-1;9/29/2026 7:09:27 PM +02:00;9/29/2026 7:10:29 PM +02:00;9/29/2026 7:10:10 PM +02:00;62;E;DEP;48.69889;55.33;66.62281;;9/29/2026 5:07:48 PM;9/29/2026 5:12:20 PM;RAM833B;CNMAX;020139;B38M;EBBR;GMMN;25R;CIV4G;4.326156768119207;50.90841178627537;1219.199951171875;2681.8535
F045-1;9/29/2026 7:14:30 PM +02:00;9/29/2026 7:15:44 PM +02:00;9/29/2026 7:15:13 PM +02:00;74;E;DEP;49.546745;56.96;68.23906;;9/29/2026 5:13:00 PM;9/29/2026 5:17:24 PM;AEA26LC;;348609;B38M;EBBR;LEMD;25R;CIV4G;4.327321755530926;50.90861608263115;1386.8399658203125;2751.62
F045-1;9/29/2026 7:20:03 PM +02:00;9/29/2026 7:22:02 PM +02:00;9/29/2026 7:21:00 PM +02:00;119;E;DEP;48.66424;57.92;69.41971;;9/29/2026 5:18:56 PM;9/29/2026 5:23:08 PM;VLG7KZ;;347601;A320;EBBR;LEBL;25R;CIV4G;4.319594262529872;50.90860232079965;1097.280029296875;2497.0212
F045-1;9/29/2026 7:42:41 PM +02:00;9/29/2026 7:43:45 PM +02:00;9/29/2026 7:43:14 PM +02:00;64;E;DEP;55.74391;63.18;73.80571;;9/29/2026 5:40:40 PM;9/29/2026 5:45:16 PM;RWD700;;06E02B;A332;EBBR;LFPG;25R;CIV4G;4.313967586829372;50.91085722775725;1211.5799560546875;2427.4238
F045-1;9/29/2026 7:45:52 PM +02:00;9/29/2026 7:46:51 PM +02:00;9/29/2026 7:46:21 PM +02:00;59;E;DEP;52.687954;59.26;70.39648;;9/29/2026 5:44:08 PM;9/29/2026 5:48:24 PM;VLG37FQ;ECKJD;342592;A320;EBBR;LEBB;25R;CIV4G;4.319361278003254;50.908246829227345;1196.3399658203125;2615.1008
F045-1;9/29/2026 7:53:18 PM +02:00;9/29/2026 7:54:00 PM +02:00;9/29/2026 7:53:42 PM +02:00;42;E;DEP;51.279648;56.55;67.51214;;9/29/2026 5:51:20 PM;9/29/2026 5:55:09 PM;BAW391;GEUPG;400877;A319;EBBR;EGLL;25R;HELEN4G;4.340709750736564;50.94862977698175;1383.03564453125;2835.9915
F045-1;9/29/2026 8:02:39 PM +02:00;9/29/2026 8:03:40 PM +02:00;9/29/2026 8:03:07 PM +02:00;61;E;DEP;53.22908;60.59;71.08238;;9/29/2026 6:00:36 PM;9/29/2026 6:05:04 PM;IBE06LR;ECLVD;344449;A320;EBBR;LEMD;25R;CIV4G;4.322799603445617;50.908792367214325;1219.199951171875;2621.7407
F045-1;9/29/2026 8:21:11 PM +02:00;9/29/2026 8:23:15 PM +02:00;9/29/2026 8:22:19 PM +02:00;124;E;DEP;57.99087;67.92;78.92509;;9/29/2026 6:19:53 PM;9/29/2026 6:24:37 PM;RYR3QK;EIEFD;4CA75F;B738;EBBR;EIDW;25R;DENUT4G;4.318655116198062;50.92124373848976;1356.3599853515625;1626.9958
F045-1;9/29/2026 8:28:41 PM +02:00;9/29/2026 8:30:18 PM +02:00;9/29/2026 8:29:29 PM +02:00;97;E;DEP;52.98857;61.75;72.856285;;9/29/2026 6:26:52 PM;9/29/2026 6:30:52 PM;RAM831F;CNRGR;020113;E190;EBBR;GMME;25R;CIV4G;4.322259175555463;50.90882286226777;1493.5428466796875;2750.4934
F045-1;9/29/2026 8:59:27 PM +02:00;9/29/2026 9:00:48 PM +02:00;9/29/2026 9:00:13 PM +02:00;81;E;DEP;47.591026;52.45;66.67587;;9/29/2026 6:57:49 PM;9/29/2026 7:01:41 PM;BEL2FM;;44CC44;A20N;EBBR;LEMD;25R;CIV4G;4.31855460687818;50.90742286049705;1508.7828369140625;2818.8584
F045-1;9/29/2026 9:16:09 PM +02:00;9/29/2026 9:17:23 PM +02:00;9/29/2026 9:16:47 PM +02:00;74;E;DEP;53.465733;60.6;72.15805;;9/29/2026 7:14:32 PM;9/29/2026 7:19:12 PM;MAC148;;02019C;A320;EBBR;GMTT;25R;CIV4G;4.322876236647358;50.909143078199364;1219.199951171875;2587.2122
F045-1;9/29/2026 9:19:14 PM +02:00;9/29/2026 9:20:41 PM +02:00;9/29/2026 9:19:54 PM +02:00;87;E;DEP;53.600853;59.89;72.99605;;9/29/2026 7:17:29 PM;9/29/2026 7:22:05 PM;BEL29D;OOSSR;44CE72;A319;EBBR;LFBO;25R;CIV4G;4.325047390366089;50.90849522716238;1356.3599853515625;2726.8838
F045-1;9/29/2026 9:22:21 PM +02:00;9/29/2026 9:23:06 PM +02:00;9/29/2026 9:22:40 PM +02:00;45;E;DEP;51.257442;57.02;67.789566;;9/29/2026 7:20:25 PM;9/29/2026 7:24:24 PM;VLG9XG;ECNCS;34610F;A20N;EBBR;LEAL;25R;CIV4G;4.325375951334821;50.90814523324685;1424.9627685546875;2796.473
F045-1;9/29/2026 9:26:16 PM +02:00;9/29/2026 9:27:28 PM +02:00;9/29/2026 9:26:52 PM +02:00;72;E;DEP;51.016773;55.03;69.590096;;9/29/2026 7:24:33 PM;9/29/2026 7:28:17 PM;BEL4AH;OOSNH;44CDC8;A320;EBBR;EGLL;25R;HELEN4G;4.3420111200982;50.947927384808445;1628.7977294921875;2961.1592
F045-1;9/29/2026 9:28:54 PM +02:00;9/29/2026 9:30:14 PM +02:00;9/29/2026 9:29:28 PM +02:00;80;E;DEP;52.51386;59.11;71.54476;;9/29/2026 7:27:09 PM;9/29/2026 7:31:32 PM;MAC112R;;020176;A320;EBBR;GMMN;25R;CIV4G;4.326192648928596;50.908335442164365;1280.1600341796875;2716.79
F045-1;9/29/2026 9:55:03 PM +02:00;9/29/2026 9:56:44 PM +02:00;9/29/2026 9:55:58 PM +02:00;101;E;DEP;56.2981;63.82;76.34132;;9/29/2026 7:53:33 PM;9/29/2026 7:58:33 PM;BEL5BJ;OOSNL;44CDCC;A320;EBBR;EGCC;25R;DENUT4G;4.319124692934686;50.9211838661576;1470.682861328125;1718.6029
F045-1;9/29/2026 9:57:09 PM +02:00;9/29/2026 9:58:41 PM +02:00;9/29/2026 9:57:52 PM +02:00;92;E;DEP;50.950176;58.02;70.58805;;9/29/2026 7:55:21 PM;9/29/2026 8:00:12 PM;TAP645;CSTTP;495290;A319;EBBR;LPPT;25R;CIV4G;4.327410953070641;50.90772631959664;1371.5999755859375;2830.9346
F045-1;9/29/2026 9:59:38 PM +02:00;9/29/2026 10:01:37 PM +02:00;9/29/2026 10:00:37 PM +02:00;119;E;DEP;59.78558;69.63;80.541046;;9/29/2026 7:58:29 PM;9/29/2026 8:03:29 PM;CKS264;N795CK;AACAD4;B77L;EBBR;KCVG;25R;DENUT4G;4.318662963549466;50.921077409909785;1244.5999755859375;1549.1865
F045-1;9/29/2026 10:31:05 PM +02:00;9/29/2026 10:33:11 PM +02:00;9/29/2026 10:32:13 PM +02:00;126;E;DEP;52.158295;60.75;73.162;;9/29/2026 8:29:53 PM;9/29/2026 8:35:09 PM;RYR7AC;EIENK;4CA8D6;B738;EBBR;GMMX;25R;CIV4G;4.324624913505237;50.909182144317036;1234.43994140625;2599.7485
F045-1;9/29/2026 11:10:01 PM +02:00;9/29/2026 11:11:14 PM +02:00;9/29/2026 11:10:48 PM +02:00;73;N;DEP;56.75953;66.27;75.39276;;9/29/2026 9:08:41 PM;9/29/2026 9:13:33 PM;THA935;;8852E3;B789;EBBR;VTBS;25R;SOPOK4M;4.324821572923215;50.91856478603566;1211.5799560546875;1740.6002
F045-1;9/29/2026 11:17:54 PM +02:00;9/29/2026 11:19:46 PM +02:00;9/29/2026 11:19:00 PM +02:00;112;N;DEP;52.209656;62.8;72.701836;;9/29/2026 9:16:37 PM;9/29/2026 9:21:29 PM;VLG5KB;ECNLV;346690;A321;EBBR;LEBL;25R;CIV4G;4.328216824723004;50.90877045802746;1196.3399658203125;2660.5684
F045-1;9/29/2026 11:33:55 PM +02:00;9/29/2026 11:35:41 PM +02:00;9/29/2026 11:34:56 PM +02:00;106;N;DEP;54.690823;62.44;74.94388;;9/29/2026 9:32:41 PM;9/29/2026 9:36:21 PM;BOX117;DAALB;3C4582;B77L;EBBR;EDDP;25R;SPI4M;4.333083678243769;50.91780834477606;1805.9627685546875;2346.7166
F045-1;9/30/2026 12:07:14 AM +02:00;9/30/2026 12:09:08 AM +02:00;9/30/2026 12:08:10 AM +02:00;114;N;DEP;56.988884;66.89;77.55793;;9/29/2026 10:05:53 PM;9/29/2026 10:09:17 PM;DHK954;GDHLM;400B4B;B763;EBBR;EGNX;25R;DENUT4G;4.31943246655937;50.9211338666842;1664.291748046875;1896.3035
F045-1;9/30/2026 12:21:31 AM +02:00;9/30/2026 12:22:49 AM +02:00;9/30/2026 12:21:54 AM +02:00;78;N;ARR;46.30378;52.81;65.224724;;9/29/2026 10:20:37 PM;9/29/2026 10:34:04 PM;JAF2536;OOJAF;44A826;B738;GMMN;EBBR;25L;ARVOL9A;4.310711510750907;50.93941382689677;2445.341796875;2715.9788
F045-1;9/30/2026 12:24:07 AM +02:00;9/30/2026 12:25:52 AM +02:00;9/30/2026 12:25:20 AM +02:00;105;N;DEP;54.303493;63.14;74.51539;;9/29/2026 10:22:49 PM;9/29/2026 10:28:56 PM;BCS62A;DALEJ;3C70AA;A332;EBBR;EDDP;25R;SOPOK4M;4.332906349969907;50.91102129913626;1264.9200439453125;2552.1484
F045-1;9/30/2026 1:21:10 AM +02:00;9/30/2026 1:23:01 AM +02:00;9/30/2026 1:21:57 AM +02:00;111;N;DEP;54.04828;62.21;74.50151;;9/29/2026 11:19:32 PM;9/29/2026 11:23:52 PM;BCS6TP;;3C71A7;A333;EBBR;EDDP;25R;SOPOK4M;4.330771512348366;50.91148957651925;1219.199951171875;2399.8442
F046-2;9/29/2026 7:01:53 AM +02:00;9/29/2026 7:03:04 AM +02:00;9/29/2026 7:02:36 AM +02:00;71;D;DEP;57.228622;62.27;75.7412;;9/29/2026 4:59:53 AM;9/29/2026 5:04:32 AM;DHK054;GDHLX;407CF7;B77L;EBBR;ZSPD;25R;PITES4G;4.45630773649631;50.82646252208791;1304.925048828125;2679.6677
F046-2;9/29/2026 7:04:38 AM +02:00;9/29/2026 7:06:17 AM +02:00;9/29/2026 7:05:44 AM +02:00;99;D;DEP;58.484516;66.75;78.440865;;9/29/2026 5:03:21 AM;9/29/2026 5:07:20 AM;BEL5RA;YLABE;502D46;BCS3;EBBR;LOWW;25R;SOPOK4G;4.47430314271206;50.84758955605196;1501.8638916015625;1458.3744
F046-2;9/29/2026 7:07:18 AM +02:00;9/29/2026 7:08:44 AM +02:00;9/29/2026 7:08:05 AM +02:00;86;D;DEP;58.1928;66;77.53778;;9/29/2026 5:05:24 AM;9/29/2026 5:09:52 AM;JAF4AB;;449683;E295;EBBR;LGRP;25R;PITES4G;4.4668601358930315;50.840517896423535;1268.72998046875;1364.9187
F046-2;9/29/2026 7:12:12 AM +02:00;9/29/2026 7:13:49 AM +02:00;9/29/2026 7:13:03 AM +02:00;97;D;DEP;63.470615;72.16;83.33833;;9/29/2026 5:10:40 AM;9/29/2026 5:14:36 AM;BEL8HQ;OOSSB;44CE62;A319;EBBR;LSZH;25R;ROUSY4G;4.471942805129331;50.84457473800256;1333.5;1266.3284
F046-2;9/29/2026 7:14:42 AM +02:00;9/29/2026 7:16:13 AM +02:00;9/29/2026 7:15:37 AM +02:00;91;D;DEP;67.02181;75.03;86.61223;;9/29/2026 5:12:56 AM;9/29/2026 5:18:12 AM;BCS081;DALEJ;3C70AA;A332;EBBR;DNMM;25R;ROUSY4G;4.468284655893572;50.838290482136095;1123.949951171875;1337.3474
F046-2;9/29/2026 7:17:35 AM +02:00;9/29/2026 7:19:09 AM +02:00;9/29/2026 7:18:21 AM +02:00;94;D;DEP;57.288334;70.8;77.019615;;9/29/2026 5:16:16 AM;9/29/2026 5:19:24 AM;AAB42N;OONSG;44BA67;C25C;EBBR;EDDP;25R;SPI4G;4.4671392742660885;50.83627851005418;1652.35888671875;1868.8708
F046-2;9/29/2026 7:23:04 AM +02:00;9/29/2026 7:25:00 AM +02:00;9/29/2026 7:24:17 AM +02:00;116;D;DEP;62.383686;70.63;83.02827;;9/29/2026 5:21:52 AM;9/29/2026 5:25:36 AM;BEL4CB;OOSSF;44CE66;A319;EBBR;LIML;25R;ROUSY4G;4.471048916104366;50.84412931779433;1394.4599609375;1332.2926
F046-2;9/29/2026 7:27:18 AM +02:00;9/29/2026 7:28:58 AM +02:00;9/29/2026 7:28:01 AM +02:00;100;D;DEP;61.244026;69.55;81.244026;;9/29/2026 5:25:28 AM;9/29/2026 5:29:48 AM;BEL1YC;;44CE79;A319;EBBR;LIRF;25R;ROUSY4G;4.471496032902138;50.84422955493958;1410.242919921875;1344.9209
F046-2;9/29/2026 7:37:50 AM +02:00;9/29/2026 7:38:49 AM +02:00;9/29/2026 7:38:20 AM +02:00;59;D;DEP;58.171238;64.1;75.87976;;9/29/2026 5:36:04 AM;9/29/2026 5:39:44 AM;THY39P;TCLSC;4BB263;A21N;EBBR;LTFM;25R;SOPOK4G;4.461888046835246;50.83546196055032;1510.1849365234375;1956.9872
F046-2;9/29/2026 7:51:58 AM +02:00;9/29/2026 7:53:23 AM +02:00;9/29/2026 7:52:50 AM +02:00;85;D;DEP;63.509712;71.19;82.8039;;9/29/2026 5:50:24 AM;9/29/2026 5:54:56 AM;BEL2HV;OOSNI;44CDC9;A320;EBBR;LIRN;25R;SOPOK4G;4.46801373923274;50.84044886505944;1203.9599609375;1297.6854
F046-2;9/29/2026 8:06:46 AM +02:00;9/29/2026 8:07:57 AM +02:00;9/29/2026 8:07:27 AM +02:00;71;D;DEP;60.37693;66.2;78.88951;;9/29/2026 6:04:57 AM;9/29/2026 6:09:04 AM;JAF2XD;OOJAX;44A838;B738;EBBR;HESH;25R;SOPOK4G;4.459263045169008;50.83126464079723;1266.8250732421875;2176.5593
F046-2;9/29/2026 8:11:17 AM +02:00;9/29/2026 8:12:54 AM +02:00;9/29/2026 8:12:07 AM +02:00;97;D;DEP;63.639763;72.09;83.50748;;9/29/2026 6:09:33 AM;9/29/2026 6:14:16 AM;LOT4MH;SPLNE;48ADA4;E195;EBBR;EPWA;25R;LNO4G;4.472003182483973;50.84457140303405;1341.1199951171875;1271.0388
F046-2;9/29/2026 8:58:28 AM +02:00;9/29/2026 9:00:05 AM +02:00;9/29/2026 8:59:32 AM +02:00;97;D;DEP;60.820377;68.26;80.688095;;9/29/2026 6:57:08 AM;9/29/2026 7:01:28 AM;RYR1TZ;EIDHH;4CA264;B738;EBBR;LIRF;25R;ROUSY4G;4.4681354174885435;50.83840612477254;1425.65234375;1567.7567
F046-2;9/29/2026 9:27:47 AM +02:00;9/29/2026 9:29:14 AM +02:00;9/29/2026 9:28:34 AM +02:00;87;D;DEP;63.29123;72.77;82.686424;;9/29/2026 7:25:48 AM;9/29/2026 7:30:52 AM;GER291;DAKJC;3C6D43;E190;EBBR;EDJA;25R;SOPOK4G;4.466915002214929;50.84062579846615;1202.054931640625;1308.0347
F046-2;9/29/2026 9:31:01 AM +02:00;9/29/2026 9:32:18 AM +02:00;9/29/2026 9:31:50 AM +02:00;77;D;DEP;59.635086;66.66;78.49999;;9/29/2026 7:29:37 AM;9/29/2026 7:33:20 AM;BEL5FJ;;44CC47;A20N;EBBR;LIRQ;25R;ROUSY4G;4.4727398454381735;50.844462785492496;1479.7049560546875;1394.688
F046-2;9/29/2026 9:36:58 AM +02:00;9/29/2026 9:38:04 AM +02:00;9/29/2026 9:37:48 AM +02:00;66;D;DEP;63.76056;71.51;81.956;;9/29/2026 7:35:32 AM;9/29/2026 7:39:24 AM;EJU98PT;OEIVZ;4402AE;A320;EBBR;LIML;25R;ROUSY4G;4.472830285896663;50.84456172848229;1325.8800048828125;1244.9769
F046-2;9/29/2026 9:43:44 AM +02:00;9/29/2026 9:45:15 AM +02:00;9/29/2026 9:44:36 AM +02:00;91;D;DEP;64.09993;73.4;83.690346;;9/29/2026 7:42:17 AM;9/29/2026 7:46:28 AM;BEL1UF;OOSSA;44CE61;A319;EBBR;LSGG;25R;ROUSY4G;4.469707371447039;50.84264763422923;1299.2099609375;1267.4694
F046-2;9/29/2026 9:47:37 AM +02:00;9/29/2026 9:49:01 AM +02:00;9/29/2026 9:48:31 AM +02:00;84;D;DEP;57.653385;63.98;76.89618;;9/29/2026 7:46:13 AM;9/29/2026 7:50:04 AM;ITY151;;4CAE12;BCS1;EBBR;LIML;25R;ROUSY4G;4.477891072065807;50.848399180361525;1589.493896484375;1589.7584
F046-2;9/29/2026 9:52:59 AM +02:00;9/29/2026 9:54:30 AM +02:00;9/29/2026 9:53:50 AM +02:00;91;D;DEP;62.07118;70.59;81.66159;;9/29/2026 7:51:40 AM;9/29/2026 7:55:20 AM;EJU54YE;OELQM;440589;A319;EBBR;LIRF;25R;SOPOK4G;4.472118508257288;50.84597264652408;1456.143798828125;1387.86
F046-2;9/29/2026 9:59:26 AM +02:00;9/29/2026 10:00:54 AM +02:00;9/29/2026 10:00:23 AM +02:00;88;D;DEP;59.18756;65.85;78.632385;;9/29/2026 7:57:40 AM;9/29/2026 8:02:12 AM;BEL8CE;OOSNE;44CDC5;A320;EBBR;EDDB;25R;SPI4G;4.46960186189337;50.83260891035434;1386.8399658203125;1912.4701
F046-2;9/29/2026 10:05:31 AM +02:00;9/29/2026 10:06:38 AM +02:00;9/29/2026 10:06:06 AM +02:00;67;D;DEP;58.691387;63.22;76.95213;;9/29/2026 8:03:36 AM;9/29/2026 8:08:08 AM;CTN56E;;501C4B;BCS1;EBBR;LDZA;25R;SOPOK4G;4.479618795923771;50.84937867000856;1433.2838134765625;1506.9893
F046-2;9/29/2026 10:10:34 AM +02:00;9/29/2026 10:11:32 AM +02:00;9/29/2026 10:11:14 AM +02:00;58;D;DEP;64.798325;71.55;82.4326;;9/29/2026 8:08:45 AM;9/29/2026 8:13:24 AM;BEL2NM;OOSNL;44CDCC;A320;EBBR;LKPR;25R;SOPOK4G;4.469684697096837;50.839714921188644;1226.8199462890625;1309.0258
F046-2;9/29/2026 10:12:12 AM +02:00;9/29/2026 10:13:08 AM +02:00;9/29/2026 10:12:37 AM +02:00;56;D;DEP;66.82093;72.71;84.30281;;9/29/2026 8:10:21 AM;9/29/2026 8:15:24 AM;BEL5GR;OOSNM;44CDCD;A320;EBBR;EDDM;25R;SOPOK4G;4.4678708125521736;50.842448884321655;1223.010009765625;1237.2399
F046-2;9/29/2026 10:14:05 AM +02:00;9/29/2026 10:14:51 AM +02:00;9/29/2026 10:14:30 AM +02:00;46;D;DEP;64.84519;71.73;81.47277;;9/29/2026 8:12:20 AM;9/29/2026 8:15:52 AM;SWR52Y;;4B181B;A20N;EBBR;LSZH;25R;ROUSY4G;4.473750270485298;50.845428502962406;1469.4788818359375;1402.9183
F046-2;9/29/2026 10:20:16 AM +02:00;9/29/2026 10:21:21 AM +02:00;9/29/2026 10:20:58 AM +02:00;65;D;DEP;65.646324;73.1;83.77546;;9/29/2026 8:18:32 AM;9/29/2026 8:22:44 AM;JAF85C;OOTUJ;44D2AA;B738;EBBR;HEMA;25R;SOPOK4G;4.466005525942329;50.83869259863957;1280.1600341796875;1484.2952
F046-2;9/29/2026 10:22:45 AM +02:00;9/29/2026 10:23:36 AM +02:00;9/29/2026 10:23:20 AM +02:00;51;D;DEP;67.18432;73.78;84.26002;;9/29/2026 8:20:49 AM;9/29/2026 8:25:32 AM;ASL39W;LZBUR;451D8C;E190;EBBR;LYBE;25R;SOPOK4G;4.475340301880262;50.84711589875567;1158.239990234375;1112.6808
F046-2;9/29/2026 10:24:35 AM +02:00;9/29/2026 10:25:18 AM +02:00;9/29/2026 10:24:57 AM +02:00;43;D;DEP;68.78495;73.74;85.11964;;9/29/2026 8:22:36 AM;9/29/2026 8:26:56 AM;AUA22D;OELXE;4402A3;A320;EBBR;LOWW;25R;SOPOK4G;4.469538530886433;50.842870050366415;1211.5799560546875;1181.9087
F046-2;9/29/2026 10:26:54 AM +02:00;9/29/2026 10:27:18 AM +02:00;9/29/2026 10:26:56 AM +02:00;24;D;DEP;58.03289;61.66;71.835;;9/29/2026 8:24:08 AM;9/29/2026 8:28:16 AM;BTI60L;YLAAX;502D28;BCS3;EBBR;EVRA;25R;SPI4G;4.467193951348401;50.83396492883232;1692.3638916015625;2070.2163
F046-2;9/29/2026 10:33:29 AM +02:00;9/29/2026 10:34:38 AM +02:00;9/29/2026 10:34:08 AM +02:00;69;D;DEP;65.63062;72.09;84.01911;;9/29/2026 8:31:40 AM;9/29/2026 8:36:28 AM;BEL8BK;OOTCV;44D076;A320;EBBR;LDSP;25R;SOPOK4G;4.469491636793552;50.840714835974865;1188.719970703125;1232.8193
F046-2;9/29/2026 10:36:02 AM +02:00;9/29/2026 10:37:32 AM +02:00;9/29/2026 10:36:31 AM +02:00;90;D;DEP;68.752556;76.36;88.29498;;9/29/2026 8:34:04 AM;9/29/2026 8:39:32 AM;BEL4KE;OOSFB;44CCC2;A333;EBBR;HRYR;25R;ROUSY4G;4.471761371793262;50.84217904798528;1127.760009765625;1095.5511
F046-2;9/29/2026 10:39:26 AM +02:00;9/29/2026 10:40:29 AM +02:00;9/29/2026 10:40:09 AM +02:00;63;D;DEP;65.31091;71.52;83.30432;;9/29/2026 8:37:41 AM;9/29/2026 8:42:20 AM;RYR5XV;EIEXD;4CAA5F;B738;EBBR;LEPA;25R;ROUSY4G;4.469530673716983;50.83940581027273;1367.7900390625;1462.0696
F046-2;9/29/2026 10:41:14 AM +02:00;9/29/2026 10:41:46 AM +02:00;9/29/2026 10:41:35 AM +02:00;32;D;DEP;63.190792;66.27;78.242294;;9/29/2026 8:39:16 AM;9/29/2026 8:42:56 AM;KMM423;9HNED;4D22AB;A20N;EBBR;LMML;25R;ROUSY4G;4.473512098212284;50.845714920526184;1566.6337890625;1494.9359
F046-2;9/29/2026 10:47:33 AM +02:00;9/29/2026 10:48:43 AM +02:00;9/29/2026 10:48:07 AM +02:00;70;D;DEP;70.16824;77.7;88.619225;;9/29/2026 8:45:41 AM;9/29/2026 8:51:00 AM;BEL5RH;OOSFC;44CCC3;A333;EBBR;HKJK;25R;ROUSY4G;4.471060815857835;50.843168604165356;1049.655029296875;1007.47034
F046-2;9/29/2026 10:53:42 AM +02:00;9/29/2026 10:54:34 AM +02:00;9/29/2026 10:54:02 AM +02:00;52;D;DEP;67.6258;73.76;84.785835;;9/29/2026 8:51:49 AM;9/29/2026 8:57:16 AM;BEL3WF;OOSNK;44CDCB;A320;EBBR;LGAV;25R;SOPOK4G;4.470083658568142;50.842611882457504;1154.429931640625;1126.1222
F046-2;9/29/2026 11:01:11 AM +02:00;9/29/2026 11:02:15 AM +02:00;9/29/2026 11:01:37 AM +02:00;64;D;DEP;65.41713;73.02;83.47893;;9/29/2026 8:59:12 AM;9/29/2026 9:03:16 AM;BEL5WE;OOSSW;44CE77;A319;EBBR;LIML;25R;ROUSY4G;4.473322718893608;50.845293458122;1331.594970703125;1250.2969
F046-2;9/29/2026 11:03:10 AM +02:00;9/29/2026 11:03:59 AM +02:00;9/29/2026 11:03:35 AM +02:00;49;D;DEP;62.006317;67.88;78.90828;;9/29/2026 9:00:48 AM;9/29/2026 9:04:48 AM;BEL3DQ;OOSSJ;44CE6A;A319;EBBR;EDDF;25R;SPI4G;4.469438983004733;50.83497631375374;1465.6688232421875;1791.016
F046-2;9/29/2026 11:04:28 AM +02:00;9/29/2026 11:05:42 AM +02:00;9/29/2026 11:04:51 AM +02:00;74;D;DEP;64.946014;74.43;83.63833;;9/29/2026 9:02:32 AM;9/29/2026 9:07:04 AM;BEL6VP;OOSNH;44CDC8;A320;EBBR;LIPZ;25R;ROUSY4G;4.470633840752861;50.84259868673799;1213.4849853515625;1188.4163
F046-2;9/29/2026 11:16:35 AM +02:00;9/29/2026 11:17:53 AM +02:00;9/29/2026 11:17:15 AM +02:00;78;D;DEP;62.718758;70.4;81.6397;;9/29/2026 9:14:56 AM;9/29/2026 9:19:32 AM;BEL5CG;OOSSB;44CE62;A319;EBBR;LFMN;25R;ROUSY4G;4.468672751155406;50.842658339052946;1295.4000244140625;1280.6227
F046-2;9/29/2026 11:37:25 AM +02:00;9/29/2026 11:38:43 AM +02:00;9/29/2026 11:38:04 AM +02:00;78;D;DEP;63.50483;72.55;82.42577;;9/29/2026 9:35:48 AM;9/29/2026 9:40:00 AM;AEE539;SXDVN;4692CE;A320;EBBR;LGTS;25R;SOPOK4G;4.473286586447838;50.844378785696705;1283.969970703125;1216.8542
F046-2;9/29/2026 11:49:33 AM +02:00;9/29/2026 11:51:10 AM +02:00;9/29/2026 11:50:20 AM +02:00;97;D;DEP;65.92862;73.91;85.79633;;9/29/2026 9:47:52 AM;9/29/2026 9:53:32 AM;THY7WF;;4BB1ED;A332;EBBR;LTFM;25R;SOPOK4G;4.469412008511241;50.84189126613115;1236.344970703125;1244.189
F046-2;9/29/2026 11:51:31 AM +02:00;9/29/2026 11:52:50 AM +02:00;9/29/2026 11:52:16 AM +02:00;79;D;DEP;63.21189;70.88;82.18816;;9/29/2026 9:49:57 AM;9/29/2026 9:54:40 AM;THY6553;TCVEL;4BD8AC;A310;EBBR;LTFM;25R;SOPOK4G;4.468846774051149;50.84253930364696;1417.86279296875;1404.2723
F046-2;9/29/2026 11:55:22 AM +02:00;9/29/2026 11:56:28 AM +02:00;9/29/2026 11:55:41 AM +02:00;66;D;DEP;57.787785;64.99;75.98322;;9/29/2026 9:53:20 AM;9/29/2026 9:57:08 AM;ITY159;;4CAE1F;A21N;EBBR;LIRF;25R;ROUSY4G;4.466725468309659;50.83398826240306;1488.52880859375;1925.2402
F046-2;9/29/2026 11:56:58 AM +02:00;9/29/2026 11:57:57 AM +02:00;9/29/2026 11:57:23 AM +02:00;59;D;DEP;63.772373;71.82;81.480896;;9/29/2026 9:55:08 AM;9/29/2026 10:00:20 AM;AEE3BR;SXNAK;46B82B;A21N;EBBR;LGAV;25R;SOPOK4G;4.470538123155835;50.84250874635161;1337.31005859375;1296.1627
F046-2;9/29/2026 12:00:46 PM +02:00;9/29/2026 12:02:39 PM +02:00;9/29/2026 12:01:39 PM +02:00;113;D;DEP;60.43635;69.1;80.96713;;9/29/2026 9:59:04 AM;9/29/2026 10:04:12 AM;SIA303;9VSMB;76CDA2;A359;EBBR;WSSS;25R;SOPOK4G;4.464534277661167;50.83760409745734;1150.6199951171875;1478.3853
F046-2;9/29/2026 12:16:48 PM +02:00;9/29/2026 12:18:11 PM +02:00;9/29/2026 12:17:50 PM +02:00;83;D;DEP;67.13485;75.81;86.32563;;9/29/2026 10:15:05 AM;9/29/2026 10:21:16 AM;BEL8VB;OOSFG;44CCC7;A333;EBBR;FKKD;25R;ROUSY4G;4.466818355629381;50.83866385096505;1011.5550537109375;1253.5472
F046-2;9/29/2026 12:20:54 PM +02:00;9/29/2026 12:21:56 PM +02:00;9/29/2026 12:21:12 PM +02:00;62;D;DEP;60.932034;66.22;78.85595;;9/29/2026 10:18:57 AM;9/29/2026 10:22:48 AM;BEL1851;;44CC45;A20N;EBBR;LICJ;25R;ROUSY4G;4.470959888004599;50.84434838002771;1507.578857421875;1432.7185
F046-2;9/29/2026 1:05:12 PM +02:00;9/29/2026 1:06:04 PM +02:00;9/29/2026 1:05:32 PM +02:00;52;D;DEP;67.08476;71.59;84.2448;;9/29/2026 11:03:04 AM;9/29/2026 11:08:20 AM;CCA964;B6101;780DFD;A333;EBBR;ZBAA;25R;SPI4G;4.465546798370383;50.83558433005398;1154.429931640625;1601.6329
F046-2;9/29/2026 1:17:45 PM +02:00;9/29/2026 1:18:27 PM +02:00;9/29/2026 1:18:14 PM +02:00;42;D;DEP;64.36152;68.69;80.59401;;9/29/2026 11:15:48 AM;9/29/2026 11:20:44 AM;CPA294;BLQB;789234;A359;EBBR;VHHH;25R;SOPOK4G;4.4646652087598095;50.837833374658906;1131.570068359375;1454.4813
F046-2;9/29/2026 1:47:34 PM +02:00;9/29/2026 1:49:03 PM +02:00;9/29/2026 1:48:20 PM +02:00;89;D;DEP;62.162678;70.06;81.65658;;9/29/2026 11:45:56 AM;9/29/2026 11:49:48 AM;BEL5NZ;OOSSA;44CE61;A319;EBBR;LIPE;25R;ROUSY4G;4.470238337068381;50.84376370924347;1501.8638916015625;1441.7013
F046-2;9/29/2026 1:49:24 PM +02:00;9/29/2026 1:50:30 PM +02:00;9/29/2026 1:49:55 PM +02:00;66;D;DEP;61.082314;69.45;79.277756;;9/29/2026 11:47:40 AM;9/29/2026 11:50:56 AM;JAF25B;OOTNB;44D1C2;B738;EBBR;LGZA;25R;ROUSY4G;4.469870953331061;50.84379611385664;1600.923828125;1542.4167
F046-2;9/29/2026 1:51:15 PM +02:00;9/29/2026 1:52:23 PM +02:00;9/29/2026 1:51:55 PM +02:00;68;D;DEP;62.44737;72.9;80.77246;;9/29/2026 11:49:24 AM;9/29/2026 11:54:00 AM;BEL7LF;;44CE79;A319;EBBR;EDDM;25R;SOPOK4G;4.46606490993436;50.83942528311296;1356.3599853515625;1502.2539
F046-2;9/29/2026 1:53:11 PM +02:00;9/29/2026 1:54:07 PM +02:00;9/29/2026 1:53:37 PM +02:00;56;D;DEP;60.32441;68.14;77.80629;;9/29/2026 11:51:36 AM;9/29/2026 11:55:04 AM;JFA99X;LXZAP;4D02A1;PC24;EBBR;LSZA;25R;SPI4G;4.4774051511936745;50.846521341196606;1501.8638916015625;1442.4049
F046-2;9/29/2026 1:55:05 PM +02:00;9/29/2026 1:56:10 PM +02:00;9/29/2026 1:55:41 PM +02:00;65;D;DEP;62.218338;69.58;80.34747;;9/29/2026 11:53:20 AM;9/29/2026 11:57:04 AM;BEL2PN;OOSSL;44CE6C;A319;EBBR;EDDM;25R;SOPOK4G;4.476818990120491;50.848402040271615;1490.433837890625;1479.8478
F046-2;9/29/2026 2:24:22 PM +02:00;9/29/2026 2:25:37 PM +02:00;9/29/2026 2:24:56 PM +02:00;75;D;DEP;53.934635;60.7;72.68525;;9/29/2026 12:23:29 PM;9/29/2026 12:27:52 PM;BEL4RE;OOSNI;44CDC9;A320;EBBR;LEBB;19 ;CIV3L;4.51040401913052;50.85661342811943;777.239990234375;2956.4736
F046-2;9/29/2026 2:40:02 PM +02:00;9/29/2026 2:41:24 PM +02:00;9/29/2026 2:40:50 PM +02:00;82;D;DEP;58.82802;67.06;77.966156;;9/29/2026 12:38:29 PM;9/29/2026 12:42:48 PM;SEH8BX;SXWEB;46DCA2;A20N;EBBR;LGAV;25R;ROUSY4G;4.47415147368464;50.84679843449577;1571.6478271484375;1506.7725
F046-2;9/29/2026 2:44:21 PM +02:00;9/29/2026 2:45:15 PM +02:00;9/29/2026 2:44:56 PM +02:00;54;D;DEP;55.60944;62.61;72.93338;;9/29/2026 12:42:08 PM;9/29/2026 12:46:36 PM;BEL2SR;;502D7C;BCS3;EBBR;EDDF;25R;SPI4G;4.468049104598689;50.83404744099962;1607.8427734375;1990.5923
F046-2;9/29/2026 2:45:34 PM +02:00;9/29/2026 2:46:44 PM +02:00;9/29/2026 2:46:02 PM +02:00;70;D;DEP;60.248913;68.81;78.69989;;9/29/2026 12:43:49 PM;9/29/2026 12:47:44 PM;QTR91Y;A7BFZ;06A30D;B77L;EBBR;OTHH;25R;SOPOK4G;4.459823322744516;50.833830285703975;1396.37060546875;2035.612
F046-2;9/29/2026 2:49:28 PM +02:00;9/29/2026 2:50:33 PM +02:00;9/29/2026 2:50:07 PM +02:00;65;D;DEP;65.418106;73.54;83.54724;;9/29/2026 12:47:41 PM;9/29/2026 12:52:56 PM;THY8LQ;TCJRU;4BAA55;A321;EBBR;LTFM;25R;SOPOK4G;4.469361035021575;50.8415226818868;1266.8250732421875;1286.6294
F046-2;9/29/2026 3:12:12 PM +02:00;9/29/2026 3:13:43 PM +02:00;9/29/2026 3:12:52 PM +02:00;91;D;DEP;63.474586;73.28;83.065;;9/29/2026 1:10:45 PM;9/29/2026 1:14:29 PM;BEL6PR;OOSNM;44CDCD;A320;EBBR;LHBP;25R;SOPOK4G;4.473106391313307;50.84516863780761;1318.260009765625;1236.4735
F046-2;9/29/2026 3:14:12 PM +02:00;9/29/2026 3:15:45 PM +02:00;9/29/2026 3:14:54 PM +02:00;93;D;DEP;61.892975;70.83;81.577805;;9/29/2026 1:12:33 PM;9/29/2026 1:16:32 PM;BEL9SE;OOSSJ;44CE6A;A319;EBBR;LSGG;25R;SOPOK4G;4.470120537626804;50.84291191661712;1295.4000244140625;1252.6205
F046-2;9/29/2026 3:16:07 PM +02:00;9/29/2026 3:17:24 PM +02:00;9/29/2026 3:16:47 PM +02:00;77;D;DEP;62.67993;72.4;81.54484;;9/29/2026 1:14:29 PM;9/29/2026 1:18:56 PM;AUA294P;OELXE;4402A3;A320;EBBR;LOWW;25R;SOPOK4G;4.469522603646772;50.84234564912611;1107.4400634765625;1110.572
F046-2;9/29/2026 3:18:09 PM +02:00;9/29/2026 3:19:13 PM +02:00;9/29/2026 3:18:48 PM +02:00;64;D;DEP;57.84075;65.87;75.90255;;9/29/2026 1:16:01 PM;9/29/2026 1:20:20 PM;SWR15Y;HBAZD;4B028D;E290;EBBR;LSZH;25R;SOPOK4G;4.472170712685313;50.844053504065634;1234.43994140625;1159.1967
F046-2;9/29/2026 3:30:13 PM +02:00;9/29/2026 3:31:16 PM +02:00;9/29/2026 3:30:57 PM +02:00;63;D;DEP;66.10811;74.82;84.10152;;9/29/2026 1:28:33 PM;9/29/2026 1:32:48 PM;BEL5XD;OOSNJ;44CDCA;A320;EBBR;EPWA;25R;LNO4G;4.471677904594435;50.843564443220444;1184.909912109375;1129.6813
F046-2;9/29/2026 3:38:57 PM +02:00;9/29/2026 3:40:27 PM +02:00;9/29/2026 3:39:49 PM +02:00;90;D;DEP;62.99122;70.67;82.533646;;9/29/2026 1:37:25 PM;9/29/2026 1:41:56 PM;CXI4F;LYLGA;503E61;A320;EBBR;LGIR;25R;SOPOK4G;4.4700358566755565;50.84256468227165;1173.47998046875;1145.6393
F046-2;9/29/2026 3:56:59 PM +02:00;9/29/2026 3:58:00 PM +02:00;9/29/2026 3:57:24 PM +02:00;61;D;DEP;62.92025;69.87;80.77355;;9/29/2026 1:55:04 PM;9/29/2026 1:58:48 PM;CEF05T;2801;498422;A319;EBBR;LKKB;25R;SOPOK4G;4.478026894457998;50.84912960777434;1474.4927978515625;1514.5151
F046-2;9/29/2026 3:58:50 PM +02:00;9/29/2026 3:59:26 PM +02:00;9/29/2026 3:59:05 PM +02:00;36;D;DEP;59.39152;62.94;74.954544;;9/29/2026 1:56:36 PM;9/29/2026 2:01:36 PM;JAF3261;;44D1A6;B38M;EBBR;LTFE;25R;SOPOK4G;4.462813046315056;50.83606860485964;1130.8079833984375;1625.1284
F046-2;9/29/2026 4:00:35 PM +02:00;9/29/2026 4:01:28 PM +02:00;9/29/2026 4:01:07 PM +02:00;53;D;DEP;61.143356;69.89;78.386116;;9/29/2026 1:58:44 PM;9/29/2026 2:02:36 PM;BEL3XW;;44CC44;A20N;EBBR;LOWW;25R;SOPOK4G;4.473283247906583;50.8456159160565;1489.73291015625;1414.4359
F046-2;9/29/2026 4:18:36 PM +02:00;9/29/2026 4:19:34 PM +02:00;9/29/2026 4:18:55 PM +02:00;58;D;DEP;58.936474;66.13;76.570755;;9/29/2026 2:16:29 PM;9/29/2026 2:21:04 PM;BEL7PK;YLABH;502D59;BCS3;EBBR;LJLJ;25R;SOPOK4G;4.468609310563533;50.842325704617025;1386.8399658203125;1376.0563
F046-2;9/29/2026 4:20:18 PM +02:00;9/29/2026 4:21:19 PM +02:00;9/29/2026 4:20:50 PM +02:00;61;D;DEP;64.41285;70.98;82.26615;;9/29/2026 2:18:24 PM;9/29/2026 2:23:08 PM;BEL5TR;OOSNF;44CDC6;A320;EBBR;DTMB;25R;ROUSY4G;4.469718489803897;50.84099589961809;1143;1175.2374
F046-2;9/29/2026 4:23:02 PM +02:00;9/29/2026 4:24:02 PM +02:00;9/29/2026 4:23:30 PM +02:00;60;D;DEP;63.11871;71.07;80.90022;;9/29/2026 2:21:13 PM;9/29/2026 2:25:28 PM;RJA142;;74482C;A20N;EBBR;OJAI;25R;SOPOK4G;4.471146253015364;50.84433611534492;1333.5;1265.3025
F046-2;9/29/2026 4:25:51 PM +02:00;9/29/2026 4:27:10 PM +02:00;9/29/2026 4:26:34 PM +02:00;79;D;DEP;64.305374;72.48;83.28165;;9/29/2026 2:24:09 PM;9/29/2026 2:28:04 PM;BEL9EV;OOSSX;44CE78;A319;EBBR;EDDM;25R;SOPOK4G;4.472122867717057;50.84395795145635;1287.780029296875;1209.3694
F046-2;9/29/2026 4:39:26 PM +02:00;9/29/2026 4:40:41 PM +02:00;9/29/2026 4:40:02 PM +02:00;75;D;DEP;63.057205;70.93;81.807816;;9/29/2026 2:37:36 PM;9/29/2026 2:42:20 PM;TAR955;;02A263;A320;EBBR;DTTA;25R;ROUSY4G;4.4699562914354996;50.84230393323247;1236.344970703125;1217.2051
F046-2;9/29/2026 4:42:18 PM +02:00;9/29/2026 4:43:15 PM +02:00;9/29/2026 4:42:55 PM +02:00;57;D;DEP;64.141464;70.65;81.70021;;9/29/2026 2:40:29 PM;9/29/2026 2:44:32 PM;BEL6ZH;OOSSB;44CE62;A319;EBBR;LIML;25R;ROUSY4G;4.470727082937882;50.84322011132569;1243.9649658203125;1188.9286
F046-2;9/29/2026 4:44:09 PM +02:00;9/29/2026 4:44:53 PM +02:00;9/29/2026 4:44:40 PM +02:00;44;D;DEP;60.001335;64.83;76.43586;;9/29/2026 2:41:57 PM;9/29/2026 2:46:04 PM;BEL2HJ;OOSNH;44CDC8;A320;EBBR;EDDB;25R;SPI4G;4.46919357462935;50.832724383432385;1394.47705078125;1926.4908
F046-2;9/29/2026 5:15:49 PM +02:00;9/29/2026 5:16:43 PM +02:00;9/29/2026 5:16:22 PM +02:00;54;D;DEP;62.357174;68.55;79.681114;;9/29/2026 3:13:41 PM;9/29/2026 3:18:08 PM;BOX547;DAALS;3C4593;B77L;EBBR;EDDP;25R;SPI4G;4.466856223337012;50.8343906104945;1445.9178466796875;1865.7224
F046-2;9/29/2026 5:26:48 PM +02:00;9/29/2026 5:27:49 PM +02:00;9/29/2026 5:27:29 PM +02:00;61;D;DEP;63.639194;69.88;81.49249;;9/29/2026 3:25:04 PM;9/29/2026 3:29:28 PM;BEL2ZR;OOSSR;44CE72;A319;EBBR;LKPR;25R;SOPOK4G;4.469758834878427;50.84269038393289;1280.1600341796875;1248.4103
F046-2;9/29/2026 5:37:06 PM +02:00;9/29/2026 5:38:04 PM +02:00;9/29/2026 5:37:39 PM +02:00;58;D;DEP;61.693745;68.31;79.328026;;9/29/2026 3:35:24 PM;9/29/2026 3:40:44 PM;AUA296;OELXB;44022B;A320;EBBR;LOWW;25R;SOPOK4G;4.4710844871779125;50.844063036110484;1219.199951171875;1159.9022
F046-2;9/29/2026 6:00:46 PM +02:00;9/29/2026 6:01:53 PM +02:00;9/29/2026 6:01:26 PM +02:00;67;D;DEP;60.555553;67.63;78.8163;;9/29/2026 3:59:01 PM;9/29/2026 4:03:16 PM;BEL8UK;;44CE79;A319;EBBR;EDDF;25R;SPI4G;4.464297457137947;50.83812868347363;1348.739990234375;1612.3923
F046-2;9/29/2026 6:02:16 PM +02:00;9/29/2026 6:03:18 PM +02:00;9/29/2026 6:02:46 PM +02:00;62;D;DEP;63.033497;69.48;80.95741;;9/29/2026 4:00:41 PM;9/29/2026 4:04:32 PM;RYR5ZK;9HQDB;4D222D;B738;EBBR;LIRP;25R;ROUSY4G;4.469168450061727;50.84357100905764;1462.36181640625;1417.7844
F046-2;9/29/2026 6:05:49 PM +02:00;9/29/2026 6:06:59 PM +02:00;9/29/2026 6:06:39 PM +02:00;70;D;DEP;55.343773;60.48;73.794754;;9/29/2026 4:03:57 PM;9/29/2026 4:08:12 PM;SXS69W;TCSOI;4BCDE9;B38M;EBBR;LTAI;25R;SOPOK4G;4.4591553089864515;50.83213093839013;1454.7418212890625;2214.158
F046-2;9/29/2026 6:07:54 PM +02:00;9/29/2026 6:09:03 PM +02:00;9/29/2026 6:08:25 PM +02:00;69;D;DEP;61.15056;67.71;79.53905;;9/29/2026 4:06:01 PM;9/29/2026 4:10:40 PM;LYF278;08 BLUE;503FD3;C27J;EBBR;EYVI;25R;LNO4G;4.469660459505137;50.84193074485829;1599.521728515625;1574.5536
F046-2;9/29/2026 6:16:35 PM +02:00;9/29/2026 6:17:52 PM +02:00;9/29/2026 6:17:21 PM +02:00;77;D;DEP;62.739445;70.08;81.604355;;9/29/2026 4:14:56 PM;9/29/2026 4:19:12 PM;BEL3WD;OOSSL;44CE6C;A319;EBBR;LIRF;25R;ROUSY4G;4.470897184287378;50.84341008890407;1249.679931640625;1203.9918
F046-2;9/29/2026 6:27:11 PM +02:00;9/29/2026 6:28:30 PM +02:00;9/29/2026 6:27:57 PM +02:00;79;D;DEP;54.6117;62.92;73.58797;;9/29/2026 4:25:53 PM;9/29/2026 4:29:20 PM;TVS499F;;49D5D6;BCS3;EBBR;LKPR;25R;SOPOK4G;4.483323194818511;50.85100279913894;1407.11669921875;1640.2062
F046-2;9/29/2026 6:29:30 PM +02:00;9/29/2026 6:31:06 PM +02:00;9/29/2026 6:30:28 PM +02:00;96;D;DEP;55.711346;61.98;75.53406;;9/29/2026 4:27:48 PM;9/29/2026 4:32:08 PM;UAE66V;A6ENA;896318;B77W;EBBR;OMDB;25R;PITES4G;4.456842972242905;50.82568978961817;1333.5;2730.198
F046-2;9/29/2026 6:45:17 PM +02:00;9/29/2026 6:46:46 PM +02:00;9/29/2026 6:46:22 PM +02:00;89;D;DEP;54.087193;60.69;73.58109;;9/29/2026 4:44:00 PM;9/29/2026 4:46:56 PM;IAM3170;;33FCA3;GLF6;EBMB;LIRA;25R;ROUSY4G;4.467974175087749;50.83173715489025;1999.57177734375;2441.0903
F046-2;9/29/2026 6:47:21 PM +02:00;9/29/2026 6:48:49 PM +02:00;9/29/2026 6:48:05 PM +02:00;88;D;DEP;62.566864;70.49;82.01169;;9/29/2026 4:46:01 PM;9/29/2026 4:49:48 PM;LBT385;9HMMO;4D23BB;A320;EBBR;DTTJ;25R;ROUSY4G;4.471657819487977;50.842623940014;1293.4949951171875;1257.2445
F046-2;9/29/2026 6:53:18 PM +02:00;9/29/2026 6:54:51 PM +02:00;9/29/2026 6:53:51 PM +02:00;93;D;DEP;62.744747;72.24;82.42957;;9/29/2026 4:51:37 PM;9/29/2026 4:55:08 PM;BEL7VN;OOSSA;44CE61;A319;EBBR;LOWW;25R;SOPOK4G;4.475887218005607;50.846859952143646;1276.35009765625;1243.423
F046-2;9/29/2026 7:05:39 PM +02:00;9/29/2026 7:07:13 PM +02:00;9/29/2026 7:06:22 PM +02:00;94;E;DEP;60.75531;68.31;80.48659;;9/29/2026 5:03:48 PM;9/29/2026 5:08:32 PM;BEL9DL;OOSNK;44CDCB;A320;EBBR;EDDB;25R;SPI4G;4.467275052067072;50.83690445381264;1272.5400390625;1556.7688
F046-2;9/29/2026 7:08:04 PM +02:00;9/29/2026 7:09:37 PM +02:00;9/29/2026 7:08:51 PM +02:00;93;E;DEP;53.62508;61.29;73.309906;;9/29/2026 5:06:40 PM;9/29/2026 5:10:24 PM;FSE1C;;3E353E;C25M;EBBR;EDDL;25R;LNO4G;4.4783147657024545;50.845747566643915;1758.3377685546875;1686.3657
F046-2;9/29/2026 7:27:55 PM +02:00;9/29/2026 7:29:25 PM +02:00;9/29/2026 7:28:43 PM +02:00;90;E;DEP;60.945843;69.56;80.488266;;9/29/2026 5:26:20 PM;9/29/2026 5:30:36 PM;BEL4GV;;44CDD1;A320;EBBR;LSGG;25R;ROUSY4G;4.470772369330318;50.84387634546724;1304.925048828125;1242.6383
F046-2;9/29/2026 7:32:01 PM +02:00;9/29/2026 7:33:51 PM +02:00;9/29/2026 7:33:08 PM +02:00;110;E;DEP;61.417934;71.68;81.83186;;9/29/2026 5:30:45 PM;9/29/2026 5:34:36 PM;BEL8RD;OOSSJ;44CE6A;A319;EBBR;LIMC;25R;ROUSY4G;4.472686548121729;50.84595048483248;1348.739990234375;1271.9331
F046-2;9/29/2026 7:34:17 PM +02:00;9/29/2026 7:35:57 PM +02:00;9/29/2026 7:35:11 PM +02:00;100;E;DEP;59.849968;68.74;79.84997;;9/29/2026 5:32:40 PM;9/29/2026 5:36:36 PM;ITY165;;4CADAC;A20N;EBBR;LIRF;25R;ROUSY4G;4.472290693664944;50.84460640035705;1493.5428466796875;1413.5637
F046-2;9/29/2026 7:38:48 PM +02:00;9/29/2026 7:40:04 PM +02:00;9/29/2026 7:39:21 PM +02:00;76;E;DEP;58.917336;67.43;77.72547;;9/29/2026 5:36:52 PM;9/29/2026 5:41:12 PM;BEL4HU;YLABE;502D46;BCS3;EBBR;EDDM;25R;SOPOK4G;4.473965586799625;50.84642079765989;1432.582763671875;1362.4644
F046-2;9/29/2026 7:44:53 PM +02:00;9/29/2026 7:46:21 PM +02:00;9/29/2026 7:45:45 PM +02:00;88;E;DEP;57.59388;65.49;77.038704;;9/29/2026 5:43:08 PM;9/29/2026 5:47:20 PM;BEL2LG;OOSNN;44CDCE;A320;EBBR;EDDF;25R;SPI4G;4.467666508795198;50.833549443752126;1533.5478515625;1964.5383
F046-2;9/29/2026 7:54:57 PM +02:00;9/29/2026 7:56:26 PM +02:00;9/29/2026 7:55:45 PM +02:00;89;E;DEP;57.579384;66;77.07328;;9/29/2026 5:53:13 PM;9/29/2026 5:57:40 PM;SWR7DC;HBJCQ;4B1808;BCS3;EBBR;LSZH;25R;LNO4G;4.471127423477648;50.84384172012021;1409.7227783203125;1341.5829
F046-2;9/29/2026 7:57:54 PM +02:00;9/29/2026 7:59:20 PM +02:00;9/29/2026 7:59:00 PM +02:00;86;E;DEP;52.41738;60.15;71.76237;;9/29/2026 5:56:00 PM;9/29/2026 6:01:12 PM;LOT4CN;;48E95E;B38M;EBBR;EPWA;25R;LNO4G;4.472496496373756;50.830652979391424;1383.030029296875;2065.6648
F046-2;9/29/2026 8:01:26 PM +02:00;9/29/2026 8:02:32 PM +02:00;9/29/2026 8:01:53 PM +02:00;66;E;DEP;62.516262;68.9;80.7117;;9/29/2026 5:59:32 PM;9/29/2026 6:03:52 PM;AUA29V;OELBO;44001B;A320;EBBR;LOWW;25R;SOPOK4G;4.468001000557329;50.840720802430596;1203.9599609375;1271.2793
F046-2;9/29/2026 8:08:59 PM +02:00;9/29/2026 8:10:33 PM +02:00;9/29/2026 8:10:15 PM +02:00;94;E;DEP;59.15776;64.91;78.88904;;9/29/2026 6:07:52 PM;9/29/2026 6:11:52 PM;KMM421;9HNEO;4D21A2;A20N;EBBR;LMML;25R;ROUSY4G;4.472076726484037;50.8453838555658;1531.642822265625;1452.5164
F046-2;9/29/2026 8:20:23 PM +02:00;9/29/2026 8:21:57 PM +02:00;9/29/2026 8:21:11 PM +02:00;94;E;DEP;59.705418;67.9;79.4367;;9/29/2026 6:18:53 PM;9/29/2026 6:23:00 PM;AEE6BR;SXNAK;46B82B;A21N;EBBR;LGAV;25R;PITES4G;4.46834775163318;50.8415165352827;1348.739990234375;1367.0621
F046-2;9/29/2026 8:26:51 PM +02:00;9/29/2026 8:28:18 PM +02:00;9/29/2026 8:27:38 PM +02:00;87;E;DEP;57.184353;65.44;76.579544;;9/29/2026 6:25:17 PM;9/29/2026 6:29:12 PM;ITY153;;4CAE11;BCS1;EBBR;LIML;25R;ROUSY4G;4.476287960544109;50.84719500021927;1552.5977783203125;1515.4299
F046-2;9/29/2026 8:35:52 PM +02:00;9/29/2026 8:37:22 PM +02:00;9/29/2026 8:36:24 PM +02:00;90;E;DEP;54.022255;61.46;73.56468;;9/29/2026 6:34:16 PM;9/29/2026 6:37:12 PM;PNC1VL;YUSVL;4C4AAB;C56X;EBBR;LCLK;25R;PITES4G;4.466829427964346;50.84347308125641;1876.4478759765625;1855.9703
F046-2;9/29/2026 8:42:04 PM +02:00;9/29/2026 8:43:29 PM +02:00;9/29/2026 8:42:52 PM +02:00;85;E;DEP;57.64391;67.75;76.938095;;9/29/2026 6:40:25 PM;9/29/2026 6:44:40 PM;LZB408;;452121;BCS3;EBBR;LBSF;25R;PITES4G;4.4756331097365525;50.8456777709419;1325.8800048828125;1258.124
F046-2;9/29/2026 8:46:26 PM +02:00;9/29/2026 8:47:53 PM +02:00;9/29/2026 8:47:11 PM +02:00;87;E;DEP;62.394966;69.92;81.79016;;9/29/2026 6:44:45 PM;9/29/2026 6:48:32 PM;BEL92K;OOSSW;44CE77;A319;EBBR;LSGG;25R;ROUSY4G;4.470644037493116;50.84294253123025;1348.739990234375;1294.5912
F046-2;9/29/2026 8:51:26 PM +02:00;9/29/2026 8:53:21 PM +02:00;9/29/2026 8:52:34 PM +02:00;115;E;DEP;54.472305;62.66;75.079285;;9/29/2026 6:50:09 PM;9/29/2026 6:54:04 PM;CTN4457;;501C38;BCS3;EBBR;LDZA;25R;PITES4G;4.478936380020876;50.85011098040414;1546.8828125;1623.6692
F046-2;9/29/2026 9:01:55 PM +02:00;9/29/2026 9:03:45 PM +02:00;9/29/2026 9:02:58 PM +02:00;110;E;DEP;59.912956;69.21;80.32688;;9/29/2026 7:00:41 PM;9/29/2026 7:04:20 PM;EJU87PG;OELQM;440589;A319;EBBR;LIRF;25R;ROUSY4G;4.472497189793782;50.84548181580774;1421.15283203125;1339.952
F046-2;9/29/2026 9:06:02 PM +02:00;9/29/2026 9:07:32 PM +02:00;9/29/2026 9:07:05 PM +02:00;90;E;DEP;54.515366;62.37;74.05779;;9/29/2026 7:04:57 PM;9/29/2026 7:08:08 PM;BEL7JU;;44CC43;A20N;EBBR;LHBP;25R;SOPOK4G;4.478247739211879;50.85000839411128;1518.307861328125;1589.5897
F046-2;9/29/2026 9:07:58 PM +02:00;9/29/2026 9:09:15 PM +02:00;9/29/2026 9:08:32 PM +02:00;77;E;DEP;63.018684;70.38;81.88359;;9/29/2026 7:06:25 PM;9/29/2026 7:10:01 PM;BEL1ZK;OOSNI;44CDC9;A320;EBBR;EDDB;25R;SPI4G;4.4694326465845196;50.842420534245264;1333.5;1310.333
F046-2;9/29/2026 9:09:49 PM +02:00;9/29/2026 9:11:18 PM +02:00;9/29/2026 9:10:20 PM +02:00;89;E;DEP;62.839005;70.37;82.3329;;9/29/2026 7:08:05 PM;9/29/2026 7:12:20 PM;BCS115;ECNHF;346318;B752;EBBR;EDDP;25R;SOPOK4G;4.469568508745706;50.841627282747694;1264.9200439453125;1266.5967
F046-2;9/29/2026 9:27:28 PM +02:00;9/29/2026 9:29:11 PM +02:00;9/29/2026 9:28:26 PM +02:00;103;E;DEP;60.21071;68.84;80.33908;;9/29/2026 7:26:09 PM;9/29/2026 7:30:00 PM;BEL2653;OOSSO;44CE6F;A319;EBBR;EDDM;25R;SOPOK4G;4.474565853542629;50.84760543161608;1516.40283203125;1467.2238
F046-2;9/29/2026 9:29:40 PM +02:00;9/29/2026 9:31:01 PM +02:00;9/29/2026 9:30:21 PM +02:00;81;E;DEP;60.833504;70.73;79.91835;;9/29/2026 7:28:05 PM;9/29/2026 7:32:12 PM;VLG7JX;ECMKX;345205;A319;EBBR;LIRQ;25R;ROUSY4G;4.474314395870667;50.845646775273195;1531.642822265625;1451.2207
F046-2;9/29/2026 9:32:20 PM +02:00;9/29/2026 9:33:47 PM +02:00;9/29/2026 9:32:59 PM +02:00;87;E;DEP;62.381023;71.64;81.776215;;9/29/2026 7:30:41 PM;9/29/2026 7:34:32 PM;BEL2SJ;OOSNJ;44CDCA;A320;EBBR;LIPZ;25R;ROUSY4G;4.473309091110706;50.844829380823384;1386.8399658203125;1318.9061
F046-2;9/29/2026 9:35:57 PM +02:00;9/29/2026 9:37:09 PM +02:00;9/29/2026 9:36:35 PM +02:00;72;E;DEP;63.186153;70.13;81.759476;;9/29/2026 7:34:08 PM;9/29/2026 7:38:24 PM;BEL9WB;OOSSB;44CE62;A319;EBBR;LFML;25R;ROUSY4G;4.471213077917199;50.84482044862798;1381.130615234375;1308.0417
F046-2;9/29/2026 9:46:53 PM +02:00;9/29/2026 9:48:20 PM +02:00;9/29/2026 9:47:43 PM +02:00;87;E;DEP;61.642982;71.68;81.03818;;9/29/2026 7:45:24 PM;9/29/2026 7:49:20 PM;EJU45PN;OEICI;44046D;A320;EBBR;LFMN;25R;ROUSY4G;4.4739381808884655;50.8456106322427;1339.2149658203125;1273.1902
F046-2;9/29/2026 9:58:30 PM +02:00;9/29/2026 10:00:01 PM +02:00;9/29/2026 9:59:15 PM +02:00;91;E;DEP;59.61857;67.02;79.208984;;9/29/2026 7:56:45 PM;9/29/2026 8:01:40 PM;ETH751;;040262;A359;EBBR;HAAB;25R;PITES4G;4.464582661199529;50.83723666824601;1207.77001953125;1540.1371
F046-2;9/29/2026 10:01:55 PM +02:00;9/29/2026 10:03:37 PM +02:00;9/29/2026 10:03:04 PM +02:00;102;E;DEP;52.23374;59.91;72.31974;;9/29/2026 8:00:09 PM;9/29/2026 8:05:16 PM;UAE182;A6EGE;89644C;B77W;EBBR;OMDB;25R;PITES4G;4.453758887184154;50.822939308262136;1367.795654296875;3082.628
F046-2;9/29/2026 10:04:07 PM +02:00;9/29/2026 10:05:54 PM +02:00;9/29/2026 10:05:02 PM +02:00;107;E;DEP;65.521416;76.13;85.815254;;9/29/2026 8:02:33 PM;9/29/2026 8:06:56 PM;THY6LS;TCJNT;4BA9D4;A333;EBBR;LTFM;25R;SOPOK4G;4.471434855478268;50.84349690234883;1238.25;1174.3512
F046-2;9/29/2026 10:13:55 PM +02:00;9/29/2026 10:15:44 PM +02:00;9/29/2026 10:14:38 PM +02:00;109;E;DEP;60.878185;70.52;81.25245;;9/29/2026 8:12:21 PM;9/29/2026 8:16:16 PM;EJU16RZ;OEIVZ;4402AE;A320;EBBR;LIML;25R;ROUSY4G;4.472874461308022;50.845140037193595;1292.8599853515625;1226.4932
F046-2;9/29/2026 10:28:16 PM +02:00;9/29/2026 10:29:32 PM +02:00;9/29/2026 10:28:59 PM +02:00;76;E;DEP;56.14433;63.16;74.95246;;9/29/2026 8:26:41 PM;9/29/2026 8:30:25 PM;BEL6NX;;44CC45;A20N;EBBR;LKPR;25R;SOPOK4G;4.477142117878864;50.84831004454417;1607.8427734375;1593.6929
F046-2;9/29/2026 10:29:53 PM +02:00;9/29/2026 10:30:52 PM +02:00;9/29/2026 10:30:17 PM +02:00;59;E;DEP;58.802673;67.88;76.51119;;9/29/2026 8:28:29 PM;9/29/2026 8:31:45 PM;;DCSUS;3CF1A2;PC24;EBBR;EDDK;25R;LNO4G;4.477256429819154;50.8446335229169;1508.7828369140625;1424.8912
F046-2;9/29/2026 10:32:35 PM +02:00;9/29/2026 10:34:27 PM +02:00;9/29/2026 10:33:36 PM +02:00;112;E;DEP;53.355106;60.73;73.84729;;9/29/2026 8:31:13 PM;9/29/2026 8:35:29 PM;BCS5535;;348358;B738;EBBR;LZIB;25R;SOPOK4G;4.460206287378454;50.83519464098481;1360.169921875;1918.8617
F046-2;9/29/2026 10:37:06 PM +02:00;9/29/2026 10:38:38 PM +02:00;9/29/2026 10:37:30 PM +02:00;92;E;DEP;52.705585;60.26;72.34346;;9/29/2026 8:35:37 PM;9/29/2026 8:38:21 PM;DCS607;;3CD5C4;C56X;EBBR;EDTY;25R;SOPOK4G;4.475747763846361;50.849191455359424;1781.19775390625;1780.1498
F046-2;9/29/2026 11:23:45 PM +02:00;9/29/2026 11:25:01 PM +02:00;9/29/2026 11:24:26 PM +02:00;76;N;DEP;48.318462;51.68;67.126595;;9/29/2026 9:23:01 PM;9/29/2026 9:26:33 PM;VJT643;;4D21CD;E35L;EBBR;LATI;19 ;PITES1L;4.501610702891371;50.85745870212407;689.6099853515625;2491.7864
F046-2;9/30/2026 12:39:20 AM +02:00;9/30/2026 12:41:09 AM +02:00;9/30/2026 12:40:22 AM +02:00;109;N;DEP;51.75284;57.76;72.127106;;9/29/2026 10:39:00 PM;9/29/2026 10:43:08 PM;BCS92P;;347301;B752;EBBR;EDDP;19 ;SOPOK9L;4.498065876629711;50.856929619516684;798.1949462890625;2294.977
F046-2;9/30/2026 1:35:14 AM +02:00;9/30/2026 1:36:39 AM +02:00;9/30/2026 1:35:32 AM +02:00;85;N;DEP;52.70697;61.5;72.00116;;9/29/2026 11:34:20 PM;9/29/2026 11:38:04 PM;BCS2200;;3420C6;B738;EBBR;EDDP;19 ;SOPOK9L;4.509064151590199;50.85942004537133;845.8200073242188;3036.1335
F047-3;9/29/2026 7:12:15 AM +02:00;9/29/2026 7:14:06 AM +02:00;9/29/2026 7:13:14 AM +02:00;111;D;DEP;52.631924;60.03;73.08515;;9/29/2026 5:10:40 AM;9/29/2026 5:14:36 AM;BEL8HQ;OOSSB;44CE62;A319;EBBR;LSZH;25R;ROUSY4G;4.470809562359921;50.845300033270775;1325.8800048828125;2697.8772
F047-3;9/29/2026 7:23:24 AM +02:00;9/29/2026 7:25:10 AM +02:00;9/29/2026 7:24:29 AM +02:00;106;D;DEP;52.618202;57.81;72.87126;;9/29/2026 5:21:52 AM;9/29/2026 5:25:36 AM;BEL4CB;OOSSF;44CE66;A319;EBBR;LIML;25R;ROUSY4G;4.4721430270668945;50.84349616022535;1402.0799560546875;2810.6238
F047-3;9/29/2026 7:27:27 AM +02:00;9/29/2026 7:29:20 AM +02:00;9/29/2026 7:28:10 AM +02:00;113;D;DEP;51.95284;57.79;72.48362;;9/29/2026 5:25:28 AM;9/29/2026 5:29:48 AM;BEL1YC;;44CE79;A319;EBBR;LIRF;25R;ROUSY4G;4.472575883048591;50.84364020784295;1418.0438232421875;2794.6733
F047-3;9/29/2026 7:52:29 AM +02:00;9/29/2026 7:53:30 AM +02:00;9/29/2026 7:53:04 AM +02:00;61;D;DEP;52.657497;57.66;70.510796;;9/29/2026 5:50:24 AM;9/29/2026 5:54:56 AM;BEL2HV;OOSNI;44CDC9;A320;EBBR;LIRN;25R;SOPOK4G;4.469294188306769;50.83978662615226;1211.5799560546875;3141.9785
F047-3;9/29/2026 8:11:26 AM +02:00;9/29/2026 8:13:08 AM +02:00;9/29/2026 8:12:28 AM +02:00;102;D;DEP;53.930805;59.13;74.01681;;9/29/2026 6:09:33 AM;9/29/2026 6:14:16 AM;LOT4MH;SPLNE;48ADA4;E195;EBBR;EPWA;25R;LNO4G;4.481487266255921;50.841617297317256;1398.982421875;2665.6267
F047-3;9/29/2026 9:21:28 AM +02:00;9/29/2026 9:22:37 AM +02:00;9/29/2026 9:22:10 AM +02:00;69;D;ARR;50.702404;55.99;69.0909;;9/29/2026 7:13:12 AM;9/29/2026 7:36:00 AM;BTI2YH;YLCSK;502CE5;BCS3;EETN;EBBR;25L;BATTY7A;4.500448746625025;50.861539482095544;1219.199951171875;1235.1266
F047-3;9/29/2026 9:28:04 AM +02:00;9/29/2026 9:29:22 AM +02:00;9/29/2026 9:28:18 AM +02:00;78;D;DEP;52.48563;59.12;71.40658;;9/29/2026 7:25:48 AM;9/29/2026 7:30:52 AM;GER291;DAKJC;3C6D43;E190;EBBR;EDJA;25R;SOPOK4G;4.469333739911403;50.83936750661347;1221.10498046875;3172.922
F047-3;9/29/2026 9:30:50 AM +02:00;9/29/2026 9:32:36 AM +02:00;9/29/2026 9:31:44 AM +02:00;106;D;DEP;50.709717;55.44;70.962776;;9/29/2026 7:29:37 AM;9/29/2026 7:33:20 AM;BEL5FJ;;44CC47;A20N;EBBR;LIRQ;25R;ROUSY4G;4.4716226391206355;50.845176870917975;1472.0849609375;2747.4424
F047-3;9/29/2026 9:36:47 AM +02:00;9/29/2026 9:38:13 AM +02:00;9/29/2026 9:38:00 AM +02:00;86;D;DEP;52.835533;59.28;72.18052;;9/29/2026 7:35:32 AM;9/29/2026 7:39:24 AM;EJU98PT;OEIVZ;4402AE;A320;EBBR;LIML;25R;ROUSY4G;4.470677320849028;50.84598313868271;1310.6400146484375;2651.6426
F047-3;9/29/2026 9:44:15 AM +02:00;9/29/2026 9:45:43 AM +02:00;9/29/2026 9:44:50 AM +02:00;88;D;DEP;52.732;59.07;72.17683;;9/29/2026 7:42:17 AM;9/29/2026 7:46:28 AM;BEL1UF;OOSSA;44CE61;A319;EBBR;LSGG;25R;ROUSY4G;4.4737720281758495;50.840809213728946;1333.5;2938.5413
F047-3;9/29/2026 9:47:47 AM +02:00;9/29/2026 9:48:59 AM +02:00;9/29/2026 9:48:36 AM +02:00;72;D;DEP;53.44668;58.9;72.020004;;9/29/2026 7:46:13 AM;9/29/2026 7:50:04 AM;ITY151;;4CAE12;BCS1;EBBR;LIML;25R;ROUSY4G;4.47427666247827;50.8518391909657;1532.3438720703125;2267.0254
F047-3;9/29/2026 9:53:00 AM +02:00;9/29/2026 9:54:38 AM +02:00;9/29/2026 9:54:02 AM +02:00;98;D;DEP;53.501415;59.56;73.41367;;9/29/2026 7:51:40 AM;9/29/2026 7:55:20 AM;EJU54YE;OELQM;440589;A319;EBBR;LIRF;25R;SOPOK4G;4.47324813493466;50.84532375599372;1471.3839111328125;2660.8767
F047-3;9/29/2026 10:05:13 AM +02:00;9/29/2026 10:06:51 AM +02:00;9/29/2026 10:06:01 AM +02:00;98;D;DEP;51.53047;57.41;71.44273;;9/29/2026 8:03:36 AM;9/29/2026 8:08:08 AM;CTN56E;;501C4B;BCS1;EBBR;LDZA;25R;SOPOK4G;4.478691587154813;50.849943434676156;1427.3878173828125;2127.6946
F047-3;9/29/2026 10:10:18 AM +02:00;9/29/2026 10:11:48 AM +02:00;9/29/2026 10:11:24 AM +02:00;90;D;DEP;51.05028;57.22;70.592705;;9/29/2026 8:08:45 AM;9/29/2026 8:13:24 AM;BEL2NM;OOSNL;44CDCC;A320;EBBR;LKPR;25R;SOPOK4G;4.47101821629391;50.83906276028983;1242.0599365234375;3138.1775
F047-3;9/29/2026 10:12:15 AM +02:00;9/29/2026 10:13:29 AM +02:00;9/29/2026 10:12:55 AM +02:00;74;D;DEP;52.97163;59.4;71.66395;;9/29/2026 8:10:21 AM;9/29/2026 8:15:24 AM;BEL5GR;OOSNM;44CDCD;A320;EBBR;EDDM;25R;SOPOK4G;4.470314586914501;50.841097324509924;1245.8699951171875;2995.0562
F047-3;9/29/2026 10:14:01 AM +02:00;9/29/2026 10:15:09 AM +02:00;9/29/2026 10:14:33 AM +02:00;68;D;DEP;51.70198;57.32;70.02707;;9/29/2026 8:12:20 AM;9/29/2026 8:15:52 AM;SWR52Y;;4B181B;A20N;EBBR;LSZH;25R;ROUSY4G;4.474988207644222;50.84474258332271;1479.00390625;2647.1975
F047-3;9/29/2026 10:22:34 AM +02:00;9/29/2026 10:23:52 AM +02:00;9/29/2026 10:23:27 AM +02:00;78;D;DEP;54.83665;61.49;73.7576;;9/29/2026 8:20:49 AM;9/29/2026 8:25:32 AM;ASL39W;LZBUR;451D8C;E190;EBBR;LYBE;25R;SOPOK4G;4.475340301880262;50.84711589875567;1158.239990234375;2300.492
F047-3;9/29/2026 10:24:32 AM +02:00;9/29/2026 10:25:53 AM +02:00;9/29/2026 10:25:09 AM +02:00;81;D;DEP;52.488304;60.49;71.57315;;9/29/2026 8:22:36 AM;9/29/2026 8:26:56 AM;AUA22D;OELXE;4402A3;A320;EBBR;LOWW;25R;SOPOK4G;4.470799404288583;50.84219987764442;1217.294921875;2886.058
F047-3;9/29/2026 10:33:37 AM +02:00;9/29/2026 10:34:45 AM +02:00;9/29/2026 10:34:14 AM +02:00;68;D;DEP;52.200054;59.29;70.52515;;9/29/2026 8:31:40 AM;9/29/2026 8:36:28 AM;BEL8BK;OOTCV;44D076;A320;EBBR;LDSP;25R;SOPOK4G;4.472148178682763;50.83945552042054;1196.3399658203125;3056.3257
F047-3;9/29/2026 10:35:58 AM +02:00;9/29/2026 10:37:29 AM +02:00;9/29/2026 10:36:55 AM +02:00;91;D;DEP;55.008812;61.21;74.59923;;9/29/2026 8:34:04 AM;9/29/2026 8:39:32 AM;BEL4KE;OOSFB;44CCC2;A333;EBBR;HRYR;25R;ROUSY4G;4.472876507044068;50.84165260924956;1131.570068359375;2816.5322
F047-3;9/29/2026 10:47:27 AM +02:00;9/29/2026 10:48:58 AM +02:00;9/29/2026 10:48:28 AM +02:00;91;D;DEP;55.60393;61.34;75.19434;;9/29/2026 8:45:41 AM;9/29/2026 8:51:00 AM;BEL5RH;OOSFC;44CCC3;A333;EBBR;HKJK;25R;ROUSY4G;4.47216546978725;50.842597252701204;1051.56005859375;2738.01
F047-3;9/29/2026 10:53:23 AM +02:00;9/29/2026 10:55:04 AM +02:00;9/29/2026 10:54:19 AM +02:00;101;D;DEP;51.794376;58.83;71.83759;;9/29/2026 8:51:49 AM;9/29/2026 8:57:16 AM;BEL3WF;OOSNK;44CDCB;A320;EBBR;LGAV;25R;SOPOK4G;4.470083658568142;50.842611882457504;1154.429931640625;2857.2668
F047-3;9/29/2026 11:04:34 AM +02:00;9/29/2026 11:06:04 AM +02:00;9/29/2026 11:05:10 AM +02:00;90;D;DEP;52.118927;59.35;71.661354;;9/29/2026 9:02:32 AM;9/29/2026 9:07:04 AM;BEL6VP;OOSNH;44CDC8;A320;EBBR;LIPZ;25R;ROUSY4G;4.4718823043953435;50.84198134794694;1219.199951171875;2863.577
F047-3;9/29/2026 11:16:55 AM +02:00;9/29/2026 11:17:56 AM +02:00;9/29/2026 11:17:33 AM +02:00;61;D;DEP;52.546608;57.86;70.39991;;9/29/2026 9:14:56 AM;9/29/2026 9:19:32 AM;BEL5CG;OOSSB;44CE62;A319;EBBR;LFMN;25R;ROUSY4G;4.472993165445243;50.84059417981063;1329.68994140625;2973.1943
F047-3;9/29/2026 11:37:00 AM +02:00;9/29/2026 11:38:51 AM +02:00;9/29/2026 11:38:26 AM +02:00;111;D;DEP;52.457268;62.12;72.9105;;9/29/2026 9:35:48 AM;9/29/2026 9:40:00 AM;AEE539;SXDVN;4692CE;A320;EBBR;LGTS;25R;SOPOK4G;4.474464102885883;50.843735537868504;1287.780029296875;2654.0105
F047-3;9/29/2026 11:49:24 AM +02:00;9/29/2026 11:51:02 AM +02:00;9/29/2026 11:50:35 AM +02:00;98;D;DEP;55.0095;63.38;74.92176;;9/29/2026 9:47:52 AM;9/29/2026 9:53:32 AM;THY7WF;;4BB1ED;A332;EBBR;LTFM;25R;SOPOK4G;4.47060545124985;50.84127503335523;1242.06005859375;2980.0183
F047-3;9/29/2026 11:51:48 AM +02:00;9/29/2026 11:53:05 AM +02:00;9/29/2026 11:52:24 AM +02:00;77;D;DEP;51.516624;57.26;70.38153;;9/29/2026 9:49:57 AM;9/29/2026 9:54:40 AM;THY6553;TCVEL;4BD8AC;A310;EBBR;LTFM;25R;SOPOK4G;4.4701716877960935;50.84184112415994;1425.663818359375;3030.0261
F047-3;9/29/2026 11:57:10 AM +02:00;9/29/2026 11:58:33 AM +02:00;9/29/2026 11:57:41 AM +02:00;83;D;DEP;49.04232;57.49;68.2331;;9/29/2026 9:55:08 AM;9/29/2026 10:00:20 AM;AEE3BR;SXNAK;46B82B;A21N;EBBR;LGAV;25R;SOPOK4G;4.470538123155835;50.84250874635161;1337.31005859375;2922.5586
F047-3;9/29/2026 1:47:39 PM +02:00;9/29/2026 1:49:03 PM +02:00;9/29/2026 1:48:35 PM +02:00;84;D;DEP;53.673683;62.14;72.91647;;9/29/2026 11:45:56 AM;9/29/2026 11:49:48 AM;BEL5NZ;OOSSA;44CE61;A319;EBBR;LIPE;25R;ROUSY4G;4.472266438551951;50.84271976873254;1517.1038818359375;2921.328
F047-3;9/29/2026 1:49:31 PM +02:00;9/29/2026 1:50:45 PM +02:00;9/29/2026 1:50:01 PM +02:00;74;D;DEP;52.445553;58.08;71.13787;;9/29/2026 11:47:40 AM;9/29/2026 11:50:56 AM;JAF25B;OOTNB;44D1C2;B738;EBBR;LGZA;25R;ROUSY4G;4.471190470361539;50.8430765256697;1614.2587890625;2982.281
F047-3;9/29/2026 1:53:08 PM +02:00;9/29/2026 1:54:10 PM +02:00;9/29/2026 1:53:41 PM +02:00;62;D;DEP;52.611652;58.58;70.53557;;9/29/2026 11:51:36 AM;9/29/2026 11:55:04 AM;JFA99X;LXZAP;4D02A1;PC24;EBBR;LSZA;25R;SPI4G;4.473122779936674;50.85187906042193;1387.201904296875;2201.1877
F047-3;9/29/2026 1:54:59 PM +02:00;9/29/2026 1:56:12 PM +02:00;9/29/2026 1:55:41 PM +02:00;73;D;DEP;54.682404;62.02;73.315636;;9/29/2026 11:53:20 AM;9/29/2026 11:57:04 AM;BEL2PN;OOSSL;44CE6C;A319;EBBR;EDDM;25R;SOPOK4G;4.475808335638521;50.849012827913164;1477.098876953125;2321.5654
F047-3;9/29/2026 2:01:54 PM +02:00;9/29/2026 2:03:28 PM +02:00;9/29/2026 2:02:38 PM +02:00;94;D;DEP;63.31228;72.4;83.04356;;9/29/2026 12:01:33 PM;9/29/2026 12:05:28 PM;BEL8NY;OOSNN;44CDCE;A320;EBBR;LFMN;19 ;ROUSY1L;4.503644570328344;50.864353896945715;664.844970703125;968.0238
F047-3;9/29/2026 2:09:37 PM +02:00;9/29/2026 2:11:01 PM +02:00;9/29/2026 2:10:41 PM +02:00;84;D;DEP;67.518936;77.2;86.76173;;9/29/2026 12:09:41 PM;9/29/2026 12:14:36 PM;JAF6JG;OOTMB;44D1A2;B38M;EBBR;HEGN;19 ;SOPOK9L;4.491473731670192;50.85971461374698;519.6840209960938;521.0895
F047-3;9/29/2026 2:15:17 PM +02:00;9/29/2026 2:16:14 PM +02:00;9/29/2026 2:15:37 PM +02:00;57;D;DEP;65.11387;72.87;82.672615;;9/29/2026 12:14:41 PM;9/29/2026 12:19:32 PM;JAF4NV;;44D1B4;B38M;EBBR;LEAL;19 ;CIV3L;4.502827502826592;50.86204798532732;525.780029296875;731.832
F047-3;9/29/2026 2:23:56 PM +02:00;9/29/2026 2:25:33 PM +02:00;9/29/2026 2:24:28 PM +02:00;97;D;DEP;63.842678;74.48;83.710396;;9/29/2026 12:23:29 PM;9/29/2026 12:27:52 PM;BEL4RE;OOSNI;44CDC9;A320;EBBR;LEBB;19 ;CIV3L;4.502249005903247;50.86434119031659;626.7449951171875;885.85504
F047-3;9/29/2026 2:34:05 PM +02:00;9/29/2026 2:35:35 PM +02:00;9/29/2026 2:34:49 PM +02:00;90;D;DEP;64.237015;72.41;83.77944;;9/29/2026 12:33:41 PM;9/29/2026 12:38:28 PM;BEL3KK;OOTCQ;44D071;A320;EBBR;LEMD;19 ;CIV3L;4.502861602274831;50.86428066739081;636.27001953125;911.8933
F047-3;9/29/2026 2:36:55 PM +02:00;9/29/2026 2:38:49 PM +02:00;9/29/2026 2:37:49 PM +02:00;114;D;DEP;64.836334;74.17;85.40538;;9/29/2026 12:36:49 PM;9/29/2026 12:41:52 PM;BEL4EW;OOSNE;44CDC5;A320;EBBR;GCLP;19 ;CIV3L;4.502471328353968;50.86377381201624;624.8400268554688;867.9219
F047-3;9/29/2026 2:40:05 PM +02:00;9/29/2026 2:41:31 PM +02:00;9/29/2026 2:40:41 PM +02:00;86;D;DEP;48.00193;54.72;67.34692;;9/29/2026 12:38:29 PM;9/29/2026 12:42:48 PM;SEH8BX;SXWEB;46DCA2;A20N;EBBR;LGAV;25R;ROUSY4G;4.47204112014598;50.84821092021224;1546.8828125;2577.252
F047-3;9/29/2026 2:49:26 PM +02:00;9/29/2026 2:50:56 PM +02:00;9/29/2026 2:50:22 PM +02:00;90;D;DEP;51.870678;58.17;71.4131;;9/29/2026 12:47:41 PM;9/29/2026 12:52:56 PM;THY8LQ;TCJRU;4BAA55;A321;EBBR;LTFM;25R;SOPOK4G;4.470556231317838;50.840915439746304;1272.5400390625;3023.2097
F047-3;9/29/2026 3:10:34 PM +02:00;9/29/2026 3:11:48 PM +02:00;9/29/2026 3:11:29 PM +02:00;74;D;DEP;48.428825;56.14;67.12114;;9/29/2026 1:09:05 PM;9/29/2026 1:12:40 PM;BEL8KA;;44CC47;A20N;EBBR;LIRF;25R;SOPOK4G;4.476425688546478;50.84777260563071;1577.36279296875;2435.0676
F047-3;9/29/2026 3:12:27 PM +02:00;9/29/2026 3:13:40 PM +02:00;9/29/2026 3:13:10 PM +02:00;73;D;DEP;53.818058;61.18;72.45129;;9/29/2026 1:10:45 PM;9/29/2026 1:14:29 PM;BEL6PR;OOSNM;44CDCD;A320;EBBR;LHBP;25R;SOPOK4G;4.473106391313307;50.84516863780761;1318.260009765625;2611.1943
F047-3;9/29/2026 3:14:17 PM +02:00;9/29/2026 3:15:38 PM +02:00;9/29/2026 3:14:56 PM +02:00;81;D;DEP;52.329037;58.64;71.41389;;9/29/2026 1:12:33 PM;9/29/2026 1:16:32 PM;BEL9SE;OOSSJ;44CE6A;A319;EBBR;LSGG;25R;SOPOK4G;4.471299750838563;50.84228440850786;1303.02001953125;2892.7764
F047-3;9/29/2026 3:16:19 PM +02:00;9/29/2026 3:17:30 PM +02:00;9/29/2026 3:17:04 PM +02:00;71;D;DEP;51.594147;58.83;70.10673;;9/29/2026 1:14:29 PM;9/29/2026 1:18:56 PM;AUA294P;OELXE;4402A3;A320;EBBR;LOWW;25R;SOPOK4G;4.4711659824219065;50.84147758295468;1112.52001953125;2892.1301
F047-3;9/29/2026 3:18:15 PM +02:00;9/29/2026 3:19:29 PM +02:00;9/29/2026 3:18:55 PM +02:00;74;D;DEP;47.013607;52.68;65.705925;;9/29/2026 1:16:01 PM;9/29/2026 1:20:20 PM;SWR15Y;HBAZD;4B028D;E290;EBBR;LSZH;25R;SOPOK4G;4.472170712685313;50.844053504065634;1234.43994140625;2694.839
F047-3;9/29/2026 3:27:28 PM +02:00;9/29/2026 3:28:47 PM +02:00;9/29/2026 3:28:23 PM +02:00;79;D;DEP;46.67217;53.86;65.64844;;9/29/2026 1:26:09 PM;9/29/2026 1:30:20 PM;BEL3ND;;44CC46;A20N;EBBR;HEGN;25R;SOPOK4G;4.473628231081458;50.84221816582215;1280.1600341796875;2808.505
F047-3;9/29/2026 3:30:10 PM +02:00;9/29/2026 3:31:59 PM +02:00;9/29/2026 3:31:08 PM +02:00;109;D;DEP;50.691128;60.55;71.06539;;9/29/2026 1:28:33 PM;9/29/2026 1:32:48 PM;BEL5XD;OOSNJ;44CDCA;A320;EBBR;EPWA;25R;LNO4G;4.472945913396145;50.84293923837579;1188.719970703125;2732.288
F047-3;9/29/2026 3:39:06 PM +02:00;9/29/2026 3:40:49 PM +02:00;9/29/2026 3:40:10 PM +02:00;103;D;DEP;49.86106;57.92;69.98943;;9/29/2026 1:37:25 PM;9/29/2026 1:41:56 PM;CXI4F;LYLGA;503E61;A320;EBBR;LGIR;25R;SOPOK4G;4.47123455687431;50.84193267792166;1179.1949462890625;2873.7437
F047-3;9/29/2026 3:56:16 PM +02:00;9/29/2026 3:58:08 PM +02:00;9/29/2026 3:57:26 PM +02:00;112;D;DEP;54.534836;66.68;75.027016;;9/29/2026 1:55:04 PM;9/29/2026 1:58:48 PM;CEF05T;2801;498422;A319;EBBR;LKKB;25R;SOPOK4G;4.477023288258462;50.84976174959491;1463.062744140625;2218.1638
F047-3;9/29/2026 4:00:32 PM +02:00;9/29/2026 4:01:46 PM +02:00;9/29/2026 4:01:16 PM +02:00;74;D;DEP;47.90854;55.1;66.60085;;9/29/2026 1:58:44 PM;9/29/2026 2:02:36 PM;BEL3XW;;44CC44;A20N;EBBR;LOWW;25R;SOPOK4G;4.473283247906583;50.8456159160565;1489.73291015625;2654.3792
F047-3;9/29/2026 4:18:12 PM +02:00;9/29/2026 4:19:32 PM +02:00;9/29/2026 4:19:08 PM +02:00;80;D;DEP;47.0261;56.25;66.057;;9/29/2026 2:16:29 PM;9/29/2026 2:21:04 PM;BEL7PK;YLABH;502D59;BCS3;EBBR;LJLJ;25R;SOPOK4G;4.470886002277599;50.84111110510001;1402.09130859375;3039.729
F047-3;9/29/2026 4:20:02 PM +02:00;9/29/2026 4:21:41 PM +02:00;9/29/2026 4:21:11 PM +02:00;99;D;DEP;48.222782;55.94;68.17913;;9/29/2026 2:18:24 PM;9/29/2026 2:23:08 PM;BEL5TR;OOSNF;44CDC6;A320;EBBR;DTMB;25R;ROUSY4G;4.472488499711488;50.83971185313959;1146.81005859375;3000.893
F047-3;9/29/2026 4:22:51 PM +02:00;9/29/2026 4:23:59 PM +02:00;9/29/2026 4:23:50 PM +02:00;68;D;DEP;49.47682;57.1;67.80191;;9/29/2026 2:21:13 PM;9/29/2026 2:25:28 PM;RJA142;;74482C;A20N;EBBR;OJAI;25R;SOPOK4G;4.472387633131379;50.843685031512585;1341.1199951171875;2762.9167
F047-3;9/29/2026 4:25:40 PM +02:00;9/29/2026 4:27:28 PM +02:00;9/29/2026 4:26:49 PM +02:00;108;D;DEP;51.25087;60.29;71.585106;;9/29/2026 2:24:09 PM;9/29/2026 2:28:04 PM;BEL9EV;OOSSX;44CE78;A319;EBBR;EDDM;25R;SOPOK4G;4.47330386324449;50.843323682293324;1295.4000244140625;2725.8423
F047-3;9/29/2026 4:39:21 PM +02:00;9/29/2026 4:40:58 PM +02:00;9/29/2026 4:40:22 PM +02:00;97;D;DEP;50.565067;57.51;70.432785;;9/29/2026 2:37:36 PM;9/29/2026 2:42:20 PM;TAR955;;02A263;A320;EBBR;DTTA;25R;ROUSY4G;4.473722689621294;50.84052602952558;1242.06005859375;2926.1003
F047-3;9/29/2026 4:42:12 PM +02:00;9/29/2026 4:43:27 PM +02:00;9/29/2026 4:43:06 PM +02:00;75;D;DEP;51.435734;59.04;70.18635;;9/29/2026 2:40:29 PM;9/29/2026 2:44:32 PM;BEL6ZH;OOSSB;44CE62;A319;EBBR;LIML;25R;ROUSY4G;4.472037670377508;50.842554459068815;1253.489990234375;2824.1284
F047-3;9/29/2026 5:26:47 PM +02:00;9/29/2026 5:28:23 PM +02:00;9/29/2026 5:27:39 PM +02:00;96;D;DEP;51.819668;59.48;71.64238;;9/29/2026 3:25:04 PM;9/29/2026 3:29:28 PM;BEL2ZR;OOSSR;44CE72;A319;EBBR;LKPR;25R;SOPOK4G;4.471016126406243;50.84204043275033;1287.780029296875;2918.4487
F047-3;9/29/2026 5:36:46 PM +02:00;9/29/2026 5:38:17 PM +02:00;9/29/2026 5:37:57 PM +02:00;91;D;DEP;49.271706;57.96;68.86212;;9/29/2026 3:35:24 PM;9/29/2026 3:40:44 PM;AUA296;OELXB;44022B;A320;EBBR;LOWW;25R;SOPOK4G;4.47234194142943;50.84338389693266;1226.8199462890625;2736.6216
F047-3;9/29/2026 6:02:36 PM +02:00;9/29/2026 6:03:45 PM +02:00;9/29/2026 6:03:03 PM +02:00;69;D;DEP;52.465157;60.88;70.853645;;9/29/2026 4:00:41 PM;9/29/2026 4:04:32 PM;RYR5ZK;9HQDB;4D222D;B738;EBBR;LIRP;25R;ROUSY4G;4.474275656886633;50.841110601247124;1515.7017822265625;2958.9653
F047-3;9/29/2026 6:07:46 PM +02:00;9/29/2026 6:09:19 PM +02:00;9/29/2026 6:08:16 PM +02:00;93;D;DEP;50.670513;60.7;70.35534;;9/29/2026 4:06:01 PM;9/29/2026 4:10:40 PM;LYF278;08 BLUE;503FD3;C27J;EBBR;EYVI;25R;LNO4G;4.4716457302468555;50.840990150653255;1622.3818359375;3125.201
F047-3;9/29/2026 6:16:45 PM +02:00;9/29/2026 6:18:23 PM +02:00;9/29/2026 6:17:41 PM +02:00;98;D;DEP;50.843613;59.51;70.755875;;9/29/2026 4:14:56 PM;9/29/2026 4:19:12 PM;BEL3WD;OOSSL;44CE6C;A319;EBBR;LIRF;25R;ROUSY4G;4.472220312665761;50.84268490271879;1257.300048828125;2806.3738
F047-3;9/29/2026 6:27:07 PM +02:00;9/29/2026 6:28:43 PM +02:00;9/29/2026 6:28:02 PM +02:00;96;D;DEP;51.497948;60.31;71.32066;;9/29/2026 4:25:53 PM;9/29/2026 4:29:20 PM;TVS499F;;49D5D6;BCS3;EBBR;LKPR;25R;SOPOK4G;4.4822219560227055;50.85173047466014;1393.78173828125;1869.8826
F047-3;9/29/2026 6:48:04 PM +02:00;9/29/2026 6:49:04 PM +02:00;9/29/2026 6:48:07 PM +02:00;60;D;DEP;55.958427;61.61;73.73994;;9/29/2026 4:46:01 PM;9/29/2026 4:49:48 PM;LBT385;9HMMO;4D23BB;A320;EBBR;DTTJ;25R;ROUSY4G;4.472890282347695;50.84201781819443;1295.4000244140625;2853.993
F047-3;9/29/2026 6:52:51 PM +02:00;9/29/2026 6:54:07 PM +02:00;9/29/2026 6:53:51 PM +02:00;76;D;DEP;57.913284;61.83;76.72142;;9/29/2026 4:51:37 PM;9/29/2026 4:55:08 PM;BEL7VN;OOSSA;44CE61;A319;EBBR;LOWW;25R;SOPOK4G;4.4746936238191415;50.8475650183601;1264.9200439453125;2348.6445
F047-3;9/29/2026 7:08:08 PM +02:00;9/29/2026 7:09:44 PM +02:00;9/29/2026 7:08:23 PM +02:00;96;E;DEP;52.60465;57.75;72.42736;;9/29/2026 5:06:40 PM;9/29/2026 5:10:24 PM;FSE1C;;3E353E;C25M;EBBR;EDDL;25R;LNO4G;4.475232378897764;50.848272071448015;1718.332763671875;2507.9731
F047-3;9/29/2026 7:27:43 PM +02:00;9/29/2026 7:29:42 PM +02:00;9/29/2026 7:28:52 PM +02:00;119;E;DEP;50.013515;57.44;70.76898;;9/29/2026 5:26:20 PM;9/29/2026 5:30:36 PM;BEL4GV;;44CDD1;A320;EBBR;LSGG;25R;ROUSY4G;4.473414887341038;50.84253606162805;1323.9749755859375;2800.5647
F047-3;9/29/2026 7:32:20 PM +02:00;9/29/2026 7:33:51 PM +02:00;9/29/2026 7:33:17 PM +02:00;91;E;DEP;52.140163;58.55;71.730576;;9/29/2026 5:30:45 PM;9/29/2026 5:34:36 PM;BEL8RD;OOSSJ;44CE6A;A319;EBBR;LIMC;25R;ROUSY4G;4.472686548121729;50.84595048483248;1348.739990234375;2586.7275
F047-3;9/29/2026 7:54:56 PM +02:00;9/29/2026 7:56:27 PM +02:00;9/29/2026 7:55:37 PM +02:00;91;E;DEP;47.11302;53.26;66.70344;;9/29/2026 5:53:13 PM;9/29/2026 5:57:40 PM;SWR7DC;HBJCQ;4B1808;BCS3;EBBR;LSZH;25R;LNO4G;4.471127423477648;50.84384172012021;1409.7227783203125;2833.0762
F047-3;9/29/2026 8:01:33 PM +02:00;9/29/2026 8:02:59 PM +02:00;9/29/2026 8:02:15 PM +02:00;86;E;DEP;49.716347;57.43;69.06133;;9/29/2026 5:59:32 PM;9/29/2026 6:03:52 PM;AUA29V;OELBO;44001B;A320;EBBR;LOWW;25R;SOPOK4G;4.470806674995174;50.83932220204255;1219.199951171875;3116.175
F047-3;9/29/2026 8:20:27 PM +02:00;9/29/2026 8:22:19 PM +02:00;9/29/2026 8:21:30 PM +02:00;112;E;DEP;47.152054;53.66;67.64423;;9/29/2026 6:18:53 PM;9/29/2026 6:23:00 PM;AEE6BR;SXNAK;46B82B;A21N;EBBR;LGAV;25R;PITES4G;4.469636994681499;50.84084976033778;1356.3599853515625;3095.9438
F047-3;9/29/2026 8:26:35 PM +02:00;9/29/2026 8:28:30 PM +02:00;9/29/2026 8:27:41 PM +02:00;115;E;DEP;50.553535;56.81;71.160515;;9/29/2026 6:25:17 PM;9/29/2026 6:29:12 PM;ITY153;;4CAE11;BCS1;EBBR;LIML;25R;ROUSY4G;4.472251127432171;50.85055720666183;1508.7828369140625;2407.0542
F047-3;9/29/2026 8:41:57 PM +02:00;9/29/2026 8:44:04 PM +02:00;9/29/2026 8:42:57 PM +02:00;127;E;DEP;46.608974;53.77;67.64701;;9/29/2026 6:40:25 PM;9/29/2026 6:44:40 PM;LZB408;;452121;BCS3;EBBR;LBSF;25R;PITES4G;4.4756331097365525;50.8456777709419;1325.8800048828125;2478.5696
F047-3;9/29/2026 8:46:17 PM +02:00;9/29/2026 8:48:17 PM +02:00;9/29/2026 8:47:20 PM +02:00;120;E;DEP;50.382854;57.65;71.17467;;9/29/2026 6:44:45 PM;9/29/2026 6:48:32 PM;BEL92K;OOSSW;44CE77;A319;EBBR;LSGG;25R;ROUSY4G;4.469480722129142;50.843634100629316;1341.1199951171875;2885.6138
F047-3;9/29/2026 8:51:39 PM +02:00;9/29/2026 8:53:13 PM +02:00;9/29/2026 8:52:40 PM +02:00;94;E;DEP;51.344845;57.68;71.076126;;9/29/2026 6:50:09 PM;9/29/2026 6:54:04 PM;CTN4457;;501C38;BCS3;EBBR;LDZA;25R;PITES4G;4.477955851027155;50.85071279398537;1537.3577880859375;2186.2817
F047-3;9/29/2026 9:02:00 PM +02:00;9/29/2026 9:04:00 PM +02:00;9/29/2026 9:03:03 PM +02:00;120;E;DEP;51.22313;58.45;72.01494;;9/29/2026 7:00:41 PM;9/29/2026 7:04:20 PM;EJU87PG;OELQM;440589;A319;EBBR;LIRF;25R;ROUSY4G;4.46978421320392;50.84760522115284;1390.661376953125;2619.4443
F047-3;9/29/2026 9:06:31 PM +02:00;9/29/2026 9:07:30 PM +02:00;9/29/2026 9:07:00 PM +02:00;59;E;DEP;50.64197;55.72;68.350494;;9/29/2026 7:04:57 PM;9/29/2026 7:08:08 PM;BEL7JU;;44CC43;A20N;EBBR;LHBP;25R;SOPOK4G;4.478247739211879;50.85000839411128;1518.307861328125;2203.3591
F047-3;9/29/2026 9:07:55 PM +02:00;9/29/2026 9:09:26 PM +02:00;9/29/2026 9:08:34 PM +02:00;91;E;DEP;50.76689;57.42;70.35731;;9/29/2026 7:06:25 PM;9/29/2026 7:10:01 PM;BEL1ZK;OOSNI;44CDC9;A320;EBBR;EDDB;25R;SPI4G;4.463221335329066;50.847111638872306;1276.35009765625;2922.0361
F047-3;9/29/2026 9:09:52 PM +02:00;9/29/2026 9:11:35 PM +02:00;9/29/2026 9:10:42 PM +02:00;103;E;DEP;51.286003;56.69;71.414375;;9/29/2026 7:08:05 PM;9/29/2026 7:12:20 PM;BCS115;ECNHF;346318;B752;EBBR;EDDP;25R;SOPOK4G;4.472111568826391;50.84033194838225;1280.1600341796875;3007.5093
F047-3;9/29/2026 9:27:25 PM +02:00;9/29/2026 9:29:14 PM +02:00;9/29/2026 9:28:35 PM +02:00;109;E;DEP;53.368958;60.06;73.743225;;9/29/2026 7:26:09 PM;9/29/2026 7:30:00 PM;BEL2653;OOSSO;44CE6F;A319;EBBR;EDDM;25R;SOPOK4G;4.474565853542629;50.84760543161608;1516.40283203125;2488.22
F047-3;9/29/2026 9:29:45 PM +02:00;9/29/2026 9:31:17 PM +02:00;9/29/2026 9:30:26 PM +02:00;92;E;DEP;52.41435;59.11;72.05222;;9/29/2026 7:28:05 PM;9/29/2026 7:32:12 PM;VLG7JX;ECMKX;345205;A319;EBBR;LIRQ;25R;ROUSY4G;4.471182318550463;50.84799248571346;1508.7828369140625;2599.705
F047-3;9/29/2026 9:31:53 PM +02:00;9/29/2026 9:34:00 PM +02:00;9/29/2026 9:33:00 PM +02:00;127;E;DEP;51.222084;58.02;72.260124;;9/29/2026 7:30:41 PM;9/29/2026 7:34:32 PM;BEL2SJ;OOSNJ;44CDCA;A320;EBBR;LIPZ;25R;ROUSY4G;4.472161641141396;50.84554568160364;1379.219970703125;2648.1685
F047-3;9/29/2026 9:35:55 PM +02:00;9/29/2026 9:37:36 PM +02:00;9/29/2026 9:36:47 PM +02:00;101;E;DEP;51.923534;57.97;71.96675;;9/29/2026 7:34:08 PM;9/29/2026 7:38:24 PM;BEL9WB;OOSSB;44CE62;A319;EBBR;LFML;25R;ROUSY4G;4.471213077917199;50.84482044862798;1381.130615234375;2740.114
F047-3;9/29/2026 9:46:50 PM +02:00;9/29/2026 9:48:25 PM +02:00;9/29/2026 9:47:52 PM +02:00;95;E;DEP;52.289345;59.48;72.06658;;9/29/2026 7:45:24 PM;9/29/2026 7:49:20 PM;EJU45PN;OEICI;44046D;A320;EBBR;LFMN;25R;ROUSY4G;4.471795881565642;50.8470590555569;1320.1650390625;2530.9639
F047-3;9/29/2026 10:04:10 PM +02:00;9/29/2026 10:06:10 PM +02:00;9/29/2026 10:05:13 PM +02:00;120;E;DEP;55.278725;64.17;76.07053;;9/29/2026 8:02:33 PM;9/29/2026 8:06:56 PM;THY6LS;TCJNT;4BA9D4;A333;EBBR;LTFM;25R;SOPOK4G;4.471434855478268;50.84349690234883;1238.25;2768.804
F047-3;9/29/2026 10:13:42 PM +02:00;9/29/2026 10:15:27 PM +02:00;9/29/2026 10:14:40 PM +02:00;105;E;DEP;51.280647;57.95;71.49254;;9/29/2026 8:12:21 PM;9/29/2026 8:16:16 PM;EJU16RZ;OEIVZ;4402AE;A320;EBBR;LIML;25R;ROUSY4G;4.471434479056183;50.84607267783007;1282.7000732421875;2596.7776
F047-3;9/29/2026 10:28:09 PM +02:00;9/29/2026 10:29:31 PM +02:00;9/29/2026 10:28:57 PM +02:00;82;E;DEP;49.145306;54.07;68.28345;;9/29/2026 8:26:41 PM;9/29/2026 8:30:25 PM;BEL6NX;;44CC45;A20N;EBBR;LKPR;25R;SOPOK4G;4.477142117878864;50.84831004454417;1607.8427734375;2400.475
F047-3;9/29/2026 10:29:55 PM +02:00;9/29/2026 10:30:58 PM +02:00;9/29/2026 10:30:23 PM +02:00;63;E;DEP;48.555225;54.22;66.54863;;9/29/2026 8:28:29 PM;9/29/2026 8:31:45 PM;;DCSUS;3CF1A2;PC24;EBBR;EDDK;25R;LNO4G;4.4736414441930235;50.84729707694938;1485.9228515625;2509.0889
F047-3;9/29/2026 10:36:51 PM +02:00;9/29/2026 10:38:40 PM +02:00;9/29/2026 10:37:36 PM +02:00;109;E;DEP;46.701534;52.45;67.0758;;9/29/2026 8:35:37 PM;9/29/2026 8:38:21 PM;DCS607;;3CD5C4;C56X;EBBR;EDTY;25R;SOPOK4G;4.47687925336583;50.848518945607275;1798.3427734375;2510.6826
F047-3;9/29/2026 11:23:22 PM +02:00;9/29/2026 11:24:29 PM +02:00;9/29/2026 11:23:57 PM +02:00;67;N;DEP;62.51119;70.73;80.771935;;9/29/2026 9:23:01 PM;9/29/2026 9:26:33 PM;VJT643;;4D21CD;E35L;EBBR;LATI;19 ;PITES1L;4.495729344720166;50.86189317666104;609.5999755859375;588.6176
F047-3;9/30/2026 12:39:34 AM +02:00;9/30/2026 12:41:03 AM +02:00;9/30/2026 12:39:59 AM +02:00;89;N;DEP;65.13139;74.27;84.62529;;9/29/2026 10:39:00 PM;9/29/2026 10:43:08 PM;BCS92P;;347301;B752;EBBR;EDDP;19 ;SOPOK9L;4.493509594289289;50.86029577443402;746.760009765625;684.37537
F047-3;9/30/2026 1:34:39 AM +02:00;9/30/2026 1:36:20 AM +02:00;9/30/2026 1:35:22 AM +02:00;101;N;DEP;65.38554;72.73;85.42875;;9/29/2026 11:34:20 PM;9/29/2026 11:38:04 PM;BCS2200;;3420C6;B738;EBBR;EDDP;19 ;SOPOK9L;4.502790856069256;50.863877267245144;754.3800048828125;974.3828
F047-3;9/30/2026 1:42:06 AM +02:00;9/30/2026 1:43:35 AM +02:00;9/30/2026 1:42:32 AM +02:00;89;N;DEP;61.90496;69.48;81.39886;;9/29/2026 11:41:33 PM;9/29/2026 11:45:00 PM;BCS491;OELNW;440BCD;B752;EBBR;EDDK;19 ;LNO8L;4.50161756188137;50.86612425413421;838.2000122070312;1103.3845
F003-3;9/29/2026 7:11:51 AM +02:00;9/29/2026 7:13:26 AM +02:00;9/29/2026 7:12:38 AM +02:00;95;D;ARR;54.713108;62.31;74.49034;0.500000;9/29/2026 5:07:56 AM;9/29/2026 5:16:44 AM;GER291P;DAKJC;3C6D43;E190;EDDK;EBBR;25L;;4.709962041229276;50.941262803946884;792.47998046875;967.1104
F003-3;9/29/2026 7:14:44 AM +02:00;9/29/2026 7:16:11 AM +02:00;9/29/2026 7:15:21 AM +02:00;87;D;ARR;59.478897;65.84;78.87409;0.700000;9/29/2026 5:10:08 AM;9/29/2026 5:19:40 AM;QTR195;A7BCI;06A0AD;B788;OTHH;EBBR;25L;FLO2H;4.710113831895817;50.941891803456585;784.8599853515625;923.5325
F003-3;9/29/2026 7:18:37 AM +02:00;9/29/2026 7:19:54 AM +02:00;9/29/2026 7:19:04 AM +02:00;77;D;ARR;64.74355;73.12;83.60846;0.600000;9/29/2026 5:12:32 AM;9/29/2026 5:23:36 AM;BEL52B;;44CCD1;A333;KJFK;EBBR;25L;KOK9A;4.709787157629326;50.94203385296987;638.175048828125;792.81055
F003-3;9/29/2026 7:21:56 AM +02:00;9/29/2026 7:23:44 AM +02:00;9/29/2026 7:22:40 AM +02:00;108;D;ARR;59.420334;67.83;79.75457;0.800000;9/29/2026 5:17:44 AM;9/29/2026 5:27:08 AM;BEL5YH;OOSFJ;44CCCA;A333;KIAD;EBBR;25L;KOK9A;4.709687622869071;50.94204973272102;636.27001953125;799.01294
F003-3;9/29/2026 7:25:14 AM +02:00;9/29/2026 7:27:01 AM +02:00;9/29/2026 7:25:58 AM +02:00;107;D;ARR;59.7729;69.09;80.066734;0.900000;9/29/2026 5:19:24 AM;9/29/2026 5:30:00 AM;DAL140;N831MH;AB5D2C;B764;KATL;EBBR;25L;KOK9A;4.709686502079464;50.94175533974816;617.219970703125;809.5899
F003-3;9/29/2026 7:28:28 AM +02:00;9/29/2026 7:29:37 AM +02:00;9/29/2026 7:29:01 AM +02:00;69;D;ARR;55.280575;61.74;73.66907;0.800000;9/29/2026 5:22:25 AM;9/29/2026 5:32:36 AM;KLM89W;PHEZL;484C50;E190;EHAM;EBBR;25L;ANT2H;4.70943944223798;50.94179729619736;786.7650146484375;927.02185
F003-3;9/29/2026 7:31:12 AM +02:00;9/29/2026 7:33:06 AM +02:00;9/29/2026 7:32:06 AM +02:00;114;D;ARR;62.404156;71.19;82.973206;0.300000;9/29/2026 5:24:04 AM;9/29/2026 5:36:00 AM;UAL950;N2644U;A290D0;B77W;KIAD;EBBR;25L;KOK9A;4.7096656077018;50.94187448262104;617.219970703125;794.71985
F003-3;9/29/2026 7:34:21 AM +02:00;9/29/2026 7:35:53 AM +02:00;9/29/2026 7:35:10 AM +02:00;92;D;ARR;54.718025;62.32;74.3559;0.600000;9/29/2026 5:28:25 AM;9/29/2026 5:39:40 AM;RYR5234;EIDLX;4CA303;B738;LEGE;EBBR;25L;;4.709557691730347;50.94156454937274;769.6199951171875;925.37134
F003-3;9/29/2026 7:37:19 AM +02:00;9/29/2026 7:38:58 AM +02:00;9/29/2026 7:38:05 AM +02:00;99;D;ARR;56.970695;63.87;76.92705;0.200000;9/29/2026 5:32:48 AM;9/29/2026 5:42:12 AM;CPA275;BLQB;789234;A359;VHHH;EBBR;25L;BATTY7A;4.710095995444344;50.9418693288561;788.6699829101562;943.5588
F003-3;9/29/2026 7:40:21 AM +02:00;9/29/2026 7:42:04 AM +02:00;9/29/2026 7:40:59 AM +02:00;103;D;ARR;57.527225;66.56;77.6556;0.300000;9/29/2026 5:30:36 AM;9/29/2026 5:45:28 AM;UAL994;N14019;A0A54D;B78X;KEWR;EBBR;25L;KOK9A;4.710640047401575;50.941828063101795;615.31494140625;805.9285
F003-3;9/29/2026 7:43:18 AM +02:00;9/29/2026 7:44:36 AM +02:00;9/29/2026 7:43:50 AM +02:00;78;D;ARR;56.522728;66.06;75.44367;0.400000;9/29/2026 5:36:48 AM;9/29/2026 5:47:40 AM;KLM9955;PHEZO;484C53;E190;EHAM;EBBR;25L;WOODY9A;4.709205893519336;50.94164933416695;645.7950439453125;830.4062
F003-3;9/29/2026 7:46:02 AM +02:00;9/29/2026 7:47:54 AM +02:00;9/29/2026 7:46:45 AM +02:00;112;D;ARR;53.907658;60.88;74.39984;0.800000;9/29/2026 5:41:24 AM;9/29/2026 5:50:08 AM;RYR7JZ;EIDHH;4CA264;B738;LIRF;EBBR;25L;FLO2H;4.710051672246404;50.94190873220101;788.6699829101562;929.0734
F003-3;9/29/2026 7:51:22 AM +02:00;9/29/2026 7:52:43 AM +02:00;9/29/2026 7:52:03 AM +02:00;81;D;ARR;61.38034;69.66;80.46519;0.200000;9/29/2026 5:45:36 AM;9/29/2026 5:55:48 AM;ACA832;CFJZS;C01A61;B77W;CYUL;EBBR;25L;;4.705205481283077;50.94773413644028;609.5999755859375;649.1195
F003-3;9/29/2026 7:54:48 AM +02:00;9/29/2026 7:56:13 AM +02:00;9/29/2026 7:55:19 AM +02:00;85;D;ARR;60.607853;67.83;79.90204;0.300000;9/29/2026 5:51:04 AM;9/29/2026 6:00:05 AM;BEL8YE;OOSSU;44CE75;A319;EDDB;EBBR;25L;FLO2H;4.710220427098371;50.94185341408359;779.14501953125;929.5342
F003-3;9/29/2026 7:57:23 AM +02:00;9/29/2026 7:59:06 AM +02:00;9/29/2026 7:58:05 AM +02:00;103;D;ARR;58.00659;65.08;78.134964;0.200000;9/29/2026 5:53:33 AM;9/29/2026 6:02:45 AM;BEL8CL;OOSSO;44CE6F;A319;EDDH;EBBR;25L;ANT2H;4.708997292071332;50.941513692687366;815.3400268554688;962.49097
F003-3;9/29/2026 8:00:21 AM +02:00;9/29/2026 8:02:12 AM +02:00;9/29/2026 8:01:22 AM +02:00;111;D;ARR;56.091827;63.97;76.54506;0.300000;9/29/2026 5:56:17 AM;9/29/2026 6:06:01 AM;BEL5GP;OOSSL;44CE6C;A319;LKPR;EBBR;25L;FLO2H;4.709757515438562;50.941730542795376;777.239990234375;923.08673
F003-3;9/29/2026 8:03:51 AM +02:00;9/29/2026 8:05:33 AM +02:00;9/29/2026 8:04:32 AM +02:00;102;D;ARR;59.263767;66.61;79.34977;0.100000;9/29/2026 5:53:45 AM;9/29/2026 6:08:33 AM;ACA826;CFRSI;C02EC1;B789;CYYZ;EBBR;25L;;4.710870280064148;50.94203782854134;800.0999755859375;939.1465
F003-3;9/29/2026 8:06:59 AM +02:00;9/29/2026 8:08:35 AM +02:00;9/29/2026 8:07:34 AM +02:00;96;D;ARR;59.203705;66.68;79.02642;0.300000;9/29/2026 5:59:09 AM;9/29/2026 6:11:36 AM;CHH7921;B1341;7812A0;B789;ZSPD;EBBR;25L;ANT2H;4.7096078311541145;50.94165436337779;784.8599853515625;932.6064
F003-3;9/29/2026 8:10:07 AM +02:00;9/29/2026 8:11:18 AM +02:00;9/29/2026 8:10:42 AM +02:00;71;D;ARR;55.247456;62.74;73.76004;0.300000;9/29/2026 6:02:05 AM;9/29/2026 6:15:13 AM;BEL1PD;;44CC47;A20N;LFML;EBBR;25L;KERKY2H;4.709597752381708;50.94180492816574;788.6699829101562;927.5255
F003-3;9/29/2026 8:12:25 AM +02:00;9/29/2026 8:14:20 AM +02:00;9/29/2026 8:13:36 AM +02:00;115;D;ARR;54.376694;63.99;74.98367;0.300000;9/29/2026 6:06:17 AM;9/29/2026 6:17:01 AM;ITY148;;4CAE12;BCS1;LIML;EBBR;25L;FLO2H;4.709471366043681;50.94167971532848;790.9559936523438;951.37244
F003-3;9/29/2026 8:15:17 AM +02:00;9/29/2026 8:16:58 AM +02:00;9/29/2026 8:16:18 AM +02:00;101;D;ARR;57.403336;63.89;77.44655;0.300000;9/29/2026 6:09:45 AM;9/29/2026 6:20:44 AM;BEL7ZC;OOSSA;44CE61;A319;LSGG;EBBR;25L;FLO2H;4.710249104557889;50.94191179875477;784.8599853515625;937.8431
F003-3;9/29/2026 8:18:08 AM +02:00;9/29/2026 8:20:03 AM +02:00;9/29/2026 8:19:09 AM +02:00;115;D;ARR;58.425674;65.31;79.03265;0.000000;9/29/2026 6:13:05 AM;9/29/2026 6:22:33 AM;ETD46X;A6BND;89653B;B789;OMAA;EBBR;25L;FLO2H;4.710135002627862;50.94184682623768;784.8599853515625;926.4675
F003-3;9/29/2026 8:21:36 AM +02:00;9/29/2026 8:22:52 AM +02:00;9/29/2026 8:22:18 AM +02:00;76;D;ARR;55.724197;62.06;74.53233;0.300000;9/29/2026 6:14:05 AM;9/29/2026 6:26:41 AM;BEL94L;;502D7C;BCS3;LFLL;EBBR;25L;ARVOL9A;4.709285896604175;50.942579576367436;760.094970703125;856.1417
F003-3;9/29/2026 8:25:09 AM +02:00;9/29/2026 8:26:28 AM +02:00;9/29/2026 8:25:47 AM +02:00;79;D;ARR;58.033157;65.31;77.00943;0.300000;9/29/2026 6:17:33 AM;9/29/2026 6:30:17 AM;BEL76T;;44CC42;A20N;LFBO;EBBR;25L;;4.709643281472187;50.941622848093594;609.5999755859375;797.8952
F003-3;9/29/2026 8:27:46 AM +02:00;9/29/2026 8:29:18 AM +02:00;9/29/2026 8:28:47 AM +02:00;92;D;ARR;55.52369;63.1;75.16157;0.300000;9/29/2026 6:23:05 AM;9/29/2026 6:32:17 AM;EJU62ZB;OEIVZ;4402AE;A320;LIML;EBBR;25L;BATTY7A;4.710120580034729;50.94178839693728;769.6199951171875;933.5393
F003-3;9/29/2026 8:31:13 AM +02:00;9/29/2026 8:32:26 AM +02:00;9/29/2026 8:31:52 AM +02:00;73;D;ARR;57.346718;64.58;75.97995;0.200000;9/29/2026 6:25:41 AM;9/29/2026 6:35:24 AM;BEL19V;OOSNL;44CDCC;A320;LIPZ;EBBR;25L;FLO2H;4.7098607906100725;50.94175508282064;769.6199951171875;929.5833
F003-3;9/29/2026 8:34:15 AM +02:00;9/29/2026 8:35:32 AM +02:00;9/29/2026 8:34:49 AM +02:00;77;D;ARR;56.41377;62.88;75.27868;0.100000;9/29/2026 6:28:37 AM;9/29/2026 6:39:36 AM;BEL6WA;OOSNF;44CDC6;A320;LHBP;EBBR;25L;BATTY7A;4.710058496251039;50.94183344199656;773.4299926757812;920.86066
F003-3;9/29/2026 8:37:11 AM +02:00;9/29/2026 8:38:27 AM +02:00;9/29/2026 8:38:01 AM +02:00;76;D;ARR;59.738064;68.39;78.546196;0.400000;9/29/2026 6:29:57 AM;9/29/2026 6:41:28 AM;VLG4GZ;ECMBF;34454A;A320;LEAL;EBBR;25L;ARVOL9A;4.709991952014357;50.94164479116844;609.5999755859375;800.4797
F003-3;9/29/2026 8:40:22 AM +02:00;9/29/2026 8:41:29 AM +02:00;9/29/2026 8:40:50 AM +02:00;67;D;ARR;56.86423;62.5;75.12498;0.100000;9/29/2026 6:34:08 AM;9/29/2026 6:45:32 AM;EJU64AM;OELQM;440589;A319;LIRF;EBBR;25L;FLO2H;4.709287753076449;50.941668331891435;777.239990234375;922.81195
F003-3;9/29/2026 8:43:10 AM +02:00;9/29/2026 8:44:36 AM +02:00;9/29/2026 8:43:53 AM +02:00;86;D;ARR;55.259228;61.4;74.60421;0.300000;9/29/2026 6:37:52 AM;9/29/2026 6:48:24 AM;SWR756C;;4B181B;A20N;LSZH;EBBR;25L;FLO2H;4.710291922465536;50.94195445547627;784.8599853515625;922.04956
F003-3;9/29/2026 8:48:12 AM +02:00;9/29/2026 8:49:40 AM +02:00;9/29/2026 8:48:44 AM +02:00;88;D;ARR;55.605583;62.03;75.05041;0.200000;9/29/2026 6:44:08 AM;9/29/2026 6:52:08 AM;CTN456;;501C4B;BCS1;LDZA;EBBR;25L;FLO2H;4.709198253739173;50.942455005096875;792.47998046875;889.2006
F003-3;9/29/2026 8:50:43 AM +02:00;9/29/2026 8:52:35 AM +02:00;9/29/2026 8:51:44 AM +02:00;112;D;ARR;54.955303;68.65;75.44749;0.700000;9/29/2026 6:44:29 AM;9/29/2026 6:55:24 AM;BEL5PQ;;44CC46;A20N;EGLL;EBBR;25L;KOK9A;4.709419532678862;50.94170744099462;782.9549560546875;932.9178
F003-3;9/29/2026 8:57:27 AM +02:00;9/29/2026 8:58:58 AM +02:00;9/29/2026 8:58:27 AM +02:00;91;D;ARR;59.4667;74.14;79.05711;0.200000;9/29/2026 6:53:48 AM;9/29/2026 7:01:44 AM;BTI60K;YLAAX;502D28;BCS3;EVRA;EBBR;25L;FLO2H;4.710175835727718;50.94228495172795;796.2899780273438;925.9701
F003-3;9/29/2026 9:02:23 AM +02:00;9/29/2026 9:03:59 AM +02:00;9/29/2026 9:03:06 AM +02:00;96;D;ARR;55.906963;63.12;75.729675;0.300000;9/29/2026 6:58:24 AM;9/29/2026 7:07:48 AM;ASL30E;LZBUR;451D8C;E190;LYBE;EBBR;25L;FLO2H;4.710139358213543;50.94112320477271;777.239990234375;966.19165
F003-3;9/29/2026 9:05:11 AM +02:00;9/29/2026 9:06:50 AM +02:00;9/29/2026 9:06:14 AM +02:00;99;D;ARR;59.597076;66.62;79.55343;0.200000;9/29/2026 6:57:36 AM;9/29/2026 7:10:20 AM;UAL972;N16008;A0F427;B78X;KORD;EBBR;25L;KOK9A;4.7097327983136585;50.94177326156613;782.9549560546875;928.7819
F003-3;9/29/2026 9:09:07 AM +02:00;9/29/2026 9:10:35 AM +02:00;9/29/2026 9:09:44 AM +02:00;88;D;ARR;54.876682;60.72;74.32151;0.200000;9/29/2026 7:04:28 AM;9/29/2026 7:14:36 AM;KNE641;;711469;A20N;OEJN;EBBR;25L;FLO2H;4.709764836737083;50.94177995479334;781.0499877929688;925.93616
F003-3;9/29/2026 9:12:15 AM +02:00;9/29/2026 9:13:33 AM +02:00;9/29/2026 9:12:44 AM +02:00;78;D;ARR;61.19348;68.49;80.114426;0.300000;9/29/2026 7:08:44 AM;9/29/2026 7:17:16 AM;AUA29N;OELXE;4402A3;A320;LOWW;EBBR;25L;FLO2H;4.710405850272801;50.941972229553386;788.6699829101562;942.2913
F003-3;9/29/2026 9:15:39 AM +02:00;9/29/2026 9:17:07 AM +02:00;9/29/2026 9:16:12 AM +02:00;88;D;ARR;54.947697;62.55;74.392525;0.400000;9/29/2026 7:11:12 AM;9/29/2026 7:20:44 AM;KMM422;9HNED;4D22AB;A20N;LMML;EBBR;25L;FLO2H;4.709476416404226;50.941699488539875;777.239990234375;928.2715
F003-3;9/29/2026 9:18:17 AM +02:00;9/29/2026 9:19:21 AM +02:00;9/29/2026 9:18:59 AM +02:00;64;D;ARR;55.999744;62.08;74.06155;0.500000;9/29/2026 7:13:12 AM;9/29/2026 7:36:00 AM;BTI2YH;YLCSK;502CE5;BCS3;EETN;EBBR;25L;BATTY7A;4.710369799374059;50.94185545784684;784.8599853515625;928.92
F003-3;9/29/2026 9:21:57 AM +02:00;9/29/2026 9:22:53 AM +02:00;9/29/2026 9:22:25 AM +02:00;56;D;ARR;57.922962;64.09;75.40485;0.900000;9/29/2026 7:14:12 AM;9/29/2026 7:26:32 AM;RYR4BP;9HQDL;4D2265;B738;LEPA;EBBR;25L;;4.710441601113116;50.94202162502045;780.2879638671875;922.4051
F003-3;9/29/2026 9:25:31 AM +02:00;9/29/2026 9:26:57 AM +02:00;9/29/2026 9:26:00 AM +02:00;86;D;ARR;55.107697;62.32;74.45268;0.500000;9/29/2026 7:20:48 AM;9/29/2026 7:29:56 AM;LOT2VD;;48AF09;B38M;EPWA;EBBR;25L;FLO2H;4.709501718920265;50.94181183182664;777.239990234375;915.69763
F003-3;9/29/2026 9:27:46 AM +02:00;9/29/2026 9:29:49 AM +02:00;9/29/2026 9:28:49 AM +02:00;123;D;ARR;55.573227;63.89;76.472275;0.100000;9/29/2026 7:17:24 AM;9/29/2026 7:32:45 AM;RYR61VB;EIEXD;4CAA5F;B738;EIDW;EBBR;25L;;4.709688502740867;50.94181602435667;792.47998046875;934.0295
F003-3;9/29/2026 9:31:05 AM +02:00;9/29/2026 9:32:20 AM +02:00;9/29/2026 9:31:49 AM +02:00;75;D;ARR;55.418293;61.32;74.16891;0.400000;9/29/2026 7:13:12 AM;9/29/2026 7:36:00 AM;BTI2YH;YLCSK;502CE5;BCS3;EETN;EBBR;25L;BATTY7A;4.710274568755117;50.94159489983742;813.4349975585938;968.3434
F003-3;9/29/2026 9:33:59 AM +02:00;9/29/2026 9:35:09 AM +02:00;9/29/2026 9:34:40 AM +02:00;70;D;ARR;59.719383;66.37;78.170364;0.400000;9/29/2026 7:24:01 AM;9/29/2026 7:38:45 AM;BEL6TC;OOSNK;44CDCB;A320;LFPG;EBBR;25L;;4.710334220579613;50.941844248507614;781.0499877929688;940.08954
F003-3;9/29/2026 9:37:51 AM +02:00;9/29/2026 9:39:06 AM +02:00;9/29/2026 9:38:22 AM +02:00;75;D;ARR;55.510906;62.55;74.26152;1.400000;9/29/2026 7:33:52 AM;9/29/2026 7:42:17 AM;FIN52V;OHLZK;461FA0;A321;EFHK;EBBR;25L;FLO2H;4.709949627532791;50.941739240030216;777.239990234375;924.58057
F003-3;9/29/2026 9:42:07 AM +02:00;9/29/2026 9:43:22 AM +02:00;9/29/2026 9:42:43 AM +02:00;75;D;ARR;58.68128;64.87;77.43189;1.400000;9/29/2026 7:37:17 AM;9/29/2026 7:46:21 AM;EIN63N;EIDEO;4CA295;A320;EIDW;EBBR;25L;;4.704998593734375;50.94759400100061;754.3800048828125;774.7262
F003-3;9/29/2026 9:45:28 AM +02:00;9/29/2026 9:47:19 AM +02:00;9/29/2026 9:46:21 AM +02:00;111;D;ARR;55.737553;62.31;76.19078;1.800000;9/29/2026 7:39:33 AM;9/29/2026 7:51:32 AM;LYF439;06;33FFDC;C27J;ELLX;EBMB;25L;FLO2H;4.7096611021691706;50.94162729996311;765.8099975585938;929.77527
F003-3;9/29/2026 9:48:30 AM +02:00;9/29/2026 9:49:47 AM +02:00;9/29/2026 9:49:25 AM +02:00;77;D;ARR;59.20061;67.78;78.06552;0.400000;9/29/2026 7:39:37 AM;9/29/2026 7:53:56 AM;MAC113R;CNNMJ;020124;A320;GMTT;EBBR;25L;ARVOL9A;4.710109541109405;50.94169403539022;609.5999755859375;806.5706
F003-3;9/29/2026 9:51:46 AM +02:00;9/29/2026 9:52:59 AM +02:00;9/29/2026 9:52:21 AM +02:00;73;D;ARR;57.185383;64.53;75.81861;0.600000;9/29/2026 7:43:16 AM;9/29/2026 7:56:49 AM;SAS57B;;4CAC8E;A20N;EKCH;EBBR;25L;BATTY7A;4.709212842192326;50.94160550156947;712.469970703125;886.24005
F003-3;9/29/2026 9:54:39 AM +02:00;9/29/2026 9:55:18 AM +02:00;9/29/2026 9:54:57 AM +02:00;39;D;ARR;52.166645;56.44;68.07729;0.600000;9/29/2026 7:44:44 AM;9/29/2026 7:59:32 AM;JFA99X;LXZAP;4D02A1;PC24;LSZA;EBBR;25L;LNO6A;4.708685867752831;50.941462471154146;758.1900024414062;931.5031
F003-3;9/29/2026 9:56:42 AM +02:00;9/29/2026 9:57:36 AM +02:00;9/29/2026 9:57:06 AM +02:00;54;D;ARR;58.53083;65.53;75.85477;1.300000;9/29/2026 7:44:40 AM;9/29/2026 8:01:56 AM;BAW384;GDBCC;400A7C;A319;EGLL;EBBR;25L;KOK9A;4.709977107822581;50.94148301165731;617.219970703125;817.65936
F003-3;9/29/2026 9:59:27 AM +02:00;9/29/2026 10:00:49 AM +02:00;9/29/2026 9:59:57 AM +02:00;82;D;ARR;59.802853;66.91;78.940994;1.800000;9/29/2026 7:54:52 AM;9/29/2026 8:04:00 AM;BEL4TQ;OOSSB;44CE62;A319;LSZH;EBBR;25L;BATTY7A;4.7097328091455966;50.94177437935438;773.4299926757812;920.2054
F003-3;9/29/2026 10:01:25 AM +02:00;9/29/2026 10:02:34 AM +02:00;9/29/2026 10:01:58 AM +02:00;69;D;ARR;56.87191;64.2;75.2604;1.100000;9/29/2026 7:57:04 AM;9/29/2026 8:06:36 AM;BEL2SC;YLABH;502D59;BCS3;LIMC;EBBR;25L;;4.70868495402526;50.94215911299795;822.9599609375;939.8754
F003-3;9/29/2026 10:03:22 AM +02:00;9/29/2026 10:04:40 AM +02:00;9/29/2026 10:04:02 AM +02:00;78;D;ARR;57.134346;64.29;76.05529;0.800000;9/29/2026 7:59:24 AM;9/29/2026 8:08:29 AM;SAS589;;4CAD96;A20N;ESSA;EBBR;25L;FLO2H;4.710224213382514;50.94191183091236;788.6699829101562;943.3865
F003-3;9/29/2026 10:06:19 AM +02:00;9/29/2026 10:07:55 AM +02:00;9/29/2026 10:07:06 AM +02:00;96;D;ARR;63.4648;71.32;83.28751;1.100000;9/29/2026 8:02:12 AM;9/29/2026 8:11:40 AM;THY7RS;;4BB1ED;A332;LTFM;EBBR;25L;FLO2H;4.709792999914089;50.94170801641817;762;912.3997
F003-3;9/29/2026 10:10:08 AM +02:00;9/29/2026 10:11:41 AM +02:00;9/29/2026 10:11:10 AM +02:00;93;D;ARR;57.559948;64.9;77.244774;1.600000;9/29/2026 8:06:25 AM;9/29/2026 8:14:20 AM;RYR2AA;9HQCJ;4D2226;B738;LEMD;EBBR;25L;;4.709715544043222;50.941911490760695;782.9549560546875;922.35614
F003-3;9/29/2026 10:18:19 AM +02:00;9/29/2026 10:20:23 AM +02:00;9/29/2026 10:19:19 AM +02:00;124;D;ARR;57.6829;66.17;78.61712;0.900000;9/29/2026 8:14:52 AM;9/29/2026 8:23:48 AM;AEE538;SXDVN;4692CE;A320;LGTS;EBBR;25L;FLO2H;4.710133508352056;50.941914222790686;771.5250244140625;919.68536
F003-3;9/29/2026 10:25:03 AM +02:00;9/29/2026 10:26:40 AM +02:00;9/29/2026 10:25:47 AM +02:00;97;D;ARR;58.5396;70.24;78.40732;0.400000;9/29/2026 8:21:20 AM;9/29/2026 8:29:57 AM;AEE2BR;SXNAK;46B82B;A21N;LGAV;EBBR;25L;FLO2H;4.710426871362228;50.9418867996747;701.0399780273438;880.3142
F003-3;9/29/2026 10:33:09 AM +02:00;9/29/2026 10:34:39 AM +02:00;9/29/2026 10:33:56 AM +02:00;90;D;ARR;59.44064;67.11;78.98306;0.600000;9/29/2026 8:29:32 AM;9/29/2026 8:38:16 AM;BEL7DD;OOSSX;44CE78;A319;EDDM;EBBR;25L;FLO2H;4.7102429128454455;50.942161277152955;777.239990234375;903.09283
F003-3;9/29/2026 10:35:50 AM +02:00;9/29/2026 10:37:25 AM +02:00;9/29/2026 10:36:31 AM +02:00;95;D;ARR;56.135983;63.59;75.913216;0.300000;9/29/2026 8:31:56 AM;9/29/2026 8:40:01 AM;ITY156;;4CAE1F;A21N;LIRF;EBBR;25L;FLO2H;4.709159471628286;50.94160108628767;784.8599853515625;941.09875
F003-3;9/29/2026 10:38:44 AM +02:00;9/29/2026 10:40:29 AM +02:00;9/29/2026 10:39:37 AM +02:00;105;D;ARR;56.692467;66.2;76.90436;0.400000;9/29/2026 8:34:49 AM;9/29/2026 8:44:13 AM;TAP640;;495153;A21N;LPPT;EBBR;25L;ARVOL9A;4.7097889980279515;50.9425260217527;716.280029296875;825.49524
F003-3;9/29/2026 10:42:46 AM +02:00;9/29/2026 10:44:09 AM +02:00;9/29/2026 10:43:12 AM +02:00;83;D;ARR;59.987972;68.71;79.17876;0.500000;9/29/2026 8:39:00 AM;9/29/2026 8:47:37 AM;BEL1GH;OOSSF;44CE66;A319;LIML;EBBR;25L;FLO2H;4.709544317903291;50.941775769534516;765.8099975585938;930.0526
F003-3;9/29/2026 10:44:32 AM +02:00;9/29/2026 10:46:15 AM +02:00;9/29/2026 10:45:13 AM +02:00;103;D;ARR;56.070786;63.67;76.19916;0.800000;9/29/2026 8:39:45 AM;9/29/2026 8:49:37 AM;TAM8156;;E8046F;B789;SBGR;EBBR;25L;ARVOL9A;4.7103295119671715;50.94154537771672;670.5599975585938;871.55634
F003-3;9/29/2026 10:52:06 AM +02:00;9/29/2026 10:52:49 AM +02:00;9/29/2026 10:52:14 AM +02:00;43;D;ARR;54.91522;60.9;71.2499;0.400000;9/29/2026 8:47:17 AM;9/29/2026 8:56:56 AM;JTH49;;4D2540;FA7X;EGWU;EBBR;25L;;4.71240211678601;50.94308831666105;609.5999755859375;776.21686
F003-3;9/29/2026 10:54:05 AM +02:00;9/29/2026 10:55:18 AM +02:00;9/29/2026 10:54:22 AM +02:00;73;D;ARR;53.181816;60.67;71.81505;0.500000;9/29/2026 8:50:37 AM;9/29/2026 8:59:04 AM;BEL8PZ;;44CC45;A20N;LFPG;EBBR;25L;ARVOL9A;4.693026232707114;50.95127070801483;895.3499755859375;1470.9941
F003-3;9/29/2026 11:03:56 AM +02:00;9/29/2026 11:05:26 AM +02:00;9/29/2026 11:04:23 AM +02:00;90;D;ARR;56.601856;63.98;76.14428;1.900000;9/29/2026 9:00:17 AM;9/29/2026 9:08:04 AM;BEL4VL;;44CDD1;A320;LEPA;EBBR;25L;;4.699183341262448;50.95089577351721;592.4549560546875;986.27155
F003-3;9/29/2026 11:09:21 AM +02:00;9/29/2026 11:11:01 AM +02:00;9/29/2026 11:10:12 AM +02:00;100;D;ARR;54.32542;64.51;74.325424;1.400000;9/29/2026 9:05:17 AM;9/29/2026 9:14:52 AM;BEL4QA;YLABE;502D46;BCS3;LOWW;EBBR;25L;FLO2H;4.709382709536698;50.94184570361252;750.5700073242188;900.3133
F003-3;9/29/2026 11:12:25 AM +02:00;9/29/2026 11:13:48 AM +02:00;9/29/2026 11:13:18 AM +02:00;83;D;ARR;56.73371;64.36;75.92449;0.800000;9/29/2026 9:08:53 AM;9/29/2026 9:17:37 AM;IBE05LL;ECIZH;3420CB;A320;LEMD;EBBR;25L;ARVOL9A;4.70343774620307;50.94782325647993;708.6600341796875;775.16956
F003-3;9/29/2026 11:14:18 AM +02:00;9/29/2026 11:15:56 AM +02:00;9/29/2026 11:15:04 AM +02:00;98;D;ARR;56.184845;65;76.09711;1.200000;9/29/2026 9:09:52 AM;9/29/2026 9:19:28 AM;TKJ1KE;;4BD8CA;B38M;LTFJ;EBBR;25L;BATTY7A;4.7099997679019445;50.94182905386383;777.239990234375;919.67017
F003-3;9/29/2026 11:31:11 AM +02:00;9/29/2026 11:32:30 AM +02:00;9/29/2026 11:31:43 AM +02:00;79;D;ARR;58.23439;65.85;77.21066;0.700000;9/29/2026 9:26:17 AM;9/29/2026 9:35:56 AM;RAM672S;CNRGK;0200FB;B738;GMTT;EBBR;25L;ARVOL9A;4.709550012792265;50.94103238141161;633.9840087890625;863.234
F003-3;9/29/2026 11:32:52 AM +02:00;9/29/2026 11:34:10 AM +02:00;9/29/2026 11:33:25 AM +02:00;78;D;ARR;62.97636;70.52;81.89731;0.900000;9/29/2026 9:28:49 AM;9/29/2026 9:38:04 AM;BEL9PW;OOTCQ;44D071;A320;LEAL;EBBR;25L;ARVOL9A;4.70828425475026;50.945328369664054;601.97998046875;593.13336
F003-3;9/29/2026 11:59:32 AM +02:00;9/29/2026 12:00:34 PM +02:00;9/29/2026 11:59:46 AM +02:00;62;D;ARR;49.266663;56.28;67.19058;2.200000;9/29/2026 9:55:20 AM;9/29/2026 10:03:56 AM;TSW7M;OEIOE;440406;C25M;EDDS;EBBR;25L;;4.708782337126475;50.941583700423614;693.4199829101562;857.7479
F003-3;9/29/2026 12:19:13 PM +02:00;9/29/2026 12:20:52 PM +02:00;9/29/2026 12:20:15 PM +02:00;99;D;ARR;57.633907;65.7;77.590256;1.400000;9/29/2026 10:15:05 AM;9/29/2026 10:24:12 AM;RAM838J;;0201A2;B38M;GMMN;EBBR;25L;KERKY2H;4.709223942682085;50.94360106383205;777.239990234375;821.0849
F003-3;9/29/2026 12:22:47 PM +02:00;9/29/2026 12:24:32 PM +02:00;9/29/2026 12:23:30 PM +02:00;105;D;ARR;59.507828;68.79;79.71972;1.200000;9/29/2026 10:19:12 AM;9/29/2026 10:27:45 AM;BEL9HR;OOSSA;44CE61;A319;LSGG;EBBR;25L;FLO2H;4.709512016815856;50.941706172361805;773.4299926757812;919.7389
F003-3;9/29/2026 12:24:56 PM +02:00;9/29/2026 12:26:31 PM +02:00;9/29/2026 12:25:38 PM +02:00;95;D;ARR;54.384167;62.46;74.1614;0.200000;9/29/2026 10:19:33 AM;9/29/2026 10:29:48 AM;JAF3NE;;44D1B4;B38M;LEMG;EBBR;25L;;4.710023271530255;50.942855996192186;760.094970703125;848.5713
F003-3;9/29/2026 12:28:10 PM +02:00;9/29/2026 12:29:32 PM +02:00;9/29/2026 12:28:48 PM +02:00;82;D;ARR;58.828278;66.23;77.966415;0.500000;9/29/2026 10:23:13 AM;9/29/2026 10:33:12 AM;BEL8CZ;;44CC48;A20N;LEMG;EBBR;25L;;4.705550470041164;50.94802763738008;609.5999755859375;650.97766
F003-3;9/29/2026 12:33:42 PM +02:00;9/29/2026 12:35:31 PM +02:00;9/29/2026 12:34:37 PM +02:00;109;D;ARR;53.527348;63.59;73.90161;0.200000;9/29/2026 10:30:16 AM;9/29/2026 10:38:41 AM;JAF3EM;OOTMB;44D1A2;B38M;LGKR;EBBR;25L;FLO2H;4.709689575933271;50.94070140487072;746.760009765625;967.3445
F003-3;9/29/2026 12:38:06 PM +02:00;9/29/2026 12:39:21 PM +02:00;9/29/2026 12:38:38 PM +02:00;75;D;ARR;55.95817;63.45;74.708786;0.600000;9/29/2026 10:33:20 AM;9/29/2026 10:42:04 AM;BEL9EL;;44CE79;A319;LIRF;EBBR;25L;FLO2H;4.709920980536712;50.941680828831146;731.52001953125;906.89026
F003-3;9/29/2026 12:40:03 PM +02:00;9/29/2026 12:41:21 PM +02:00;9/29/2026 12:40:45 PM +02:00;78;D;ARR;59.824684;67.25;78.74563;1.400000;9/29/2026 10:34:05 AM;9/29/2026 10:45:17 AM;TRA94J;PHHXJ;4853D3;B738;LEAL;EBBR;25L;;4.704287619438915;50.94773437839496;609.5999755859375;660.2189
F003-3;9/29/2026 12:42:12 PM +02:00;9/29/2026 12:43:29 PM +02:00;9/29/2026 12:42:50 PM +02:00;77;D;ARR;60.615242;68.13;79.48015;0.800000;9/29/2026 10:38:53 AM;9/29/2026 10:47:12 AM;BEL5MQ;OOSSL;44CE6C;A319;EDDH;EBBR;25L;WOODY9A;4.709876659301953;50.943120943787804;742.18798828125;821.6079
F003-3;9/29/2026 12:52:43 PM +02:00;9/29/2026 12:53:45 PM +02:00;9/29/2026 12:53:09 PM +02:00;62;D;ARR;51.635265;58.83;69.55918;0.500000;9/29/2026 10:48:01 AM;9/29/2026 10:56:57 AM;DCS607;;3CD5C4;C56X;EDTY;EBBR;25L;;4.708402548443657;50.94273124254066;794.0039672851562;884.2833
F003-3;9/29/2026 12:55:29 PM +02:00;9/29/2026 12:56:54 PM +02:00;9/29/2026 12:56:16 PM +02:00;85;D;ARR;61.789104;70.48;81.08329;0.700000;9/29/2026 10:51:44 AM;9/29/2026 11:00:24 AM;BEL5UC;OOSNI;44CDC9;A320;LIRN;EBBR;25L;;4.709871188114423;50.943559632059376;624.8400268554688;692.8807
F003-3;9/29/2026 1:03:30 PM +02:00;9/29/2026 1:05:12 PM +02:00;9/29/2026 1:04:34 PM +02:00;102;D;ARR;56.942795;67.52;77.02879;0.700000;9/29/2026 11:00:12 AM;9/29/2026 11:09:08 AM;BEL1LH;;44CC46;A20N;EGLL;EBBR;25L;KOK9A;4.704172235997073;50.94778847452059;617.219970703125;676.9263
F003-3;9/29/2026 1:05:38 PM +02:00;9/29/2026 1:06:54 PM +02:00;9/29/2026 1:06:04 PM +02:00;76;D;ARR;58.761177;67.36;77.56931;1.100000;9/29/2026 11:01:16 AM;9/29/2026 11:10:08 AM;THY60S;TCJRU;4BAA55;A321;LTFM;EBBR;25L;FLO2H;4.710092868029591;50.94198507748974;782.9549560546875;919.9107
F003-3;9/29/2026 1:07:58 PM +02:00;9/29/2026 1:09:19 PM +02:00;9/29/2026 1:08:30 PM +02:00;81;D;ARR;60.192593;68.06;79.27744;0.500000;9/29/2026 11:04:08 AM;9/29/2026 11:12:48 AM;BEL4NK;OOSNE;44CDC5;A320;EDDB;EBBR;25L;FLO2H;4.7096869394473515;50.94187896845993;784.8599853515625;919.6719
F003-3;9/29/2026 1:10:18 PM +02:00;9/29/2026 1:11:12 PM +02:00;9/29/2026 1:10:50 PM +02:00;54;D;ARR;60.756588;67.65;78.08053;0.300000;9/29/2026 11:06:44 AM;9/29/2026 11:14:56 AM;BEL47P;OOSNL;44CDCC;A320;LKPR;EBBR;25L;BATTY7A;4.710230368902569;50.94212755838206;763.905029296875;905.0285
F003-3;9/29/2026 1:13:04 PM +02:00;9/29/2026 1:14:24 PM +02:00;9/29/2026 1:13:25 PM +02:00;80;D;ARR;62.990757;72.98;82.02166;0.800000;9/29/2026 11:09:32 AM;9/29/2026 11:16:44 AM;BEL9FU;OOSNM;44CDCD;A320;EDDM;EBBR;25L;BATTY7A;4.709458420443376;50.941650095383984;762;912.885
F003-3;9/29/2026 1:22:38 PM +02:00;9/29/2026 1:24:24 PM +02:00;9/29/2026 1:23:37 PM +02:00;106;D;ARR;58.81334;69.52;79.0664;0.400000;9/29/2026 11:19:04 AM;9/29/2026 11:27:44 AM;BEL4KY;OOSSJ;44CE6A;A319;EDDF;EBBR;25L;FLO2H;4.709515451813021;50.941681470459265;792.47998046875;936.3807
F003-3;9/29/2026 1:24:48 PM +02:00;9/29/2026 1:25:42 PM +02:00;9/29/2026 1:25:13 PM +02:00;54;D;ARR;61.83168;67.81;79.15562;1.000000;9/29/2026 11:18:41 AM;9/29/2026 11:29:37 AM;BEL8MP;OOSSV;44CE76;A319;EGCC;EBBR;25L;KOK9A;4.709104697240904;50.94217199305092;716.280029296875;840.0481
F003-3;9/29/2026 1:26:05 PM +02:00;9/29/2026 1:27:06 PM +02:00;9/29/2026 1:26:30 PM +02:00;61;D;ARR;55.193905;60.63;73.0472;0.300000;9/29/2026 11:21:57 AM;9/29/2026 11:31:12 AM;BEL2JE;;502D7C;BCS3;EKCH;EBBR;25L;BATTY7A;4.709823184887488;50.94169110424264;765.8099975585938;918.524
F003-3;9/29/2026 1:28:01 PM +02:00;9/29/2026 1:29:38 PM +02:00;9/29/2026 1:28:58 PM +02:00;97;D;ARR;55.93224;65.63;75.79996;0.800000;9/29/2026 11:23:09 AM;9/29/2026 11:33:09 AM;JAF4JK;;44D1A6;B38M;LEJR;EBBR;25L;ARVOL9A;4.708956309218738;50.94524419018208;723.9000244140625;737.1337
F003-3;9/29/2026 1:31:10 PM +02:00;9/29/2026 1:32:18 PM +02:00;9/29/2026 1:31:50 PM +02:00;68;D;ARR;55.688713;63.72;74.0138;0.900000;9/29/2026 11:26:57 AM;9/29/2026 11:36:25 AM;SEH8BR;SXWEB;46DCA2;A20N;LGAV;EBBR;25L;FLO2H;4.710106884306137;50.94192774604279;784.8599853515625;937.29376
F003-3;9/29/2026 1:37:31 PM +02:00;9/29/2026 1:39:11 PM +02:00;9/29/2026 1:38:22 PM +02:00;100;D;ARR;54.904095;64.36;74.9041;0.400000;9/29/2026 11:34:01 AM;9/29/2026 11:41:45 AM;BEL7YC;;44CC47;A20N;LIRQ;EBBR;25L;FLO2H;4.709285892495479;50.941640223679265;773.4299926757812;920.3238
F003-3;9/29/2026 1:47:14 PM +02:00;9/29/2026 1:49:31 PM +02:00;9/29/2026 1:48:24 PM +02:00;137;D;ARR;55.126915;66.68;76.49412;0.500000;9/29/2026 11:43:04 AM;9/29/2026 11:52:36 AM;BEL4UG;;44CC42;A20N;LFBO;EBBR;25L;ARVOL9A;4.704885720247858;50.94785484839253;617.219970703125;655.64264
F003-3;9/29/2026 1:52:15 PM +02:00;9/29/2026 1:54:06 PM +02:00;9/29/2026 1:53:12 PM +02:00;111;D;ARR;54.04023;63.37;74.49346;0.800000;9/29/2026 11:48:28 AM;9/29/2026 11:56:33 AM;AUA293;OELXE;4402A3;A320;LOWW;EBBR;25L;FLO2H;4.710222594532555;50.9419567866984;767.7149658203125;908.46356
F003-3;9/29/2026 1:54:53 PM +02:00;9/29/2026 1:55:58 PM +02:00;9/29/2026 1:55:19 PM +02:00;65;D;ARR;55.20699;63.25;73.33612;0.800000;9/29/2026 11:50:40 AM;9/29/2026 11:59:17 AM;VLG250G;ECMVD;34560D;A320;LEVC;EBBR;25L;ARVOL9A;4.70135389913693;50.95001285753993;706.7550048828125;929.1812
F003-3;9/29/2026 1:56:26 PM +02:00;9/29/2026 1:58:17 PM +02:00;9/29/2026 1:57:06 PM +02:00;111;D;ARR;56.65273;65.98;77.10596;0.600000;9/29/2026 11:52:52 AM;9/29/2026 12:01:29 PM;JAF5KH;OOTMZ;44D1BA;B38M;LGKO;EBBR;25L;FLO2H;4.70895353195198;50.94170479341082;922.02001953125;1040.9249
F003-3;9/29/2026 2:01:37 PM +02:00;9/29/2026 2:03:25 PM +02:00;9/29/2026 2:02:33 PM +02:00;108;D;ARR;59.00014;68.74;79.33438;2.200000;9/29/2026 11:54:53 AM;9/29/2026 12:07:05 PM;CSC9605;;781EC1;A333;UUEE;EBBR;25L;WOODY9A;4.710187585773509;50.94163998541333;556.260009765625;766.31177
F003-3;9/29/2026 2:13:16 PM +02:00;9/29/2026 2:15:16 PM +02:00;9/29/2026 2:14:18 PM +02:00;120;D;ARR;54.418354;65.5;75.21017;1.700000;9/29/2026 12:09:52 PM;9/29/2026 12:18:41 PM;BEL9VN;;44CC43;A20N;LGIR;EBBR;25L;FLO2H;4.710320344282975;50.9419454231979;792.47998046875;929.27374
F003-3;9/29/2026 2:16:10 PM +02:00;9/29/2026 2:17:58 PM +02:00;9/29/2026 2:16:58 PM +02:00;108;D;ARR;57.329285;67.07;77.66352;1.200000;9/29/2026 12:12:37 PM;9/29/2026 12:21:37 PM;CAI3GV;LYLGA;503E61;A320;LTAI;EBBR;25L;FLO2H;4.7096326016140635;50.94161159802316;788.6699829101562;956.8876
F003-3;9/29/2026 2:18:21 PM +02:00;9/29/2026 2:20:00 PM +02:00;9/29/2026 2:19:04 PM +02:00;99;D;ARR;53.28363;61.88;73.23998;1.100000;9/29/2026 12:14:25 PM;9/29/2026 12:23:21 PM;SWR74D;HBAZD;4B028D;E290;LSZH;EBBR;25L;FLO2H;4.709643783995597;50.94174867281876;699.135009765625;858.24744
F003-3;9/29/2026 2:21:02 PM +02:00;9/29/2026 2:22:36 PM +02:00;9/29/2026 2:21:35 PM +02:00;94;D;ARR;55.35656;64.38;75.08784;1.500000;9/29/2026 12:15:53 PM;9/29/2026 12:25:01 PM;BEL4SF;YLABH;502D59;BCS3;LFLL;EBBR;25L;ARVOL9A;4.70838550407281;50.94576418349925;701.0399780273438;684.81976
F003-3;9/29/2026 2:23:34 PM +02:00;9/29/2026 2:25:06 PM +02:00;9/29/2026 2:24:09 PM +02:00;92;D;ARR;53.421272;62.13;73.05915;1.100000;9/29/2026 12:18:01 PM;9/29/2026 12:28:08 PM;IAM3170;;33FCA3;GLF6;LIRA;EBMB;25L;BATTY7A;4.7097640126161;50.94156196854687;609.5999755859375;815.9703
F003-3;9/29/2026 2:28:13 PM +02:00;9/29/2026 2:29:54 PM +02:00;9/29/2026 2:29:12 PM +02:00;101;D;ARR;54.513573;64.83;74.556786;1.300000;9/29/2026 12:21:57 PM;9/29/2026 12:32:41 PM;ANE1299;ECMVZ;34604B;CRJX;LEMD;EBBR;25L;ARVOL9A;4.697908181991278;50.95047848153336;617.219970703125;1036.1432
F003-3;9/29/2026 2:31:40 PM +02:00;9/29/2026 2:32:52 PM +02:00;9/29/2026 2:32:22 PM +02:00;72;D;ARR;56.524937;64.08;75.09826;2.900000;9/29/2026 12:27:44 PM;9/29/2026 12:36:49 PM;BEL6QG;;44CC44;A20N;LGRP;EBBR;25L;FLO2H;4.709972997889909;50.941797611474726;779.14501953125;931.41504
F003-3;9/29/2026 2:35:58 PM +02:00;9/29/2026 2:37:36 PM +02:00;9/29/2026 2:36:32 PM +02:00;98;D;ARR;59.96325;69.48;79.87551;1.800000;9/29/2026 12:32:24 PM;9/29/2026 12:40:32 PM;BEL3LZ;OOSSW;44CE77;A319;LIML;EBBR;25L;FLO2H;4.708774432632931;50.94089601823225;782.9549560546875;990.7803
F003-3;9/29/2026 2:40:36 PM +02:00;9/29/2026 2:42:00 PM +02:00;9/29/2026 2:41:15 PM +02:00;84;D;ARR;57.34667;67.24;76.58946;2.600000;9/29/2026 12:36:28 PM;9/29/2026 12:45:40 PM;RJA141;;74482C;A20N;OJAI;EBBR;25L;FLO2H;4.709914485053408;50.941842639849234;777.239990234375;934.0914
F003-3;9/29/2026 2:42:33 PM +02:00;9/29/2026 2:44:02 PM +02:00;9/29/2026 2:42:59 PM +02:00;89;D;ARR;59.01416;68.43;78.50806;0.800000;9/29/2026 12:38:28 PM;9/29/2026 12:47:13 PM;BEL1EV;OOSNH;44CDC8;A320;LIPZ;EBBR;25L;FLO2H;4.7092236883193;50.94164817120271;758.1900024414062;920.8308
F003-3;9/29/2026 2:44:31 PM +02:00;9/29/2026 2:45:28 PM +02:00;9/29/2026 2:45:04 PM +02:00;57;D;ARR;59.038464;67.01;76.59721;3.000000;9/29/2026 12:38:57 PM;9/29/2026 12:48:21 PM;TAP64BR;;4952D3;A20N;LPPT;EBBR;25L;ARVOL9A;4.7107602708604155;50.94163797954038;672.4649658203125;864.8584
F003-3;9/29/2026 2:46:08 PM +02:00;9/29/2026 2:46:54 PM +02:00;9/29/2026 2:46:26 PM +02:00;46;D;ARR;56.689983;63.53;73.31756;2.700000;9/29/2026 12:41:32 PM;9/29/2026 12:50:24 PM;JAF63N;OOJAF;44A826;B738;LEPA;EBBR;25L;FLO2H;4.7091454402474255;50.941650539147794;769.6199951171875;930.69324
F003-3;9/29/2026 2:48:25 PM +02:00;9/29/2026 2:50:03 PM +02:00;9/29/2026 2:49:03 PM +02:00;98;D;ARR;59.61283;68.8;79.52509;2.400000;9/29/2026 12:44:36 PM;9/29/2026 12:52:28 PM;CEF08;2801;498422;A319;LKKB;EBBR;25L;FLO2H;4.709875646931644;50.94173033052051;768.0960083007812;931.6654
F003-3;9/29/2026 2:50:42 PM +02:00;9/29/2026 2:51:23 PM +02:00;9/29/2026 2:50:59 PM +02:00;41;D;ARR;57.43301;65.74;73.56085;1.000000;9/29/2026 12:45:53 PM;9/29/2026 12:54:57 PM;KLM83V;PHEXL;48548E;E75L;EHAM;EBBR;25L;WOODY9A;4.707982577732372;50.945500713813594;600.074951171875;592.3361
F003-3;9/29/2026 2:52:31 PM +02:00;9/29/2026 2:53:40 PM +02:00;9/29/2026 2:53:05 PM +02:00;69;D;ARR;55.276226;63.25;73.66472;4.600000;9/29/2026 12:46:45 PM;9/29/2026 12:56:33 PM;BAW386;GTTOB;40095D;A320;EGLL;EBBR;25L;KOK9A;4.70983550783595;50.942122551484886;607.6949462890625;763.86084
F003-3;9/29/2026 2:54:04 PM +02:00;9/29/2026 2:55:20 PM +02:00;9/29/2026 2:54:44 PM +02:00;76;D;ARR;60.408314;69.18;79.216446;3.400000;9/29/2026 12:50:41 PM;9/29/2026 12:59:13 PM;BEL6UA;OOSSU;44CE75;A319;ESSA;EBBR;25L;WOODY9A;4.706612496415052;50.94679269957676;735.3300170898438;728.6952
F003-3;9/29/2026 2:56:30 PM +02:00;9/29/2026 2:57:23 PM +02:00;9/29/2026 2:56:50 PM +02:00;53;D;ARR;57.908733;63.87;75.15149;1.300000;9/29/2026 12:52:12 PM;9/29/2026 1:00:48 PM;BEL9DK;OOTCV;44D076;A320;LDSP;EBBR;25L;FLO2H;4.710234199479695;50.94173428882823;807.719970703125;955.2759
F003-3;9/29/2026 2:57:51 PM +02:00;9/29/2026 2:58:54 PM +02:00;9/29/2026 2:58:22 PM +02:00;63;D;ARR;62.075874;70.78;80.06928;1.900000;9/29/2026 12:53:00 PM;9/29/2026 1:02:17 PM;BEL7AD;OOSNF;44CDC6;A320;LEMD;EBBR;25L;ARVOL9A;4.704040183552828;50.94814596724425;605.7899780273438;704.5165
F003-3;9/29/2026 2:59:59 PM +02:00;9/29/2026 3:01:55 PM +02:00;9/29/2026 3:01:08 PM +02:00;116;D;ARR;60.546337;70.76;81.19092;1.800000;9/29/2026 12:56:40 PM;9/29/2026 1:05:17 PM;BEL6HF;OOSSB;44CE62;A319;LFMN;EBBR;25L;FLO2H;4.709618571381998;50.941665560282495;777.239990234375;931.11865
F003-3;9/29/2026 3:02:49 PM +02:00;9/29/2026 3:04:02 PM +02:00;9/29/2026 3:03:19 PM +02:00;73;D;ARR;60.676678;68.8;79.309906;0.600000;9/29/2026 12:58:49 PM;9/29/2026 1:07:29 PM;BEL23U;OOSSX;44CE78;A319;EGPH;EBBR;25L;WOODY9A;4.709192623070554;50.9423695949694;721.9949951171875;832.698
F003-3;9/29/2026 3:04:27 PM +02:00;9/29/2026 3:05:30 PM +02:00;9/29/2026 3:04:58 PM +02:00;63;D;ARR;57.223396;64.1;75.216805;1.900000;9/29/2026 1:00:16 PM;9/29/2026 1:08:45 PM;SAS1593;SERUF;4ACAA6;A20N;EKCH;EBBR;25L;FLO2H;4.709524469823987;50.941707277536835;773.4299926757812;919.9988
F003-3;9/29/2026 3:11:14 PM +02:00;9/29/2026 3:12:30 PM +02:00;9/29/2026 3:11:54 PM +02:00;76;D;ARR;55.468338;64.28;74.276474;0.500000;9/29/2026 1:07:05 PM;9/29/2026 1:16:25 PM;JAF11G;;449683;E295;LGRP;EBBR;25L;;4.709925319100766;50.940486410919966;775.3349609375;1013.87164
F003-3;9/29/2026 3:15:16 PM +02:00;9/29/2026 3:16:38 PM +02:00;9/29/2026 3:15:51 PM +02:00;82;D;ARR;59.066456;68.02;78.2046;3.500000;9/29/2026 1:11:21 PM;9/29/2026 1:20:13 PM;TAR954;;02A263;A320;DTTA;EBBR;25L;;4.710022611774368;50.94174921762184;777.239990234375;933.85504
F003-3;9/29/2026 3:32:39 PM +02:00;9/29/2026 3:34:13 PM +02:00;9/29/2026 3:33:05 PM +02:00;94;D;ARR;62.494656;73.09;82.22594;0.600000;9/29/2026 1:28:09 PM;9/29/2026 1:37:05 PM;JAF12M;PHTFU;485A86;B38M;GCTS;EBBR;25L;ARVOL9A;4.707703486141432;50.94554271762324;739.1400146484375;733.71075
F003-3;9/29/2026 3:35:03 PM +02:00;9/29/2026 3:36:48 PM +02:00;9/29/2026 3:36:04 PM +02:00;105;D;ARR;58.66789;67.44;78.87978;2.800000;9/29/2026 1:30:49 PM;9/29/2026 1:40:04 PM;TRA64E;PHHXL;484B6E;B738;GCTS;EBBR;25L;ARVOL9A;4.710557511510292;50.94257429201124;739.1400146484375;852.4728
F003-3;9/29/2026 3:38:34 PM +02:00;9/29/2026 3:40:09 PM +02:00;9/29/2026 3:39:25 PM +02:00;95;D;ARR;58.92779;68.58;78.705025;0.700000;9/29/2026 1:34:57 PM;9/29/2026 1:43:33 PM;TKJ22D;;4BBD07;B38M;LTFJ;EBBR;25L;FLO2H;4.709329230493639;50.941343518142325;771.5250244140625;940.3608
F003-3;9/29/2026 3:40:42 PM +02:00;9/29/2026 3:41:47 PM +02:00;9/29/2026 3:41:06 PM +02:00;65;D;ARR;59.584064;65.36;77.713196;1.800000;9/29/2026 1:37:01 PM;9/29/2026 1:45:17 PM;BEL4UT;OOSSO;44CE6F;A319;LPFR;EBBR;25L;;4.706669094292551;50.947180262342066;914.4000244140625;909.65234
F003-3;9/29/2026 4:07:07 PM +02:00;9/29/2026 4:08:29 PM +02:00;9/29/2026 4:07:32 PM +02:00;82;D;ARR;62.498272;71.79;81.63641;1.300000;9/29/2026 2:02:44 PM;9/29/2026 2:11:56 PM;BEL8HR;OOSBA;44CC41;A20N;LPPR;EBBR;25L;;4.702802994245231;50.94837700309916;769.6199951171875;862.45496
F003-3;9/29/2026 4:09:16 PM +02:00;9/29/2026 4:10:34 PM +02:00;9/29/2026 4:09:41 PM +02:00;78;D;ARR;60.037262;69.27;78.958206;1.500000;9/29/2026 2:05:28 PM;9/29/2026 2:13:44 PM;BEL3HE;OOSSR;44CE72;A319;LPPT;EBBR;25L;ARVOL9A;4.705168147757281;50.94629482696435;782.9549560546875;807.1439
F003-3;9/29/2026 4:18:51 PM +02:00;9/29/2026 4:20:27 PM +02:00;9/29/2026 4:19:46 PM +02:00;96;D;ARR;58.077267;65.25;77.89998;0.400000;9/29/2026 2:14:45 PM;9/29/2026 2:23:45 PM;TRA264K;PHHXE;48520D;B738;GMMX;EBBR;25L;;4.709693091904126;50.94124250384049;763.5239868164062;953.2251
F003-3;9/29/2026 4:20:51 PM +02:00;9/29/2026 4:21:22 PM +02:00;9/29/2026 4:21:04 PM +02:00;31;D;ARR;53.245556;58.16;68.15917;1.300000;9/29/2026 2:15:40 PM;9/29/2026 2:24:57 PM;;DCSUS;3CF1A2;PC24;EDDK;EBBR;25L;LNO6A;4.708361794213785;50.94136071202171;773.4299926757812;939.0818
F003-3;9/29/2026 4:21:40 PM +02:00;9/29/2026 4:23:36 PM +02:00;9/29/2026 4:22:32 PM +02:00;116;D;ARR;58.590828;67.39;79.235405;2.200000;9/29/2026 2:16:52 PM;9/29/2026 2:27:01 PM;UAE56W;A6ENA;896318;B77W;OMDB;EBBR;25L;FLO2H;4.709247567247235;50.9415712941302;772.66796875;924.1387
F003-3;9/29/2026 4:24:02 PM +02:00;9/29/2026 4:25:22 PM +02:00;9/29/2026 4:24:32 PM +02:00;80;D;ARR;56.042984;63.51;75.07388;1.500000;9/29/2026 2:18:44 PM;9/29/2026 2:28:57 PM;SXS8GR;TCSOI;4BCDE9;B38M;LTAI;EBBR;25L;BATTY7A;4.709928646299577;50.94182689212242;784.8599853515625;934.1014
F003-3;9/29/2026 4:25:52 PM +02:00;9/29/2026 4:27:10 PM +02:00;9/29/2026 4:26:34 PM +02:00;78;D;ARR;55.19562;62.73;74.11657;1.500000;9/29/2026 2:21:32 PM;9/29/2026 2:30:53 PM;AUA295;OELXB;44022B;A320;LOWW;EBBR;25L;BATTY7A;4.7095796484897345;50.94172631814678;777.239990234375;921.6423
F003-3;9/29/2026 4:30:36 PM +02:00;9/29/2026 4:32:12 PM +02:00;9/29/2026 4:31:42 PM +02:00;96;D;ARR;59.941494;69.17;79.764206;1.600000;9/29/2026 2:25:49 PM;9/29/2026 2:35:49 PM;VLG7SN;;34768E;A320;LEMG;EBBR;25L;;4.705222812258731;50.9471307264699;657.2249755859375;682.4626
F003-3;9/29/2026 4:34:53 PM +02:00;9/29/2026 4:36:23 PM +02:00;9/29/2026 4:35:37 PM +02:00;90;D;ARR;51.106827;61.48;70.649254;1.200000;9/29/2026 2:27:28 PM;9/29/2026 2:40:21 PM;AAB83E;OOELK;44958B;FA8X;LEMG;EBBR;25L;;4.7106713504550335;50.94117630873751;601.97998046875;844.8243
F003-3;9/29/2026 4:38:16 PM +02:00;9/29/2026 4:39:44 PM +02:00;9/29/2026 4:38:51 PM +02:00;88;D;ARR;51.176777;59.79;70.621605;1.600000;9/29/2026 2:34:16 PM;9/29/2026 2:43:36 PM;SIO624;IJAMI;300473;FA7X;LIPR;EBBR;25L;FLO2H;4.709817094838561;50.94148997269371;775.3349609375;942.21704
F003-3;9/29/2026 4:47:15 PM +02:00;9/29/2026 4:48:55 PM +02:00;9/29/2026 4:48:03 PM +02:00;100;D;ARR;52.444607;63.07;72.44461;3.300000;9/29/2026 2:43:40 PM;9/29/2026 2:52:33 PM;VJH724;DAIRG;3C6647;E35L;LSZH;EBBR;25L;;4.709731609736045;50.941456388273195;777.239990234375;951.8721
F003-3;9/29/2026 4:51:33 PM +02:00;9/29/2026 4:52:42 PM +02:00;9/29/2026 4:52:19 PM +02:00;69;D;ARR;55.353516;62.54;73.742004;1.100000;9/29/2026 2:46:44 PM;9/29/2026 2:56:01 PM;RYR5236;9HQDB;4D222D;B738;LIRP;EBBR;25L;FLO2H;4.710093979930709;50.941809788485656;779.14501953125;930.4073
F003-3;9/29/2026 4:53:18 PM +02:00;9/29/2026 4:54:45 PM +02:00;9/29/2026 4:53:54 PM +02:00;87;D;ARR;56.110332;63.9;75.50552;1.400000;9/29/2026 2:46:00 PM;9/29/2026 2:58:01 PM;RYR87CX;EIDPV;4CA4F8;B738;LEBL;EBBR;25L;;4.710026484592647;50.9418323625676;786.7650146484375;933.78076
F003-3;9/29/2026 4:55:42 PM +02:00;9/29/2026 4:57:07 PM +02:00;9/29/2026 4:56:20 PM +02:00;85;D;ARR;54.187496;64.14;73.48168;1.600000;9/29/2026 2:51:33 PM;9/29/2026 2:59:45 PM;BEL9SW;;44CE79;A319;EDDM;EBBR;25L;;4.709436944174238;50.94160740817909;767.7149658203125;930.2733
F003-3;9/29/2026 4:57:34 PM +02:00;9/29/2026 4:59:08 PM +02:00;9/29/2026 4:58:05 PM +02:00;94;D;ARR;59.051567;68.9;78.782845;1.200000;9/29/2026 2:53:57 PM;9/29/2026 3:02:17 PM;BEL9BP;OOSSL;44CE6C;A319;EDDM;EBBR;25L;BATTY7A;4.709437538034201;50.94176133509789;687.7049560546875;862.50824
F003-3;9/29/2026 5:08:10 PM +02:00;9/29/2026 5:10:10 PM +02:00;9/29/2026 5:09:11 PM +02:00;120;D;ARR;52.184742;62.6;72.976555;2.200000;9/29/2026 3:04:32 PM;9/29/2026 3:12:29 PM;BEL5EF;;502D7C;BCS3;EDDF;EBBR;25L;FLO2H;4.708954791374202;50.94203738462345;777.239990234375;898.1336
F003-3;9/29/2026 5:19:19 PM +02:00;9/29/2026 5:21:10 PM +02:00;9/29/2026 5:20:13 PM +02:00;111;D;ARR;56.89939;66.15;77.35262;2.100000;9/29/2026 3:15:08 PM;9/29/2026 3:24:44 PM;LBT384;9HMMO;4D23BB;A320;DTTJ;EBBR;25L;;4.709540354101026;50.94167466557873;807.719970703125;966.1292
F003-3;9/29/2026 5:23:21 PM +02:00;9/29/2026 5:24:34 PM +02:00;9/29/2026 5:24:00 PM +02:00;73;D;ARR;57.849483;65.76;76.48271;0.600000;9/29/2026 3:17:41 PM;9/29/2026 3:27:17 PM;TVS4345;;49D5D6;BCS3;LEZL;EBBR;25L;ARVOL9A;4.706063615731643;50.94699914954821;609.5999755859375;607.88074
F003-3;9/29/2026 5:25:49 PM +02:00;9/29/2026 5:26:46 PM +02:00;9/29/2026 5:26:22 PM +02:00;57;D;ARR;57.813232;65.85;75.37198;0.400000;9/29/2026 3:20:33 PM;9/29/2026 3:30:28 PM;MAC115B;CNNMJ;020124;A320;GMMW;EBBR;25L;ARVOL9A;4.704968669322773;50.947188030261316;657.8599853515625;694.9889
F003-3;9/29/2026 5:29:53 PM +02:00;9/29/2026 5:31:03 PM +02:00;9/29/2026 5:30:38 PM +02:00;70;D;ARR;56.326893;64.84;74.77787;0.700000;9/29/2026 3:25:45 PM;9/29/2026 3:34:24 PM;AEA36NR;;348609;B38M;LEMD;EBBR;25L;ARVOL9A;4.709041084909976;50.9418046369393;609.5999755859375;796.56714
F003-3;9/29/2026 5:31:48 PM +02:00;9/29/2026 5:33:23 PM +02:00;9/29/2026 5:32:36 PM +02:00;95;D;ARR;53.28847;60.31;73.065704;0.400000;9/29/2026 3:26:32 PM;9/29/2026 3:36:40 PM;AAB42N;OONSG;44BA67;C25C;EDDP;EBBR;25L;FLO2H;4.707610489657043;50.94162589158422;798.1950073242188;935.7616
F003-3;9/29/2026 5:35:59 PM +02:00;9/29/2026 5:37:48 PM +02:00;9/29/2026 5:36:49 PM +02:00;109;D;ARR;55.629616;65.08;76.00388;0.800000;9/29/2026 3:30:32 PM;9/29/2026 3:40:44 PM;RAM832B;CNMAX;020139;B38M;GMMN;EBBR;25L;ARVOL9A;4.7040319327020566;50.94736619991642;601.97998046875;651.4509
F003-3;9/29/2026 5:40:04 PM +02:00;9/29/2026 5:41:35 PM +02:00;9/29/2026 5:40:40 PM +02:00;91;D;ARR;59.480568;68.62;79.070984;0.800000;9/29/2026 3:36:16 PM;9/29/2026 3:44:56 PM;BEL2WM;OOSSA;44CE61;A319;LIPE;EBBR;25L;FLO2H;4.709614996385119;50.94166783601603;769.6199951171875;919.37
F003-3;9/29/2026 5:42:48 PM +02:00;9/29/2026 5:44:48 PM +02:00;9/29/2026 5:43:54 PM +02:00;120;D;ARR;57.908855;67.93;78.70067;1.300000;9/29/2026 3:39:36 PM;9/29/2026 3:47:16 PM;BEL1VC;OOSNK;44CDCB;A320;LGAV;EBBR;25L;;4.70904571725008;50.94161923511367;765.8099975585938;928.05176
F003-3;9/29/2026 5:51:03 PM +02:00;9/29/2026 5:51:52 PM +02:00;9/29/2026 5:51:15 PM +02:00;49;D;ARR;52.212708;59.32;69.11467;0.600000;9/29/2026 3:47:16 PM;9/29/2026 3:55:40 PM;JNJ605;OYJJS;45A953;HA4T;LUKK;EBBR;25L;;4.709319907485847;50.94123004477675;609.5999755859375;820.6968
F003-3;9/29/2026 5:54:44 PM +02:00;9/29/2026 5:56:28 PM +02:00;9/29/2026 5:55:45 PM +02:00;104;D;ARR;58.184547;68.99;78.35488;0.300000;9/29/2026 3:51:20 PM;9/29/2026 3:58:57 PM;BEL6VF;OOSNN;44CDCE;A320;LFMN;EBBR;25L;;4.709686581990701;50.94177105887695;742.9500122070312;915.21
F003-3;9/29/2026 5:58:14 PM +02:00;9/29/2026 6:00:08 PM +02:00;9/29/2026 5:59:11 PM +02:00;114;D;ARR;62.76858;72.64;83.33763;1.400000;9/29/2026 3:54:04 PM;9/29/2026 4:04:01 PM;RWD700;;06E02B;A332;HRYR;EBBR;25L;FLO2H;4.709144591814242;50.94330790466877;525.780029296875;624.47974
F003-3;9/29/2026 6:07:01 PM +02:00;9/29/2026 6:08:11 PM +02:00;9/29/2026 6:07:41 PM +02:00;70;D;ARR;51.730293;60.22;70.181274;0.700000;9/29/2026 4:02:48 PM;9/29/2026 4:12:04 PM;PNC1VL;YUSVL;4C4AAB;C56X;LSZH;EBBR;25L;FLO2H;4.709224306746822;50.94182124098524;601.97998046875;773.7377
F003-3;9/29/2026 6:08:44 PM +02:00;9/29/2026 6:09:56 PM +02:00;9/29/2026 6:09:23 PM +02:00;72;D;ARR;56.314407;64.85;74.88773;0.800000;9/29/2026 4:03:37 PM;9/29/2026 4:13:25 PM;BEL5HH;;44CDD1;A320;LEIB;EBBR;25L;ARVOL9A;4.710576380083965;50.94191623623117;733.0440063476562;906.15753
F003-3;9/29/2026 6:10:21 PM +02:00;9/29/2026 6:11:37 PM +02:00;9/29/2026 6:10:55 PM +02:00;76;D;ARR;56.67085;65.54;75.47898;0.400000;9/29/2026 4:05:57 PM;9/29/2026 4:15:00 PM;VLG79RM;;347601;A320;LEBL;EBBR;25L;ARVOL9A;4.70845227459539;50.94459249409676;627.3800048828125;666.23175
F003-3;9/29/2026 6:12:08 PM +02:00;9/29/2026 6:13:08 PM +02:00;9/29/2026 6:12:31 PM +02:00;60;D;ARR;60.06689;67;77.848404;0.600000;9/29/2026 4:06:28 PM;9/29/2026 4:17:00 PM;BEL2CA;OOSSJ;44CE6A;A319;LSGG;EBBR;25L;FLO2H;4.709145329918345;50.94162132456707;762;926.36206
F003-3;9/29/2026 6:13:57 PM +02:00;9/29/2026 6:14:50 PM +02:00;9/29/2026 6:14:16 PM +02:00;53;D;ARR;57.947792;63.68;75.19055;0.800000;9/29/2026 4:09:49 PM;9/29/2026 4:18:36 PM;SAS64U;;4CAD92;A20N;ESSA;EBBR;25L;FLO2H;4.7097614744575385;50.94182488504222;781.0499877929688;944.25116
F003-3;9/29/2026 6:15:18 PM +02:00;9/29/2026 6:16:33 PM +02:00;9/29/2026 6:15:45 PM +02:00;75;D;ARR;59.625256;71.15;78.37587;0.800000;9/29/2026 4:11:17 PM;9/29/2026 4:19:56 PM;BEL2YK;YLABE;502D46;BCS3;LEMG;EBBR;25L;ARVOL9A;4.708354382347472;50.94505859419668;731.52001953125;726.10516
F003-3;9/29/2026 6:17:15 PM +02:00;9/29/2026 6:18:19 PM +02:00;9/29/2026 6:17:45 PM +02:00;64;D;ARR;57.916866;66.33;75.97867;0.700000;9/29/2026 4:12:53 PM;9/29/2026 4:20:57 PM;FIN2PG;OHLXI;461F6A;A320;EFHK;EBBR;25L;FLO2H;4.710283456006746;50.94196252457063;771.1439819335938;930.1712
F003-3;9/29/2026 6:19:19 PM +02:00;9/29/2026 6:20:38 PM +02:00;9/29/2026 6:19:44 PM +02:00;79;D;ARR;54.218903;61.85;73.195175;1.300000;9/29/2026 4:14:48 PM;9/29/2026 4:24:00 PM;SWR8QE;HBJCQ;4B1808;BCS3;LSZH;EBBR;25L;FLO2H;4.7098334675009275;50.94252031454084;767.7149658203125;873.9306
F003-3;9/29/2026 6:21:41 PM +02:00;9/29/2026 6:23:05 PM +02:00;9/29/2026 6:22:21 PM +02:00;84;D;ARR;55.265537;64.84;74.50833;0.200000;9/29/2026 4:18:13 PM;9/29/2026 4:26:33 PM;SAS1595;SEROA;4AC9E1;A20N;EKCH;EBBR;25L;FLO2H;4.709104427526099;50.94162251112884;697.22998046875;876.87854
F003-3;9/29/2026 6:24:26 PM +02:00;9/29/2026 6:25:52 PM +02:00;9/29/2026 6:25:10 PM +02:00;86;D;ARR;55.966118;65.2;75.311104;0.600000;9/29/2026 4:20:48 PM;9/29/2026 4:28:52 PM;LOT3ML;;48E95E;B38M;EPWA;EBBR;25L;FLO2H;4.710490037668608;50.94166423338077;758.1900024414062;928.79224
F003-3;9/29/2026 6:27:03 PM +02:00;9/29/2026 6:28:06 PM +02:00;9/29/2026 6:27:31 PM +02:00;63;D;ARR;56.87748;65.15;74.87089;0.400000;9/29/2026 4:23:16 PM;9/29/2026 4:31:44 PM;ITY160;;4CADAC;A20N;LIRF;EBBR;25L;BATTY7A;4.710121065835741;50.94192325396556;739.1400146484375;884.1857
F003-3;9/29/2026 6:35:47 PM +02:00;9/29/2026 6:36:58 PM +02:00;9/29/2026 6:36:17 PM +02:00;71;D;ARR;55.271454;62.09;73.784035;1.100000;9/29/2026 4:31:48 PM;9/29/2026 4:40:20 PM;ROT373D;;4A08EF;B38M;LROP;EBBR;25L;FLO2H;4.710260450822275;50.94162301050886;752.4749755859375;918.80444
F003-3;9/29/2026 6:40:56 PM +02:00;9/29/2026 6:42:31 PM +02:00;9/29/2026 6:41:39 PM +02:00;95;D;ARR;57.07551;65.11;76.852745;0.600000;9/29/2026 4:36:21 PM;9/29/2026 4:45:36 PM;JAF6YV;OOJAQ;44A831;B738;GMFO;EBBR;25L;ARVOL9A;4.7091304967727305;50.94287083159712;853.4400024414062;930.0781
F003-3;9/29/2026 6:43:12 PM +02:00;9/29/2026 6:44:05 PM +02:00;9/29/2026 6:43:39 PM +02:00;53;D;ARR;58.035465;64.61;75.27822;0.800000;9/29/2026 4:39:09 PM;9/29/2026 4:47:41 PM;VLG7QT;ECKJD;342592;A320;LEBB;EBBR;25L;;4.7096380334642385;50.9427284809327;690.8800048828125;806.09717
F003-3;9/29/2026 6:47:27 PM +02:00;9/29/2026 6:48:21 PM +02:00;9/29/2026 6:47:56 PM +02:00;54;D;ARR;56.854214;62.1;74.178154;0.800000;9/29/2026 4:38:20 PM;9/29/2026 4:52:33 PM;BAW9LL;GEUPG;400877;A319;EGLL;EBBR;25L;;4.7103431953886306;50.94233189194802;803.9099731445312;934.00415
F003-3;9/29/2026 6:48:52 PM +02:00;9/29/2026 6:50:01 PM +02:00;9/29/2026 6:49:22 PM +02:00;69;D;ARR;59.634926;66.67;78.023415;0.600000;9/29/2026 4:41:24 PM;9/29/2026 4:52:57 PM;IBE06KA;ECLVD;344449;A320;LEMD;EBBR;25L;ARVOL9A;4.707717124443618;50.94586068473069;756.2850341796875;747.1996
F003-3;9/29/2026 6:50:27 PM +02:00;9/29/2026 6:51:35 PM +02:00;9/29/2026 6:51:01 PM +02:00;68;D;ARR;55.53112;62.53;73.85621;0.400000;9/29/2026 4:45:32 PM;9/29/2026 4:55:21 PM;AUA297W;OELBO;44001B;A320;LOWW;EBBR;25L;FLO2H;4.709873433577805;50.94180787974651;765.8099975585938;913.31976
F003-3;9/29/2026 6:52:02 PM +02:00;9/29/2026 6:53:06 PM +02:00;9/29/2026 6:52:41 PM +02:00;64;D;ARR;58.82444;65.52;76.88624;0.200000;9/29/2026 4:45:32 PM;9/29/2026 4:57:01 PM;BEL5DP;OOSNI;44CDC9;A320;LEBB;EBBR;25L;ARVOL9A;4.709100155237618;50.94285066956083;777.239990234375;854.50073
F003-3;9/29/2026 6:55:31 PM +02:00;9/29/2026 6:56:36 PM +02:00;9/29/2026 6:56:00 PM +02:00;65;D;ARR;59.0993;67.41;77.22843;1.300000;9/29/2026 4:51:20 PM;9/29/2026 5:00:12 PM;KMM420;9HNEO;4D21A2;A20N;LMML;EBBR;25L;FLO2H;4.709530493646751;50.94095105807613;781.0499877929688;992.942
F003-3;9/29/2026 6:57:01 PM +02:00;9/29/2026 6:57:59 PM +02:00;9/29/2026 6:57:29 PM +02:00;58;D;ARR;59.36021;66.35;76.99449;0.400000;9/29/2026 4:51:53 PM;9/29/2026 5:01:17 PM;RAM830F;CNRGR;020113;E190;GMME;EBBR;25L;ARVOL9A;4.70847765445264;50.945674154723726;632.4600219726562;618.1612
F003-3;9/29/2026 6:58:33 PM +02:00;9/29/2026 6:59:56 PM +02:00;9/29/2026 6:59:07 PM +02:00;83;D;ARR;57.61295;65.4;76.803734;0.700000;9/29/2026 4:54:21 PM;9/29/2026 5:03:08 PM;JAF1KW;OOJAX;44A838;B738;HESH;EBBR;25L;BATTY7A;4.709382043270543;50.94214460627402;800.0999755859375;914.32794
F003-3;9/29/2026 7:01:06 PM +02:00;9/29/2026 7:02:43 PM +02:00;9/29/2026 7:01:49 PM +02:00;97;E;ARR;57.760815;66.99;77.62853;0.600000;9/29/2026 4:57:20 PM;9/29/2026 5:05:16 PM;AEE6TH;SXNAK;46B82B;A21N;LGAV;EBBR;25L;FLO2H;4.7104700877522365;50.94202606519164;781.0499877929688;932.01556
F003-3;9/29/2026 7:12:48 PM +02:00;9/29/2026 7:14:21 PM +02:00;9/29/2026 7:13:44 PM +02:00;93;E;ARR;59.625645;71.07;79.31047;0.400000;9/29/2026 5:08:17 PM;9/29/2026 5:17:04 PM;RYR83SZ;EIEFD;4CA75F;B738;EIDW;EBBR;25L;;4.710809016054342;50.94321885060089;754.3800048828125;856.0143
F003-3;9/29/2026 7:15:11 PM +02:00;9/29/2026 7:15:59 PM +02:00;9/29/2026 7:15:51 PM +02:00;48;E;ARR;58.776287;66.65;75.5887;0.200000;9/29/2026 5:10:32 PM;9/29/2026 5:20:00 PM;ITY154;;4CAE11;BCS1;LIML;EBBR;25L;FLO2H;4.7094857262689676;50.94227476343114;678.1799926757812;825.13324
F003-3;9/29/2026 7:17:17 PM +02:00;9/29/2026 7:18:47 PM +02:00;9/29/2026 7:17:58 PM +02:00;90;E;ARR;61.285126;68.81;80.82755;0.200000;9/29/2026 5:13:16 PM;9/29/2026 5:22:28 PM;UAE181;A6EGE;89644C;B77W;OMDB;EBBR;25L;FLO2H;4.709622759539749;50.94183861530858;769.6199951171875;908.8729
F003-3;9/29/2026 7:28:52 PM +02:00;9/29/2026 7:30:23 PM +02:00;9/29/2026 7:29:38 PM +02:00;91;E;ARR;62.407257;70.56;81.99767;0.300000;9/29/2026 5:23:16 PM;9/29/2026 5:33:56 PM;MAC147C;;02019C;A320;GMTT;EBBR;25L;;4.709164598801107;50.944073045570136;609.5999755859375;677.7032
F003-3;9/29/2026 7:33:25 PM +02:00;9/29/2026 7:34:54 PM +02:00;9/29/2026 7:34:07 PM +02:00;89;E;ARR;55.745853;64.05;75.23975;0.300000;9/29/2026 5:30:05 PM;9/29/2026 5:37:36 PM;BEL7AM;;44CC44;A20N;LOWW;EBBR;25L;;4.710235524503071;50.942089376374625;685.7999877929688;832.3185
F003-3;9/29/2026 7:35:54 PM +02:00;9/29/2026 7:36:51 PM +02:00;9/29/2026 7:36:23 PM +02:00;57;E;ARR;60.415916;67.51;77.97466;0.400000;9/29/2026 5:30:37 PM;9/29/2026 5:40:44 PM;BEL2ZH;OOSSV;44CE76;A319;ESSA;EBBR;25L;WOODY9A;4.697925356184062;50.94931214313301;609.5999755859375;973.2813
F003-3;9/29/2026 7:37:26 PM +02:00;9/29/2026 7:38:28 PM +02:00;9/29/2026 7:37:50 PM +02:00;62;E;ARR;60.52231;66.13;78.44623;0.300000;9/29/2026 5:32:52 PM;9/29/2026 5:41:40 PM;BEL3CQ;OOSSX;44CE78;A319;EDDM;EBBR;25L;FLO2H;4.709707672145518;50.94171262167545;765.8099975585938;921.9094
F003-3;9/29/2026 7:38:54 PM +02:00;9/29/2026 7:40:06 PM +02:00;9/29/2026 7:39:17 PM +02:00;72;E;ARR;59.56291;66.06;78.13623;0.400000;9/29/2026 5:34:24 PM;9/29/2026 5:43:56 PM;BEL8MN;OOSSW;44CE77;A319;EKCH;EBBR;25L;FLO2H;4.709822507593728;50.94197536765297;773.4299926757812;924.49786
F003-3;9/29/2026 7:40:38 PM +02:00;9/29/2026 7:41:30 PM +02:00;9/29/2026 7:41:04 PM +02:00;52;E;ARR;59.79605;68.57;76.956085;0.300000;9/29/2026 5:36:40 PM;9/29/2026 5:45:25 PM;LZB407;;452121;BCS3;LBSF;EBBR;25L;FLO2H;4.7092460674368555;50.942675143388;733.0440063476562;834.64636
F003-3;9/29/2026 7:42:22 PM +02:00;9/29/2026 7:43:33 PM +02:00;9/29/2026 7:43:01 PM +02:00;71;E;ARR;60.680103;67.96;79.19269;0.300000;9/29/2026 5:35:53 PM;9/29/2026 5:47:25 PM;BEL7TA;OOSSU;44CE75;A319;ESGG;EBBR;25L;BEKEM9A;4.710610731062522;50.9416078930195;609.5999755859375;812.3228
F003-3;9/29/2026 7:44:55 PM +02:00;9/29/2026 7:46:09 PM +02:00;9/29/2026 7:45:38 PM +02:00;74;E;ARR;59.790226;67.48;78.482544;0.400000;9/29/2026 5:40:28 PM;9/29/2026 5:49:48 PM;BEL4WF;OOSNM;44CDCD;A320;LHBP;EBBR;25L;FLO2H;4.709992379987541;50.94175715306472;762;911.5125
F003-3;9/29/2026 7:46:32 PM +02:00;9/29/2026 7:47:26 PM +02:00;9/29/2026 7:47:02 PM +02:00;54;E;ARR;58.53301;64.72;75.85695;0.500000;9/29/2026 5:39:49 PM;9/29/2026 5:51:16 PM;SAS69X;;4ACA70;E195;EKCH;EBBR;25L;WOODY9A;4.709584234695333;50.94106112487713;716.280029296875;917.651
F003-3;9/29/2026 7:47:51 PM +02:00;9/29/2026 7:48:43 PM +02:00;9/29/2026 7:48:17 PM +02:00;52;E;ARR;62.80183;68.4;79.96186;0.400000;9/29/2026 5:41:53 PM;9/29/2026 5:53:01 PM;BEL93B;OOSSO;44CE6F;A319;EGLL;EBBR;25L;KERKY2H;4.710331780574156;50.94307802005845;624.8400268554688;725.281
F003-3;9/29/2026 7:48:59 PM +02:00;9/29/2026 7:50:12 PM +02:00;9/29/2026 7:49:45 PM +02:00;73;E;ARR;60.305428;68.21;78.93866;0.500000;9/29/2026 5:45:00 PM;9/29/2026 5:54:13 PM;CTN4456;;501C38;BCS3;LDZA;EBBR;25L;FLO2H;4.708979265509028;50.9428643358191;754.3800048828125;832.7744
F003-3;9/29/2026 7:51:40 PM +02:00;9/29/2026 7:52:51 PM +02:00;9/29/2026 7:52:16 PM +02:00;71;E;ARR;59.085003;68.32;77.59759;0.300000;9/29/2026 5:46:41 PM;9/29/2026 5:56:17 PM;BEL3JZ;OOSNH;44CDC8;A320;EDDB;EBBR;25L;FLO2H;4.710206262736155;50.941878179331404;754.3800048828125;900.4418
F003-3;9/29/2026 7:53:28 PM +02:00;9/29/2026 7:54:33 PM +02:00;9/29/2026 7:54:08 PM +02:00;65;E;ARR;59.52661;65.72;77.65575;0.500000;9/29/2026 5:48:56 PM;9/29/2026 5:58:25 PM;BEL9PY;OOSNJ;44CDCA;A320;EPWA;EBBR;25L;FLO2H;4.710090607519281;50.94185810950638;767.7149658203125;914.24414
F003-3;9/29/2026 7:55:01 PM +02:00;9/29/2026 7:55:59 PM +02:00;9/29/2026 7:55:33 PM +02:00;58;E;ARR;60.115105;66.67;77.74938;0.600000;9/29/2026 5:46:01 PM;9/29/2026 6:00:16 PM;MAC111;;020176;A320;GMMN;EBBR;25L;ARVOL9A;4.709628891397502;50.94157340670233;617.219970703125;814.6806
F003-3;9/29/2026 7:56:20 PM +02:00;9/29/2026 7:57:24 PM +02:00;9/29/2026 7:57:03 PM +02:00;64;E;ARR;60.22523;67.31;78.28703;0.500000;9/29/2026 5:51:48 PM;9/29/2026 6:01:40 PM;BEL1BT;OOSSB;44CE62;A319;LIML;EBBR;25L;FLO2H;4.709447486050916;50.94157480995685;758.1900024414062;914.4888
F003-3;9/29/2026 7:58:07 PM +02:00;9/29/2026 7:59:21 PM +02:00;9/29/2026 7:58:41 PM +02:00;74;E;ARR;56.547985;68.03;75.2403;0.300000;9/29/2026 5:53:40 PM;9/29/2026 6:02:09 PM;BEL6HI;YLABH;502D59;BCS3;LJLJ;EBBR;25L;FLO2H;4.709746733492801;50.9416945833755;758.1900024414062;918.798
F003-3;9/29/2026 8:00:18 PM +02:00;9/29/2026 8:02:13 PM +02:00;9/29/2026 8:01:15 PM +02:00;115;E;ARR;61.14657;69.82;81.75355;0.200000;9/29/2026 5:56:24 PM;9/29/2026 6:05:32 PM;THY1HZ;TCJNT;4BA9D4;A333;LTFM;EBBR;25L;BATTY7A;4.709259307216979;50.94166385829381;762;915.2915
F003-3;9/29/2026 8:03:38 PM +02:00;9/29/2026 8:04:28 PM +02:00;9/29/2026 8:04:01 PM +02:00;50;E;ARR;49.710438;56.78;66.700134;0.200000;9/29/2026 5:59:45 PM;9/29/2026 6:07:04 PM;;FHGLG;399966;LJ75;LFLC;EBBR;25L;ARVOL9A;4.709524074253148;50.94253763675938;609.5999755859375;751.10626
F003-3;9/29/2026 8:11:54 PM +02:00;9/29/2026 8:13:01 PM +02:00;9/29/2026 8:12:29 PM +02:00;67;E;ARR;56.218605;62.6;74.479355;0.200000;9/29/2026 6:07:44 PM;9/29/2026 6:17:01 PM;EJU79BG;OELQM;440589;A319;LIRF;EBBR;25L;;4.70947297271862;50.94173546886538;762;907.6337
F003-3;9/29/2026 8:13:20 PM +02:00;9/29/2026 8:14:43 PM +02:00;9/29/2026 8:13:57 PM +02:00;83;E;ARR;60.373188;67.59;79.56397;0.700000;9/29/2026 6:08:28 PM;9/29/2026 6:18:29 PM;BEL7LW;OOSNL;44CDCC;A320;LPPR;EBBR;25L;;4.708182936451606;50.942986888072504;769.6199951171875;836.8342
F003-3;9/29/2026 8:15:07 PM +02:00;9/29/2026 8:16:03 PM +02:00;9/29/2026 8:15:36 PM +02:00;56;E;ARR;57.306656;62.77;74.788536;0.700000;9/29/2026 6:10:04 PM;9/29/2026 6:20:01 PM;BEL3SG;;44CC47;A20N;LIRF;EBBR;25L;FLO2H;4.709236209974498;50.9416706358417;771.5250244140625;918.43024
F003-3;9/29/2026 8:16:43 PM +02:00;9/29/2026 8:17:45 PM +02:00;9/29/2026 8:17:13 PM +02:00;62;E;ARR;59.800716;65.81;77.72463;0.600000;9/29/2026 6:12:08 PM;9/29/2026 6:21:53 PM;BEL2KP;OOSSR;44CE72;A319;LKPR;EBBR;25L;BATTY7A;4.7102420385426464;50.9419320589045;777.239990234375;916.42175
F003-3;9/29/2026 8:18:26 PM +02:00;9/29/2026 8:19:49 PM +02:00;9/29/2026 8:18:53 PM +02:00;83;E;ARR;56.263386;63.87;75.45417;0.700000;9/29/2026 6:13:29 PM;9/29/2026 6:23:17 PM;VLG56EE;ECNCS;34610F;A20N;LEAL;EBBR;25L;;4.7048547393643725;50.947160474761695;739.1400146484375;758.23035
F003-3;9/29/2026 8:20:29 PM +02:00;9/29/2026 8:21:48 PM +02:00;9/29/2026 8:21:04 PM +02:00;79;E;ARR;51.823326;57.96;70.7996;0.600000;9/29/2026 6:14:09 PM;9/29/2026 6:25:33 PM;;DIBEC;3E1A56;DA62;EDQG;EBBR;25L;FLO2H;4.709646026881647;50.94233969947531;754.3800048828125;879.0847
F003-3;9/29/2026 8:22:59 PM +02:00;9/29/2026 8:24:20 PM +02:00;9/29/2026 8:23:53 PM +02:00;81;E;ARR;53.847523;61.4;72.93237;0.700000;9/29/2026 6:17:49 PM;9/29/2026 6:28:25 PM;BEL9CJ;;44CE79;A319;EDDF;EBBR;25L;FLO2H;4.709408503128434;50.94161870950357;762;914.4594
F003-3;9/29/2026 8:24:54 PM +02:00;9/29/2026 8:26:14 PM +02:00;9/29/2026 8:25:35 PM +02:00;80;E;ARR;55.55519;63.91;74.58609;0.700000;9/29/2026 6:19:53 PM;9/29/2026 6:30:24 PM;EJU86EN;OEICI;44046D;A320;LFMN;EBBR;25L;BATTY7A;4.709424669921243;50.941656875599634;765.8099975585938;914.93134
F003-3;9/29/2026 8:32:07 PM +02:00;9/29/2026 8:33:07 PM +02:00;9/29/2026 8:32:32 PM +02:00;60;E;ARR;64.389725;70.96;82.171234;0.800000;9/29/2026 6:27:13 PM;9/29/2026 6:37:00 PM;BEL74C;OOSSF;44CE66;A319;LEBL;EBBR;25L;KERKY2H;4.706043230494433;50.94660814395574;609.5999755859375;602.4793
F003-3;9/29/2026 8:34:44 PM +02:00;9/29/2026 8:35:46 PM +02:00;9/29/2026 8:35:11 PM +02:00;62;E;ARR;56.608284;62.38;74.5322;0.700000;9/29/2026 6:30:28 PM;9/29/2026 6:39:21 PM;JAF94C;OOTNB;44D1C2;B738;LGZA;EBBR;25L;BATTY7A;4.709996242944149;50.942140652584854;789.9400024414062;920.1919
F003-3;9/29/2026 8:36:13 PM +02:00;9/29/2026 8:37:23 PM +02:00;9/29/2026 8:36:39 PM +02:00;70;E;ARR;57.493847;63.41;75.944824;0.700000;9/29/2026 6:31:36 PM;9/29/2026 6:41:13 PM;VLG6814;ECMKX;345205;A319;LIRQ;EBBR;25L;FLO2H;4.709437351545645;50.94172203933829;769.6199951171875;914.4059
F003-3;9/29/2026 8:38:18 PM +02:00;9/29/2026 8:39:27 PM +02:00;9/29/2026 8:38:48 PM +02:00;69;E;ARR;59.998623;68.62;78.387115;0.600000;9/29/2026 6:33:09 PM;9/29/2026 6:42:21 PM;TAP44BR;CSTTP;495290;A319;LPPT;EBBR;25L;ARVOL9A;4.709631746034906;50.94420270893366;693.4199829101562;724.16785
F003-3;9/29/2026 8:44:27 PM +02:00;9/29/2026 8:46:03 PM +02:00;9/29/2026 8:45:13 PM +02:00;96;E;ARR;56.975437;63.14;76.79815;0.400000;9/29/2026 6:39:44 PM;9/29/2026 6:49:16 PM;JAF4NV;;44D1B4;B38M;LEIB;EBBR;25L;;4.704344075236727;50.94808598112656;834.3900146484375;880.45953
F003-3;9/29/2026 9:03:57 PM +02:00;9/29/2026 9:05:32 PM +02:00;9/29/2026 9:04:31 PM +02:00;95;E;ARR;55.392586;65.17;75.16982;0.600000;9/29/2026 6:57:49 PM;9/29/2026 7:09:05 PM;TRA90G;PHHXM;484C9B;B738;LEMG;EBBR;25L;ARVOL9A;4.701505834931002;50.949738487229396;678.1799926757812;882.0109
F003-3;9/29/2026 9:12:11 PM +02:00;9/29/2026 9:14:07 PM +02:00;9/29/2026 9:13:01 PM +02:00;116;E;ARR;53.652424;61.88;74.297005;0.900000;9/29/2026 7:08:24 PM;9/29/2026 7:17:25 PM;THA934;;8852E3;B789;VTBS;EBBR;25L;FLO2H;4.710199063023625;50.941855717778715;777.239990234375;920.4386
F003-3;9/29/2026 9:14:36 PM +02:00;9/29/2026 9:15:47 PM +02:00;9/29/2026 9:15:18 PM +02:00;71;E;ARR;55.565533;62.85;74.07812;1.200000;9/29/2026 7:09:25 PM;9/29/2026 7:19:33 PM;BEL1852;;44CC45;A20N;LICJ;EBBR;25L;FLO2H;4.710213513876614;50.941914124310394;777.239990234375;917.1264
F003-3;9/29/2026 9:16:10 PM +02:00;9/29/2026 9:17:26 PM +02:00;9/29/2026 9:16:53 PM +02:00;76;E;ARR;55.851482;62.14;74.659615;1.200000;9/29/2026 7:11:13 PM;9/29/2026 7:21:09 PM;EJU84YJ;OEIVZ;4402AE;A320;LIML;EBBR;25L;BATTY7A;4.710077610961566;50.94172106747414;762;914.7495
F003-3;9/29/2026 9:18:05 PM +02:00;9/29/2026 9:19:12 PM +02:00;9/29/2026 9:18:39 PM +02:00;67;E;ARR;59.067905;67.12;77.32865;0.800000;9/29/2026 7:11:09 PM;9/29/2026 7:22:45 PM;RYR44SX;EIENK;4CA8D6;B738;GMMX;EBBR;25L;ARVOL9A;4.709886166154504;50.94188765500405;769.6199951171875;908.57886
F003-3;9/29/2026 9:19:55 PM +02:00;9/29/2026 9:20:58 PM +02:00;9/29/2026 9:20:21 PM +02:00;63;E;ARR;58.627045;64.09;76.62045;0.800000;9/29/2026 7:14:00 PM;9/29/2026 7:24:04 PM;THY1EF;TCLTL;4BB28C;A21N;LTFM;EBBR;25L;BATTY7A;4.709877192492438;50.941861810984285;782.9549560546875;922.4282
F003-3;9/29/2026 9:30:47 PM +02:00;9/29/2026 9:32:11 PM +02:00;9/29/2026 9:31:22 PM +02:00;84;E;ARR;60.17555;68.22;79.41834;0.500000;9/29/2026 7:25:01 PM;9/29/2026 7:36:12 PM;TRA94N;PHHXJ;4853D3;B738;GMAD;EBBR;25L;ARVOL9A;4.710491762822703;50.94285661757841;609.5999755859375;746.2716
F003-3;9/29/2026 9:35:42 PM +02:00;9/29/2026 9:37:37 PM +02:00;9/29/2026 9:36:37 PM +02:00;115;E;ARR;55.500652;64;76.10763;0.500000;9/29/2026 7:32:12 PM;9/29/2026 7:40:40 PM;JAF8WG;OOTUJ;44D2AA;B738;HEMA;EBBR;25L;FLO2H;4.7101763931027145;50.94196696903441;782.9549560546875;920.59863
F003-3;9/29/2026 9:39:35 PM +02:00;9/29/2026 9:41:19 PM +02:00;9/29/2026 9:40:15 PM +02:00;104;E;ARR;61.50866;69.37;81.67899;0.600000;9/29/2026 7:32:33 PM;9/29/2026 7:45:13 PM;BCS378;;3C71A7;A333;KCVG;EBBR;25L;KOK9A;4.7107434780395225;50.94282793158358;720.0900268554688;838.678
F003-3;9/29/2026 9:47:09 PM +02:00;9/29/2026 9:48:52 PM +02:00;9/29/2026 9:47:57 PM +02:00;103;E;ARR;59.234722;67.83;79.3631;1.000000;9/29/2026 7:44:05 PM;9/29/2026 7:52:33 PM;BEL9NK;OOSNK;44CDCB;A320;EDDB;EBBR;25L;;4.709522766618515;50.94219605788894;779.14501953125;902.7232
F003-3;9/29/2026 9:50:00 PM +02:00;9/29/2026 9:51:38 PM +02:00;9/29/2026 9:50:43 PM +02:00;98;E;ARR;59.016575;67.82;78.92883;0.900000;9/29/2026 7:46:04 PM;9/29/2026 7:55:01 PM;DHK954;GDHLM;400B4B;B763;OMDW;EBBR;25L;FLO2H;4.70995397244284;50.94194034284429;781.0499877929688;919.32574
F003-3;9/29/2026 9:52:24 PM +02:00;9/29/2026 9:54:04 PM +02:00;9/29/2026 9:52:59 PM +02:00;100;E;ARR;56.649208;65.41;76.64921;0.900000;9/29/2026 7:44:17 PM;9/29/2026 7:57:29 PM;JAF7GY;OOTUK;44D2AB;B738;GMMW;EBBR;25L;ARVOL9A;4.709821712418373;50.941775390349676;601.97998046875;783.2699
F003-3;9/29/2026 9:54:46 PM +02:00;9/29/2026 9:55:54 PM +02:00;9/29/2026 9:55:08 PM +02:00;68;E;ARR;58.88916;66.65;77.21425;0.700000;9/29/2026 7:49:49 PM;9/29/2026 7:59:57 PM;VLG3HA;ECNLV;346690;A321;LEBL;EBBR;25L;ARVOL9A;4.710040996452409;50.94144695852476;609.5999755859375;815.60077
F003-3;9/29/2026 9:56:38 PM +02:00;9/29/2026 9:57:59 PM +02:00;9/29/2026 9:57:21 PM +02:00;81;E;ARR;53.517742;61.35;72.60259;0.600000;9/29/2026 7:50:05 PM;9/29/2026 8:01:49 PM;JAF9LD;OOTMZ;44D1BA;B38M;DAAG;EBBR;25L;BATTY7A;4.710034993767223;50.94173234787067;742.9500122070312;910.7358
F003-3;9/29/2026 9:58:26 PM +02:00;9/29/2026 10:00:06 PM +02:00;9/29/2026 9:59:09 PM +02:00;100;E;ARR;54.069813;61.91;74.06981;0.800000;9/29/2026 7:52:41 PM;9/29/2026 8:03:48 PM;KLM65C;PHEZL;484C50;E190;EHAM;EBBR;25L;WOODY9A;4.710120772809711;50.94184008626546;769.6199951171875;926.80664
F003-3;9/29/2026 10:00:57 PM +02:00;9/29/2026 10:01:56 PM +02:00;9/29/2026 10:01:31 PM +02:00;59;E;ARR;56.77094;63.78;74.47946;0.800000;9/29/2026 7:56:08 PM;9/29/2026 8:05:28 PM;BEL72R;;44CDD1;A320;LSGG;EBBR;25L;FLO2H;4.7102172362728965;50.94195117783557;676.2750244140625;838.9213
F003-3;9/29/2026 10:04:55 PM +02:00;9/29/2026 10:06:00 PM +02:00;9/29/2026 10:05:17 PM +02:00;65;E;ARR;60.98558;68.56;79.114716;0.600000;9/29/2026 7:57:49 PM;9/29/2026 8:09:20 PM;VJT643;;4D21CD;E35L;EGLF;EBBR;25L;KOK9A;4.710216359035772;50.94264894843524;676.2750244140625;802.2222
F003-3;9/29/2026 10:08:06 PM +02:00;9/29/2026 10:09:28 PM +02:00;9/29/2026 10:08:47 PM +02:00;82;E;ARR;55.246773;62.65;74.38491;0.800000;9/29/2026 8:03:13 PM;9/29/2026 8:12:57 PM;BEL4MR;OOSNF;44CDC6;A320;DTMB;EBBR;25L;FLO2H;4.709238876636093;50.94190659907286;773.4299926757812;904.5753
F003-3;9/29/2026 10:11:47 PM +02:00;9/29/2026 10:13:10 PM +02:00;9/29/2026 10:12:30 PM +02:00;83;E;ARR;55.01528;62.26;74.20606;0.900000;9/29/2026 8:08:13 PM;9/29/2026 8:16:21 PM;LOT1KE;SPLND;48ADA3;E195;EPWA;EBBR;25L;BATTY7A;4.709770666278393;50.941447369209506;769.6199951171875;934.9041
F003-3;9/29/2026 10:14:09 PM +02:00;9/29/2026 10:15:55 PM +02:00;9/29/2026 10:14:54 PM +02:00;106;E;ARR;57.65668;66.2;77.90974;0.900000;9/29/2026 8:10:13 PM;9/29/2026 8:19:21 PM;BEL5PR;OOSNN;44CDCE;A320;EDDF;EBBR;25L;FLO2H;4.709380166639171;50.94165021394143;792.47998046875;937.1851
F003-3;9/29/2026 10:16:22 PM +02:00;9/29/2026 10:18:25 PM +02:00;9/29/2026 10:17:25 PM +02:00;123;E;ARR;52.829563;62.45;73.728615;1.100000;9/29/2026 8:12:33 PM;9/29/2026 8:21:53 PM;FIN2L;OHLKG;461E16;E190;EFHK;EBBR;25L;BATTY7A;4.709902284653312;50.94144265077073;765.8099975585938;949.74194
F003-3;9/29/2026 10:27:17 PM +02:00;9/29/2026 10:29:12 PM +02:00;9/29/2026 10:28:07 PM +02:00;115;E;ARR;54.617897;62.92;75.22488;0.900000;9/29/2026 8:23:37 PM;9/29/2026 8:32:21 PM;FHY8014;TCFBV;4B9856;A320;LTAI;EBBR;25L;FLO2H;4.7091171707566355;50.941709040530185;800.0999755859375;937.989
F003-3;9/29/2026 10:48:55 PM +02:00;9/29/2026 10:50:09 PM +02:00;9/29/2026 10:49:26 PM +02:00;74;E;ARR;56.022472;63.69;74.71479;0.400000;9/29/2026 8:44:53 PM;9/29/2026 8:53:53 PM;BEL6AK;YLABE;502D46;BCS3;EDDM;EBBR;25L;FLO2H;4.711205378380768;50.94269014041317;784.8599853515625;900.28577
F003-3;9/29/2026 10:52:01 PM +02:00;9/29/2026 10:53:25 PM +02:00;9/29/2026 10:52:27 PM +02:00;84;E;ARR;56.017754;65.14;75.260544;0.300000;9/29/2026 8:45:41 PM;9/29/2026 8:56:57 PM;IBE0603;ECNCM;346147;A20N;LEMD;EBBR;25L;ARVOL9A;4.710315586836017;50.941624050076946;742.9500122070312;923.16113
F003-3;9/29/2026 10:56:38 PM +02:00;9/29/2026 10:58:23 PM +02:00;9/29/2026 10:57:15 PM +02:00;105;E;ARR;57.928093;66.19;78.139984;0.700000;9/29/2026 8:52:37 PM;9/29/2026 9:01:49 PM;BEL9WV;OOSSA;44CE61;A319;LOWW;EBBR;25L;FLO2H;4.709725477417606;50.941718212675056;765.8099975585938;916.7079
F003-3;9/29/2026 11:04:37 PM +02:00;9/29/2026 11:06:04 PM +02:00;9/29/2026 11:05:20 PM +02:00;87;N;ARR;55.151203;62.92;74.546394;0.500000;9/29/2026 9:00:37 PM;9/29/2026 9:09:45 PM;CXI32CZ;LYLGA;503E61;A320;LGIR;EBBR;25L;FLO2H;4.709476937335849;50.94183656982983;765.8099975585938;913.2994
F003-3;9/29/2026 11:06:57 PM +02:00;9/29/2026 11:08:11 PM +02:00;9/29/2026 11:07:28 PM +02:00;74;N;ARR;42.530132;46.44;61.22245;1.000000;9/29/2026 9:00:09 PM;9/29/2026 9:11:49 PM;TRA96B;PHHXL;484B6E;B738;LEAL;EBBR;25R;ARVOL9A;4.692020797857631;50.96622860618798;640.0800170898438;2555.0715
F003-3;9/30/2026 12:28:07 AM +02:00;9/30/2026 12:30:08 AM +02:00;9/30/2026 12:29:09 AM +02:00;121;N;ARR;56.065132;64.51;76.89298;0.800000;9/29/2026 10:20:37 PM;9/29/2026 10:34:04 PM;JAF2536;OOJAF;44A826;B738;GMMN;EBBR;25L;ARVOL9A;4.710337591155088;50.94273642915737;777.239990234375;873.2999
F003-3;9/30/2026 12:30:31 AM +02:00;9/30/2026 12:31:26 AM +02:00;9/30/2026 12:30:52 AM +02:00;55;N;ARR;43.45783;46.92;60.861454;0.500000;9/29/2026 10:24:21 PM;9/29/2026 10:35:44 PM;BCS21Q;EIAZD;4CAC65;B738;LFPG;EBBR;25R;ARVOL9A;4.692822755471497;50.96657356651825;809.625;2613.3972
F003-3;9/30/2026 12:32:00 AM +02:00;9/30/2026 12:33:40 AM +02:00;9/30/2026 12:32:42 AM +02:00;100;N;ARR;57.618416;65.28;77.618416;0.200000;9/29/2026 10:25:33 PM;9/29/2026 10:37:20 PM;TAP46RU;CSTNK;4951CB;A320;LPPT;EBBR;25L;ARVOL9A;4.709372422346609;50.94147716463648;819.1500244140625;984.388
F003-3;9/30/2026 12:38:11 AM +02:00;9/30/2026 12:40:04 AM +02:00;9/30/2026 12:39:07 AM +02:00;113;N;ARR;52.980762;61.96;73.51154;0.900000;9/29/2026 10:33:36 PM;9/29/2026 10:43:16 PM;JAF3261;;44D1A6;B38M;LTBJ;EBBR;25L;FLO2H;4.709747091377189;50.94178896614804;762;919.2982
F003-3;9/30/2026 12:40:27 AM +02:00;9/30/2026 12:42:16 AM +02:00;9/30/2026 12:41:19 AM +02:00;109;N;ARR;52.703377;60.35;73.077644;0.800000;9/29/2026 10:35:52 PM;9/29/2026 10:45:20 PM;JAF2EV;OOTMB;44D1A2;B38M;HEGN;EBBR;25L;FLO2H;4.709275206471623;50.94163799805082;773.4299926757812;920.3173
F049-1;9/29/2026 7:00:00 AM +02:00;9/29/2026 7:01:12 AM +02:00;9/29/2026 7:00:40 AM +02:00;72;D;DEP;69.560036;77.87;88.13336;;9/29/2026 4:59:53 AM;9/29/2026 5:04:32 AM;DHK054;GDHLX;407CF7;B77L;EBBR;ZSPD;25R;PITES4G;4.432620246311989;50.89165106667356;381;723.84766
F049-1;9/29/2026 7:03:54 AM +02:00;9/29/2026 7:05:08 AM +02:00;9/29/2026 7:04:24 AM +02:00;74;D;DEP;61.3515;67.98;80.043816;;9/29/2026 5:03:21 AM;9/29/2026 5:07:20 AM;BEL5RA;YLABE;502D46;BCS3;EBBR;LOWW;25R;SOPOK4G;4.431841781801784;50.89014921933905;666.75;821.7192
F049-1;9/29/2026 7:06:13 AM +02:00;9/29/2026 7:06:58 AM +02:00;9/29/2026 7:06:33 AM +02:00;45;D;DEP;63.555008;70.28;80.087135;;9/29/2026 5:05:24 AM;9/29/2026 5:09:52 AM;JAF4AB;;449683;E295;EBBR;LGRP;25R;PITES4G;4.4327684445620985;50.89131183989372;461.0099792480469;727.19794
F049-1;9/29/2026 7:11:14 AM +02:00;9/29/2026 7:12:38 AM +02:00;9/29/2026 7:11:35 AM +02:00;84;D;DEP;63.063663;69.63;82.30646;;9/29/2026 5:10:40 AM;9/29/2026 5:14:36 AM;BEL8HQ;OOSSB;44CE62;A319;EBBR;LSZH;25R;ROUSY4G;4.432212672491193;50.8920057770822;590.5499877929688;869.41345
F049-1;9/29/2026 7:13:13 AM +02:00;9/29/2026 7:14:26 AM +02:00;9/29/2026 7:13:46 AM +02:00;73;D;DEP;72.33062;80.57;90.96385;;9/29/2026 5:12:56 AM;9/29/2026 5:18:12 AM;BCS081;DALEJ;3C70AA;A332;EBBR;DNMM;25R;ROUSY4G;4.432185669946354;50.89216307519161;441.9599914550781;809.2699
F049-1;9/29/2026 7:16:47 AM +02:00;9/29/2026 7:17:37 AM +02:00;9/29/2026 7:17:19 AM +02:00;50;D;DEP;63.690228;68.97;80.679924;;9/29/2026 5:16:16 AM;9/29/2026 5:19:24 AM;AAB42N;OONSG;44BA67;C25C;EBBR;EDDP;25R;SPI4G;4.438430767767233;50.88575900673955;922.02001953125;863.2767
F049-1;9/29/2026 7:18:24 AM +02:00;9/29/2026 7:19:06 AM +02:00;9/29/2026 7:18:49 AM +02:00;42;D;DEP;63.51146;69.41;79.74395;;9/29/2026 5:18:00 AM;9/29/2026 5:22:28 AM;IBE06CK;ECILS;342091;A320;EBBR;LEMD;25R;CIV4G;4.435088214203697;50.897518512937324;502.9200134277344;1222.5626
F049-1;9/29/2026 7:22:22 AM +02:00;9/29/2026 7:23:43 AM +02:00;9/29/2026 7:22:45 AM +02:00;81;D;DEP;63.786068;71.18;82.87092;;9/29/2026 5:21:52 AM;9/29/2026 5:25:36 AM;BEL4CB;OOSSF;44CE66;A319;EBBR;LIML;25R;ROUSY4G;4.432872401314981;50.89171643923006;581.0250244140625;836.6441
F049-1;9/29/2026 7:25:40 AM +02:00;9/29/2026 7:27:02 AM +02:00;9/29/2026 7:26:22 AM +02:00;82;D;DEP;63.81494;71.64;82.95308;;9/29/2026 5:25:28 AM;9/29/2026 5:29:48 AM;BEL1YC;;44CE79;A319;EBBR;LIRF;25R;ROUSY4G;4.4333807062952815;50.891611258716416;510.5400085449219;767.11597
F049-1;9/29/2026 7:36:09 AM +02:00;9/29/2026 7:37:21 AM +02:00;9/29/2026 7:36:48 AM +02:00;72;D;DEP;62.1347;69.48;80.70802;;9/29/2026 5:36:04 AM;9/29/2026 5:39:44 AM;THY39P;TCLSC;4BB263;A21N;EBBR;LTFM;25R;SOPOK4G;4.432886620336655;50.89172318096671;674.3699951171875;890.9295
F049-1;9/29/2026 7:50:12 AM +02:00;9/29/2026 7:51:47 AM +02:00;9/29/2026 7:51:20 AM +02:00;95;D;DEP;64.18604;72.54;83.96328;;9/29/2026 5:50:24 AM;9/29/2026 5:54:56 AM;BEL2HV;OOSNI;44CDC9;A320;EBBR;LIRN;25R;SOPOK4G;4.432988910067202;50.89207384729314;495.3000183105469;809.3346
F049-1;9/29/2026 8:01:06 AM +02:00;9/29/2026 8:02:14 AM +02:00;9/29/2026 8:01:31 AM +02:00;68;D;DEP;51.911503;57.87;70.236595;;9/29/2026 6:00:41 AM;9/29/2026 6:07:01 AM;;OORKS;44C973;C510;EBBR;EBOS;25R;DENUT4G;4.440130902059698;50.899266458078884;594.3599853515625;1527.7145
F049-1;9/29/2026 8:04:39 AM +02:00;9/29/2026 8:06:30 AM +02:00;9/29/2026 8:05:49 AM +02:00;111;D;DEP;63.438423;73.73;83.891655;;9/29/2026 6:04:57 AM;9/29/2026 6:09:04 AM;JAF2XD;OOJAX;44A838;B738;EBBR;HESH;25R;SOPOK4G;4.432478222277203;50.892731113840966;401.32000732421875;840.0872
F049-1;9/29/2026 8:10:03 AM +02:00;9/29/2026 8:11:44 AM +02:00;9/29/2026 8:10:39 AM +02:00;101;D;DEP;63.847244;72.86;83.89046;;9/29/2026 6:09:33 AM;9/29/2026 6:14:16 AM;LOT4MH;SPLNE;48ADA4;E195;EBBR;EPWA;25R;LNO4G;4.432573829423674;50.89177011570298;533.4000244140625;812.2126
F049-1;9/29/2026 8:20:05 AM +02:00;9/29/2026 8:21:04 AM +02:00;9/29/2026 8:20:45 AM +02:00;59;D;DEP;59.832455;67.91;77.54098;;9/29/2026 6:19:45 AM;9/29/2026 6:23:49 AM;KLM58G;PHEZL;484C50;E190;EBBR;EHAM;25R;HELEN4G;4.438605433284754;50.89794385738838;533.4000244140625;1345.5631
F049-1;9/29/2026 8:25:57 AM +02:00;9/29/2026 8:26:44 AM +02:00;9/29/2026 8:26:22 AM +02:00;47;D;DEP;55.876007;61.19;72.596985;;9/29/2026 6:25:29 AM;9/29/2026 6:29:53 AM;BEL8KV;;44CC45;A20N;EBBR;LFPG;25R;CIV4G;4.439605328363251;50.89906152146127;449.58001708984375;1422.3881
F049-1;9/29/2026 8:29:21 AM +02:00;9/29/2026 8:30:48 AM +02:00;9/29/2026 8:29:49 AM +02:00;87;D;DEP;61.37956;71.02;80.77475;;9/29/2026 6:29:01 AM;9/29/2026 6:33:52 AM;ANE8076;ECMTZ;345687;CRJX;EBBR;LPPR;25R;CIV4G;4.436082639440718;50.894332702222954;335.2799987792969;911.45636
F049-1;9/29/2026 8:35:03 AM +02:00;9/29/2026 8:36:26 AM +02:00;9/29/2026 8:35:29 AM +02:00;83;D;DEP;58.101723;64.47;77.2925;;9/29/2026 6:34:44 AM;9/29/2026 6:38:24 AM;RYR38YH;EIDLX;4CA303;B738;EBBR;LEGE;25R;CIV4G;4.441310327503204;50.90314502135706;662.9400024414062;1948.0195
F049-1;9/29/2026 8:57:29 AM +02:00;9/29/2026 8:59:01 AM +02:00;9/29/2026 8:58:09 AM +02:00;92;D;DEP;65.5297;71.29;85.16758;;9/29/2026 6:57:08 AM;9/29/2026 7:01:28 AM;RYR1TZ;EIDHH;4CA264;B738;EBBR;LIRF;25R;ROUSY4G;4.431594260036304;50.88959729980823;670.5599975585938;806.1573
F049-1;9/29/2026 9:01:11 AM +02:00;9/29/2026 9:02:13 AM +02:00;9/29/2026 9:01:38 AM +02:00;62;D;DEP;65.12082;72.24;83.04474;;9/29/2026 7:00:52 AM;9/29/2026 7:04:36 AM;TRA22C;PHHXE;48520D;B738;EBBR;GMMX;25R;CIV4G;4.433855197056696;50.89578259355056;434.3399963378906;1060.4188
F049-1;9/29/2026 9:16:13 AM +02:00;9/29/2026 9:17:13 AM +02:00;9/29/2026 9:16:39 AM +02:00;60;D;DEP;67.022484;74.66;84.80399;;9/29/2026 7:15:48 AM;9/29/2026 7:20:53 AM;HLF8812;;78219A;B77L;EBBR;ZSPD;25R;NIK3G;4.433608682291546;50.89472167485032;480.05999755859375;1004.4856
F049-1;9/29/2026 9:20:33 AM +02:00;9/29/2026 9:21:47 AM +02:00;9/29/2026 9:21:17 AM +02:00;74;D;DEP;65.095055;72.15;83.78737;;9/29/2026 7:20:24 AM;9/29/2026 7:25:00 AM;QTR196;A7BCI;06A0AD;B788;EBBR;OTHH;25R;SOPOK4G;4.432291499766006;50.8917002105339;483.8699951171875;781.8679
F049-1;9/29/2026 9:26:00 AM +02:00;9/29/2026 9:27:30 AM +02:00;9/29/2026 9:26:54 AM +02:00;90;D;DEP;66.02231;73.96;85.564735;;9/29/2026 7:25:48 AM;9/29/2026 7:30:52 AM;GER291;DAKJC;3C6D43;E190;EBBR;EDJA;25R;SOPOK4G;4.4323124797005455;50.891857540645624;468.6300048828125;787.58057
F049-1;9/29/2026 9:31:42 AM +02:00;9/29/2026 9:32:36 AM +02:00;9/29/2026 9:32:07 AM +02:00;54;D;DEP;63.447315;69.62;80.771255;;9/29/2026 7:31:17 AM;9/29/2026 7:35:40 AM;BEL2DY;OOSSR;44CE72;A319;EBBR;LPPT;25R;CIV4G;4.434251375229267;50.8966503712593;449.5799865722656;1129.3197
F049-1;9/29/2026 9:33:34 AM +02:00;9/29/2026 9:34:29 AM +02:00;9/29/2026 9:33:47 AM +02:00;55;D;DEP;61.82533;68.64;79.22896;;9/29/2026 7:33:04 AM;9/29/2026 7:38:36 AM;BAF649;CT01;44F681;A400;EBMB;LEMO;25R;CIV4G;4.441672842195235;50.9012969274243;481.9649963378906;1679.9706
F049-1;9/29/2026 9:35:59 AM +02:00;9/29/2026 9:37:32 AM +02:00;9/29/2026 9:36:25 AM +02:00;93;D;DEP;64.97693;71.36;84.66176;;9/29/2026 7:35:32 AM;9/29/2026 7:39:24 AM;EJU98PT;OEIVZ;4402AE;A320;EBBR;LIML;25R;ROUSY4G;4.432604425844456;50.891581377427336;636.27001953125;862.5967
F049-1;9/29/2026 9:37:58 AM +02:00;9/29/2026 9:38:47 AM +02:00;9/29/2026 9:38:23 AM +02:00;49;D;DEP;61.3589;68.49;78.26086;;9/29/2026 7:37:33 AM;9/29/2026 7:41:44 AM;BEL5KF;OOSSO;44CE6F;A319;EBBR;LPFR;25R;CIV4G;4.435776679675452;50.89797302907893;434.3399963378906;1252.6287
F049-1;9/29/2026 9:42:53 AM +02:00;9/29/2026 9:44:11 AM +02:00;9/29/2026 9:43:14 AM +02:00;78;D;DEP;64.13261;71.25;83.05355;;9/29/2026 7:42:17 AM;9/29/2026 7:46:28 AM;BEL1UF;OOSSA;44CE61;A319;EBBR;LSGG;25R;ROUSY4G;4.432525678675222;50.89185322833125;514.3500366210938;807.3152
F049-1;9/29/2026 9:46:41 AM +02:00;9/29/2026 9:48:11 AM +02:00;9/29/2026 9:47:23 AM +02:00;90;D;DEP;61.01161;68.95;80.55403;;9/29/2026 7:46:13 AM;9/29/2026 7:50:04 AM;ITY151;;4CAE12;BCS1;EBBR;LIML;25R;ROUSY4G;4.4412223659736085;50.886188186728276;853.4400024414062;824.8337
F049-1;9/29/2026 9:49:58 AM +02:00;9/29/2026 9:50:52 AM +02:00;9/29/2026 9:50:43 AM +02:00;54;D;DEP;63.10391;70.27;80.42785;;9/29/2026 7:49:53 AM;9/29/2026 7:54:12 AM;VLG9BU;ECMBF;34454A;A320;EBBR;LEAL;25R;CIV4G;4.435791669642198;50.89759550012944;487.67999267578125;1243.893
F049-1;9/29/2026 9:56:21 AM +02:00;9/29/2026 9:57:18 AM +02:00;9/29/2026 9:56:53 AM +02:00;57;D;DEP;61.258682;67.99;78.81743;;9/29/2026 7:56:04 AM;9/29/2026 8:00:36 AM;BEL5EN;OOSNF;44CDC6;A320;EBBR;LEMD;25R;CIV4G;4.437683498762963;50.896945330846684;457.20001220703125;1216.9313
F049-1;9/29/2026 9:58:11 AM +02:00;9/29/2026 9:59:16 AM +02:00;9/29/2026 9:58:37 AM +02:00;65;D;DEP;65.04722;70.81;83.17635;;9/29/2026 7:57:40 AM;9/29/2026 8:02:12 AM;BEL8CE;OOSNE;44CDC5;A320;EBBR;EDDB;25R;SPI4G;4.432235979327477;50.89189793990259;548.6400146484375;842.389
F049-1;9/29/2026 10:01:20 AM +02:00;9/29/2026 10:02:01 AM +02:00;9/29/2026 10:01:46 AM +02:00;41;D;DEP;56.588535;63.64;72.71638;;9/29/2026 8:00:56 AM;9/29/2026 8:05:21 AM;BEL1ZT;;502D7C;BCS3;EBBR;EKCH;25R;NIK3G;4.439256666942911;50.89927475810782;457.20001220703125;1462.6184
F049-1;9/29/2026 10:04:08 AM +02:00;9/29/2026 10:05:43 AM +02:00;9/29/2026 10:05:17 AM +02:00;95;D;DEP;72.74289;82;92.52013;;9/29/2026 8:04:28 AM;9/29/2026 8:09:05 AM;DAL141;N831MH;AB5D2C;B764;EBBR;KATL;25R;DENUT4G;4.4318730254274925;50.892165026574396;377.19000244140625;784.5887
F049-1;9/29/2026 10:08:02 AM +02:00;9/29/2026 10:08:43 AM +02:00;9/29/2026 10:08:24 AM +02:00;41;D;DEP;61.72521;68.37;77.85305;;9/29/2026 8:07:33 AM;9/29/2026 8:12:21 AM;BEL7GZ;OOSSL;44CE6C;A319;EBBR;EDDH;25R;NIK3G;4.43455529605047;50.897459641699726;480.05999755859375;1222.8722
F049-1;9/29/2026 10:09:11 AM +02:00;9/29/2026 10:10:17 AM +02:00;9/29/2026 10:09:39 AM +02:00;66;D;DEP;65.49519;72.26;83.690636;;9/29/2026 8:08:45 AM;9/29/2026 8:13:24 AM;BEL2NM;OOSNL;44CDCC;A320;EBBR;LKPR;25R;SOPOK4G;4.433029740178718;50.89208512333928;531.4949951171875;834.8656
F049-1;9/29/2026 10:10:52 AM +02:00;9/29/2026 10:11:52 AM +02:00;9/29/2026 10:11:13 AM +02:00;60;D;DEP;66.65676;72.95;84.43827;;9/29/2026 8:10:21 AM;9/29/2026 8:15:24 AM;BEL5GR;OOSNM;44CDCD;A320;EBBR;EDDM;25R;SOPOK4G;4.432848378305616;50.89215575908418;527.6849975585938;845.1365
F049-1;9/29/2026 10:12:56 AM +02:00;9/29/2026 10:13:55 AM +02:00;9/29/2026 10:13:28 AM +02:00;59;D;DEP;63.89304;68.96;81.60156;;9/29/2026 8:12:20 AM;9/29/2026 8:15:52 AM;SWR52Y;;4B181B;A20N;EBBR;LSZH;25R;ROUSY4G;4.43148797636949;50.889450015726524;733.4249877929688;852.4065
F049-1;9/29/2026 10:13:56 AM +02:00;9/29/2026 10:14:38 AM +02:00;9/29/2026 10:14:15 AM +02:00;42;D;DEP;59.78332;66.71;76.015816;;9/29/2026 8:13:24 AM;9/29/2026 8:17:21 AM;BEL2JZ;OOSSU;44CE75;A319;EBBR;ESSA;25R;NIK3G;4.435868981871861;50.898018050269634;518.1599731445312;1312.3422
F049-1;9/29/2026 10:15:03 AM +02:00;9/29/2026 10:16:24 AM +02:00;9/29/2026 10:15:25 AM +02:00;81;D;DEP;67.3003;77.65;86.38515;;9/29/2026 8:14:40 AM;9/29/2026 8:18:33 AM;ACA833;CFJZS;C01A61;B77W;EBBR;CYUL;25R;DENUT4G;4.435399218075446;50.8949029472982;487.67999267578125;1030.0872
F049-1;9/29/2026 10:17:23 AM +02:00;9/29/2026 10:18:12 AM +02:00;9/29/2026 10:17:50 AM +02:00;49;D;DEP;53.607777;59.05;70.509735;;9/29/2026 8:17:00 AM;9/29/2026 8:20:41 AM;BEL2AH;;44CC46;A20N;EBBR;EGLL;25R;HELEN4G;4.4386300009798605;50.8998810226396;541.02001953125;1534.3243
F049-1;9/29/2026 10:19:01 AM +02:00;9/29/2026 10:20:00 AM +02:00;9/29/2026 10:19:28 AM +02:00;59;D;DEP;67.620735;74.84;85.329254;;9/29/2026 8:18:32 AM;9/29/2026 8:22:44 AM;JAF85C;OOTUJ;44D2AA;B738;EBBR;HEMA;25R;SOPOK4G;4.432591091833452;50.892007216549985;489.58502197265625;823.8258
F049-1;9/29/2026 10:21:32 AM +02:00;9/29/2026 10:22:43 AM +02:00;9/29/2026 10:22:00 AM +02:00;71;D;DEP;65.92233;73.57;84.43491;;9/29/2026 8:20:49 AM;9/29/2026 8:25:32 AM;ASL39W;LZBUR;451D8C;E190;EBBR;LYBE;25R;SOPOK4G;4.432849397696603;50.8908332435894;601.97998046875;777.9789
F049-1;9/29/2026 10:23:06 AM +02:00;9/29/2026 10:24:14 AM +02:00;9/29/2026 10:23:32 AM +02:00;68;D;DEP;66.931145;74.14;85.25623;;9/29/2026 8:22:36 AM;9/29/2026 8:26:56 AM;AUA22D;OELXE;4402A3;A320;EBBR;LOWW;25R;SOPOK4G;4.433003787450409;50.89174577702096;594.3599853515625;838.3042
F049-1;9/29/2026 10:24:52 AM +02:00;9/29/2026 10:25:48 AM +02:00;9/29/2026 10:25:14 AM +02:00;56;D;DEP;63.154617;68.99;80.6365;;9/29/2026 8:24:08 AM;9/29/2026 8:28:16 AM;BTI60L;YLAAX;502D28;BCS3;EBBR;EVRA;25R;SPI4G;4.432801615457607;50.88906909782051;712.469970703125;768.49524
F049-1;9/29/2026 10:26:21 AM +02:00;9/29/2026 10:27:10 AM +02:00;9/29/2026 10:26:45 AM +02:00;49;D;DEP;64.99946;70.7;81.90142;;9/29/2026 8:25:48 AM;9/29/2026 8:30:24 AM;ETD98V;A6BND;89653B;B789;EBBR;OMAA;25R;SOPOK4G;4.432071613074159;50.89232927607272;464.82000732421875;837.83386
F049-1;9/29/2026 10:27:53 AM +02:00;9/29/2026 10:28:56 AM +02:00;9/29/2026 10:28:12 AM +02:00;63;D;DEP;65.23006;73.72;83.223465;;9/29/2026 8:27:24 AM;9/29/2026 8:31:57 AM;UAL973;N14019;A0A54D;B78X;EBBR;KORD;25R;DENUT4G;4.435848060448994;50.89435944511636;411.47998046875;929.5241
F049-1;9/29/2026 10:29:38 AM +02:00;9/29/2026 10:30:30 AM +02:00;9/29/2026 10:30:03 AM +02:00;52;D;DEP;64.914894;71.89;82.07493;;9/29/2026 8:29:17 AM;9/29/2026 8:35:33 AM;ACA827;CFRSI;C02EC1;B789;EBBR;CYYZ;25R;DENUT4G;4.435217301258189;50.89351847795285;381;849.52295
F049-1;9/29/2026 10:31:39 AM +02:00;9/29/2026 10:33:12 AM +02:00;9/29/2026 10:32:30 AM +02:00;93;D;DEP;64.19315;72.63;83.87798;;9/29/2026 8:31:40 AM;9/29/2026 8:36:28 AM;BEL8BK;OOTCV;44D076;A320;EBBR;LDSP;25R;SOPOK4G;4.432750300751708;50.892326470124495;527.6849975585938;846.0326
F049-1;9/29/2026 10:33:31 AM +02:00;9/29/2026 10:34:13 AM +02:00;9/29/2026 10:33:40 AM +02:00;42;D;DEP;62.20684;69.45;78.43933;;9/29/2026 8:32:57 AM;9/29/2026 8:38:41 AM;BEL5UB;OOSSV;44CE76;A319;EBBR;EGCC;25R;DENUT4G;4.436603438130672;50.896836587049755;487.67999267578125;1216.3291
F049-1;9/29/2026 10:34:34 AM +02:00;9/29/2026 10:35:39 AM +02:00;9/29/2026 10:34:59 AM +02:00;65;D;DEP;70.86254;78.44;88.99168;;9/29/2026 8:34:04 AM;9/29/2026 8:39:32 AM;BEL4KE;OOSFB;44CCC2;A333;EBBR;HRYR;25R;ROUSY4G;4.432697385531614;50.89214776418112;516.2550048828125;827.68097
F049-1;9/29/2026 10:36:52 AM +02:00;9/29/2026 10:37:33 AM +02:00;9/29/2026 10:37:12 AM +02:00;41;D;DEP;61.9297;68.67;78.05754;;9/29/2026 8:36:25 AM;9/29/2026 8:40:52 AM;RYR7EM;9HQEY;4D251C;B738;EBBR;LEBL;25R;CIV4G;4.440783440244623;50.8999591267732;518.1599731445312;1582.3763
F049-1;9/29/2026 10:38:09 AM +02:00;9/29/2026 10:39:23 AM +02:00;9/29/2026 10:38:31 AM +02:00;74;D;DEP;65.59608;74.47;84.28839;;9/29/2026 8:37:41 AM;9/29/2026 8:42:20 AM;RYR5XV;EIEXD;4CAA5F;B738;EBBR;LEPA;25R;ROUSY4G;4.43219549678404;50.89256420560323;596.2650146484375;924.28815
F049-1;9/29/2026 10:39:52 AM +02:00;9/29/2026 10:40:58 AM +02:00;9/29/2026 10:40:10 AM +02:00;66;D;DEP;60.35747;64.57;78.55291;;9/29/2026 8:39:16 AM;9/29/2026 8:42:56 AM;KMM423;9HNED;4D22AB;A20N;EBBR;LMML;25R;ROUSY4G;4.430693274079886;50.88973136253725;681.989990234375;846.2981
F049-1;9/29/2026 10:41:15 AM +02:00;9/29/2026 10:42:06 AM +02:00;9/29/2026 10:41:30 AM +02:00;51;D;DEP;62.656666;69.02;79.73237;;9/29/2026 8:40:41 AM;9/29/2026 8:45:28 AM;LOT2LP;;48AF09;B38M;EBBR;EPWA;25R;LNO4G;4.4327170361434565;50.89181743226294;510.5400085449219;797.04803
F049-1;9/29/2026 10:42:27 AM +02:00;9/29/2026 10:42:59 AM +02:00;9/29/2026 10:42:43 AM +02:00;32;D;DEP;56.29975;64.46;71.35125;;9/29/2026 8:41:53 AM;9/29/2026 8:45:57 AM;BTI98R;YLCSK;502CE5;BCS3;EBBR;EETN;25R;NIK3G;4.438236044493502;50.901399860969555;571.5;1634.6775
F049-1;9/29/2026 10:43:18 AM +02:00;9/29/2026 10:44:38 AM +02:00;9/29/2026 10:43:37 AM +02:00;80;D;DEP;60.660126;68.15;79.691025;;9/29/2026 8:42:53 AM;9/29/2026 8:47:00 AM;KNE642;;711469;A20N;EBBR;OEJN;25R;ROUSY4G;4.428553760073261;50.88918902741843;723.9000244140625;907.9452
F049-1;9/29/2026 10:46:02 AM +02:00;9/29/2026 10:47:04 AM +02:00;9/29/2026 10:46:36 AM +02:00;62;D;DEP;70.94829;78.59;88.87221;;9/29/2026 8:45:41 AM;9/29/2026 8:51:00 AM;BEL5RH;OOSFC;44CCC3;A333;EBBR;HKJK;25R;ROUSY4G;4.432588185511281;50.89170270970948;533.4000244140625;806.7882
F049-1;9/29/2026 10:47:29 AM +02:00;9/29/2026 10:48:44 AM +02:00;9/29/2026 10:47:52 AM +02:00;75;D;DEP;69.06975;78.52;87.82036;;9/29/2026 8:47:01 AM;9/29/2026 8:52:57 AM;BEL1CP;;44CCD1;A333;EBBR;KJFK;25R;DENUT4G;4.433399170759958;50.896344028067695;464.82000732421875;1122.9069
F049-1;9/29/2026 10:49:43 AM +02:00;9/29/2026 10:50:45 AM +02:00;9/29/2026 10:50:16 AM +02:00;62;D;DEP;54.167725;62.44;72.091644;;9/29/2026 8:49:09 AM;9/29/2026 8:52:49 AM;KLM96D;;486954;E295;EBBR;EHAM;25R;HELEN4G;4.440879537024474;50.89805801232367;472.44000244140625;1371.6409
F049-1;9/29/2026 10:51:17 AM +02:00;9/29/2026 10:51:53 AM +02:00;9/29/2026 10:51:43 AM +02:00;36;D;DEP;55.774723;61.94;71.337746;;9/29/2026 8:50:53 AM;9/29/2026 8:54:48 AM;BEL1MG;OOSBA;44CC41;A20N;EBBR;LPPR;25R;CIV4G;4.43953313030531;50.899643528736654;510.5400085449219;1486.7593
F049-1;9/29/2026 10:52:15 AM +02:00;9/29/2026 10:53:15 AM +02:00;9/29/2026 10:52:41 AM +02:00;60;D;DEP;66.1769;73.54;83.95841;;9/29/2026 8:51:49 AM;9/29/2026 8:57:16 AM;BEL3WF;OOSNK;44CDCB;A320;EBBR;LGAV;25R;SOPOK4G;4.43268397440878;50.89175898983484;548.6400146484375;819.1418
F049-1;9/29/2026 10:53:22 AM +02:00;9/29/2026 10:54:18 AM +02:00;9/29/2026 10:53:42 AM +02:00;56;D;DEP;62.015347;69.28;79.49723;;9/29/2026 8:52:52 AM;9/29/2026 8:57:04 AM;EIN6AP;EIDEO;4CA295;A320;EBBR;EIDW;25R;DENUT4G;4.440026990677906;50.89789104796917;541.02001953125;1366.4148
F049-1;9/29/2026 10:54:42 AM +02:00;9/29/2026 10:55:47 AM +02:00;9/29/2026 10:55:07 AM +02:00;65;D;DEP;61.827805;70.09;79.95694;;9/29/2026 8:54:20 AM;9/29/2026 8:58:48 AM;RYR7FE;9HQDL;4D2265;B738;EBBR;EIDW;25R;DENUT4G;4.435886974406599;50.899640593173885;563.8800048828125;1452.2372
F049-1;9/29/2026 10:59:33 AM +02:00;9/29/2026 11:00:59 AM +02:00;9/29/2026 11:00:10 AM +02:00;86;D;DEP;62.70208;69.91;82.047066;;9/29/2026 8:59:12 AM;9/29/2026 9:03:16 AM;BEL5WE;OOSSW;44CE77;A319;EBBR;LIML;25R;ROUSY4G;4.4332231923851255;50.89217630437693;581.0250244140625;867.2827
F049-1;9/29/2026 11:01:22 AM +02:00;9/29/2026 11:02:34 AM +02:00;9/29/2026 11:01:46 AM +02:00;72;D;DEP;64.35699;70.34;82.93031;;9/29/2026 9:00:48 AM;9/29/2026 9:04:48 AM;BEL3DQ;OOSSJ;44CE6A;A319;EBBR;EDDF;25R;SPI4G;4.433088190312793;50.8921593465039;548.6400146484375;841.32153
F049-1;9/29/2026 11:03:01 AM +02:00;9/29/2026 11:04:01 AM +02:00;9/29/2026 11:03:26 AM +02:00;60;D;DEP;66.12619;73.41;83.9077;;9/29/2026 9:02:32 AM;9/29/2026 9:07:04 AM;BEL6VP;OOSNH;44CDC8;A320;EBBR;LIPZ;25R;ROUSY4G;4.4320022853729375;50.89151570419294;541.02001953125;815.41473
F049-1;9/29/2026 11:05:52 AM +02:00;9/29/2026 11:06:37 AM +02:00;9/29/2026 11:06:12 AM +02:00;45;D;DEP;52.94567;58.94;69.4778;;9/29/2026 9:05:25 AM;9/29/2026 9:09:21 AM;SAS77A;;4CAD96;A20N;EBBR;ESSA;25R;NIK3G;4.441011353703433;50.89971659909746;457.20001220703125;1539.1471
F049-1;9/29/2026 11:08:02 AM +02:00;9/29/2026 11:09:00 AM +02:00;9/29/2026 11:08:29 AM +02:00;58;D;DEP;58.765907;66.33;76.400185;;9/29/2026 9:07:44 AM;9/29/2026 9:11:21 AM;BAW385;GDBCC;400A7C;A319;EBBR;EGLL;25R;HELEN4G;4.433694892452051;50.897665671401384;480.05999755859375;1259.6357
F049-1;9/29/2026 11:10:36 AM +02:00;9/29/2026 11:11:23 AM +02:00;9/29/2026 11:10:59 AM +02:00;47;D;DEP;58.07016;64.71;74.79114;;9/29/2026 9:10:08 AM;9/29/2026 9:14:48 AM;AEA45BT;;34860C;B38M;EBBR;LEMD;25R;CIV4G;4.435462728054621;50.898570544302885;495.29998779296875;1311.6709
F049-1;9/29/2026 11:12:06 AM +02:00;9/29/2026 11:12:57 AM +02:00;9/29/2026 11:12:26 AM +02:00;51;D;DEP;64.26445;72.12;81.34015;;9/29/2026 9:11:36 AM;9/29/2026 9:17:04 AM;MAC116Q;CNNMJ;020124;A320;EBBR;GMMW;25R;CIV4G;4.434004057156962;50.895966994397405;434.3399963378906;1074.6002
F049-1;9/29/2026 11:14:00 AM +02:00;9/29/2026 11:14:58 AM +02:00;9/29/2026 11:14:30 AM +02:00;58;D;DEP;61.822643;70.48;79.456924;;9/29/2026 9:13:44 AM;9/29/2026 9:18:32 AM;RYR29DB;9HQCJ;4D2226;B738;EBBR;LEMD;25R;CIV4G;4.43858270424273;50.8986494817485;510.5400085449219;1408.7632
F049-1;9/29/2026 11:15:28 AM +02:00;9/29/2026 11:16:29 AM +02:00;9/29/2026 11:15:56 AM +02:00;61;D;DEP;64.006256;70.18;81.85956;;9/29/2026 9:14:56 AM;9/29/2026 9:19:32 AM;BEL5CG;OOSSB;44CE62;A319;EBBR;LFMN;25R;ROUSY4G;4.432061410829814;50.892126995945816;537.2100219726562;846.9479
F049-1;9/29/2026 11:21:50 AM +02:00;9/29/2026 11:22:41 AM +02:00;9/29/2026 11:22:08 AM +02:00;51;D;DEP;68.41397;76.26;85.48967;;9/29/2026 9:21:24 AM;9/29/2026 9:26:53 AM;UAL995;N16008;A0F427;B78X;EBBR;KEWR;25R;DENUT4G;4.4315246315199115;50.8922299280097;381;809.6024
F049-1;9/29/2026 11:28:28 AM +02:00;9/29/2026 11:29:42 AM +02:00;9/29/2026 11:28:55 AM +02:00;74;D;DEP;67.64573;77.55;86.33804;;9/29/2026 9:28:04 AM;9/29/2026 9:33:32 AM;BEL8AN;OOSFX;44CCD8;A333;EBBR;GOBD;25R;CIV4G;4.433657155923385;50.895328478726675;472.44000244140625;1021.8678
F049-1;9/29/2026 11:30:42 AM +02:00;9/29/2026 11:32:05 AM +02:00;9/29/2026 11:31:18 AM +02:00;83;D;DEP;69.55462;80.22;88.7454;;9/29/2026 9:30:24 AM;9/29/2026 9:36:28 AM;BEL6ZD;OOSFF;44CCC6;A333;EBBR;DFFD;25R;CIV4G;4.435616597588242;50.894599718924226;438.1500244140625;961.6562
F049-1;9/29/2026 11:34:59 AM +02:00;9/29/2026 11:35:51 AM +02:00;9/29/2026 11:35:31 AM +02:00;52;D;DEP;62.460197;68.76;79.62023;;9/29/2026 9:34:48 AM;9/29/2026 9:38:20 AM;FIN8CA;OHLZK;461FA0;A321;EBBR;EFHK;25R;NIK3G;4.435437949229372;50.89679967550861;480.05999755859375;1178.3304
F049-1;9/29/2026 11:36:22 AM +02:00;9/29/2026 11:37:38 AM +02:00;9/29/2026 11:36:38 AM +02:00;76;D;DEP;65.20486;73.38;84.01299;;9/29/2026 9:35:48 AM;9/29/2026 9:40:00 AM;AEE539;SXDVN;4692CE;A320;EBBR;LGTS;25R;SOPOK4G;4.433376619563357;50.89187641773942;598.1700439453125;840.555
F049-1;9/29/2026 11:39:40 AM +02:00;9/29/2026 11:40:48 AM +02:00;9/29/2026 11:40:09 AM +02:00;68;D;DEP;62.226044;67.77;80.55113;;9/29/2026 9:39:28 AM;9/29/2026 9:43:40 AM;BEL4OZ;OOSSX;44CE78;A319;EBBR;EGPH;25R;DENUT4G;4.43968455836262;50.89854248657344;396.239990234375;1359.8457
F049-1;9/29/2026 11:48:07 AM +02:00;9/29/2026 11:49:32 AM +02:00;9/29/2026 11:48:47 AM +02:00;85;D;DEP;69.020645;76.21;88.314835;;9/29/2026 9:47:52 AM;9/29/2026 9:53:32 AM;THY7WF;;4BB1ED;A332;EBBR;LTFM;25R;SOPOK4G;4.4329153712852;50.89239964522924;497.20501708984375;833.15015
F049-1;9/29/2026 11:50:27 AM +02:00;9/29/2026 11:51:30 AM +02:00;9/29/2026 11:50:52 AM +02:00;63;D;DEP;66.489296;73.18;84.482704;;9/29/2026 9:49:57 AM;9/29/2026 9:54:40 AM;THY6553;TCVEL;4BD8AC;A310;EBBR;LTFM;25R;SOPOK4G;4.432691788800932;50.89311183331769;548.6400146484375;920.9366
F049-1;9/29/2026 11:53:25 AM +02:00;9/29/2026 11:55:05 AM +02:00;9/29/2026 11:54:03 AM +02:00;100;D;DEP;59.932613;69.05;79.93262;;9/29/2026 9:53:20 AM;9/29/2026 9:57:08 AM;ITY159;;4CAE1F;A21N;EBBR;LIRF;25R;ROUSY4G;4.431988811526889;50.892013447445734;466.7250061035156;808.9524
F049-1;9/29/2026 11:55:31 AM +02:00;9/29/2026 11:57:03 AM +02:00;9/29/2026 11:56:00 AM +02:00;92;D;DEP;61.415558;69.21;81.05344;;9/29/2026 9:55:08 AM;9/29/2026 10:00:20 AM;AEE3BR;SXNAK;46B82B;A21N;EBBR;LGAV;25R;SOPOK4G;4.433116384085282;50.8922829503163;533.4000244140625;845.78345
F049-1;9/29/2026 11:59:29 AM +02:00;9/29/2026 12:00:41 PM +02:00;9/29/2026 11:59:59 AM +02:00;72;D;DEP;66.89166;74.1;85.46499;;9/29/2026 9:59:04 AM;9/29/2026 10:04:12 AM;SIA303;9VSMB;76CDA2;A359;EBBR;WSSS;25R;SOPOK4G;4.432562336971594;50.89214991203353;487.67999267578125;820.1608
F049-1;9/29/2026 12:04:37 PM +02:00;9/29/2026 12:05:38 PM +02:00;9/29/2026 12:05:02 PM +02:00;61;D;DEP;59.18408;68.85;77.03738;;9/29/2026 10:04:12 AM;9/29/2026 10:08:16 AM;TAP641;;495153;A21N;EBBR;LPPT;25R;CIV4G;4.438154953890755;50.89752099067397;455.29498291015625;1270.2649
F049-1;9/29/2026 12:11:41 PM +02:00;9/29/2026 12:12:47 PM +02:00;9/29/2026 12:12:09 PM +02:00;66;D;DEP;59.43732;68.31;77.63276;;9/29/2026 10:11:20 AM;9/29/2026 10:15:08 AM;ENT579P;;48E87F;B738;EBBR;LFSL;25R;CIV4G;4.439896948078561;50.8989651403311;480.05999755859375;1451.9469
F049-1;9/29/2026 12:15:28 PM +02:00;9/29/2026 12:16:43 PM +02:00;9/29/2026 12:16:02 PM +02:00;75;D;DEP;72.11109;80.57;90.8617;;9/29/2026 10:15:05 AM;9/29/2026 10:21:16 AM;BEL8VB;OOSFG;44CCC7;A333;EBBR;FKKD;25R;ROUSY4G;4.4323983550636274;50.892401467175986;449.5799865722656;827.38055
F049-1;9/29/2026 12:18:05 PM +02:00;9/29/2026 12:19:00 PM +02:00;9/29/2026 12:18:22 PM +02:00;55;D;DEP;54.842903;61.4;72.24653;;9/29/2026 10:17:33 AM;9/29/2026 10:23:00 AM;BEL6EP;YLABE;502D46;BCS3;EBBR;LEMG;25R;CIV4G;4.433865701118673;50.897553451181885;434.3399963378906;1227.915
F049-1;9/29/2026 12:19:23 PM +02:00;9/29/2026 12:20:32 PM +02:00;9/29/2026 12:19:46 PM +02:00;69;D;DEP;60.94036;66.19;79.32885;;9/29/2026 10:18:57 AM;9/29/2026 10:22:48 AM;BEL1851;;44CC45;A20N;EBBR;LICJ;25R;ROUSY4G;4.432853815549765;50.89210407703014;592.4550170898438;863.8128
F049-1;9/29/2026 12:20:54 PM +02:00;9/29/2026 12:22:11 PM +02:00;9/29/2026 12:21:11 PM +02:00;77;D;DEP;63.959682;74.28;82.82459;;9/29/2026 10:20:20 AM;9/29/2026 10:25:21 AM;CHH7922;B1341;7812A0;B789;EBBR;ZSPD;25R;NIK3G;4.432448759001994;50.892091386440995;396.239990234375;774.4034
F049-1;9/29/2026 12:27:22 PM +02:00;9/29/2026 12:28:59 PM +02:00;9/29/2026 12:28:00 PM +02:00;97;D;DEP;63.473495;73.44;83.34121;;9/29/2026 10:27:04 AM;9/29/2026 10:33:08 AM;BEL37K;OOSFE;44CCC5;A333;EBBR;FZAA;25R;CIV4G;4.437090895147722;50.89828422468458;411.4800109863281;1323.9594
F049-1;9/29/2026 12:32:30 PM +02:00;9/29/2026 12:34:03 PM +02:00;9/29/2026 12:33:17 PM +02:00;93;D;DEP;68.51348;79.94;88.19831;;9/29/2026 10:32:28 AM;9/29/2026 10:37:21 AM;UAL951;N2644U;A290D0;B77W;EBBR;KIAD;25R;DENUT4G;4.434344708593225;50.89278963739867;350.5199890136719;776.97363
F049-1;9/29/2026 12:34:48 PM +02:00;9/29/2026 12:36:24 PM +02:00;9/29/2026 12:35:35 PM +02:00;96;D;DEP;67.89005;77.91;87.71277;;9/29/2026 10:34:44 AM;9/29/2026 10:40:32 AM;BEL27A;OOSFD;44CCC4;A333;EBBR;DGAA;25R;CIV4G;4.4351106346480496;50.89526787068594;394.3349914550781;1019.7955
F049-1;9/29/2026 12:42:39 PM +02:00;9/29/2026 12:44:18 PM +02:00;9/29/2026 12:43:21 PM +02:00;99;D;DEP;60.4654;68.84;80.42175;;9/29/2026 10:42:32 AM;9/29/2026 10:46:52 AM;TKJ8UY;;4BD8CA;B38M;EBBR;LTFJ;25R;SOPOK4G;4.432121845131451;50.89211176695533;393.1919860839844;797.9702
F049-1;9/29/2026 12:53:26 PM +02:00;9/29/2026 12:54:48 PM +02:00;9/29/2026 12:53:44 PM +02:00;82;D;DEP;57.668354;66.2;76.806496;;9/29/2026 10:53:00 AM;9/29/2026 10:57:24 AM;BEL6JW;;44CDD1;A320;EBBR;LEIB;25R;CIV4G;4.4376381580558215;50.898284666919416;441.9599914550781;1316.416
F049-1;9/29/2026 12:55:19 PM +02:00;9/29/2026 12:56:26 PM +02:00;9/29/2026 12:55:45 PM +02:00;67;D;DEP;62.219696;71.26;80.480446;;9/29/2026 10:54:53 AM;9/29/2026 10:59:12 AM;RAM673S;CNRGK;0200FB;B738;EBBR;GMTT;25R;CIV4G;4.435370095558136;50.89524001390072;388.6199951171875;1027.3835
F049-1;9/29/2026 1:00:08 PM +02:00;9/29/2026 1:01:21 PM +02:00;9/29/2026 1:00:36 PM +02:00;73;D;DEP;60.95334;69.27;79.58657;;9/29/2026 10:59:48 AM;9/29/2026 11:04:24 AM;IBE05SM;ECIZH;3420CB;A320;EBBR;LEMD;25R;CIV4G;4.439352637628855;50.897468029786786;419.1000061035156;1276.8896
F049-1;9/29/2026 1:03:19 PM +02:00;9/29/2026 1:04:34 PM +02:00;9/29/2026 1:03:50 PM +02:00;75;D;DEP;71.831474;81.03;90.582085;;9/29/2026 11:03:04 AM;9/29/2026 11:08:20 AM;CCA964;B6101;780DFD;A333;EBBR;ZBAA;25R;SPI4G;4.431922704889861;50.89217633437139;426.7200012207031;811.4162
F049-1;9/29/2026 1:06:02 PM +02:00;9/29/2026 1:07:09 PM +02:00;9/29/2026 1:06:31 PM +02:00;67;D;DEP;69.86794;78.95;88.12869;;9/29/2026 11:05:36 AM;9/29/2026 11:11:52 AM;BEL7WR;OOSFP;44CCD0;A333;EBBR;GFLL;25R;CIV4G;4.431845289713295;50.895147161410485;403.8599853515625;1007.41284
F049-1;9/29/2026 1:08:12 PM +02:00;9/29/2026 1:09:47 PM +02:00;9/29/2026 1:08:46 PM +02:00;95;D;DEP;73.673874;83.38;93.45111;;9/29/2026 11:07:56 AM;9/29/2026 11:13:04 AM;SIA7975;9VSFM;76CCCD;B744;EBBR;VOBL;25R;LNO4K;4.432480038262597;50.89243746820932;419.0999755859375;821.5975
F049-1;9/29/2026 1:16:14 PM +02:00;9/29/2026 1:17:36 PM +02:00;9/29/2026 1:16:43 PM +02:00;82;D;DEP;65.82162;75.91;84.959755;;9/29/2026 11:15:48 AM;9/29/2026 11:20:44 AM;CPA294;BLQB;789234;A359;EBBR;VHHH;25R;SOPOK4G;4.432622816627104;50.89212747266364;501.0149841308594;838.85077
F049-1;9/29/2026 1:32:08 PM +02:00;9/29/2026 1:33:12 PM +02:00;9/29/2026 1:32:33 PM +02:00;64;D;DEP;63.516285;72.03;81.57809;;9/29/2026 11:31:45 AM;9/29/2026 11:36:33 AM;CHH492;B7302;78110D;B789;EBBR;ZBAA;25R;NIK3G;4.435175581354781;50.89307348364647;373.3800048828125;802.07263
F049-1;9/29/2026 1:34:19 PM +02:00;9/29/2026 1:35:09 PM +02:00;9/29/2026 1:34:43 PM +02:00;50;D;DEP;56.991287;65.42;73.98099;;9/29/2026 11:33:57 AM;9/29/2026 11:39:08 AM;RAM839J;;0201A2;B38M;EBBR;GMMN;25R;CIV4G;4.435652370855935;50.8996673676242;556.260009765625;1466.2885
F049-1;9/29/2026 1:35:56 PM +02:00;9/29/2026 1:36:56 PM +02:00;9/29/2026 1:36:22 PM +02:00;60;D;DEP;65.46775;74.99;83.24926;;9/29/2026 11:35:33 AM;9/29/2026 11:40:24 AM;TAM8157;;E8046F;B789;EBBR;SBGR;25R;CIV4G;4.430985562978511;50.891757536950735;342.8999938964844;774.4651
F049-1;9/29/2026 1:46:14 PM +02:00;9/29/2026 1:47:47 PM +02:00;9/29/2026 1:46:49 PM +02:00;93;D;DEP;62.737354;70.15;82.42218;;9/29/2026 11:45:56 AM;9/29/2026 11:49:48 AM;BEL5NZ;OOSSA;44CE61;A319;EBBR;LIPE;25R;ROUSY4G;4.433177638109411;50.891878496778546;518.1600341796875;804.4307
F049-1;9/29/2026 1:48:15 PM +02:00;9/29/2026 1:49:21 PM +02:00;9/29/2026 1:48:33 PM +02:00;66;D;DEP;65.98285;73.03;84.17829;;9/29/2026 11:47:40 AM;9/29/2026 11:50:56 AM;JAF25B;OOTNB;44D1C2;B738;EBBR;LGZA;25R;ROUSY4G;4.432634554251466;50.89160613336084;525.780029296875;794.9053
F049-1;9/29/2026 1:50:00 PM +02:00;9/29/2026 1:50:48 PM +02:00;9/29/2026 1:50:12 PM +02:00;48;D;DEP;65.44935;71.36;82.261765;;9/29/2026 11:49:24 AM;9/29/2026 11:54:00 AM;BEL7LF;;44CE79;A319;EBBR;EDDM;25R;SOPOK4G;4.43248041011958;50.89141946511423;497.20501708984375;771.4292
F049-1;9/29/2026 1:50:54 PM +02:00;9/29/2026 1:51:41 PM +02:00;9/29/2026 1:51:12 PM +02:00;47;D;DEP;64.05904;72.37;80.780014;;9/29/2026 11:50:24 AM;9/29/2026 11:54:56 AM;TRA6U;PHHXJ;4853D3;B738;EBBR;GMAD;25R;CIV4G;4.436393014065603;50.89547007512502;365.760009765625;1039.7286
F049-1;9/29/2026 1:52:11 PM +02:00;9/29/2026 1:53:15 PM +02:00;9/29/2026 1:52:44 PM +02:00;64;D;DEP;63.335243;72.02;81.39704;;9/29/2026 11:51:36 AM;9/29/2026 11:55:04 AM;JFA99X;LXZAP;4D02A1;PC24;EBBR;LSZA;25R;SPI4G;4.443641355514335;50.88641139337901;784.8599853515625;850.79706
F049-1;9/29/2026 1:53:51 PM +02:00;9/29/2026 1:55:19 PM +02:00;9/29/2026 1:54:19 PM +02:00;88;D;DEP;63.059467;69.85;82.504295;;9/29/2026 11:53:20 AM;9/29/2026 11:57:04 AM;BEL2PN;OOSSL;44CE6C;A319;EBBR;EDDM;25R;SOPOK4G;4.432423338113666;50.88901596539501;735.3300170898438;800.5545
F049-1;9/29/2026 1:59:17 PM +02:00;9/29/2026 2:00:22 PM +02:00;9/29/2026 1:59:40 PM +02:00;65;D;DEP;54.111603;64.2;72.24074;;9/29/2026 11:58:53 AM;9/29/2026 12:03:36 PM;BEL7QJ;;44CC48;A20N;EBBR;GCTS;25R;CIV4G;4.4407363932824016;50.898570278191926;434.3399963378906;1412.5181
F049-1;9/29/2026 2:39:13 PM +02:00;9/29/2026 2:40:36 PM +02:00;9/29/2026 2:39:33 PM +02:00;83;D;DEP;61.21241;66.36;80.40319;;9/29/2026 12:38:29 PM;9/29/2026 12:42:48 PM;SEH8BX;SXWEB;46DCA2;A20N;EBBR;LGAV;25R;ROUSY4G;4.431617095853521;50.88888830559464;704.8499755859375;786.5523
F049-1;9/29/2026 2:41:27 PM +02:00;9/29/2026 2:42:16 PM +02:00;9/29/2026 2:41:43 PM +02:00;49;D;DEP;58.52;65.99;75.42196;;9/29/2026 12:40:52 PM;9/29/2026 12:44:57 PM;BEL4BP;OOSSV;44CE76;A319;EBBR;ESSA;25R;NIK3G;4.437079749845403;50.89676955599176;518.1599731445312;1185.9176
F049-1;9/29/2026 2:42:45 PM +02:00;9/29/2026 2:43:40 PM +02:00;9/29/2026 2:43:17 PM +02:00;55;D;DEP;61.54857;67.3;78.952194;;9/29/2026 12:42:08 PM;9/29/2026 12:46:36 PM;BEL2SR;;502D7C;BCS3;EBBR;EDDF;25R;SPI4G;4.431722703261091;50.89183232100348;582.9299926757812;867.0937
F049-1;9/29/2026 2:44:07 PM +02:00;9/29/2026 2:45:25 PM +02:00;9/29/2026 2:44:34 PM +02:00;78;D;DEP;67.42617;75.46;86.347115;;9/29/2026 12:43:49 PM;9/29/2026 12:47:44 PM;QTR91Y;A7BFZ;06A30D;B77L;EBBR;OTHH;25R;SOPOK4G;4.432058629716669;50.89176967155277;563.8800048828125;841.488
F049-1;9/29/2026 2:48:08 PM +02:00;9/29/2026 2:49:18 PM +02:00;9/29/2026 2:48:35 PM +02:00;70;D;DEP;66.30041;74.67;84.75139;;9/29/2026 12:47:41 PM;9/29/2026 12:52:56 PM;THY8LQ;TCJRU;4BAA55;A321;EBBR;LTFM;25R;SOPOK4G;4.432774449557894;50.891830965194664;546.7349853515625;816.68225
F049-1;9/29/2026 2:50:59 PM +02:00;9/29/2026 2:51:55 PM +02:00;9/29/2026 2:51:17 PM +02:00;56;D;DEP;63.625668;71.76;81.10755;;9/29/2026 12:50:32 PM;9/29/2026 12:55:13 PM;DHK842;;407EA0;B763;EBBR;EGNX;25R;DENUT4G;4.434058187629036;50.89727045634426;624.8400268554688;1253.3837
F049-1;9/29/2026 2:57:35 PM +02:00;9/29/2026 2:59:08 PM +02:00;9/29/2026 2:58:21 PM +02:00;93;D;DEP;61.18757;71.29;80.8724;;9/29/2026 12:57:33 PM;9/29/2026 1:01:24 PM;TRA89Z;PHHXM;484C9B;B738;EBBR;LEMG;25R;CIV4G;4.436151389204753;50.8954653830647;381;1044.7506
F049-1;9/29/2026 3:02:10 PM +02:00;9/29/2026 3:03:24 PM +02:00;9/29/2026 3:02:32 PM +02:00;74;D;DEP;58.206608;67.96;76.898926;;9/29/2026 1:01:40 PM;9/29/2026 1:05:40 PM;VLG359E;ECMVD;34560D;A320;EBBR;LEVC;25R;CIV4G;4.441468111686641;50.89874613307765;449.5799865722656;1445.2501
F049-1;9/29/2026 3:05:23 PM +02:00;9/29/2026 3:06:21 PM +02:00;9/29/2026 3:05:58 PM +02:00;58;D;DEP;55.276394;65.08;72.910675;;9/29/2026 1:05:05 PM;9/29/2026 1:09:05 PM;BEL7NO;;44CC42;A20N;EBBR;GCRR;25R;CIV4G;4.440643278914937;50.898938757670635;472.44000244140625;1452.259
F049-1;9/29/2026 3:09:08 PM +02:00;9/29/2026 3:10:28 PM +02:00;9/29/2026 3:09:57 PM +02:00;80;D;DEP;59.707066;66.15;78.73797;;9/29/2026 1:09:05 PM;9/29/2026 1:12:40 PM;BEL8KA;;44CC47;A20N;EBBR;LIRF;25R;SOPOK4G;4.431668954269915;50.88955579127439;712.4700317382812;836.02014
F049-1;9/29/2026 3:11:20 PM +02:00;9/29/2026 3:12:41 PM +02:00;9/29/2026 3:11:46 PM +02:00;81;D;DEP;64.39612;73.07;83.480965;;9/29/2026 1:10:45 PM;9/29/2026 1:14:29 PM;BEL6PR;OOSNM;44CDCD;A320;EBBR;LHBP;25R;SOPOK4G;4.43012166530459;50.889536477127706;691.5150146484375;858.04987
F049-1;9/29/2026 3:13:06 PM +02:00;9/29/2026 3:14:26 PM +02:00;9/29/2026 3:13:32 PM +02:00;80;D;DEP;62.866405;71.28;81.89731;;9/29/2026 1:12:33 PM;9/29/2026 1:16:32 PM;BEL9SE;OOSSJ;44CE6A;A319;EBBR;LSGG;25R;SOPOK4G;4.433024952639283;50.89183117395158;525.780029296875;805.95074
F049-1;9/29/2026 3:15:03 PM +02:00;9/29/2026 3:16:09 PM +02:00;9/29/2026 3:15:21 PM +02:00;66;D;DEP;65.42268;73.82;83.618126;;9/29/2026 1:14:29 PM;9/29/2026 1:18:56 PM;AUA294P;OELXE;4402A3;A320;EBBR;LOWW;25R;SOPOK4G;4.433060500905073;50.891821094944234;550.5450439453125;815.6725
F049-1;9/29/2026 3:16:46 PM +02:00;9/29/2026 3:17:46 PM +02:00;9/29/2026 3:17:16 PM +02:00;60;D;DEP;59.828205;65.44;77.60972;;9/29/2026 1:16:01 PM;9/29/2026 1:20:20 PM;SWR15Y;HBAZD;4B028D;E290;EBBR;LSZH;25R;SOPOK4G;4.4325072158441055;50.89134532859247;510.5400085449219;766.60895
F049-1;9/29/2026 3:26:38 PM +02:00;9/29/2026 3:27:36 PM +02:00;9/29/2026 3:26:59 PM +02:00;58;D;DEP;62.92256;70.62;80.55684;;9/29/2026 1:26:09 PM;9/29/2026 1:30:20 PM;BEL3ND;;44CC46;A20N;EBBR;HEGN;25R;SOPOK4G;4.432321859934335;50.891624954609924;605.7899780273438;846.95734
F049-1;9/29/2026 3:29:04 PM +02:00;9/29/2026 3:30:12 PM +02:00;9/29/2026 3:29:32 PM +02:00;68;D;DEP;65.42526;73.22;83.75035;;9/29/2026 1:28:33 PM;9/29/2026 1:32:48 PM;BEL5XD;OOSNJ;44CDCA;A320;EBBR;EPWA;25R;LNO4G;4.432979483477961;50.8914895507161;541.02001953125;790.867
F049-1;9/29/2026 3:31:44 PM +02:00;9/29/2026 3:32:24 PM +02:00;9/29/2026 3:32:02 PM +02:00;40;D;DEP;54.824432;63.43;70.84503;;9/29/2026 1:31:13 PM;9/29/2026 1:35:05 PM;BEL9EU;;44CC43;A20N;EBBR;ENGM;25R;NIK3G;4.439848213050546;50.89844823016641;495.29998779296875;1406.724
F049-1;9/29/2026 3:37:56 PM +02:00;9/29/2026 3:38:44 PM +02:00;9/29/2026 3:38:17 PM +02:00;48;D;DEP;66.87731;73.82;83.68973;;9/29/2026 1:37:25 PM;9/29/2026 1:41:56 PM;CXI4F;LYLGA;503E61;A320;EBBR;LGIR;25R;SOPOK4G;4.432833273794439;50.89172765455463;563.8800048828125;822.0342
F049-1;9/29/2026 3:39:16 PM +02:00;9/29/2026 3:40:21 PM +02:00;9/29/2026 3:39:32 PM +02:00;65;D;DEP;58.64421;67.19;76.773346;;9/29/2026 1:38:41 PM;9/29/2026 1:43:28 PM;ANE1300;ECMVZ;34604B;CRJX;EBBR;LEMD;25R;CIV4G;4.434815304369688;50.89545978731976;365.760009765625;1030.5043
F049-1;9/29/2026 3:42:00 PM +02:00;9/29/2026 3:43:03 PM +02:00;9/29/2026 3:42:30 PM +02:00;63;D;DEP;61.48811;70.29;79.481514;;9/29/2026 1:41:41 PM;9/29/2026 1:45:33 PM;JAF86A;OOTUK;44D2AB;B738;EBBR;GMMW;25R;CIV4G;4.43638053320968;50.89461831578683;335.2799987792969;933.25665
F049-1;9/29/2026 3:45:30 PM +02:00;9/29/2026 3:46:31 PM +02:00;9/29/2026 3:45:56 PM +02:00;61;D;DEP;60.377167;69.2;78.23047;;9/29/2026 1:45:09 PM;9/29/2026 1:49:12 PM;BEL9QH;OOSSF;44CE66;A319;EBBR;LEBL;25R;CIV4G;4.438246489417275;50.89618171111826;411.4800109863281;1130.9415
F049-1;9/29/2026 3:47:22 PM +02:00;9/29/2026 3:48:18 PM +02:00;9/29/2026 3:47:45 PM +02:00;56;D;DEP;59.95687;68.17;77.43875;;9/29/2026 1:46:37 PM;9/29/2026 1:50:09 PM;KLM82A;PHEXL;48548E;E75L;EBBR;EHAM;25R;HELEN4G;4.438114347838478;50.898285049639185;457.20001220703125;1366.7644
F049-1;9/29/2026 3:48:55 PM +02:00;9/29/2026 3:49:31 PM +02:00;9/29/2026 3:49:16 PM +02:00;36;D;DEP;55.723038;62.24;71.286064;;9/29/2026 1:48:21 PM;9/29/2026 1:52:52 PM;JAF3FD;OOTMZ;44D1BA;B38M;EBBR;DAAG;25R;CIV4G;4.434398881738148;50.89748647867868;396.239990234375;1208.558
F049-1;9/29/2026 3:51:39 PM +02:00;9/29/2026 3:52:47 PM +02:00;9/29/2026 3:52:03 PM +02:00;68;D;DEP;65.63027;74.32;83.95536;;9/29/2026 1:51:12 PM;9/29/2026 1:56:28 PM;ABB870;;44B0C3;B748;EBBR;ZUUU;25R;LNO4K;4.43177449874864;50.89254024535689;331.4700012207031;826.635
F049-1;9/29/2026 3:54:11 PM +02:00;9/29/2026 3:55:05 PM +02:00;9/29/2026 3:54:23 PM +02:00;54;D;DEP;55.410122;62.25;72.73406;;9/29/2026 1:53:40 PM;9/29/2026 1:57:21 PM;BEL7WA;OOSSW;44CE77;A319;EBBR;EKCH;25R;NIK3G;4.4382977353094875;50.89898634441145;502.9200134277344;1411.8887
F049-1;9/29/2026 3:55:28 PM +02:00;9/29/2026 3:56:48 PM +02:00;9/29/2026 3:56:10 PM +02:00;80;D;DEP;65.4652;74.51;84.4961;;9/29/2026 1:55:04 PM;9/29/2026 1:58:48 PM;CEF05T;2801;498422;A319;EBBR;LKKB;25R;SOPOK4G;4.433968137457425;50.889367845035764;733.4249877929688;778.58966
F049-1;9/29/2026 3:57:11 PM +02:00;9/29/2026 3:58:00 PM +02:00;9/29/2026 3:57:23 PM +02:00;49;D;DEP;62.850117;71.26;79.752075;;9/29/2026 1:56:36 PM;9/29/2026 2:01:36 PM;JAF3261;;44D1A6;B38M;EBBR;LTFE;25R;SOPOK4G;4.432086008017565;50.892243892003684;403.8599853515625;802.10406
F049-1;9/29/2026 3:58:24 PM +02:00;9/29/2026 3:59:00 PM +02:00;9/29/2026 3:58:44 PM +02:00;36;D;DEP;63.115646;69.83;78.67867;;9/29/2026 1:57:56 PM;9/29/2026 2:02:05 PM;BEL4DQ;OOSSU;44CE75;A319;EBBR;ESGG;25R;NIK3G;4.433770969425148;50.8952791342951;487.67999267578125;1025.723
F049-1;9/29/2026 3:59:18 PM +02:00;9/29/2026 4:00:42 PM +02:00;9/29/2026 3:59:39 PM +02:00;84;D;DEP;58.72919;67.54;77.971985;;9/29/2026 1:58:44 PM;9/29/2026 2:02:36 PM;BEL3XW;;44CC44;A20N;EBBR;LOWW;25R;SOPOK4G;4.432172096177701;50.89187539636924;598.1700439453125;863.00287
F049-1;9/29/2026 4:01:27 PM +02:00;9/29/2026 4:02:23 PM +02:00;9/29/2026 4:01:46 PM +02:00;56;D;DEP;50.770775;56.56;68.252655;;9/29/2026 2:00:57 PM;9/29/2026 2:05:56 PM;TAP643;;4952D3;A20N;EBBR;LPPT;25R;CIV4G;4.4424304961139045;50.900943563456245;520.0650024414062;1679.064
F049-1;9/29/2026 4:09:41 PM +02:00;9/29/2026 4:10:21 PM +02:00;9/29/2026 4:09:58 PM +02:00;40;D;DEP;56.94748;63.15;72.96808;;9/29/2026 2:09:16 PM;9/29/2026 2:12:45 PM;SAS62A;SERUF;4ACAA6;A20N;EBBR;EKCH;25R;NIK3G;4.440304930014996;50.89750473559285;449.5799865722656;1299.6997
F049-1;9/29/2026 4:12:38 PM +02:00;9/29/2026 4:13:41 PM +02:00;9/29/2026 4:13:06 PM +02:00;63;D;DEP;56.85288;64.35;74.84628;;9/29/2026 2:12:16 PM;9/29/2026 2:17:37 PM;BAW387;GTTOB;40095D;A320;EBBR;EGLL;25R;HELEN4G;4.439286591347479;50.89851969950653;510.5400085449219;1414.5878
F049-1;9/29/2026 4:16:44 PM +02:00;9/29/2026 4:18:27 PM +02:00;9/29/2026 4:17:20 PM +02:00;103;D;DEP;58.532185;67.04;78.66056;;9/29/2026 2:16:29 PM;9/29/2026 2:21:04 PM;BEL7PK;YLABH;502D59;BCS3;EBBR;LJLJ;25R;SOPOK4G;4.432100038715947;50.89232930032784;487.67999267578125;848.31647
F049-1;9/29/2026 4:18:54 PM +02:00;9/29/2026 4:19:58 PM +02:00;9/29/2026 4:19:19 PM +02:00;64;D;DEP;63.979813;72.09;82.04161;;9/29/2026 2:18:24 PM;9/29/2026 2:23:08 PM;BEL5TR;OOSNF;44CDC6;A320;EBBR;DTMB;25R;ROUSY4G;4.432400486819352;50.89224414613756;476.25;822.92487
F049-1;9/29/2026 4:21:44 PM +02:00;9/29/2026 4:23:07 PM +02:00;9/29/2026 4:22:15 PM +02:00;83;D;DEP;61.54802;69.1;80.7388;;9/29/2026 2:21:13 PM;9/29/2026 2:25:28 PM;RJA142;;74482C;A20N;EBBR;OJAI;25R;SOPOK4G;4.432541704816894;50.89182628725862;579.1199951171875;846.63367
F049-1;9/29/2026 4:24:37 PM +02:00;9/29/2026 4:26:03 PM +02:00;9/29/2026 4:25:02 PM +02:00;86;D;DEP;62.046173;69.23;81.39116;;9/29/2026 2:24:09 PM;9/29/2026 2:28:04 PM;BEL9EV;OOSSX;44CE78;A319;EBBR;EDDM;25R;SOPOK4G;4.4323624710891245;50.891740725845196;552.4500122070312;830.52484
F049-1;9/29/2026 4:27:55 PM +02:00;9/29/2026 4:29:16 PM +02:00;9/29/2026 4:28:25 PM +02:00;81;D;DEP;72.188705;82.83;91.27355;;9/29/2026 2:27:41 PM;9/29/2026 2:32:29 PM;CSC9606;;781EC1;A333;EBBR;ZUTF;25R;NIK3G;4.434509186420729;50.89229537456436;457.20001220703125;774.3691
F049-1;9/29/2026 4:38:02 PM +02:00;9/29/2026 4:39:18 PM +02:00;9/29/2026 4:38:34 PM +02:00;76;D;DEP;64.083305;71.96;82.89144;;9/29/2026 2:37:36 PM;9/29/2026 2:42:20 PM;TAR955;;02A263;A320;EBBR;DTTA;25R;ROUSY4G;4.432753806173545;50.891511836179454;520.0650024414062;792.3592
F049-1;9/29/2026 4:40:59 PM +02:00;9/29/2026 4:41:52 PM +02:00;9/29/2026 4:41:22 PM +02:00;53;D;DEP;63.386547;68.95;80.6293;;9/29/2026 2:40:29 PM;9/29/2026 2:44:32 PM;BEL6ZH;OOSSB;44CE62;A319;EBBR;LIML;25R;ROUSY4G;4.432935928404201;50.89192323774832;518.1600341796875;808.98956
F049-1;9/29/2026 4:42:29 PM +02:00;9/29/2026 4:43:46 PM +02:00;9/29/2026 4:42:51 PM +02:00;77;D;DEP;63.60605;70.13;82.470955;;9/29/2026 2:41:57 PM;9/29/2026 2:46:04 PM;BEL2HJ;OOSNH;44CDC8;A320;EBBR;EDDB;25R;SPI4G;4.432590194492832;50.89159035166532;558.1650390625;810.3022
F049-1;9/29/2026 4:49:07 PM +02:00;9/29/2026 4:50:13 PM +02:00;9/29/2026 4:49:31 PM +02:00;66;D;DEP;60.59945;69.25;78.79489;;9/29/2026 2:48:44 PM;9/29/2026 2:53:04 PM;BEL4GU;OOTCV;44D076;A320;EBBR;LEMG;25R;CIV4G;4.437599318498584;50.89639692915047;441.9599914550781;1160.9875
F049-1;9/29/2026 4:56:11 PM +02:00;9/29/2026 4:57:21 PM +02:00;9/29/2026 4:56:48 PM +02:00;70;D;DEP;54.76109;62.09;73.21207;;9/29/2026 2:56:01 PM;9/29/2026 2:59:25 PM;BEL6RA;OOSSO;44CE6F;A319;EBBR;EGLL;25R;HELEN4G;4.438964127337998;50.89984533225253;563.8800048828125;1537.4713
F049-1;9/29/2026 5:07:17 PM +02:00;9/29/2026 5:08:36 PM +02:00;9/29/2026 5:07:56 PM +02:00;79;D;DEP;59.960457;68.83;78.93673;;9/29/2026 3:07:04 PM;9/29/2026 3:10:52 PM;JAF2535;OOJAF;44A826;B738;EBBR;GMMN;25R;CIV4G;4.43459332743582;50.89625963118047;365.760009765625;1123.8395
F049-1;9/29/2026 5:13:43 PM +02:00;9/29/2026 5:15:09 PM +02:00;9/29/2026 5:14:41 PM +02:00;86;D;DEP;64.34599;74.63;83.69098;;9/29/2026 3:13:41 PM;9/29/2026 3:18:08 PM;BOX547;DAALS;3C4593;B77L;EBBR;EDDP;25R;SPI4G;4.432064410788948;50.892374215374275;434.3399963378906;827.62695
F049-1;9/29/2026 5:20:36 PM +02:00;9/29/2026 5:21:58 PM +02:00;9/29/2026 5:21:21 PM +02:00;82;D;DEP;58.62218;68.9;77.76032;;9/29/2026 3:20:21 PM;9/29/2026 3:25:04 PM;TKJ6UN;;4BBD07;B38M;EBBR;LTFJ;25R;PITES4G;4.432316513239456;50.89247104199329;472.44000244140625;851.16406
F049-1;9/29/2026 5:24:19 PM +02:00;9/29/2026 5:25:08 PM +02:00;9/29/2026 5:24:35 PM +02:00;49;D;DEP;53.463394;58.53;70.36536;;9/29/2026 3:24:00 PM;9/29/2026 3:28:28 PM;BEL2DT;OOSBA;44CC41;A20N;EBBR;LPPT;25R;CIV4G;4.437287782355086;50.8993316113645;449.5799865722656;1410.1388
F049-1;9/29/2026 5:25:32 PM +02:00;9/29/2026 5:26:43 PM +02:00;9/29/2026 5:26:02 PM +02:00;71;D;DEP;63.61031;72.05;82.122894;;9/29/2026 3:25:04 PM;9/29/2026 3:29:28 PM;BEL2ZR;OOSSR;44CE72;A319;EBBR;LKPR;25R;SOPOK4G;4.432386737521095;50.8920261491956;523.875;828.0356
F049-1;9/29/2026 5:35:47 PM +02:00;9/29/2026 5:37:19 PM +02:00;9/29/2026 5:36:12 PM +02:00;92;D;DEP;63.54707;70.87;83.184944;;9/29/2026 3:35:24 PM;9/29/2026 3:40:44 PM;AUA296;OELXB;44022B;A320;EBBR;LOWW;25R;SOPOK4G;4.432777037310275;50.89145117503188;582.9299926757812;811.04047
F049-1;9/29/2026 5:45:52 PM +02:00;9/29/2026 5:47:52 PM +02:00;9/29/2026 5:46:52 PM +02:00;120;D;DEP;59.84012;70.64;80.63193;;9/29/2026 3:46:00 PM;9/29/2026 3:49:40 PM;TRA93K;PHHXL;484B6E;B738;EBBR;LEAL;25R;CIV4G;4.4356671158919605;50.89595149539221;375.2850036621094;1084.6273
F049-1;9/29/2026 5:48:17 PM +02:00;9/29/2026 5:49:40 PM +02:00;9/29/2026 5:48:42 PM +02:00;83;D;DEP;59.331604;68.96;78.522385;;9/29/2026 3:47:52 PM;9/29/2026 3:52:12 PM;TRA81J;PHHXE;48520D;B738;EBBR;LEIB;25R;CIV4G;4.433249648589116;50.896474243749346;396.239990234375;1102.9738
F049-1;9/29/2026 5:54:34 PM +02:00;9/29/2026 5:55:59 PM +02:00;9/29/2026 5:55:08 PM +02:00;85;D;DEP;59.951756;70.41;79.24594;;9/29/2026 3:54:20 PM;9/29/2026 3:58:56 PM;RYR1FR;EIDPV;4CA4F8;B738;EBBR;LEBL;25R;CIV4G;4.440337088692141;50.89923066334095;426.7200012207031;1475.7106
F049-1;9/29/2026 5:59:24 PM +02:00;9/29/2026 6:00:45 PM +02:00;9/29/2026 5:59:56 PM +02:00;81;D;DEP;62.50041;69.89;81.58526;;9/29/2026 3:59:01 PM;9/29/2026 4:03:16 PM;BEL8UK;;44CE79;A319;EBBR;EDDF;25R;SPI4G;4.4332653446553385;50.891566203001574;535.3049926757812;791.51105
F049-1;9/29/2026 6:01:14 PM +02:00;9/29/2026 6:02:16 PM +02:00;9/29/2026 6:01:42 PM +02:00;62;D;DEP;66.459625;72.66;84.383545;;9/29/2026 4:00:41 PM;9/29/2026 4:04:32 PM;RYR5ZK;9HQDB;4D222D;B738;EBBR;LIRP;25R;ROUSY4G;4.434926200028621;50.888259612096654;784.8599853515625;783.5186
F049-1;9/29/2026 6:02:49 PM +02:00;9/29/2026 6:03:37 PM +02:00;9/29/2026 6:03:09 PM +02:00;48;D;DEP;62.191216;69.54;79.00363;;9/29/2026 4:02:21 PM;9/29/2026 4:06:40 PM;VLG6FP;;34768E;A320;EBBR;LEMG;25R;CIV4G;4.4374771931345744;50.89704404438113;457.20001220703125;1233.7446
F049-1;9/29/2026 6:04:24 PM +02:00;9/29/2026 6:05:42 PM +02:00;9/29/2026 6:04:49 PM +02:00;78;D;DEP;60.701992;69.68;79.62294;;9/29/2026 4:03:57 PM;9/29/2026 4:08:12 PM;SXS69W;TCSOI;4BCDE9;B38M;EBBR;LTAI;25R;SOPOK4G;4.432807248248219;50.89228718239403;476.25;825.4549
F049-1;9/29/2026 6:06:24 PM +02:00;9/29/2026 6:07:11 PM +02:00;9/29/2026 6:06:43 PM +02:00;47;D;DEP;59.468422;67.19;76.1894;;9/29/2026 4:06:01 PM;9/29/2026 4:10:40 PM;LYF278;08 BLUE;503FD3;C27J;EBBR;EYVI;25R;LNO4G;4.4317901521577765;50.891864956669686;455.2950134277344;810.9017
F049-1;9/29/2026 6:15:14 PM +02:00;9/29/2026 6:16:52 PM +02:00;9/29/2026 6:15:53 PM +02:00;98;D;DEP;61.274975;69.83;81.18723;;9/29/2026 4:14:56 PM;9/29/2026 4:19:12 PM;BEL3WD;OOSSL;44CE6C;A319;EBBR;LIRF;25R;ROUSY4G;4.433170769161259;50.89176612663368;537.2100219726562;801.8249
F049-1;9/29/2026 6:26:19 PM +02:00;9/29/2026 6:27:23 PM +02:00;9/29/2026 6:27:01 PM +02:00;64;D;DEP;61.807724;69.34;79.86952;;9/29/2026 4:25:53 PM;9/29/2026 4:29:20 PM;TVS499F;;49D5D6;BCS3;EBBR;LKPR;25R;SOPOK4G;4.437546871188288;50.88716284374013;773.4299926757812;726.7514
F049-1;9/29/2026 6:28:13 PM +02:00;9/29/2026 6:29:09 PM +02:00;9/29/2026 6:28:26 PM +02:00;56;D;DEP;68.7274;77.37;86.20928;;9/29/2026 4:27:48 PM;9/29/2026 4:32:08 PM;UAE66V;A6ENA;896318;B77W;EBBR;OMDB;25R;PITES4G;4.431927161671756;50.891771804466934;403.8599853515625;762.90045
F049-1;9/29/2026 6:41:42 PM +02:00;9/29/2026 6:42:21 PM +02:00;9/29/2026 6:41:56 PM +02:00;39;D;DEP;57.57234;63.01;73.48299;;9/29/2026 4:41:12 PM;9/29/2026 4:45:56 PM;BEL3FJ;;502D7C;BCS3;EBBR;LEBL;25R;CIV4G;4.436034677454801;50.89693050768536;480.05999755859375;1218.1674
F049-1;9/29/2026 6:44:25 PM +02:00;9/29/2026 6:45:35 PM +02:00;9/29/2026 6:44:53 PM +02:00;70;D;DEP;60.04818;66.98;78.49916;;9/29/2026 4:44:00 PM;9/29/2026 4:46:56 PM;IAM3170;;33FCA3;GLF6;EBMB;LIRA;25R;ROUSY4G;4.433082759076177;50.89222224504349;586.739990234375;873.2272
F049-1;9/29/2026 6:46:14 PM +02:00;9/29/2026 6:47:16 PM +02:00;9/29/2026 6:46:28 PM +02:00;62;D;DEP;65.38216;73.48;83.306076;;9/29/2026 4:46:01 PM;9/29/2026 4:49:48 PM;LBT385;9HMMO;4D23BB;A320;EBBR;DTTJ;25R;ROUSY4G;4.433211885896563;50.891642565730926;523.875;780.1461
F049-1;9/29/2026 6:52:06 PM +02:00;9/29/2026 6:53:30 PM +02:00;9/29/2026 6:52:40 PM +02:00;84;D;DEP;63.659916;70.85;82.90271;;9/29/2026 4:51:37 PM;9/29/2026 4:55:08 PM;BEL7VN;OOSSA;44CE61;A319;EBBR;LOWW;25R;SOPOK4G;4.430738070231668;50.887901001369066;662.9400024414062;765.62714
F049-1;9/29/2026 6:54:18 PM +02:00;9/29/2026 6:55:17 PM +02:00;9/29/2026 6:54:30 PM +02:00;59;D;DEP;60.16658;67.37;77.8751;;9/29/2026 4:53:45 PM;9/29/2026 4:57:52 PM;MAC114H;CNNMJ;020124;A320;EBBR;GMTT;25R;CIV4G;4.4374035895822965;50.89829796129621;472.44000244140625;1327.678
F049-1;9/29/2026 7:04:17 PM +02:00;9/29/2026 7:05:42 PM +02:00;9/29/2026 7:04:46 PM +02:00;85;E;DEP;63.679474;70.09;82.97366;;9/29/2026 5:03:48 PM;9/29/2026 5:08:32 PM;BEL9DL;OOSNK;44CDCB;A320;EBBR;EDDB;25R;SPI4G;4.432983562434328;50.89207834340929;521.9700317382812;821.2661
F049-1;9/29/2026 7:07:04 PM +02:00;9/29/2026 7:08:10 PM +02:00;9/29/2026 7:07:42 PM +02:00;66;E;DEP;58.94513;64.83;77.14057;;9/29/2026 5:06:40 PM;9/29/2026 5:10:24 PM;FSE1C;;3E353E;C25M;EBBR;EDDL;25R;LNO4G;4.433456796291547;50.88754150589596;777.239990234375;770.57544
F049-1;9/29/2026 7:08:23 PM +02:00;9/29/2026 7:09:03 PM +02:00;9/29/2026 7:08:39 PM +02:00;40;E;DEP;57.47939;63.64;73.49999;;9/29/2026 5:07:48 PM;9/29/2026 5:12:20 PM;RAM833B;CNMAX;020139;B38M;EBBR;GMMN;25R;CIV4G;4.436464315088705;50.89884103792618;449.5799865722656;1342.7
F049-1;9/29/2026 7:19:16 PM +02:00;9/29/2026 7:20:03 PM +02:00;9/29/2026 7:19:46 PM +02:00;47;E;DEP;61.660072;69.89;78.38105;;9/29/2026 5:18:56 PM;9/29/2026 5:23:08 PM;VLG7KZ;;347601;A320;EBBR;LEBL;25R;CIV4G;4.437918815552447;50.897434281954325;504.82501220703125;1276.0514
F049-1;9/29/2026 7:26:42 PM +02:00;9/29/2026 7:28:21 PM +02:00;9/29/2026 7:27:20 PM +02:00;99;E;DEP;63.427105;70.05;83.38345;;9/29/2026 5:26:20 PM;9/29/2026 5:30:36 PM;BEL4GV;;44CDD1;A320;EBBR;LSGG;25R;ROUSY4G;4.432581643711958;50.89176787970859;574.5479736328125;845.51306
F049-1;9/29/2026 7:30:00 PM +02:00;9/29/2026 7:30:44 PM +02:00;9/29/2026 7:30:17 PM +02:00;44;E;DEP;56.237705;63.32;72.67223;;9/29/2026 5:29:40 PM;9/29/2026 5:33:29 PM;SAS66P;;4CAD92;A20N;EBBR;ESSA;25R;NIK3G;4.437353347988;50.8985406257601;487.67999267578125;1358.3217
F049-1;9/29/2026 7:31:14 PM +02:00;9/29/2026 7:32:49 PM +02:00;9/29/2026 7:32:23 PM +02:00;95;E;DEP;64.313644;71.09;84.09088;;9/29/2026 5:31:36 PM;9/29/2026 5:35:41 PM;FIN5DA;OHLXI;461F6A;A320;EBBR;EFHK;25R;NIK3G;4.43546750755834;50.896251365972304;495.29998779296875;1142.1309
F049-1;9/29/2026 7:33:17 PM +02:00;9/29/2026 7:34:44 PM +02:00;9/29/2026 7:33:45 PM +02:00;87;E;DEP;59.91949;66;79.31468;;9/29/2026 5:32:40 PM;9/29/2026 5:36:36 PM;ITY165;;4CADAC;A20N;EBBR;LIRF;25R;ROUSY4G;4.43264047321948;50.892176930328226;571.5;869.6644
F049-1;9/29/2026 7:37:22 PM +02:00;9/29/2026 7:38:56 PM +02:00;9/29/2026 7:38:02 PM +02:00;94;E;DEP;59.15455;64.94;78.885826;;9/29/2026 5:36:52 PM;9/29/2026 5:41:12 PM;BEL4HU;YLABE;502D46;BCS3;EBBR;EDDM;25R;SOPOK4G;4.430144296285159;50.89056574813047;643.8900146484375;881.0735
F049-1;9/29/2026 7:41:04 PM +02:00;9/29/2026 7:42:09 PM +02:00;9/29/2026 7:41:31 PM +02:00;65;E;DEP;64.8899;71.96;83.019035;;9/29/2026 5:40:40 PM;9/29/2026 5:45:16 PM;RWD700;;06E02B;A332;EBBR;LFPG;25R;CIV4G;4.436390518945939;50.896692588133405;487.67999267578125;1197.4797
F049-1;9/29/2026 7:43:32 PM +02:00;9/29/2026 7:44:31 PM +02:00;9/29/2026 7:44:00 PM +02:00;59;E;DEP;64.396965;70.2;82.105484;;9/29/2026 5:43:08 PM;9/29/2026 5:47:20 PM;BEL2LG;OOSNN;44CDCE;A320;EBBR;EDDF;25R;SPI4G;4.433087510651033;50.89165032432564;569.594970703125;821.1043
F049-1;9/29/2026 7:44:40 PM +02:00;9/29/2026 7:45:35 PM +02:00;9/29/2026 7:44:56 PM +02:00;55;E;DEP;63.48913;71.2;80.89275;;9/29/2026 5:44:08 PM;9/29/2026 5:48:24 PM;VLG37FQ;ECKJD;342592;A320;EBBR;LEBB;25R;CIV4G;4.433294203898601;50.89556638405305;502.9200134277344;1053.501
F049-1;9/29/2026 7:53:46 PM +02:00;9/29/2026 7:54:39 PM +02:00;9/29/2026 7:54:11 PM +02:00;53;E;DEP;61.697147;66.07;78.9399;;9/29/2026 5:53:13 PM;9/29/2026 5:57:40 PM;SWR7DC;HBJCQ;4B1808;BCS3;EBBR;LSZH;25R;LNO4G;4.432427468537419;50.89207788470299;518.1599731445312;834.22015
F049-1;9/29/2026 7:56:37 PM +02:00;9/29/2026 7:57:40 PM +02:00;9/29/2026 7:56:51 PM +02:00;63;E;DEP;62.03762;70.44;80.03103;;9/29/2026 5:56:00 PM;9/29/2026 6:01:12 PM;LOT4CN;;48E95E;B38M;EBBR;EPWA;25R;LNO4G;4.43200487585608;50.89198087232768;464.82000732421875;806.1221
F049-1;9/29/2026 7:58:20 PM +02:00;9/29/2026 7:59:27 PM +02:00;9/29/2026 7:58:34 PM +02:00;67;E;DEP;59.77115;66.43;78.0319;;9/29/2026 5:57:48 PM;9/29/2026 6:02:56 PM;ROT374W;;4A08EF;B38M;EBBR;LROP;25R;SOPOK4G;4.432184943210607;50.89318062419364;452.62799072265625;899.8741
F049-1;9/29/2026 7:59:58 PM +02:00;9/29/2026 8:01:00 PM +02:00;9/29/2026 8:00:29 PM +02:00;62;E;DEP;65.04519;70.71;82.96911;;9/29/2026 5:59:32 PM;9/29/2026 6:03:52 PM;AUA29V;OELBO;44001B;A320;EBBR;LOWW;25R;SOPOK4G;4.432118905015232;50.89182591022845;533.4000244140625;820.63745
F049-1;9/29/2026 8:01:15 PM +02:00;9/29/2026 8:02:16 PM +02:00;9/29/2026 8:01:30 PM +02:00;61;E;DEP;62.996822;74.46;80.85012;;9/29/2026 6:00:36 PM;9/29/2026 6:05:04 PM;IBE06LR;ECLVD;344449;A320;EBBR;LEMD;25R;CIV4G;4.439672416661951;50.897490755025345;464.82000732421875;1295.8882
F049-1;9/29/2026 8:08:24 PM +02:00;9/29/2026 8:09:39 PM +02:00;9/29/2026 8:09:04 PM +02:00;75;E;DEP;59.763927;63.73;78.51454;;9/29/2026 6:07:52 PM;9/29/2026 6:11:52 PM;KMM421;9HNEO;4D21A2;A20N;EBBR;LMML;25R;ROUSY4G;4.428477422019383;50.88836196296134;685.7999877929688;863.87384
F049-1;9/29/2026 8:19:26 PM +02:00;9/29/2026 8:20:11 PM +02:00;9/29/2026 8:19:44 PM +02:00;45;E;DEP;63.10543;68.89;79.63756;;9/29/2026 6:18:53 PM;9/29/2026 6:23:00 PM;AEE6BR;SXNAK;46B82B;A21N;EBBR;LGAV;25R;PITES4G;4.432201643275988;50.892181051947844;502.91998291015625;843.51056
F049-1;9/29/2026 8:20:26 PM +02:00;9/29/2026 8:21:21 PM +02:00;9/29/2026 8:20:38 PM +02:00;55;E;DEP;60.45514;68.79;77.858765;;9/29/2026 6:19:53 PM;9/29/2026 6:24:37 PM;RYR3QK;EIEFD;4CA75F;B738;EBBR;EIDW;25R;DENUT4G;4.4416302038370885;50.89944851287226;508.635009765625;1521.0125
F049-1;9/29/2026 8:25:47 PM +02:00;9/29/2026 8:27:12 PM +02:00;9/29/2026 8:26:27 PM +02:00;85;E;DEP;61.876266;69.44;81.170456;;9/29/2026 6:25:17 PM;9/29/2026 6:29:12 PM;ITY153;;4CAE11;BCS1;EBBR;LIML;25R;ROUSY4G;4.436196015603332;50.88754490681577;811.5299682617188;761.7037
F049-1;9/29/2026 8:27:34 PM +02:00;9/29/2026 8:28:41 PM +02:00;9/29/2026 8:27:56 PM +02:00;67;E;DEP;62.373898;70.9;80.63464;;9/29/2026 6:26:52 PM;9/29/2026 6:30:52 PM;RAM831F;CNRGR;020113;E190;EBBR;GMME;25R;CIV4G;4.434393797478885;50.89651565384708;617.219970703125;1220.359
F049-1;9/29/2026 8:34:25 PM +02:00;9/29/2026 8:35:57 PM +02:00;9/29/2026 8:34:55 PM +02:00;92;E;DEP;56.2518;62.83;75.88968;;9/29/2026 6:34:16 PM;9/29/2026 6:37:12 PM;PNC1VL;YUSVL;4C4AAB;C56X;EBBR;LCLK;25R;PITES4G;4.433355551666226;50.89175953901695;548.6400146484375;803.6728
F049-1;9/29/2026 8:39:43 PM +02:00;9/29/2026 8:40:32 PM +02:00;9/29/2026 8:40:03 PM +02:00;49;E;DEP;60.752586;67.5;77.65455;;9/29/2026 6:39:09 PM;9/29/2026 6:43:41 PM;SAS43M;;4ACA70;E195;EBBR;EKCH;25R;NIK3G;4.438273226755008;50.89702670602785;441.9599914550781;1229.6438
F049-1;9/29/2026 8:40:57 PM +02:00;9/29/2026 8:42:18 PM +02:00;9/29/2026 8:41:27 PM +02:00;81;E;DEP;60.152985;64.59;79.23783;;9/29/2026 6:40:25 PM;9/29/2026 6:44:40 PM;LZB408;;452121;BCS3;EBBR;LBSF;25R;PITES4G;4.429561476417533;50.889796677393875;632.4600219726562;857.993
F049-1;9/29/2026 8:42:40 PM +02:00;9/29/2026 8:43:55 PM +02:00;9/29/2026 8:43:01 PM +02:00;75;E;DEP;53.17314;58.94;71.92375;;9/29/2026 6:42:13 PM;9/29/2026 6:45:13 PM;;FHGLG;399966;LJ75;EBBR;EHBK;25R;LNO4G;4.43290761279694;50.89187825788694;718.1849975585938;928.363
F049-1;9/29/2026 8:45:07 PM +02:00;9/29/2026 8:46:43 PM +02:00;9/29/2026 8:45:31 PM +02:00;96;E;DEP;62.188286;69.18;82.011;;9/29/2026 6:44:45 PM;9/29/2026 6:48:32 PM;BEL92K;OOSSW;44CE77;A319;EBBR;LSGG;25R;ROUSY4G;4.432314866366386;50.89156091617922;563.8800048828125;823.301
F049-1;9/29/2026 8:48:36 PM +02:00;9/29/2026 8:49:35 PM +02:00;9/29/2026 8:49:04 PM +02:00;59;E;DEP;57.819935;64.32;75.52846;;9/29/2026 6:48:12 PM;9/29/2026 6:52:13 PM;BEL9FL;OOSSV;44CE76;A319;EBBR;ESSA;25R;NIK3G;4.434093018850693;50.897607575921526;525.780029296875;1252.1873
F049-1;9/29/2026 8:50:36 PM +02:00;9/29/2026 8:52:13 PM +02:00;9/29/2026 8:51:21 PM +02:00;97;E;DEP;60.93678;67.6;80.8045;;9/29/2026 6:50:09 PM;9/29/2026 6:54:04 PM;CTN4457;;501C38;BCS3;EBBR;LDZA;25R;PITES4G;4.433157337404451;50.888862653315904;760.094970703125;796.4497
F049-1;9/29/2026 8:58:08 PM +02:00;9/29/2026 8:59:14 PM +02:00;9/29/2026 8:58:32 PM +02:00;66;E;DEP;51.982533;58.77;70.17797;;9/29/2026 6:57:49 PM;9/29/2026 7:01:41 PM;BEL2FM;;44CC44;A20N;EBBR;LEMD;25R;CIV4G;4.440551396873493;50.90048703930528;478.1549987792969;1608.8524
F049-1;9/29/2026 9:00:53 PM +02:00;9/29/2026 9:02:41 PM +02:00;9/29/2026 9:01:45 PM +02:00;108;E;DEP;63.518387;70.03;83.85262;;9/29/2026 7:00:41 PM;9/29/2026 7:04:20 PM;EJU87PG;OELQM;440589;A319;EBBR;LIRF;25R;ROUSY4G;4.431369483055357;50.88920271306799;720.0900268554688;832.6195
F049-1;9/29/2026 9:05:06 PM +02:00;9/29/2026 9:06:31 PM +02:00;9/29/2026 9:06:03 PM +02:00;85;E;DEP;60.08215;68.35;79.376335;;9/29/2026 7:04:57 PM;9/29/2026 7:08:08 PM;BEL7JU;;44CC43;A20N;EBBR;LHBP;25R;SOPOK4G;4.433395857441712;50.88915095188451;813.8159790039062;859.67303
F049-1;9/29/2026 9:06:56 PM +02:00;9/29/2026 9:08:13 PM +02:00;9/29/2026 9:07:30 PM +02:00;77;E;DEP;64.80886;69.5;83.67377;;9/29/2026 7:06:25 PM;9/29/2026 7:10:01 PM;BEL1ZK;OOSNI;44CDC9;A320;EBBR;EDDB;25R;SPI4G;4.430373810976416;50.88876813131818;763.905029296875;879.00104
F049-1;9/29/2026 9:08:34 PM +02:00;9/29/2026 9:09:41 PM +02:00;9/29/2026 9:08:48 PM +02:00;67;E;DEP;63.68827;69.49;81.94902;;9/29/2026 7:08:05 PM;9/29/2026 7:12:20 PM;BCS115;ECNHF;346318;B752;EBBR;EDDP;25R;SOPOK4G;4.432499257725588;50.89173636028883;685.7999877929688;910.72034
F049-1;9/29/2026 9:10:45 PM +02:00;9/29/2026 9:11:44 PM +02:00;9/29/2026 9:11:02 PM +02:00;59;E;DEP;59.28073;67.93;76.98925;;9/29/2026 7:10:13 PM;9/29/2026 7:14:25 PM;BEL1EW;OOSNB;44CDC2;A320;EBBR;ENGM;25R;NIK3G;4.436450998797205;50.89840056234315;533.4000244140625;1330.79
F049-1;9/29/2026 9:12:08 PM +02:00;9/29/2026 9:13:08 PM +02:00;9/29/2026 9:12:27 PM +02:00;60;E;DEP;51.690224;56.33;69.47173;;9/29/2026 7:11:41 PM;9/29/2026 7:15:32 PM;BEL3LY;YLABH;502D59;BCS3;EBBR;LFLL;25R;CIV4G;4.441368630254006;50.900561833544685;579.1199951171875;1644.5247
F049-1;9/29/2026 9:13:27 PM +02:00;9/29/2026 9:14:15 PM +02:00;9/29/2026 9:13:51 PM +02:00;48;E;DEP;58.35854;65.36;75.17095;;9/29/2026 7:13:00 PM;9/29/2026 7:16:33 PM;BEL5EP;OOSNM;44CDCD;A320;EBBR;EKCH;25R;NIK3G;4.439456013246916;50.89910412338937;678.1799926757812;1512.1399
F049-1;9/29/2026 9:14:55 PM +02:00;9/29/2026 9:16:08 PM +02:00;9/29/2026 9:15:18 PM +02:00;73;E;DEP;62.461197;70.6;81.09443;;9/29/2026 7:14:32 PM;9/29/2026 7:19:12 PM;MAC148;;02019C;A320;EBBR;GMTT;25R;CIV4G;4.436806501108784;50.894836681619076;411.4800109863281;987.0961
F049-1;9/29/2026 9:16:32 PM +02:00;9/29/2026 9:17:18 PM +02:00;9/29/2026 9:16:51 PM +02:00;46;E;DEP;58.73149;65.79;75.35907;;9/29/2026 7:16:00 PM;9/29/2026 7:20:25 PM;BEL3UC;OOTCQ;44D071;A320;EBBR;ESGG;25R;NIK3G;4.441419281323477;50.89826967432109;441.9599914550781;1392.743
F049-1;9/29/2026 9:18:03 PM +02:00;9/29/2026 9:19:01 PM +02:00;9/29/2026 9:18:20 PM +02:00;58;E;DEP;58.984802;65.78;76.61908;;9/29/2026 7:17:29 PM;9/29/2026 7:22:05 PM;BEL29D;OOSSR;44CE72;A319;EBBR;LFBO;25R;CIV4G;4.439949385033792;50.89759884198563;502.9200134277344;1322.3512
F049-1;9/29/2026 9:19:30 PM +02:00;9/29/2026 9:20:09 PM +02:00;9/29/2026 9:19:52 PM +02:00;39;E;DEP;59.74563;64.73;75.65627;;9/29/2026 7:19:01 PM;9/29/2026 7:23:01 PM;BEL3TX;OOSSX;44CE78;A319;EBBR;EDDH;25R;NIK3G;4.4379021397685845;50.89778149101614;472.44000244140625;1295.797
F049-1;9/29/2026 9:21:00 PM +02:00;9/29/2026 9:22:13 PM +02:00;9/29/2026 9:21:15 PM +02:00;73;E;DEP;55.264217;62.85;73.897446;;9/29/2026 7:20:25 PM;9/29/2026 7:24:24 PM;VLG9XG;ECNCS;34610F;A20N;EBBR;LEAL;25R;CIV4G;4.437166991771546;50.899313535467236;556.260009765625;1425.5913
F049-1;9/29/2026 9:25:00 PM +02:00;9/29/2026 9:26:13 PM +02:00;9/29/2026 9:25:20 PM +02:00;73;E;DEP;55.56159;62.44;74.19482;;9/29/2026 7:24:33 PM;9/29/2026 7:28:17 PM;BEL4AH;OOSNH;44CDC8;A320;EBBR;EGLL;25R;HELEN4G;4.436638669211112;50.90047719144398;640.0800170898438;1568.1859
F049-1;9/29/2026 9:26:36 PM +02:00;9/29/2026 9:27:43 PM +02:00;9/29/2026 9:27:09 PM +02:00;67;E;DEP;64.12923;68.56;82.38998;;9/29/2026 7:26:09 PM;9/29/2026 7:30:00 PM;BEL2653;OOSSO;44CE6F;A319;EBBR;EDDM;25R;SOPOK4G;4.431519074167401;50.88986129165644;727.7099609375;853.7685
F049-1;9/29/2026 9:27:44 PM +02:00;9/29/2026 9:28:19 PM +02:00;9/29/2026 9:27:54 PM +02:00;35;E;DEP;61.27681;66.64;76.71749;;9/29/2026 7:27:09 PM;9/29/2026 7:31:32 PM;MAC112R;;020176;A320;EBBR;GMMN;25R;CIV4G;4.438698221540618;50.89774617165042;480.05999755859375;1319.6771
F049-1;9/29/2026 9:28:41 PM +02:00;9/29/2026 9:30:18 PM +02:00;9/29/2026 9:29:14 PM +02:00;97;E;DEP;63.429928;69.23;83.297646;;9/29/2026 7:28:05 PM;9/29/2026 7:32:12 PM;VLG7JX;ECMKX;345205;A319;EBBR;LIRQ;25R;ROUSY4G;4.429846594710312;50.88809439079514;873.2520141601562;942.69165
F049-1;9/29/2026 9:31:00 PM +02:00;9/29/2026 9:32:44 PM +02:00;9/29/2026 9:31:46 PM +02:00;104;E;DEP;64.03714;70.62;84.20747;;9/29/2026 7:30:41 PM;9/29/2026 7:34:32 PM;BEL2SJ;OOSNJ;44CDCA;A320;EBBR;LIPZ;25R;ROUSY4G;4.430841311152685;50.88880179482638;748.2839965820312;851.2848
F049-1;9/29/2026 9:34:39 PM +02:00;9/29/2026 9:36:09 PM +02:00;9/29/2026 9:35:05 PM +02:00;90;E;DEP;62.751255;68.81;82.29368;;9/29/2026 7:34:08 PM;9/29/2026 7:38:24 PM;BEL9WB;OOSSB;44CE62;A319;EBBR;LFML;25R;ROUSY4G;4.432738923507457;50.89182644300058;613.4100341796875;867.3917
F049-1;9/29/2026 9:45:54 PM +02:00;9/29/2026 9:47:34 PM +02:00;9/29/2026 9:46:35 PM +02:00;100;E;DEP;64.38039;71.19;84.38039;;9/29/2026 7:45:24 PM;9/29/2026 7:49:20 PM;EJU45PN;OEICI;44046D;A320;EBBR;LFMN;25R;ROUSY4G;4.429805842348292;50.889353050998345;712.469970703125;880.3218
F049-1;9/29/2026 9:53:51 PM +02:00;9/29/2026 9:55:00 PM +02:00;9/29/2026 9:54:28 PM +02:00;69;E;DEP;56.283375;62.87;74.67187;;9/29/2026 7:53:33 PM;9/29/2026 7:58:33 PM;BEL5BJ;OOSNL;44CDCC;A320;EBBR;EGCC;25R;DENUT4G;4.443057558984792;50.90010468283318;563.8800048828125;1616.5669
F049-1;9/29/2026 9:55:52 PM +02:00;9/29/2026 9:56:53 PM +02:00;9/29/2026 9:56:10 PM +02:00;61;E;DEP;60.32926;68.46;78.18256;;9/29/2026 7:55:21 PM;9/29/2026 8:00:12 PM;TAP645;CSTTP;495290;A319;EBBR;LPPT;25R;CIV4G;4.440103248198896;50.898870917106294;518.1599731445312;1436.6024
F049-1;9/29/2026 9:57:18 PM +02:00;9/29/2026 9:58:33 PM +02:00;9/29/2026 9:57:40 PM +02:00;75;E;DEP;64.73819;72.29;83.4888;;9/29/2026 7:56:45 PM;9/29/2026 8:01:40 PM;ETH751;;040262;A359;EBBR;HAAB;25R;PITES4G;4.432246342087872;50.892052988186855;502.9200134277344;823.3546
F049-1;9/29/2026 9:59:02 PM +02:00;9/29/2026 9:59:55 PM +02:00;9/29/2026 9:59:19 PM +02:00;53;E;DEP;68.98109;76.73;86.22385;;9/29/2026 7:58:29 PM;9/29/2026 8:03:29 PM;CKS264;N795CK;AACAD4;B77L;EBBR;KCVG;25R;DENUT4G;4.432630521788094;50.89350732228954;510.5400085449219;949.0465
F049-1;9/29/2026 10:00:43 PM +02:00;9/29/2026 10:01:57 PM +02:00;9/29/2026 10:01:01 PM +02:00;74;E;DEP;66.968285;74.96;85.6606;;9/29/2026 8:00:09 PM;9/29/2026 8:05:16 PM;UAE182;A6EGE;89644C;B77W;EBBR;OMDB;25R;PITES4G;4.432195728368674;50.891624844560496;421.0050048828125;746.33386
F049-1;9/29/2026 10:02:50 PM +02:00;9/29/2026 10:04:28 PM +02:00;9/29/2026 10:03:23 PM +02:00;98;E;DEP;67.46138;74.87;87.37364;;9/29/2026 8:02:33 PM;9/29/2026 8:06:56 PM;THY6LS;TCJNT;4BA9D4;A333;EBBR;LTFM;25R;SOPOK4G;4.4328818347065635;50.89229848689908;552.4500122070312;860.9026
F049-1;9/29/2026 10:12:44 PM +02:00;9/29/2026 10:14:25 PM +02:00;9/29/2026 10:13:28 PM +02:00;101;E;DEP;63.9018;69.9;83.945015;;9/29/2026 8:12:21 PM;9/29/2026 8:16:16 PM;EJU16RZ;OEIVZ;4402AE;A320;EBBR;LIML;25R;ROUSY4G;4.430498597430091;50.89020986370375;720.0900268554688;911.1471
F049-1;9/29/2026 10:25:06 PM +02:00;9/29/2026 10:26:09 PM +02:00;9/29/2026 10:25:36 PM +02:00;63;E;DEP;64.786545;72.36;82.77995;;9/29/2026 8:24:49 PM;9/29/2026 8:28:41 PM;SWT4904;;407DCF;B734;EBBR;ESGJ;25R;NIK3G;4.436484358839387;50.895982527336834;518.1599731445312;1146.1084
F049-1;9/29/2026 10:26:39 PM +02:00;9/29/2026 10:28:30 PM +02:00;9/29/2026 10:27:52 PM +02:00;111;E;DEP;59.491993;66.62;79.94522;;9/29/2026 8:26:41 PM;9/29/2026 8:30:25 PM;BEL6NX;;44CC45;A20N;EBBR;LKPR;25R;SOPOK4G;4.432925705224799;50.88919280332233;779.14501953125;830.3152
F049-1;9/29/2026 10:29:05 PM +02:00;9/29/2026 10:30:04 PM +02:00;9/29/2026 10:29:29 PM +02:00;59;E;DEP;62.216774;67.99;79.92529;;9/29/2026 8:28:29 PM;9/29/2026 8:31:45 PM;;DCSUS;3CF1A2;PC24;EBBR;EDDK;25R;LNO4G;4.4366045631025575;50.88669015182895;908.6849975585938;838.7906
F049-1;9/29/2026 10:30:28 PM +02:00;9/29/2026 10:31:17 PM +02:00;9/29/2026 10:30:48 PM +02:00;49;E;DEP;63.16784;70.11;80.0698;;9/29/2026 8:29:53 PM;9/29/2026 8:35:09 PM;RYR7AC;EIENK;4CA8D6;B738;EBBR;GMMX;25R;CIV4G;4.43453300186647;50.897927055208285;510.5400085449219;1286.5513
F049-1;9/29/2026 10:31:37 PM +02:00;9/29/2026 10:33:10 PM +02:00;9/29/2026 10:32:11 PM +02:00;93;E;DEP;65.15054;70.49;84.83537;;9/29/2026 8:31:13 PM;9/29/2026 8:35:29 PM;BCS5535;;348358;B738;EBBR;LZIB;25R;SOPOK4G;4.432556068008468;50.89177010196169;689.6099853515625;918.05817
F049-1;9/29/2026 10:36:06 PM +02:00;9/29/2026 10:37:31 PM +02:00;9/29/2026 10:36:36 PM +02:00;85;E;DEP;57.83133;65.75;77.12552;;9/29/2026 8:35:37 PM;9/29/2026 8:38:21 PM;DCS607;;3CD5C4;C56X;EBBR;EDTY;25R;SOPOK4G;4.437465370002564;50.88706164979579;876.300048828125;821.1528
F049-1;9/29/2026 11:08:52 PM +02:00;9/29/2026 11:10:25 PM +02:00;9/29/2026 11:09:25 PM +02:00;93;N;DEP;63.39426;72.74;83.07909;;9/29/2026 9:08:41 PM;9/29/2026 9:13:33 PM;THA935;;8852E3;B789;EBBR;VTBS;25R;SOPOK4M;4.4321496782167005;50.892378782660714;449.5799865722656;832.5277
F049-1;9/29/2026 11:16:57 PM +02:00;9/29/2026 11:18:22 PM +02:00;9/29/2026 11:17:26 PM +02:00;85;N;DEP;61.380104;71.66;80.67429;;9/29/2026 9:16:37 PM;9/29/2026 9:21:29 PM;VLG5KB;ECNLV;346690;A321;EBBR;LEBL;25R;CIV4G;4.43993862968819;50.89945507764738;563.8800048828125;1504.7721
F049-1;9/29/2026 11:32:27 PM +02:00;9/29/2026 11:34:28 PM +02:00;9/29/2026 11:33:37 PM +02:00;121;N;DEP;58.5908;68.82;79.418655;;9/29/2026 9:32:41 PM;9/29/2026 9:36:21 PM;BOX117;DAALB;3C4582;B77L;EBBR;EDDP;25R;SPI4M;4.437585544122622;50.89970489835865;670.5599975585938;1538.6584
F049-1;9/30/2026 12:06:07 AM +02:00;9/30/2026 12:07:49 AM +02:00;9/30/2026 12:06:49 AM +02:00;102;N;DEP;58.437794;66.91;78.523796;;9/29/2026 10:05:53 PM;9/29/2026 10:09:17 PM;DHK954;GDHLM;400B4B;B763;EBBR;EGNX;25R;DENUT4G;4.440252503547261;50.89887103412837;723.9000244140625;1539.6837
F049-1;9/30/2026 12:22:41 AM +02:00;9/30/2026 12:24:45 AM +02:00;9/30/2026 12:23:43 AM +02:00;124;N;DEP;59.639156;68.79;80.57337;;9/29/2026 10:22:49 PM;9/29/2026 10:28:56 PM;BCS62A;DALEJ;3C70AA;A332;EBBR;EDDP;25R;SOPOK4M;4.4372892909651025;50.898585519352736;541.02001953125;1411.1353
F049-1;9/30/2026 1:19:54 AM +02:00;9/30/2026 1:21:02 AM +02:00;9/30/2026 1:20:24 AM +02:00;68;N;DEP;63.373608;70.26;81.6987;;9/29/2026 11:19:32 PM;9/29/2026 11:23:52 PM;BCS6TP;;3C71A7;A333;EBBR;EDDP;25R;SOPOK4M;4.435507936869;50.89732559433569;563.8800048828125;1305.3489
M071-1;9/29/2026 7:00:18 AM +02:00;9/29/2026 7:01:59 AM +02:00;9/29/2026 7:01:09 AM +02:00;101;D;DEP;57.865246;64.13;77.90846;0.500000;9/29/2026 4:58:09 AM;9/29/2026 5:01:53 AM;TRA15N;PHHXJ;4853D3;B738;EBBR;LEAL;25R;CIV4G;4.260341304772246;50.873997512876265;1883.56494140625;1839.0109
M071-1;9/29/2026 7:20:35 AM +02:00;9/29/2026 7:21:34 AM +02:00;9/29/2026 7:21:09 AM +02:00;59;D;DEP;59.127453;65.36;76.835976;0.500000;9/29/2026 5:18:00 AM;9/29/2026 5:22:28 AM;IBE06CK;ECILS;342091;A320;EBBR;LEMD;25R;CIV4G;4.260949215313005;50.87329327231411;1532.3438720703125;1483.8685
M071-1;9/29/2026 8:31:11 AM +02:00;9/29/2026 8:32:38 AM +02:00;9/29/2026 8:32:04 AM +02:00;87;D;DEP;57.57292;64.55;76.96812;0.400000;9/29/2026 6:29:01 AM;9/29/2026 6:33:52 AM;ANE8076;ECMTZ;345687;CRJX;EBBR;LPPR;25R;CIV4G;4.260674979067067;50.87280722122105;1418.744873046875;1368.163
M071-1;9/29/2026 8:37:14 AM +02:00;9/29/2026 8:38:40 AM +02:00;9/29/2026 8:37:50 AM +02:00;86;D;DEP;55.114124;60.62;74.45911;0.200000;9/29/2026 6:34:44 AM;9/29/2026 6:38:24 AM;RYR38YH;EIDLX;4CA303;B738;EBBR;LEGE;25R;CIV4G;4.263489069216724;50.87263392895943;2074.06494140625;2035.0541
M071-1;9/29/2026 9:03:09 AM +02:00;9/29/2026 9:04:53 AM +02:00;9/29/2026 9:03:45 AM +02:00;104;D;DEP;57.70708;64.98;77.87741;0.300000;9/29/2026 7:00:52 AM;9/29/2026 7:04:36 AM;TRA22C;PHHXE;48520D;B738;EBBR;GMMX;25R;CIV4G;4.260946277621653;50.87380115392686;1784.5048828125;1739.0074
M071-1;9/29/2026 9:33:37 AM +02:00;9/29/2026 9:34:49 AM +02:00;9/29/2026 9:34:18 AM +02:00;72;D;DEP;57.482758;63.3;76.05608;0.900000;9/29/2026 7:31:17 AM;9/29/2026 7:35:40 AM;BEL2DY;OOSSR;44CE72;A319;EBBR;LPPT;25R;CIV4G;4.26196012505117;50.872918064184226;1647.3448486328125;1600.7019
M071-1;9/29/2026 9:35:36 AM +02:00;9/29/2026 9:36:52 AM +02:00;9/29/2026 9:36:12 AM +02:00;76;D;DEP;61.87381;68.86;80.681946;0.200000;9/29/2026 7:33:04 AM;9/29/2026 7:38:36 AM;BAF649;CT01;44F681;A400;EBMB;LEMO;25R;CIV4G;4.260150066987131;50.87268575395546;1402.622802734375;1365.9126
M071-1;9/29/2026 9:40:06 AM +02:00;9/29/2026 9:41:10 AM +02:00;9/29/2026 9:40:42 AM +02:00;64;D;DEP;58.14735;63.51;76.20915;0.100000;9/29/2026 7:37:33 AM;9/29/2026 7:41:44 AM;BEL5KF;OOSSO;44CE6F;A319;EBBR;LPFR;25R;CIV4G;4.259711943042406;50.87351734645313;1650.453857421875;1607.815
M071-1;9/29/2026 9:52:31 AM +02:00;9/29/2026 9:53:41 AM +02:00;9/29/2026 9:52:54 AM +02:00;70;D;DEP;57.13284;63.68;75.58382;0.700000;9/29/2026 7:49:53 AM;9/29/2026 7:54:12 AM;VLG9BU;ECMBF;34454A;A320;EBBR;LEAL;25R;CIV4G;4.261304376874399;50.872700780103585;1581.873779296875;1538.8234
M071-1;9/29/2026 9:58:38 AM +02:00;9/29/2026 9:59:54 AM +02:00;9/29/2026 9:59:10 AM +02:00;76;D;DEP;56.651882;62.62;75.460014;0.200000;9/29/2026 7:56:04 AM;9/29/2026 8:00:36 AM;BEL5EN;OOSNF;44CDC6;A320;EBBR;LEMD;25R;CIV4G;4.25811252625297;50.873691157179806;1606.6387939453125;1585.4784
M071-1;9/29/2026 10:38:54 AM +02:00;9/29/2026 10:40:08 AM +02:00;9/29/2026 10:39:27 AM +02:00;74;D;DEP;59.52244;66.03;78.21476;0.200000;9/29/2026 8:36:25 AM;9/29/2026 8:40:52 AM;RYR7EM;9HQEY;4D251C;B738;EBBR;LEBL;25R;CIV4G;4.260117280100099;50.87405090883702;1770.4688720703125;1737.3287
M071-1;9/29/2026 10:53:39 AM +02:00;9/29/2026 10:54:25 AM +02:00;9/29/2026 10:54:03 AM +02:00;46;D;DEP;52.212574;56.88;68.84015;0.200000;9/29/2026 8:50:53 AM;9/29/2026 8:54:48 AM;BEL1MG;OOSBA;44CC41;A20N;EBBR;LPPR;25R;CIV4G;4.260719086519215;50.87317810398464;1976.2088623046875;1926.719
M071-1;9/29/2026 11:14:25 AM +02:00;9/29/2026 11:15:02 AM +02:00;9/29/2026 11:14:44 AM +02:00;37;D;DEP;60.0899;65.29;75.77192;1.000000;9/29/2026 9:11:36 AM;9/29/2026 9:17:04 AM;MAC116Q;CNNMJ;020124;A320;EBBR;GMMW;25R;CIV4G;4.261537640143345;50.872281084753475;1444.7138671875;1411.6993
M071-1;9/29/2026 11:16:02 AM +02:00;9/29/2026 11:17:17 AM +02:00;9/29/2026 11:16:55 AM +02:00;75;D;DEP;55.26475;62.26;74.015366;0.600000;9/29/2026 9:13:44 AM;9/29/2026 9:18:32 AM;RYR29DB;9HQCJ;4D2226;B738;EBBR;LEMD;25R;CIV4G;4.259094416925839;50.87311702492035;1738.0838623046875;1685.5778
M071-1;9/29/2026 11:19:15 AM +02:00;9/29/2026 11:20:26 AM +02:00;9/29/2026 11:19:49 AM +02:00;71;D;DEP;52.460926;58.76;70.97351;0.800000;9/29/2026 9:16:24 AM;9/29/2026 9:21:24 AM;BEL3JY;YLABH;502D59;BCS3;EBBR;LFLL;25R;CIV4G;4.257718128782692;50.87704767495894;1806.663818359375;1840.8593
M071-1;9/29/2026 11:30:30 AM +02:00;9/29/2026 11:31:57 AM +02:00;9/29/2026 11:31:24 AM +02:00;87;D;DEP;60.845398;69.4;80.24059;0.200000;9/29/2026 9:28:04 AM;9/29/2026 9:33:32 AM;BEL8AN;OOSFX;44CCD8;A333;EBBR;GOBD;25R;CIV4G;4.2596461716963026;50.87259358549545;1295.4000244140625;1245.54
M071-1;9/29/2026 11:33:13 AM +02:00;9/29/2026 11:34:21 AM +02:00;9/29/2026 11:33:46 AM +02:00;68;D;DEP;62.921715;70.51;81.2468;0.300000;9/29/2026 9:30:24 AM;9/29/2026 9:36:28 AM;BEL6ZD;OOSFF;44CCC6;A333;EBBR;DFFD;25R;CIV4G;4.259151476064133;50.87277668816014;1207.77001953125;1166.015
M071-1;9/29/2026 12:06:32 PM +02:00;9/29/2026 12:08:14 PM +02:00;9/29/2026 12:07:20 PM +02:00;102;D;DEP;51.298157;59.54;71.384155;0.400000;9/29/2026 10:04:12 AM;9/29/2026 10:08:16 AM;TAP641;;495153;A21N;EBBR;LPPT;25R;CIV4G;4.260705070176166;50.873762360903946;1821.90380859375;1784.0162
M071-1;9/29/2026 12:13:25 PM +02:00;9/29/2026 12:15:09 PM +02:00;9/29/2026 12:14:23 PM +02:00;104;D;DEP;54.27078;61.93;74.44111;0.200000;9/29/2026 10:11:20 AM;9/29/2026 10:15:08 AM;ENT579P;;48E87F;B738;EBBR;LFSL;25R;CIV4G;4.260507323814133;50.873543944826764;1890.48388671875;1842.4446
M071-1;9/29/2026 12:20:01 PM +02:00;9/29/2026 12:21:30 PM +02:00;9/29/2026 12:20:49 PM +02:00;89;D;DEP;47.32713;53.67;66.82103;0.200000;9/29/2026 10:17:33 AM;9/29/2026 10:23:00 AM;BEL6EP;YLABE;502D46;BCS3;EBBR;LEMG;25R;CIV4G;4.252230156499709;50.890394802813276;1559.013916015625;2557.1335
M071-1;9/29/2026 12:29:43 PM +02:00;9/29/2026 12:31:03 PM +02:00;9/29/2026 12:30:22 PM +02:00;80;D;DEP;61.698715;69.29;80.729614;1.000000;9/29/2026 10:27:04 AM;9/29/2026 10:33:08 AM;BEL37K;OOSFE;44CCC5;A333;EBBR;FZAA;25R;CIV4G;4.259441298885125;50.87271444339276;1261.110107421875;1226.0238
M071-1;9/29/2026 12:37:14 PM +02:00;9/29/2026 12:38:30 PM +02:00;9/29/2026 12:37:59 PM +02:00;76;D;DEP;63.04139;71.04;81.849525;0.100000;9/29/2026 10:34:44 AM;9/29/2026 10:40:32 AM;BEL27A;OOSFD;44CCC4;A333;EBBR;DGAA;25R;CIV4G;4.258026073025405;50.873884244990364;1165.8599853515625;1135.7491
M071-1;9/29/2026 12:55:36 PM +02:00;9/29/2026 12:56:34 PM +02:00;9/29/2026 12:56:13 PM +02:00;58;D;DEP;56.435436;62.9;74.06972;0.300000;9/29/2026 10:53:00 AM;9/29/2026 10:57:24 AM;BEL6JW;;44CDD1;A320;EBBR;LEIB;25R;CIV4G;4.2611390425101705;50.87363530054246;1753.3238525390625;1706.9885
M071-1;9/29/2026 12:57:27 PM +02:00;9/29/2026 12:58:41 PM +02:00;9/29/2026 12:58:01 PM +02:00;74;D;DEP;57.18416;63.26;75.87647;1.200000;9/29/2026 10:54:53 AM;9/29/2026 10:59:12 AM;RAM673S;CNRGK;0200FB;B738;EBBR;GMTT;25R;CIV4G;4.26073474952269;50.87352649391091;1722.8438720703125;1675.144
M071-1;9/29/2026 1:02:38 PM +02:00;9/29/2026 1:03:31 PM +02:00;9/29/2026 1:03:00 PM +02:00;53;D;DEP;58.681362;64.74;75.92412;0.500000;9/29/2026 10:59:48 AM;9/29/2026 11:04:24 AM;IBE05SM;ECIZH;3420CB;A320;EBBR;LEMD;25R;CIV4G;4.260588356969928;50.873060938557835;1463.763916015625;1417.1174
M071-1;9/29/2026 1:08:12 PM +02:00;9/29/2026 1:09:39 PM +02:00;9/29/2026 1:08:55 PM +02:00;87;D;DEP;63.474087;74.01;82.86928;0.300000;9/29/2026 11:05:36 AM;9/29/2026 11:11:52 AM;BEL7WR;OOSFP;44CCD0;A333;EBBR;GFLL;25R;CIV4G;4.260147272292549;50.873156574328185;1143;1093.8074
M071-1;9/29/2026 1:37:40 PM +02:00;9/29/2026 1:38:55 PM +02:00;9/29/2026 1:38:27 PM +02:00;75;D;DEP;60.750927;67.69;79.50154;0.100000;9/29/2026 11:35:33 AM;9/29/2026 11:40:24 AM;TAM8157;;E8046F;B789;EBBR;SBGR;25R;CIV4G;4.258983313385486;50.87389882716418;1446.6187744140625;1416.1844
M071-1;9/29/2026 1:52:55 PM +02:00;9/29/2026 1:53:54 PM +02:00;9/29/2026 1:53:22 PM +02:00;59;D;DEP;57.04694;62.81;74.75546;0.200000;9/29/2026 11:50:24 AM;9/29/2026 11:54:56 AM;TRA6U;PHHXJ;4853D3;B738;EBBR;GMAD;25R;CIV4G;4.260636210527339;50.874299315607686;1747.60888671875;1713.878
M071-1;9/29/2026 2:01:34 PM +02:00;9/29/2026 2:02:36 PM +02:00;9/29/2026 2:02:01 PM +02:00;62;D;DEP;53.38269;61.85;71.30661;0.400000;9/29/2026 11:58:53 AM;9/29/2026 12:03:36 PM;BEL7QJ;;44CC48;A20N;EBBR;GCTS;25R;CIV4G;4.260603447609381;50.87289245252018;1623.7838134765625;1573.2498
M071-1;9/29/2026 2:42:01 PM +02:00;9/29/2026 2:43:16 PM +02:00;9/29/2026 2:42:29 PM +02:00;75;D;DEP;54.068806;61.48;72.81942;1.800000;9/29/2026 12:39:29 PM;9/29/2026 12:43:28 PM;BEL3CP;OOSNL;44CDCC;A320;EBBR;LPPR;25R;CIV4G;4.261142680092332;50.87301840530991;1851.682861328125;1797.0648
M071-1;9/29/2026 2:59:48 PM +02:00;9/29/2026 3:01:18 PM +02:00;9/29/2026 3:00:24 PM +02:00;90;D;DEP;55.854588;66.2;75.39701;1.400000;9/29/2026 12:57:33 PM;9/29/2026 1:01:24 PM;TRA89Z;PHHXM;484C9B;B738;EBBR;LEMG;25R;CIV4G;4.261396295740375;50.87388306808396;1882.162841796875;1852.0752
M071-1;9/29/2026 3:03:35 PM +02:00;9/29/2026 3:05:17 PM +02:00;9/29/2026 3:04:45 PM +02:00;102;D;DEP;54.02067;62.58;74.106674;0.200000;9/29/2026 1:01:40 PM;9/29/2026 1:05:40 PM;VLG359E;ECMVD;34560D;A320;EBBR;LEVC;25R;CIV4G;4.262560192539639;50.873275620097004;1764.052734375;1720.9606
M071-1;9/29/2026 3:07:28 PM +02:00;9/29/2026 3:09:03 PM +02:00;9/29/2026 3:08:17 PM +02:00;95;D;DEP;50.503963;57.65;70.2812;0.300000;9/29/2026 1:05:05 PM;9/29/2026 1:09:05 PM;BEL7NO;;44CC42;A20N;EBBR;GCRR;25R;CIV4G;4.260565025839866;50.87488253928583;1905.0228271484375;1890.7463
M071-1;9/29/2026 3:41:16 PM +02:00;9/29/2026 3:42:17 PM +02:00;9/29/2026 3:41:52 PM +02:00;61;D;DEP;56.65209;65.03;74.50539;0.300000;9/29/2026 1:38:41 PM;9/29/2026 1:43:28 PM;ANE1300;ECMVZ;34604B;CRJX;EBBR;LEMD;25R;CIV4G;4.260549595909193;50.873006912496415;1497.352783203125;1458.4784
M071-1;9/29/2026 3:44:03 PM +02:00;9/29/2026 3:45:24 PM +02:00;9/29/2026 3:44:45 PM +02:00;81;D;DEP;56.783237;63.49;75.86809;1.400000;9/29/2026 1:41:41 PM;9/29/2026 1:45:33 PM;JAF86A;OOTUK;44D2AB;B738;EBBR;GMMW;25R;CIV4G;4.261419792943827;50.87424268817627;1821.202880859375;1800.0723
M071-1;9/29/2026 3:47:33 PM +02:00;9/29/2026 3:49:10 PM +02:00;9/29/2026 3:48:17 PM +02:00;97;D;DEP;54.69836;62.11;74.56608;0.400000;9/29/2026 1:45:09 PM;9/29/2026 1:49:12 PM;BEL9QH;OOSSF;44CE66;A319;EBBR;LEBL;25R;CIV4G;4.260620582446526;50.874856600062884;1718.332763671875;1704.61
M071-1;9/29/2026 3:50:56 PM +02:00;9/29/2026 3:52:13 PM +02:00;9/29/2026 3:51:31 PM +02:00;77;D;DEP;53.577583;60.65;72.44249;1.500000;9/29/2026 1:48:21 PM;9/29/2026 1:52:52 PM;JAF3FD;OOTMZ;44D1BA;B38M;EBBR;DAAG;25R;CIV4G;4.261072736398825;50.873750860685874;1567.8377685546875;1526.8057
M071-1;9/29/2026 4:50:55 PM +02:00;9/29/2026 4:52:21 PM +02:00;9/29/2026 4:51:47 PM +02:00;86;D;DEP;55.670727;64.47;75.01571;1.000000;9/29/2026 2:48:44 PM;9/29/2026 2:53:04 PM;BEL4GU;OOTCV;44D076;A320;EBBR;LEMG;25R;CIV4G;4.260171448555008;50.87390494916791;1539.2628173828125;1508.4447
M071-1;9/29/2026 5:09:34 PM +02:00;9/29/2026 5:10:42 PM +02:00;9/29/2026 5:10:12 PM +02:00;68;D;DEP;56.298275;64.43;74.62337;0.800000;9/29/2026 3:07:04 PM;9/29/2026 3:10:52 PM;JAF2535;OOJAF;44A826;B738;EBBR;GMMN;25R;CIV4G;4.260176247157978;50.87428478316091;2095.522705078125;2052.9824
M071-1;9/29/2026 5:26:37 PM +02:00;9/29/2026 5:27:33 PM +02:00;9/29/2026 5:27:01 PM +02:00;56;D;DEP;52.69135;58.74;70.17323;2.400000;9/29/2026 3:24:00 PM;9/29/2026 3:28:28 PM;BEL2DT;OOSBA;44CC41;A20N;EBBR;LPPT;25R;CIV4G;4.259078222379754;50.872852924120366;1767.86279296875;1736.7439
M071-1;9/29/2026 5:48:21 PM +02:00;9/29/2026 5:49:34 PM +02:00;9/29/2026 5:48:57 PM +02:00;73;D;DEP;56.83257;64.12;75.4658;0.700000;9/29/2026 3:46:00 PM;9/29/2026 3:49:40 PM;TRA93K;PHHXL;484B6E;B738;EBBR;LEAL;25R;CIV4G;4.261828582485564;50.87478750884812;1911.9417724609375;1879.3333
M071-1;9/29/2026 5:50:27 PM +02:00;9/29/2026 5:51:27 PM +02:00;9/29/2026 5:50:54 PM +02:00;60;D;DEP;57.404613;64.21;75.18613;0.600000;9/29/2026 3:47:52 PM;9/29/2026 3:52:12 PM;TRA81J;PHHXE;48520D;B738;EBBR;LEIB;25R;CIV4G;4.259746065566173;50.87375227871007;1532.8468017578125;1501.0819
M071-1;9/29/2026 5:56:49 PM +02:00;9/29/2026 5:57:56 PM +02:00;9/29/2026 5:57:28 PM +02:00;67;D;DEP;57.546734;64.92;75.80748;1.100000;9/29/2026 3:54:20 PM;9/29/2026 3:58:56 PM;RYR1FR;EIDPV;4CA4F8;B738;EBBR;LEBL;25R;CIV4G;4.259845197284004;50.873195180988034;1670.0068359375;1629.5809
M071-1;9/29/2026 6:04:18 PM +02:00;9/29/2026 6:05:54 PM +02:00;9/29/2026 6:05:22 PM +02:00;96;D;DEP;55.29372;63.14;75.11643;0.300000;9/29/2026 4:02:21 PM;9/29/2026 4:06:40 PM;VLG6FP;;34768E;A320;EBBR;LEMG;25R;CIV4G;4.261566579004334;50.87281150514906;1542.371826171875;1505.6743
M071-1;9/29/2026 6:43:38 PM +02:00;9/29/2026 6:45:02 PM +02:00;9/29/2026 6:44:28 PM +02:00;84;D;DEP;52.141296;59.39;71.38409;0.600000;9/29/2026 4:41:12 PM;9/29/2026 4:45:56 PM;BEL3FJ;;502D7C;BCS3;EBBR;LEBL;25R;CIV4G;4.260755774744991;50.873575983115146;1774.78173828125;1727.3367
M071-1;9/29/2026 6:56:12 PM +02:00;9/29/2026 6:57:38 PM +02:00;9/29/2026 6:56:56 PM +02:00;86;D;DEP;54.76069;60.99;74.105675;0.100000;9/29/2026 4:53:45 PM;9/29/2026 4:57:52 PM;MAC114H;CNNMJ;020124;A320;EBBR;GMTT;25R;CIV4G;4.261934899963233;50.872628523594024;1904.32177734375;1876.2404
M071-1;9/29/2026 7:15:28 PM +02:00;9/29/2026 7:16:33 PM +02:00;9/29/2026 7:16:06 PM +02:00;65;E;DEP;53.740803;59.12;71.869934;0.200000;9/29/2026 5:13:00 PM;9/29/2026 5:17:24 PM;AEA26LC;;348609;B38M;EBBR;LEMD;25R;CIV4G;4.262495917454369;50.87302154262955;1678.327880859375;1638.3644
M071-1;9/29/2026 7:21:08 PM +02:00;9/29/2026 7:22:24 PM +02:00;9/29/2026 7:21:50 PM +02:00;76;E;DEP;54.659164;61.47;73.4673;0.500000;9/29/2026 5:18:56 PM;9/29/2026 5:23:08 PM;VLG7KZ;;347601;A320;EBBR;LEBL;25R;CIV4G;4.260763158433681;50.872621999379085;1733.57275390625;1699.1163
M071-1;9/29/2026 7:43:05 PM +02:00;9/29/2026 7:44:48 PM +02:00;9/29/2026 7:44:09 PM +02:00;103;E;DEP;56.76111;64.92;76.88948;0.200000;9/29/2026 5:40:40 PM;9/29/2026 5:45:16 PM;RWD700;;06E02B;A332;EBBR;LFPG;25R;CIV4G;4.244454124955671;50.88081040566679;1607.8427734375;2114.9397
M071-1;9/29/2026 7:46:37 PM +02:00;9/29/2026 7:48:01 PM +02:00;9/29/2026 7:47:09 PM +02:00;84;E;DEP;56.51548;63.35;75.75827;0.100000;9/29/2026 5:44:08 PM;9/29/2026 5:48:24 PM;VLG37FQ;ECKJD;342592;A320;EBBR;LEBB;25R;CIV4G;4.261624097446928;50.872688042629214;1567.8377685546875;1518.2406
M071-1;9/29/2026 8:03:20 PM +02:00;9/29/2026 8:04:32 PM +02:00;9/29/2026 8:03:47 PM +02:00;72;E;DEP;57.209446;64.18;75.78277;0.600000;9/29/2026 6:00:36 PM;9/29/2026 6:05:04 PM;IBE06LR;ECLVD;344449;A320;EBBR;LEMD;25R;CIV4G;4.260376155177981;50.8728874305437;1569.7427978515625;1519.1208
M071-1;9/29/2026 8:29:22 PM +02:00;9/29/2026 8:31:18 PM +02:00;9/29/2026 8:30:26 PM +02:00;116;E;DEP;55.049652;61.4;75.69423;0.200000;9/29/2026 6:26:52 PM;9/29/2026 6:30:52 PM;RAM831F;CNRGR;020113;E190;EBBR;GMME;25R;CIV4G;4.262351720214736;50.87400664577535;2253.6376953125;2212.154
M071-1;9/29/2026 9:14:28 PM +02:00;9/29/2026 9:15:54 PM +02:00;9/29/2026 9:14:59 PM +02:00;86;E;DEP;53.487812;59.88;72.832794;0.100000;9/29/2026 7:11:41 PM;9/29/2026 7:15:32 PM;BEL3LY;YLABH;502D59;BCS3;EBBR;LFLL;25R;CIV4G;4.26144006289119;50.87380900677402;2099.3330078125;2067.5295
M071-1;9/29/2026 9:16:58 PM +02:00;9/29/2026 9:18:05 PM +02:00;9/29/2026 9:17:31 PM +02:00;67;E;DEP;55.019524;60.06;73.28027;0.200000;9/29/2026 7:14:32 PM;9/29/2026 7:19:12 PM;MAC148;;02019C;A320;EBBR;GMTT;25R;CIV4G;4.260949138806147;50.872090948663434;1577.36279296875;1532.5674
M071-1;9/29/2026 9:20:16 PM +02:00;9/29/2026 9:21:28 PM +02:00;9/29/2026 9:20:50 PM +02:00;72;E;DEP;57.17152;63.05;75.74484;0.300000;9/29/2026 7:17:29 PM;9/29/2026 7:22:05 PM;BEL29D;OOSSR;44CE72;A319;EBBR;LFBO;25R;CIV4G;4.262232782480376;50.87244676130326;1790.7227783203125;1744.8768
M071-1;9/29/2026 9:22:36 PM +02:00;9/29/2026 9:23:52 PM +02:00;9/29/2026 9:23:24 PM +02:00;76;E;DEP;53.70278;59.36;72.51092;0.400000;9/29/2026 7:20:25 PM;9/29/2026 7:24:24 PM;VLG9XG;ECNCS;34610F;A20N;EBBR;LEAL;25R;CIV4G;4.2597758912831;50.87227477151801;1783.102783203125;1733.1405
M071-1;9/29/2026 9:29:40 PM +02:00;9/29/2026 9:30:44 PM +02:00;9/29/2026 9:30:11 PM +02:00;64;E;DEP;53.658604;58.32;71.720406;0.200000;9/29/2026 7:27:09 PM;9/29/2026 7:31:32 PM;MAC112R;;020176;A320;EBBR;GMMN;25R;CIV4G;4.260861651353152;50.87246606516925;1699.2828369140625;1648.8416
M071-1;9/29/2026 9:58:06 PM +02:00;9/29/2026 9:59:14 PM +02:00;9/29/2026 9:58:34 PM +02:00;68;E;DEP;53.825775;57.73;72.15086;0.100000;9/29/2026 7:55:21 PM;9/29/2026 8:00:12 PM;TAP645;CSTTP;495290;A319;EBBR;LPPT;25R;CIV4G;4.260520775846216;50.873686657516465;1722.142822265625;1680.8909
M071-1;9/29/2026 10:32:29 PM +02:00;9/29/2026 10:33:55 PM +02:00;9/29/2026 10:33:15 PM +02:00;86;E;DEP;57.096664;63.52;76.44165;0.400000;9/29/2026 8:29:53 PM;9/29/2026 8:35:09 PM;RYR7AC;EIENK;4CA8D6;B738;EBBR;GMMX;25R;CIV4G;4.259205744812293;50.872592559560125;1584.9827880859375;1536.2651
M071-1;9/29/2026 11:11:09 PM +02:00;9/29/2026 11:12:29 PM +02:00;9/29/2026 11:11:40 PM +02:00;80;N;DEP;53.773396;59.89;72.8043;0.100000;9/29/2026 9:08:41 PM;9/29/2026 9:13:33 PM;THA935;;8852E3;B789;EBBR;VTBS;25R;SOPOK4M;4.266459216590808;50.87125411574213;1615.4627685546875;1641.1973
M071-1;9/29/2026 11:18:45 PM +02:00;9/29/2026 11:20:53 PM +02:00;9/29/2026 11:19:48 PM +02:00;128;N;DEP;55.234814;64.59;76.306915;0.400000;9/29/2026 9:16:37 PM;9/29/2026 9:21:29 PM;VLG5KB;ECNLV;346690;A321;EBBR;LEBL;25R;CIV4G;4.261076445822455;50.872801388449986;1567.8377685546875;1528.8865
M071-1;9/29/2026 11:35:14 PM +02:00;9/29/2026 11:36:34 PM +02:00;9/29/2026 11:35:57 PM +02:00;80;N;DEP;54.074944;62.13;73.10584;0.100000;9/29/2026 9:32:41 PM;9/29/2026 9:36:21 PM;BOX117;DAALB;3C4582;B77L;EBBR;EDDP;25R;SPI4M;4.269933000269444;50.86836854381346;2277.70166015625;2384.3696
M071-1;9/30/2026 12:25:30 AM +02:00;9/30/2026 12:26:51 AM +02:00;9/30/2026 12:25:57 AM +02:00;81;N;DEP;54.642162;61.55;73.72701;0.400000;9/29/2026 10:22:49 PM;9/29/2026 10:28:56 PM;BCS62A;DALEJ;3C70AA;A332;EBBR;EDDP;25R;SOPOK4M;4.268709497806165;50.8689871961515;1797.6417236328125;1886.694
M071-1;9/30/2026 1:22:08 AM +02:00;9/30/2026 1:23:38 AM +02:00;9/30/2026 1:22:43 AM +02:00;90;N;DEP;55.75239;63.51;75.294815;0.300000;9/29/2026 11:19:32 PM;9/29/2026 11:23:52 PM;BCS6TP;;3C71A7;A333;EBBR;EDDP;25R;SOPOK4M;4.26861300967114;50.86846111179844;1744.3017578125;1849.0492
M072-2;9/29/2026 7:01:00 AM +02:00;9/29/2026 7:02:19 AM +02:00;9/29/2026 7:01:43 AM +02:00;79;D;DEP;55.849304;62.34;74.82558;;9/29/2026 4:58:09 AM;9/29/2026 5:01:53 AM;TRA15N;PHHXJ;4853D3;B738;EBBR;LEAL;25R;CIV4G;4.228744211378698;50.84521282272388;2348.385009765625;2703.1794
M072-2;9/29/2026 7:21:05 AM +02:00;9/29/2026 7:22:25 AM +02:00;9/29/2026 7:21:46 AM +02:00;80;D;DEP;53.678844;60.07;72.70975;;9/29/2026 5:18:00 AM;9/29/2026 5:22:28 AM;IBE06CK;ECILS;342091;A320;EBBR;LEMD;25R;CIV4G;4.225839795875386;50.849133523591895;1898.1038818359375;2629.8564
M072-2;9/29/2026 8:37:33 AM +02:00;9/29/2026 8:39:05 AM +02:00;9/29/2026 8:38:22 AM +02:00;92;D;DEP;52.90368;58.34;72.54156;;9/29/2026 6:34:44 AM;9/29/2026 6:38:24 AM;RYR38YH;EIDLX;4CA303;B738;EBBR;LEGE;25R;CIV4G;4.233486986320163;50.8457576145357;2493.1650390625;2729.3127
M072-2;9/29/2026 9:03:38 AM +02:00;9/29/2026 9:05:01 AM +02:00;9/29/2026 9:04:24 AM +02:00;83;D;DEP;55.252865;60.62;74.44365;;9/29/2026 7:00:52 AM;9/29/2026 7:04:36 AM;TRA22C;PHHXE;48520D;B738;EBBR;GMMX;25R;CIV4G;4.226588590233703;50.84589039632649;2241.704833984375;2711.1973
M072-2;9/29/2026 9:34:13 AM +02:00;9/29/2026 9:35:23 AM +02:00;9/29/2026 9:34:50 AM +02:00;70;D;DEP;53.715508;58.8;72.16649;;9/29/2026 7:31:17 AM;9/29/2026 7:35:40 AM;BEL2DY;OOSSR;44CE72;A319;EBBR;LPPT;25R;CIV4G;4.226939811745767;50.847850936321144;1837.8448486328125;2481.5667
M072-2;9/29/2026 9:36:07 AM +02:00;9/29/2026 9:37:25 AM +02:00;9/29/2026 9:36:43 AM +02:00;78;D;DEP;56.175438;61.68;75.09638;;9/29/2026 7:33:04 AM;9/29/2026 7:38:36 AM;BAF649;CT01;44F681;A400;EBMB;LEMO;25R;CIV4G;4.226227985566145;50.84921208393916;1637.1187744140625;2456.8306
M072-2;9/29/2026 9:40:41 AM +02:00;9/29/2026 9:41:57 AM +02:00;9/29/2026 9:41:12 AM +02:00;76;D;DEP;52.82968;58.06;71.63782;;9/29/2026 7:37:33 AM;9/29/2026 7:41:44 AM;BEL5KF;OOSSO;44CE6F;A319;EBBR;LPFR;25R;CIV4G;4.226447458918259;50.85012843365464;2060.02880859375;2789.721
M072-2;9/29/2026 9:52:45 AM +02:00;9/29/2026 9:54:12 AM +02:00;9/29/2026 9:53:30 AM +02:00;87;D;DEP;52.481365;58.68;71.87656;;9/29/2026 7:49:53 AM;9/29/2026 7:54:12 AM;VLG9BU;ECMBF;34454A;A320;EBBR;LEAL;25R;CIV4G;4.223429671335871;50.84501575275943;1989.5438232421875;2605.2915
M072-2;9/29/2026 9:59:01 AM +02:00;9/29/2026 10:00:16 AM +02:00;9/29/2026 9:59:43 AM +02:00;75;D;DEP;51.62709;57.19;70.3777;;9/29/2026 7:56:04 AM;9/29/2026 8:00:36 AM;BEL5EN;OOSNF;44CDC6;A320;EBBR;LEMD;25R;CIV4G;4.22379814031503;50.849450654623524;1747.60888671875;2640.7698
M072-2;9/29/2026 10:39:34 AM +02:00;9/29/2026 10:40:59 AM +02:00;9/29/2026 10:40:15 AM +02:00;85;D;DEP;52.618553;58.22;71.91274;;9/29/2026 8:36:25 AM;9/29/2026 8:40:52 AM;RYR7EM;9HQEY;4D251C;B738;EBBR;LEBL;25R;CIV4G;4.224646927762395;50.849670888546456;2130.513671875;2867.6853
M072-2;9/29/2026 11:13:13 AM +02:00;9/29/2026 11:14:18 AM +02:00;9/29/2026 11:13:45 AM +02:00;65;D;DEP;52.35502;55.62;70.48415;;9/29/2026 9:10:08 AM;9/29/2026 9:14:48 AM;AEA45BT;;34860C;B38M;EBBR;LEMD;25R;CIV4G;4.225038293686332;50.8492730129311;2016.2138671875;2748.9539
M072-2;9/29/2026 11:14:56 AM +02:00;9/29/2026 11:15:42 AM +02:00;9/29/2026 11:15:15 AM +02:00;46;D;DEP;52.896988;56.97;69.52457;;9/29/2026 9:11:36 AM;9/29/2026 9:17:04 AM;MAC116Q;CNNMJ;020124;A320;EBBR;GMMW;25R;CIV4G;4.22584475965992;50.848371701185485;1692.3638916015625;2452.2869
M072-2;9/29/2026 11:31:20 AM +02:00;9/29/2026 11:32:33 AM +02:00;9/29/2026 11:31:53 AM +02:00;73;D;DEP;57.37316;63.53;76.00639;;9/29/2026 9:28:04 AM;9/29/2026 9:33:32 AM;BEL8AN;OOSFX;44CCD8;A333;EBBR;GOBD;25R;CIV4G;4.225524088071585;50.8490888852734;1604.73388671875;2459.7688
M072-2;9/29/2026 11:33:48 AM +02:00;9/29/2026 11:34:59 AM +02:00;9/29/2026 11:34:19 AM +02:00;71;D;DEP;57.23958;62.64;75.75216;;9/29/2026 9:30:24 AM;9/29/2026 9:36:28 AM;BEL6ZD;OOSFF;44CCC6;A333;EBBR;DFFD;25R;CIV4G;4.225216661774314;50.84832960605593;1406.251953125;2289.5583
M072-2;9/29/2026 12:14:21 PM +02:00;9/29/2026 12:15:36 PM +02:00;9/29/2026 12:14:56 PM +02:00;75;D;DEP;53.585724;58.96;72.336334;;9/29/2026 10:11:20 AM;9/29/2026 10:15:08 AM;ENT579P;;48E87F;B738;EBBR;LFSL;25R;CIV4G;4.235437954737978;50.841772487474344;2380.06884765625;2454.1165
M072-2;9/29/2026 12:30:23 PM +02:00;9/29/2026 12:31:32 PM +02:00;9/29/2026 12:31:07 PM +02:00;69;D;DEP;56.597977;61.48;74.986465;;9/29/2026 10:27:04 AM;9/29/2026 10:33:08 AM;BEL37K;OOSFE;44CCC5;A333;EBBR;FZAA;25R;CIV4G;4.22589228165815;50.84924828011978;1539.9638671875;2407.165
M072-2;9/29/2026 12:37:55 PM +02:00;9/29/2026 12:39:15 PM +02:00;9/29/2026 12:38:31 PM +02:00;80;D;DEP;56.095127;61.64;75.12603;;9/29/2026 10:34:44 AM;9/29/2026 10:40:32 AM;BEL27A;OOSFD;44CCC4;A333;EBBR;DGAA;25R;CIV4G;4.224872752198676;50.848789429718266;1433.2838134765625;2356.8682
M072-2;9/29/2026 12:56:03 PM +02:00;9/29/2026 12:57:23 PM +02:00;9/29/2026 12:56:46 PM +02:00;80;D;DEP;51.429504;57;70.4604;;9/29/2026 10:53:00 AM;9/29/2026 10:57:24 AM;BEL6JW;;44CDD1;A320;EBBR;LEIB;25R;CIV4G;4.225980774139453;50.849286719131456;2170.51904296875;2839.9817
M072-2;9/29/2026 12:58:04 PM +02:00;9/29/2026 12:59:18 PM +02:00;9/29/2026 12:58:38 PM +02:00;74;D;DEP;52.85375;57.81;71.54607;;9/29/2026 10:54:53 AM;9/29/2026 10:59:12 AM;RAM673S;CNRGK;0200FB;B738;EBBR;GMTT;25R;CIV4G;4.224864474677241;50.84896919285118;2073.364013671875;2784.817
M072-2;9/29/2026 1:02:59 PM +02:00;9/29/2026 1:04:16 PM +02:00;9/29/2026 1:03:30 PM +02:00;77;D;DEP;53.2281;59.15;72.09301;;9/29/2026 10:59:48 AM;9/29/2026 11:04:24 AM;IBE05SM;ECIZH;3420CB;A320;EBBR;LEMD;25R;CIV4G;4.2267805520116335;50.84858765066964;1920.9638671875;2582.0437
M072-2;9/29/2026 1:08:54 PM +02:00;9/29/2026 1:09:59 PM +02:00;9/29/2026 1:09:23 PM +02:00;65;D;DEP;58.225346;63.66;76.35448;;9/29/2026 11:05:36 AM;9/29/2026 11:11:52 AM;BEL7WR;OOSFP;44CCD0;A333;EBBR;GFLL;25R;CIV4G;4.224891942770004;50.84776693260686;1337.31005859375;2248.4
M072-2;9/29/2026 1:10:37 PM +02:00;9/29/2026 1:11:22 PM +02:00;9/29/2026 1:10:52 PM +02:00;45;D;DEP;60.052437;65.28;76.584564;;9/29/2026 11:07:56 AM;9/29/2026 11:13:04 AM;SIA7975;9VSFM;76CCCD;B744;EBBR;VOBL;25R;LNO4K;4.288358249928115;50.826344445778105;1707.6038818359375;3543.5618
M072-2;9/29/2026 1:38:38 PM +02:00;9/29/2026 1:39:31 PM +02:00;9/29/2026 1:38:58 PM +02:00;53;D;DEP;55.09923;61.61;72.34199;;9/29/2026 11:35:33 AM;9/29/2026 11:40:24 AM;TAM8157;;E8046F;B789;EBBR;SBGR;25R;CIV4G;4.225753730846104;50.849263646672156;1791.423828125;2575.673
M072-2;9/29/2026 1:53:25 PM +02:00;9/29/2026 1:54:25 PM +02:00;9/29/2026 1:53:47 PM +02:00;60;D;DEP;50.05809;55.71;67.8396;;9/29/2026 11:50:24 AM;9/29/2026 11:54:56 AM;TRA6U;PHHXJ;4853D3;B738;EBBR;GMAD;25R;CIV4G;4.225645606919886;50.84923640332025;2155.27880859375;2836.7595
M072-2;9/29/2026 2:02:02 PM +02:00;9/29/2026 2:03:03 PM +02:00;9/29/2026 2:02:28 PM +02:00;61;D;DEP;47.91448;53.68;65.76778;;9/29/2026 11:58:53 AM;9/29/2026 12:03:36 PM;BEL7QJ;;44CC48;A20N;EBBR;GCTS;25R;CIV4G;4.225339836677935;50.84855510310604;1754.2763671875;2582.3442
M072-2;9/29/2026 2:42:39 PM +02:00;9/29/2026 2:43:33 PM +02:00;9/29/2026 2:43:10 PM +02:00;54;D;DEP;54.05719;61.55;71.38113;;9/29/2026 12:39:29 PM;9/29/2026 12:43:28 PM;BEL3CP;OOSNL;44CDCC;A320;EBBR;LPPR;25R;CIV4G;4.226208718985919;50.8486176399897;2270.78271484375;2866.7673
M072-2;9/29/2026 3:00:24 PM +02:00;9/29/2026 3:01:41 PM +02:00;9/29/2026 3:00:57 PM +02:00;77;D;DEP;54.679462;60.85;73.54437;;9/29/2026 12:57:33 PM;9/29/2026 1:01:24 PM;TRA89Z;PHHXM;484C9B;B738;EBBR;LEMG;25R;CIV4G;4.226217214176773;50.84896371856663;2198.392822265625;2829.6191
M072-2;9/29/2026 3:04:42 PM +02:00;9/29/2026 3:05:51 PM +02:00;9/29/2026 3:05:25 PM +02:00;69;D;DEP;52.87489;58.55;71.26338;;9/29/2026 1:01:40 PM;9/29/2026 1:05:40 PM;VLG359E;ECMVD;34560D;A320;EBBR;LEVC;25R;CIV4G;4.22779935943103;50.84619735940076;2261.638671875;2694.4543
M072-2;9/29/2026 3:42:02 PM +02:00;9/29/2026 3:43:04 PM +02:00;9/29/2026 3:42:39 PM +02:00;62;D;DEP;51.38665;58.09;69.31057;;9/29/2026 1:38:41 PM;9/29/2026 1:43:28 PM;ANE1300;ECMVZ;34604B;CRJX;EBBR;LEMD;25R;CIV4G;4.2248726955674725;50.84827027297754;1844.062744140625;2578.9727
M072-2;9/29/2026 3:44:35 PM +02:00;9/29/2026 3:45:44 PM +02:00;9/29/2026 3:45:22 PM +02:00;69;D;DEP;53.586525;60.79;71.97501;;9/29/2026 1:41:41 PM;9/29/2026 1:45:33 PM;JAF86A;OOTUK;44D2AB;B738;EBBR;GMMW;25R;CIV4G;4.225797281938178;50.84938849007789;2244.11279296875;2897.687
M072-2;9/29/2026 3:48:12 PM +02:00;9/29/2026 3:49:33 PM +02:00;9/29/2026 3:48:59 PM +02:00;81;D;DEP;51.926155;59.66;71.011;;9/29/2026 1:45:09 PM;9/29/2026 1:49:12 PM;BEL9QH;OOSSF;44CE66;A319;EBBR;LEBL;25R;CIV4G;4.2249177994455405;50.849515400120836;2183.15283203125;2888.4663
M072-2;9/29/2026 3:51:23 PM +02:00;9/29/2026 3:52:36 PM +02:00;9/29/2026 3:52:01 PM +02:00;73;D;DEP;48.41529;55.11;67.04852;;9/29/2026 1:48:21 PM;9/29/2026 1:52:52 PM;JAF3FD;OOTMZ;44D1BA;B38M;EBBR;DAAG;25R;CIV4G;4.225948070496642;50.849390033105315;1943.122802734375;2675.8835
M072-2;9/29/2026 3:53:52 PM +02:00;9/29/2026 3:54:54 PM +02:00;9/29/2026 3:54:10 PM +02:00;62;D;DEP;53.708447;59.63;71.63236;;9/29/2026 1:51:12 PM;9/29/2026 1:56:28 PM;ABB870;;44B0C3;B748;EBBR;ZUUU;25R;LNO4K;4.27914659780509;50.83427588786288;1584.9827880859375;2836.6187
M072-2;9/29/2026 4:51:53 PM +02:00;9/29/2026 4:52:43 PM +02:00;9/29/2026 4:52:20 PM +02:00;50;D;DEP;54.41098;60.29;71.40068;;9/29/2026 2:48:44 PM;9/29/2026 2:53:04 PM;BEL4GU;OOTCV;44D076;A320;EBBR;LEMG;25R;CIV4G;4.225023076899093;50.84942803815049;1971.69775390625;2726.819
M072-2;9/29/2026 5:09:52 PM +02:00;9/29/2026 5:11:08 PM +02:00;9/29/2026 5:10:37 PM +02:00;76;D;DEP;51.89827;58.51;70.706406;;9/29/2026 3:07:04 PM;9/29/2026 3:10:52 PM;JAF2535;OOJAF;44A826;B738;EBBR;GMMN;25R;CIV4G;4.224363129742371;50.84962858459785;2499.3828125;3152.3242
M072-2;9/29/2026 5:48:56 PM +02:00;9/29/2026 5:50:06 PM +02:00;9/29/2026 5:49:39 PM +02:00;70;D;DEP;52.740852;60.27;71.19183;;9/29/2026 3:46:00 PM;9/29/2026 3:49:40 PM;TRA93K;PHHXL;484B6E;B738;EBBR;LEAL;25R;CIV4G;4.2253447281298575;50.849100776449696;2437.7216796875;3039.796
M072-2;9/29/2026 5:51:01 PM +02:00;9/29/2026 5:52:12 PM +02:00;9/29/2026 5:51:25 PM +02:00;71;D;DEP;52.745197;60.32;71.25778;;9/29/2026 3:47:52 PM;9/29/2026 3:52:12 PM;TRA81J;PHHXE;48520D;B738;EBBR;LEIB;25R;CIV4G;4.224921003150799;50.84848389342176;1911.9417724609375;2633.933
M072-2;9/29/2026 5:57:31 PM +02:00;9/29/2026 5:58:29 PM +02:00;9/29/2026 5:57:54 PM +02:00;58;D;DEP;54.293045;58.76;71.92732;;9/29/2026 3:54:20 PM;9/29/2026 3:58:56 PM;RYR1FR;EIDPV;4CA4F8;B738;EBBR;LEBL;25R;CIV4G;4.225360764188572;50.84909631424895;1873.841796875;2634.5962
M072-2;9/29/2026 6:05:06 PM +02:00;9/29/2026 6:06:13 PM +02:00;9/29/2026 6:05:51 PM +02:00;67;D;DEP;52.79256;59.98;71.05331;;9/29/2026 4:02:21 PM;9/29/2026 4:06:40 PM;VLG6FP;;34768E;A320;EBBR;LEMG;25R;CIV4G;4.226821287006182;50.84831810029289;1950.041748046875;2591.5286
M072-2;9/29/2026 6:56:50 PM +02:00;9/29/2026 6:58:11 PM +02:00;9/29/2026 6:57:30 PM +02:00;81;D;DEP;51.77695;57.85;70.8618;;9/29/2026 4:53:45 PM;9/29/2026 4:57:52 PM;MAC114H;CNNMJ;020124;A320;EBBR;GMTT;25R;CIV4G;4.224570246497911;50.845112032636465;2231.981689453125;2747.375
M072-2;9/29/2026 7:10:51 PM +02:00;9/29/2026 7:12:06 PM +02:00;9/29/2026 7:11:25 PM +02:00;75;E;DEP;47.749992;53.78;66.5006;;9/29/2026 5:07:48 PM;9/29/2026 5:12:20 PM;RAM833B;CNMAX;020139;B38M;EBBR;GMMN;25R;CIV4G;4.226672848501452;50.849306529589015;1912.642822265625;2624.0088
M072-2;9/29/2026 7:16:25 PM +02:00;9/29/2026 7:17:07 PM +02:00;9/29/2026 7:16:43 PM +02:00;42;E;DEP;52.434513;56.44;68.66701;;9/29/2026 5:13:00 PM;9/29/2026 5:17:24 PM;AEA26LC;;348609;B38M;EBBR;LEMD;25R;CIV4G;4.233396776479314;50.84431012183538;2059.327880859375;2290.0347
M072-2;9/29/2026 7:21:34 PM +02:00;9/29/2026 7:22:53 PM +02:00;9/29/2026 7:22:14 PM +02:00;79;E;DEP;51.687504;57.56;70.66377;;9/29/2026 5:18:56 PM;9/29/2026 5:23:08 PM;VLG7KZ;;347601;A320;EBBR;LEBL;25R;CIV4G;4.2275975998530235;50.84414009646033;1965.9827880859375;2398.034
M072-2;9/29/2026 7:47:06 PM +02:00;9/29/2026 7:48:18 PM +02:00;9/29/2026 7:47:41 PM +02:00;72;E;DEP;52.774124;58.62;71.34745;;9/29/2026 5:44:08 PM;9/29/2026 5:48:24 PM;VLG37FQ;ECKJD;342592;A320;EBBR;LEBB;25R;CIV4G;4.227823945697947;50.84882408434528;1973.602783203125;2603.7603
M072-2;9/29/2026 8:03:46 PM +02:00;9/29/2026 8:05:05 PM +02:00;9/29/2026 8:04:24 PM +02:00;79;E;DEP;53.125698;59.84;72.10197;;9/29/2026 6:00:36 PM;9/29/2026 6:05:04 PM;IBE06LR;ECLVD;344449;A320;EBBR;LEMD;25R;CIV4G;4.226711347400082;50.84886163192152;1958.36279296875;2622.993
M072-2;9/29/2026 9:00:58 PM +02:00;9/29/2026 9:01:56 PM +02:00;9/29/2026 9:01:24 PM +02:00;58;E;DEP;45.545593;50.15;63.179874;;9/29/2026 6:57:49 PM;9/29/2026 7:01:41 PM;BEL2FM;;44CC44;A20N;EBBR;LEMD;25R;CIV4G;4.226561674070644;50.84921969082077;2327.932861328125;2932.6553
M072-2;9/29/2026 9:14:47 PM +02:00;9/29/2026 9:15:44 PM +02:00;9/29/2026 9:15:04 PM +02:00;57;E;DEP;53.85336;59.45;71.41211;;9/29/2026 7:11:41 PM;9/29/2026 7:15:32 PM;BEL3LY;YLABH;502D59;BCS3;EBBR;LFLL;25R;CIV4G;4.225672356921459;50.84894656792804;2501.287841796875;3069.8623
M072-2;9/29/2026 9:17:24 PM +02:00;9/29/2026 9:18:44 PM +02:00;9/29/2026 9:17:58 PM +02:00;80;E;DEP;50.230198;55.7;69.2611;;9/29/2026 7:14:32 PM;9/29/2026 7:19:12 PM;MAC148;;02019C;A320;EBBR;GMTT;25R;CIV4G;4.2268793898195565;50.84840250262054;1752.622802734375;2464.1328
M072-2;9/29/2026 9:20:44 PM +02:00;9/29/2026 9:21:41 PM +02:00;9/29/2026 9:21:13 PM +02:00;57;E;DEP;52.34559;58.88;69.904335;;9/29/2026 7:17:29 PM;9/29/2026 7:22:05 PM;BEL29D;OOSSR;44CE72;A319;EBBR;LFBO;25R;CIV4G;4.2269311207098115;50.84780599990325;1958.36279296875;2567.3271
M072-2;9/29/2026 9:23:28 PM +02:00;9/29/2026 9:24:37 PM +02:00;9/29/2026 9:23:53 PM +02:00;69;E;DEP;49.16876;54.56;67.55725;;9/29/2026 7:20:25 PM;9/29/2026 7:24:24 PM;VLG9XG;ECNCS;34610F;A20N;EBBR;LEAL;25R;CIV4G;4.226027436182576;50.848995580099285;2167.15087890625;2800.7385
M072-2;9/29/2026 9:30:29 PM +02:00;9/29/2026 9:31:24 PM +02:00;9/29/2026 9:30:49 PM +02:00;55;E;DEP;50.883892;54.22;68.28752;;9/29/2026 7:27:09 PM;9/29/2026 7:31:32 PM;MAC112R;;020176;A320;EBBR;GMMN;25R;CIV4G;4.226238517230148;50.84896377168458;1889.7828369140625;2610.9192
M072-2;9/29/2026 9:58:37 PM +02:00;9/29/2026 9:59:31 PM +02:00;9/29/2026 9:59:02 PM +02:00;54;E;DEP;48.024433;51.5;65.34837;;9/29/2026 7:55:21 PM;9/29/2026 8:00:12 PM;TAP645;CSTTP;495290;A319;EBBR;LPPT;25R;CIV4G;4.223620162520251;50.84843890200607;1891.6878662109375;2681.6765
M072-2;9/29/2026 10:33:11 PM +02:00;9/29/2026 10:34:29 PM +02:00;9/29/2026 10:33:49 PM +02:00;78;E;DEP;54.129498;60.45;73.050446;;9/29/2026 8:29:53 PM;9/29/2026 8:35:09 PM;RYR7AC;EIENK;4CA8D6;B738;EBBR;GMMX;25R;CIV4G;4.227141984165073;50.843765882240696;1783.102783203125;2253.6218
M072-2;9/29/2026 11:11:43 PM +02:00;9/29/2026 11:12:41 PM +02:00;9/29/2026 11:12:13 PM +02:00;58;N;DEP;52.764393;58.93;70.398674;;9/29/2026 9:08:41 PM;9/29/2026 9:13:33 PM;THA935;;8852E3;B789;EBBR;VTBS;25R;SOPOK4M;4.233826328111397;50.84402692562796;1823.1077880859375;2077.4773
M072-2;9/29/2026 11:19:41 PM +02:00;9/29/2026 11:21:09 PM +02:00;9/29/2026 11:20:27 PM +02:00;88;N;DEP;52.342052;58.69;71.78688;;9/29/2026 9:16:37 PM;9/29/2026 9:21:29 PM;VLG5KB;ECNLV;346690;A321;EBBR;LEBL;25R;CIV4G;4.225633063756625;50.84843857527699;1775.4827880859375;2529.0647
M072-2;9/29/2026 11:35:51 PM +02:00;9/29/2026 11:37:01 PM +02:00;9/29/2026 11:36:29 PM +02:00;70;N;DEP;54.41883;59.5;72.86981;;9/29/2026 9:32:41 PM;9/29/2026 9:36:21 PM;BOX117;DAALB;3C4582;B77L;EBBR;EDDP;25R;SPI4M;4.235384953659125;50.84482419021044;2668.226806640625;2806.8494
M072-2;9/30/2026 12:25:55 AM +02:00;9/30/2026 12:27:15 AM +02:00;9/30/2026 12:26:36 AM +02:00;80;N;DEP;51.303276;57.65;70.334175;;9/29/2026 10:22:49 PM;9/29/2026 10:28:56 PM;BCS62A;DALEJ;3C70AA;A332;EBBR;EDDP;25R;SOPOK4M;4.233900542573622;50.8437877995761;1957.6617431640625;2170.5994
M072-2;9/30/2026 1:22:39 AM +02:00;9/30/2026 1:23:58 AM +02:00;9/30/2026 1:23:12 AM +02:00;79;N;DEP;57.392307;62.97;76.368576;;9/29/2026 11:19:32 PM;9/29/2026 11:23:52 PM;BCS6TP;;3C71A7;A333;EBBR;EDDP;25R;SOPOK4M;4.23542311685174;50.844966986245204;2037.671630859375;2254.654
M044-3;9/29/2026 7:05:54 AM +02:00;9/29/2026 7:06:51 AM +02:00;9/29/2026 7:06:24 AM +02:00;57;D;DEP;51.748837;56.28;69.30759;;9/29/2026 5:03:21 AM;9/29/2026 5:07:20 AM;BEL5RA;YLABE;502D46;BCS3;EBBR;LOWW;25R;SOPOK4G;4.515982490138224;50.8232059594281;1829.52392578125;2233.3362
M044-3;9/29/2026 7:13:01 AM +02:00;9/29/2026 7:14:19 AM +02:00;9/29/2026 7:13:39 AM +02:00;78;D;DEP;53.69214;59.78;72.61308;;9/29/2026 5:10:40 AM;9/29/2026 5:14:36 AM;BEL8HQ;OOSSB;44CE62;A319;EBBR;LSZH;25R;ROUSY4G;4.511442276473031;50.8205826473773;1812.37890625;2501.8875
M044-3;9/29/2026 7:15:23 AM +02:00;9/29/2026 7:16:48 AM +02:00;9/29/2026 7:16:08 AM +02:00;85;D;DEP;57.38465;64.13;76.67884;;9/29/2026 5:12:56 AM;9/29/2026 5:18:12 AM;BCS081;DALEJ;3C70AA;A332;EBBR;DNMM;25R;ROUSY4G;4.512932486561323;50.82014691382996;1291.590087890625;2149.9583
M044-3;9/29/2026 7:18:28 AM +02:00;9/29/2026 7:19:22 AM +02:00;9/29/2026 7:18:53 AM +02:00;54;D;DEP;50.817417;53.83;68.14136;;9/29/2026 5:16:16 AM;9/29/2026 5:19:24 AM;AAB42N;OONSG;44BA67;C25C;EBBR;EDDP;25R;SPI4G;4.526241510684815;50.82251135166413;2040.97900390625;2228.6196
M044-3;9/29/2026 7:24:20 AM +02:00;9/29/2026 7:25:30 AM +02:00;9/29/2026 7:24:54 AM +02:00;70;D;DEP;54.609283;60.77;73.060265;;9/29/2026 5:21:52 AM;9/29/2026 5:25:36 AM;BEL4CB;OOSSF;44CE66;A319;EBBR;LIML;25R;ROUSY4G;4.511956763177899;50.82059624502348;1776.183837890625;2465.9773
M044-3;9/29/2026 7:28:05 AM +02:00;9/29/2026 7:29:17 AM +02:00;9/29/2026 7:28:40 AM +02:00;72;D;DEP;54.422806;60.72;72.99613;;9/29/2026 5:25:28 AM;9/29/2026 5:29:48 AM;BEL1YC;;44CE79;A319;EBBR;LIRF;25R;ROUSY4G;4.515037610911795;50.82145517670955;1717.12890625;2269.949
M044-3;9/29/2026 7:38:25 AM +02:00;9/29/2026 7:39:29 AM +02:00;9/29/2026 7:38:51 AM +02:00;64;D;DEP;48.976624;54.55;67.03842;;9/29/2026 5:36:04 AM;9/29/2026 5:39:44 AM;THY39P;TCLSC;4BB263;A21N;EBBR;LTFM;25R;SOPOK4G;4.507905060894324;50.813847898490884;1853.0848388671875;3099.1836
M044-3;9/29/2026 7:52:52 AM +02:00;9/29/2026 7:54:06 AM +02:00;9/29/2026 7:53:19 AM +02:00;74;D;DEP;53.691418;59.36;72.383736;;9/29/2026 5:50:24 AM;9/29/2026 5:54:56 AM;BEL2HV;OOSNI;44CDC9;A320;EBBR;LIRN;25R;SOPOK4G;4.511539170013172;50.81798700977946;1498.7548828125;2465.0212
M044-3;9/29/2026 8:07:26 AM +02:00;9/29/2026 8:08:41 AM +02:00;9/29/2026 8:07:59 AM +02:00;75;D;DEP;51.905025;56.62;70.65564;;9/29/2026 6:04:57 AM;9/29/2026 6:09:04 AM;JAF2XD;OOJAX;44A838;B738;EBBR;HESH;25R;SOPOK4G;4.506342751560852;50.810154109426676;1691.159912109375;3353.6292
M044-3;9/29/2026 8:12:03 AM +02:00;9/29/2026 8:13:31 AM +02:00;9/29/2026 8:12:49 AM +02:00;88;D;DEP;55.84347;62.86;75.2883;;9/29/2026 6:09:33 AM;9/29/2026 6:14:16 AM;LOT4MH;SPLNE;48ADA4;E195;EBBR;EPWA;25R;LNO4G;4.527132884525485;50.83167816701637;1763.5499267578125;1700.712
M044-3;9/29/2026 8:59:31 AM +02:00;9/29/2026 9:00:50 AM +02:00;9/29/2026 9:00:08 AM +02:00;79;D;DEP;54.232197;60.05;73.208466;;9/29/2026 6:57:08 AM;9/29/2026 7:01:28 AM;RYR1TZ;EIDHH;4CA264;B738;EBBR;LIRF;25R;ROUSY4G;4.515072015838893;50.81969331793631;1700.6849365234375;2370.759
M044-3;9/29/2026 9:28:45 AM +02:00;9/29/2026 9:29:50 AM +02:00;9/29/2026 9:29:11 AM +02:00;65;D;DEP;53.924007;59.18;72.05314;;9/29/2026 7:25:48 AM;9/29/2026 7:30:52 AM;GER291;DAKJC;3C6D43;E190;EBBR;EDJA;25R;SOPOK4G;4.511425756292931;50.81782744537348;1588.2899169921875;2550.9624
M044-3;9/29/2026 9:32:08 AM +02:00;9/29/2026 9:33:06 AM +02:00;9/29/2026 9:32:26 AM +02:00;58;D;DEP;49.755352;54.6;67.38963;;9/29/2026 7:29:37 AM;9/29/2026 7:33:20 AM;BEL5FJ;;44CC47;A20N;EBBR;LIRQ;25R;ROUSY4G;4.512382471173266;50.82065025247718;1814.98486328125;2475.3801
M044-3;9/29/2026 9:37:39 AM +02:00;9/29/2026 9:38:52 AM +02:00;9/29/2026 9:38:26 AM +02:00;73;D;DEP;54.540062;60.78;73.173294;;9/29/2026 7:35:32 AM;9/29/2026 7:39:24 AM;EJU98PT;OEIVZ;4402AE;A320;EBBR;LIML;25R;ROUSY4G;4.5136175226853155;50.81954477644896;1646.643798828125;2389.027
M044-3;9/29/2026 9:44:37 AM +02:00;9/29/2026 9:46:01 AM +02:00;9/29/2026 9:45:18 AM +02:00;84;D;DEP;54.39749;61.56;73.64028;;9/29/2026 7:42:17 AM;9/29/2026 7:46:28 AM;BEL1UF;OOSSA;44CE61;A319;EBBR;LSGG;25R;ROUSY4G;4.511562538969491;50.82140518295942;1682.8388671875;2379.435
M044-3;9/29/2026 9:48:43 AM +02:00;9/29/2026 9:49:51 AM +02:00;9/29/2026 9:49:21 AM +02:00;68;D;DEP;50.769665;58.02;69.09476;;9/29/2026 7:46:13 AM;9/29/2026 7:50:04 AM;ITY151;;4CAE12;BCS1;EBBR;LIML;25R;ROUSY4G;4.512742114910514;50.82160764506612;1991.4488525390625;2535.1775
M044-3;9/29/2026 9:53:46 AM +02:00;9/29/2026 9:55:08 AM +02:00;9/29/2026 9:54:30 AM +02:00;82;D;DEP;53.58394;60.64;72.72208;;9/29/2026 7:51:40 AM;9/29/2026 7:55:20 AM;EJU54YE;OELQM;440589;A319;EBBR;LIRF;25R;SOPOK4G;4.51490115081259;50.82127989343846;1860.00390625;2392.061
M044-3;9/29/2026 10:00:24 AM +02:00;9/29/2026 10:01:27 AM +02:00;9/29/2026 10:00:53 AM +02:00;63;D;DEP;55.69703;61.71;73.69044;;9/29/2026 7:57:40 AM;9/29/2026 8:02:12 AM;BEL8CE;OOSNE;44CDC5;A320;EBBR;EDDB;25R;SPI4G;4.524295376369466;50.823249481049594;1778.0888671875;2007.8561
M044-3;9/29/2026 10:06:00 AM +02:00;9/29/2026 10:07:15 AM +02:00;9/29/2026 10:06:45 AM +02:00;75;D;DEP;49.904655;55.99;68.655266;;9/29/2026 8:03:36 AM;9/29/2026 8:08:08 AM;CTN56E;;501C4B;BCS1;EBBR;LDZA;25R;SOPOK4G;4.5181052151147725;50.825770419682705;1791.423828125;2023.0192
M044-3;9/29/2026 10:11:05 AM +02:00;9/29/2026 10:12:19 AM +02:00;9/29/2026 10:11:49 AM +02:00;74;D;DEP;54.059624;61.52;72.75194;;9/29/2026 8:08:45 AM;9/29/2026 8:13:24 AM;BEL2NM;OOSNL;44CDCC;A320;EBBR;LKPR;25R;SOPOK4G;4.511574575101215;50.81818029011864;1517.1038818359375;2470.1616
M044-3;9/29/2026 10:12:52 AM +02:00;9/29/2026 10:13:59 AM +02:00;9/29/2026 10:13:20 AM +02:00;67;D;DEP;55.714935;62.16;73.975685;;9/29/2026 8:10:21 AM;9/29/2026 8:15:24 AM;BEL5GR;OOSNM;44CDCD;A320;EBBR;EDDM;25R;SOPOK4G;4.511347555402901;50.81830388325077;1639.0238037109375;2543.8708
M044-3;9/29/2026 10:14:38 AM +02:00;9/29/2026 10:15:42 AM +02:00;9/29/2026 10:15:05 AM +02:00;64;D;DEP;52.25322;58.41;70.31502;;9/29/2026 8:12:20 AM;9/29/2026 8:15:52 AM;SWR52Y;;4B181B;A20N;EBBR;LSZH;25R;ROUSY4G;4.516037144704235;50.81922601286469;1890.48388671875;2486.1765
M044-3;9/29/2026 10:20:44 AM +02:00;9/29/2026 10:22:12 AM +02:00;9/29/2026 10:21:27 AM +02:00;88;D;DEP;53.793537;60.3;73.238365;;9/29/2026 8:18:32 AM;9/29/2026 8:22:44 AM;JAF85C;OOTUJ;44D2AA;B738;EBBR;HEMA;25R;SOPOK4G;4.508971597922516;50.816420193743646;1578.0638427734375;2725.961
M044-3;9/29/2026 10:23:22 AM +02:00;9/29/2026 10:24:36 AM +02:00;9/29/2026 10:24:00 AM +02:00;74;D;DEP;56.891632;64.83;75.58395;;9/29/2026 8:20:49 AM;9/29/2026 8:25:32 AM;ASL39W;LZBUR;451D8C;E190;EBBR;LYBE;25R;SOPOK4G;4.51584757729384;50.823528436002;1433.2838134765625;1922.9792
M044-3;9/29/2026 10:25:05 AM +02:00;9/29/2026 10:26:13 AM +02:00;9/29/2026 10:25:31 AM +02:00;68;D;DEP;54.357483;60.8;72.68257;;9/29/2026 8:22:36 AM;9/29/2026 8:26:56 AM;AUA22D;OELXE;4402A3;A320;EBBR;LOWW;25R;SOPOK4G;4.512588676721017;50.81959405138589;1486.6239013671875;2318.8267
M044-3;9/29/2026 10:27:00 AM +02:00;9/29/2026 10:28:00 AM +02:00;9/29/2026 10:27:34 AM +02:00;60;D;DEP;50.44964;55.07;68.23115;;9/29/2026 8:24:08 AM;9/29/2026 8:28:16 AM;BTI60L;YLAAX;502D28;BCS3;EBBR;EVRA;25R;SPI4G;4.523493537605765;50.823268532011554;2008.59375;2229.3198
M044-3;9/29/2026 10:34:08 AM +02:00;9/29/2026 10:35:13 AM +02:00;9/29/2026 10:34:38 AM +02:00;65;D;DEP;54.62544;62.58;72.75457;;9/29/2026 8:31:40 AM;9/29/2026 8:36:28 AM;BEL8BK;OOTCV;44D076;A320;EBBR;LDSP;25R;SOPOK4G;4.512776977536845;50.81875918086217;1423.7587890625;2325.077
M044-3;9/29/2026 10:36:41 AM +02:00;9/29/2026 10:37:49 AM +02:00;9/29/2026 10:37:21 AM +02:00;68;D;DEP;58.862717;65.06;77.187805;;9/29/2026 8:34:04 AM;9/29/2026 8:39:32 AM;BEL4KE;OOSFB;44CCC2;A333;EBBR;HRYR;25R;ROUSY4G;4.512133643949532;50.821616531686054;1234.43994140625;2050.1462
M044-3;9/29/2026 10:40:09 AM +02:00;9/29/2026 10:41:24 AM +02:00;9/29/2026 10:40:41 AM +02:00;75;D;DEP;55.670998;63.62;74.42161;;9/29/2026 8:37:41 AM;9/29/2026 8:42:20 AM;RYR5XV;EIEXD;4CAA5F;B738;EBBR;LEPA;25R;ROUSY4G;4.512133773143461;50.82135921702644;1639.0238037109375;2326.187
M044-3;9/29/2026 10:45:15 AM +02:00;9/29/2026 10:46:21 AM +02:00;9/29/2026 10:45:40 AM +02:00;66;D;DEP;49.48249;55.09;67.67793;;9/29/2026 8:42:53 AM;9/29/2026 8:47:00 AM;KNE642;;711469;A20N;EBBR;OEJN;25R;ROUSY4G;4.512832303786691;50.820549625294795;1616.163818359375;2340.1042
M044-3;9/29/2026 10:48:03 AM +02:00;9/29/2026 10:49:29 AM +02:00;9/29/2026 10:48:36 AM +02:00;86;D;DEP;58.742775;66.36;78.08776;;9/29/2026 8:45:41 AM;9/29/2026 8:51:00 AM;BEL5RH;OOSFC;44CCC3;A333;EBBR;HKJK;25R;ROUSY4G;4.5160437397815;50.82051893981432;1193.7999267578125;1962.979
M044-3;9/29/2026 10:54:05 AM +02:00;9/29/2026 10:55:29 AM +02:00;9/29/2026 10:54:41 AM +02:00;84;D;DEP;53.599667;61.44;72.84246;;9/29/2026 8:51:49 AM;9/29/2026 8:57:16 AM;BEL3WF;OOSNK;44CDCB;A320;EBBR;LGAV;25R;SOPOK4G;4.512383066402437;50.81906475090752;1354.4549560546875;2278.9187
M044-3;9/29/2026 11:01:30 AM +02:00;9/29/2026 11:02:41 AM +02:00;9/29/2026 11:02:17 AM +02:00;71;D;DEP;55.415592;64.04;73.92818;;9/29/2026 8:59:12 AM;9/29/2026 9:03:16 AM;BEL5WE;OOSSW;44CE77;A319;EBBR;LIML;25R;ROUSY4G;4.513074458470968;50.820014344817274;1642.8338623046875;2368.0242
M044-3;9/29/2026 11:03:42 AM +02:00;9/29/2026 11:04:32 AM +02:00;9/29/2026 11:04:07 AM +02:00;50;D;DEP;56.082977;60.81;73.07268;;9/29/2026 9:00:48 AM;9/29/2026 9:04:48 AM;BEL3DQ;OOSSJ;44CE6A;A319;EBBR;EDDF;25R;SPI4G;4.5223615495727385;50.82409431665793;1917.15380859375;2116.462
M044-3;9/29/2026 11:05:04 AM +02:00;9/29/2026 11:06:07 AM +02:00;9/29/2026 11:05:30 AM +02:00;63;D;DEP;55.237144;61.82;73.23055;;9/29/2026 9:02:32 AM;9/29/2026 9:07:04 AM;BEL6VP;OOSNH;44CDC8;A320;EBBR;LIPZ;25R;ROUSY4G;4.5127069219724545;50.820888495594836;1492.3388671875;2228.7585
M044-3;9/29/2026 11:17:23 AM +02:00;9/29/2026 11:18:15 AM +02:00;9/29/2026 11:17:54 AM +02:00;52;D;DEP;56.142765;62.66;73.302795;;9/29/2026 9:14:56 AM;9/29/2026 9:19:32 AM;BEL5CG;OOSSB;44CE62;A319;EBBR;LFMN;25R;ROUSY4G;4.515025487439355;50.82061804767587;1726.65380859375;2342.4924
M044-3;9/29/2026 11:38:03 AM +02:00;9/29/2026 11:39:07 AM +02:00;9/29/2026 11:38:38 AM +02:00;64;D;DEP;53.0923;59.64;71.1541;;9/29/2026 9:35:48 AM;9/29/2026 9:40:00 AM;AEE539;SXDVN;4692CE;A320;EBBR;LGTS;25R;SOPOK4G;4.5134107803378365;50.82177853552118;1482.81396484375;2157.7698
M044-3;9/29/2026 11:50:18 AM +02:00;9/29/2026 11:51:33 AM +02:00;9/29/2026 11:50:55 AM +02:00;75;D;DEP;56.507103;64.02;75.25771;;9/29/2026 9:47:52 AM;9/29/2026 9:53:32 AM;THY7WF;;4BB1ED;A332;EBBR;LTFM;25R;SOPOK4G;4.512120711605159;50.8188164037072;1433.2838134765625;2358.0088
M044-3;9/29/2026 11:52:22 AM +02:00;9/29/2026 11:53:27 AM +02:00;9/29/2026 11:53:01 AM +02:00;65;D;DEP;52.497192;59.3;70.62633;;9/29/2026 9:49:57 AM;9/29/2026 9:54:40 AM;THY6553;TCVEL;4BD8AC;A310;EBBR;LTFM;25R;SOPOK4G;4.510605692159339;50.81904533300333;1665.69384765625;2541.4524
M044-3;9/29/2026 11:57:40 AM +02:00;9/29/2026 11:58:34 AM +02:00;9/29/2026 11:58:00 AM +02:00;54;D;DEP;52.0207;59.18;69.344635;;9/29/2026 9:55:08 AM;9/29/2026 10:00:20 AM;AEE3BR;SXNAK;46B82B;A21N;EBBR;LGAV;25R;SOPOK4G;4.512111468327043;50.81955462023711;1604.73388671875;2406.8396
M044-3;9/29/2026 12:01:39 PM +02:00;9/29/2026 12:02:51 PM +02:00;9/29/2026 12:02:15 PM +02:00;72;D;DEP;52.117786;59.07;70.69111;;9/29/2026 9:59:04 AM;9/29/2026 10:04:12 AM;SIA303;9VSMB;76CDA2;A359;EBBR;WSSS;25R;SOPOK4G;4.508707802518911;50.81529421056323;1316.35498046875;2686.2717
M044-3;9/29/2026 1:05:32 PM +02:00;9/29/2026 1:06:51 PM +02:00;9/29/2026 1:06:11 PM +02:00;79;D;DEP;60.637077;68.75;79.61335;;9/29/2026 11:03:04 AM;9/29/2026 11:08:20 AM;CCA964;B6101;780DFD;A333;EBBR;ZBAA;25R;SPI4G;4.525124058173904;50.82163371912999;1362.074951171875;1793.0804
M044-3;9/29/2026 1:18:24 PM +02:00;9/29/2026 1:19:16 PM +02:00;9/29/2026 1:18:52 PM +02:00;52;D;DEP;52.692066;58.43;69.8521;;9/29/2026 11:15:48 AM;9/29/2026 11:20:44 AM;CPA294;BLQB;789234;A359;EBBR;VHHH;25R;SOPOK4G;4.509798543857051;50.81544386921615;1329.68994140625;2638.8955
M044-3;9/29/2026 1:50:04 PM +02:00;9/29/2026 1:51:02 PM +02:00;9/29/2026 1:50:36 PM +02:00;58;D;DEP;55.858505;62.37;73.49278;;9/29/2026 11:47:40 AM;9/29/2026 11:50:56 AM;JAF25B;OOTNB;44D1C2;B738;EBBR;LGZA;25R;ROUSY4G;4.512357638735513;50.82047268468298;2124.798828125;2705.6372
M044-3;9/29/2026 1:55:47 PM +02:00;9/29/2026 1:56:52 PM +02:00;9/29/2026 1:56:19 PM +02:00;65;D;DEP;54.955074;62.43;73.084206;;9/29/2026 11:53:20 AM;9/29/2026 11:57:04 AM;BEL2PN;OOSSL;44CE6C;A319;EBBR;EDDM;25R;SOPOK4G;4.517151890771175;50.824038374306554;1997.163818359375;2287.391
M044-3;9/29/2026 2:02:43 PM +02:00;9/29/2026 2:03:45 PM +02:00;9/29/2026 2:03:28 PM +02:00;62;D;DEP;62.308235;70.56;80.232155;;9/29/2026 12:01:33 PM;9/29/2026 12:05:28 PM;BEL8NY;OOSNN;44CDCE;A320;EBBR;LFMN;19 ;ROUSY1L;4.535525627943489;50.83602563827401;1146.81005859375;1237.0057
M044-3;9/29/2026 2:15:34 PM +02:00;9/29/2026 2:16:14 PM +02:00;9/29/2026 2:15:58 PM +02:00;40;D;DEP;74.60012;78.84;90.62072;;9/29/2026 12:14:41 PM;9/29/2026 12:19:32 PM;JAF4NV;;44D1B4;B38M;EBBR;LEAL;19 ;CIV3L;4.533506265703284;50.835232385518545;986.7900390625;1027.7861
M044-3;9/29/2026 2:24:51 PM +02:00;9/29/2026 2:25:48 PM +02:00;9/29/2026 2:25:22 PM +02:00;57;D;DEP;62.65848;69.57;80.21723;;9/29/2026 12:23:29 PM;9/29/2026 12:27:52 PM;BEL4RE;OOSNI;44CDC9;A320;EBBR;LEBB;19 ;CIV3L;4.5369469396072315;50.83566714274325;1080.135009765625;1215.553
M044-3;9/29/2026 2:35:03 PM +02:00;9/29/2026 2:36:16 PM +02:00;9/29/2026 2:35:41 PM +02:00;73;D;DEP;62.12102;70.35;80.75425;;9/29/2026 12:33:41 PM;9/29/2026 12:38:28 PM;BEL3KK;OOTCQ;44D071;A320;EBBR;LEMD;19 ;CIV3L;4.536320529233844;50.83541659209298;1091.5650634765625;1198.7279
M044-3;9/29/2026 2:38:09 PM +02:00;9/29/2026 2:39:08 PM +02:00;9/29/2026 2:38:45 PM +02:00;59;D;DEP;67.455086;72.73;85.163605;;9/29/2026 12:36:49 PM;9/29/2026 12:41:52 PM;BEL4EW;OOSNE;44CDC5;A320;EBBR;GCLP;19 ;CIV3L;4.535704772065605;50.834924458108524;1000.125;1074.4302
M044-3;9/29/2026 2:45:25 PM +02:00;9/29/2026 2:46:24 PM +02:00;9/29/2026 2:45:50 PM +02:00;59;D;DEP;67.82788;72.23;85.5364;;9/29/2026 12:42:08 PM;9/29/2026 12:46:36 PM;BEL2SR;;502D7C;BCS3;EBBR;EDDF;25R;SPI4G;4.523291493905454;50.822199926965176;1906.9278564453125;2188.7065
M044-3;9/29/2026 3:11:18 PM +02:00;9/29/2026 3:12:18 PM +02:00;9/29/2026 3:11:54 PM +02:00;60;D;DEP;48.51027;53.85;66.29178;;9/29/2026 1:09:05 PM;9/29/2026 1:12:40 PM;BEL8KA;;44CC47;A20N;EBBR;LIRF;25R;SOPOK4G;4.51683020946665;50.82390947494736;1924.07275390625;2243.5078
M044-3;9/29/2026 3:13:08 PM +02:00;9/29/2026 3:13:56 PM +02:00;9/29/2026 3:13:33 PM +02:00;48;D;DEP;56.70611;64.15;73.518524;;9/29/2026 1:10:45 PM;9/29/2026 1:14:29 PM;BEL6PR;OOSNM;44CDCD;A320;EBBR;LHBP;25R;SOPOK4G;4.515063953864443;50.8220776719775;1611.65283203125;2157.1567
M044-3;9/29/2026 3:15:01 PM +02:00;9/29/2026 3:16:16 PM +02:00;9/29/2026 3:15:39 PM +02:00;75;D;DEP;54.066727;62.52;72.81734;;9/29/2026 1:12:33 PM;9/29/2026 1:16:32 PM;BEL9SE;OOSSJ;44CE6A;A319;EBBR;LSGG;25R;SOPOK4G;4.5115734613901015;50.820928780580836;1562.122802734375;2316.825
M044-3;9/29/2026 3:16:55 PM +02:00;9/29/2026 3:17:33 PM +02:00;9/29/2026 3:17:20 PM +02:00;38;D;DEP;54.737526;61.61;70.53536;;9/29/2026 1:14:29 PM;9/29/2026 1:18:56 PM;AUA294P;OELXE;4402A3;A320;EBBR;LOWW;25R;SOPOK4G;4.511595124165489;50.82006132299627;1325.8800048828125;2229.5132
M044-3;9/29/2026 3:28:25 PM +02:00;9/29/2026 3:29:15 PM +02:00;9/29/2026 3:28:53 PM +02:00;50;D;DEP;48.228695;53.77;65.21839;;9/29/2026 1:26:09 PM;9/29/2026 1:30:20 PM;BEL3ND;;44CC46;A20N;EBBR;HEGN;25R;SOPOK4G;4.512463592466953;50.82156039175361;1546.8828125;2242.304
M044-3;9/29/2026 3:31:02 PM +02:00;9/29/2026 3:31:56 PM +02:00;9/29/2026 3:31:31 PM +02:00;54;D;DEP;58.294262;66.11;75.6182;;9/29/2026 1:28:33 PM;9/29/2026 1:32:48 PM;BEL5XD;OOSNJ;44CDCA;A320;EBBR;EPWA;25R;LNO4G;4.5245382613331655;50.82421246988545;1487.827880859375;1715.2831
M044-3;9/29/2026 3:39:54 PM +02:00;9/29/2026 3:40:52 PM +02:00;9/29/2026 3:40:21 PM +02:00;58;D;DEP;54.927837;61.88;72.56212;;9/29/2026 1:37:25 PM;9/29/2026 1:41:56 PM;CXI4F;LYLGA;503E61;A320;EBBR;LGIR;25R;SOPOK4G;4.512361290955092;50.82024009121478;1373.5107421875;2213.6738
M044-3;9/29/2026 3:57:18 PM +02:00;9/29/2026 3:58:30 PM +02:00;9/29/2026 3:58:00 PM +02:00;72;D;DEP;54.518467;63.02;73.09179;;9/29/2026 1:55:04 PM;9/29/2026 1:58:48 PM;CEF05T;2801;498422;A319;EBBR;LKKB;25R;SOPOK4G;4.516961057872341;50.82536351192012;1870.73291015625;2138.311
M044-3;9/29/2026 4:01:08 PM +02:00;9/29/2026 4:02:02 PM +02:00;9/29/2026 4:01:36 PM +02:00;54;D;DEP;48.81376;57.48;66.137695;;9/29/2026 1:58:44 PM;9/29/2026 2:02:36 PM;BEL3XW;;44CC44;A20N;EBBR;LOWW;25R;SOPOK4G;4.515170427305129;50.82199229214596;1847.872802734375;2333.6418
M044-3;9/29/2026 4:19:01 PM +02:00;9/29/2026 4:20:10 PM +02:00;9/29/2026 4:19:40 PM +02:00;69;D;DEP;48.279976;56.4;66.668465;;9/29/2026 2:16:29 PM;9/29/2026 2:21:04 PM;BEL7PK;YLABH;502D59;BCS3;EBBR;LJLJ;25R;SOPOK4G;4.512241202368838;50.819122058251686;1676.4228515625;2481.8586
M044-3;9/29/2026 4:20:52 PM +02:00;9/29/2026 4:22:08 PM +02:00;9/29/2026 4:21:29 PM +02:00;76;D;DEP;53.671677;63.8;72.47981;;9/29/2026 2:18:24 PM;9/29/2026 2:23:08 PM;BEL5TR;OOSNF;44CDC6;A320;EBBR;DTMB;25R;ROUSY4G;4.512098112675944;50.82192218130303;1333.5;2092.703
M044-3;9/29/2026 4:23:27 PM +02:00;9/29/2026 4:24:45 PM +02:00;9/29/2026 4:24:13 PM +02:00;78;D;DEP;50.904015;58.71;69.82496;;9/29/2026 2:21:13 PM;9/29/2026 2:25:28 PM;RJA142;;74482C;A20N;EBBR;OJAI;25R;SOPOK4G;4.513425389182363;50.82071556042903;1607.8427734375;2292.247
M044-3;9/29/2026 4:26:27 PM +02:00;9/29/2026 4:27:43 PM +02:00;9/29/2026 4:27:01 PM +02:00;76;D;DEP;54.476627;62.76;73.28476;;9/29/2026 2:24:09 PM;9/29/2026 2:28:04 PM;BEL9EV;OOSSX;44CE78;A319;EBBR;EDDM;25R;SOPOK4G;4.512999334761321;50.82175603004508;1600.2227783203125;2240.2397
M044-3;9/29/2026 4:39:58 PM +02:00;9/29/2026 4:41:10 PM +02:00;9/29/2026 4:40:44 PM +02:00;72;D;DEP;53.12742;60.17;71.700745;;9/29/2026 2:37:36 PM;9/29/2026 2:42:20 PM;TAR955;;02A263;A320;EBBR;DTTA;25R;ROUSY4G;4.5150007657760405;50.820246107300335;1432.582763671875;2157.1704
M044-3;9/29/2026 4:42:56 PM +02:00;9/29/2026 4:43:58 PM +02:00;9/29/2026 4:43:32 PM +02:00;62;D;DEP;54.617847;61.89;72.54176;;9/29/2026 2:40:29 PM;9/29/2026 2:44:32 PM;BEL6ZH;OOSSB;44CE62;A319;EBBR;LIML;25R;ROUSY4G;4.518871474505552;50.8197656627667;1642.1328125;2218.3364
M044-3;9/29/2026 4:44:43 PM +02:00;9/29/2026 4:45:39 PM +02:00;9/29/2026 4:45:07 PM +02:00;56;D;DEP;56.30209;62.46;73.78397;;9/29/2026 2:41:57 PM;9/29/2026 2:46:04 PM;BEL2HJ;OOSNH;44CDC8;A320;EBBR;EDDB;25R;SPI4G;4.524110943249422;50.8231371502536;1783.102783203125;2026.761
M044-3;9/29/2026 5:16:09 PM +02:00;9/29/2026 5:17:24 PM +02:00;9/29/2026 5:16:50 PM +02:00;75;D;DEP;56.631886;63.63;75.3825;;9/29/2026 3:13:41 PM;9/29/2026 3:18:08 PM;BOX547;DAALS;3C4593;B77L;EBBR;EDDP;25R;SPI4G;4.526489594044582;50.82508902367235;1891.6878662109375;2011.9753
M044-3;9/29/2026 5:27:38 PM +02:00;9/29/2026 5:28:34 PM +02:00;9/29/2026 5:28:04 PM +02:00;56;D;DEP;55.07661;61.85;72.558495;;9/29/2026 3:25:04 PM;9/29/2026 3:29:28 PM;BEL2ZR;OOSSR;44CE72;A319;EBBR;LKPR;25R;SOPOK4G;4.513044141230408;50.820428972200745;1583.0777587890625;2317.6777
M044-3;9/29/2026 5:37:55 PM +02:00;9/29/2026 5:38:45 PM +02:00;9/29/2026 5:38:18 PM +02:00;50;D;DEP;54.597816;61.79;71.58752;;9/29/2026 3:35:24 PM;9/29/2026 3:40:44 PM;AUA296;OELXB;44022B;A320;EBBR;LOWW;25R;SOPOK4G;4.524685411705371;50.82476419539032;1447.1217041015625;1644.937
M044-3;9/29/2026 6:01:33 PM +02:00;9/29/2026 6:02:27 PM +02:00;9/29/2026 6:02:00 PM +02:00;54;D;DEP;55.24278;60.36;72.56672;;9/29/2026 3:59:01 PM;9/29/2026 4:03:16 PM;BEL8UK;;44CE79;A319;EBBR;EDDF;25R;SPI4G;4.524160755549789;50.821898818985964;1687.15185546875;2027.8014
M044-3;9/29/2026 6:03:09 PM +02:00;9/29/2026 6:04:05 PM +02:00;9/29/2026 6:03:28 PM +02:00;56;D;DEP;55.11578;62.6;72.597664;;9/29/2026 4:00:41 PM;9/29/2026 4:04:32 PM;RYR5ZK;9HQDB;4D222D;B738;EBBR;LIRP;25R;ROUSY4G;4.513595596292968;50.82094031596524;1755.731689453125;2380.289
M044-3;9/29/2026 6:08:36 PM +02:00;9/29/2026 6:09:52 PM +02:00;9/29/2026 6:09:13 PM +02:00;76;D;DEP;57.780376;65.57;76.58851;;9/29/2026 4:06:01 PM;9/29/2026 4:10:40 PM;LYF278;08 BLUE;503FD3;C27J;EBBR;EYVI;25R;LNO4G;4.525047509654861;50.82375746615717;2056.721923828125;2222.5796
M044-3;9/29/2026 6:17:15 PM +02:00;9/29/2026 6:18:34 PM +02:00;9/29/2026 6:17:57 PM +02:00;79;D;DEP;53.700428;61.39;72.6767;;9/29/2026 4:14:56 PM;9/29/2026 4:19:12 PM;BEL3WD;OOSSL;44CE6C;A319;EBBR;LIRF;25R;ROUSY4G;4.512579117685707;50.821089606690414;1641.4317626953125;2333.3345
M044-3;9/29/2026 6:28:02 PM +02:00;9/29/2026 6:28:51 PM +02:00;9/29/2026 6:28:26 PM +02:00;49;D;DEP;52.7827;58.21;69.68466;;9/29/2026 4:25:53 PM;9/29/2026 4:29:20 PM;TVS499F;;49D5D6;BCS3;EBBR;LKPR;25R;SOPOK4G;4.519515014755867;50.8278358399821;1778.591796875;1906.8691
M044-3;9/29/2026 6:46:14 PM +02:00;9/29/2026 6:47:26 PM +02:00;9/29/2026 6:46:50 PM +02:00;72;D;DEP;48.339787;56.12;66.91311;;9/29/2026 4:44:00 PM;9/29/2026 4:46:56 PM;IAM3170;;33FCA3;GLF6;EBMB;LIRA;25R;ROUSY4G;4.513209406018866;50.81962557185354;2254.841796875;2828.2544
M044-3;9/29/2026 6:48:07 PM +02:00;9/29/2026 6:49:27 PM +02:00;9/29/2026 6:48:46 PM +02:00;80;D;DEP;53.853573;61.3;72.884476;;9/29/2026 4:46:01 PM;9/29/2026 4:49:48 PM;LBT385;9HMMO;4D23BB;A320;EBBR;DTTJ;25R;ROUSY4G;4.513868682348103;50.821176325506414;1546.1817626953125;2211.687
M044-3;9/29/2026 6:53:45 PM +02:00;9/29/2026 6:54:59 PM +02:00;9/29/2026 6:54:30 PM +02:00;74;D;DEP;55.276737;61.71;73.969055;;9/29/2026 4:51:37 PM;9/29/2026 4:55:08 PM;BEL7VN;OOSSA;44CE61;A319;EBBR;LOWW;25R;SOPOK4G;4.5146750472962385;50.82329679345564;1683.341796875;2152.7378
M044-3;9/29/2026 7:06:08 PM +02:00;9/29/2026 7:07:33 PM +02:00;9/29/2026 7:06:56 PM +02:00;85;E;DEP;54.884624;62.73;74.17881;;9/29/2026 5:03:48 PM;9/29/2026 5:08:32 PM;BEL9DL;OOSNK;44CDCB;A320;EBBR;EDDB;25R;SPI4G;4.523876766495352;50.82320904816839;1546.8828125;1830.4847
M044-3;9/29/2026 7:09:08 PM +02:00;9/29/2026 7:10:30 PM +02:00;9/29/2026 7:09:48 PM +02:00;82;E;DEP;45.88856;51.71;65.0267;;9/29/2026 5:06:40 PM;9/29/2026 5:10:24 PM;FSE1C;;3E353E;C25M;EBBR;EDDL;25R;LNO4G;4.5279071468090315;50.823974438689206;2326.02783203125;2418.6748
M044-3;9/29/2026 7:28:40 PM +02:00;9/29/2026 7:29:54 PM +02:00;9/29/2026 7:29:18 PM +02:00;74;E;DEP;53.865047;60.71;72.557365;;9/29/2026 5:26:20 PM;9/29/2026 5:30:36 PM;BEL4GV;;44CDD1;A320;EBBR;LSGG;25R;ROUSY4G;4.512272055881068;50.821514298509776;1607.8427734375;2295.903
M044-3;9/29/2026 7:33:07 PM +02:00;9/29/2026 7:34:18 PM +02:00;9/29/2026 7:33:46 PM +02:00;71;E;DEP;53.354916;60.65;71.8675;;9/29/2026 5:30:45 PM;9/29/2026 5:34:36 PM;BEL8RD;OOSSJ;44CE6A;A319;EBBR;LIMC;25R;ROUSY4G;4.510964765556208;50.821320804003214;1682.1378173828125;2404.2185
M044-3;9/29/2026 7:35:05 PM +02:00;9/29/2026 7:36:17 PM +02:00;9/29/2026 7:35:49 PM +02:00;72;E;DEP;50.15026;58.78;68.72359;;9/29/2026 5:32:40 PM;9/29/2026 5:36:36 PM;ITY165;;4CADAC;A20N;EBBR;LIRF;25R;ROUSY4G;4.511970875772433;50.82078052678338;1828.82275390625;2491.4897
M044-3;9/29/2026 7:39:12 PM +02:00;9/29/2026 7:40:28 PM +02:00;9/29/2026 7:39:58 PM +02:00;76;E;DEP;49.643875;58.83;68.45201;;9/29/2026 5:36:52 PM;9/29/2026 5:41:12 PM;BEL4HU;YLABE;502D46;BCS3;EBBR;EDDM;25R;SOPOK4G;4.51517739310611;50.82264180228278;1722.142822265625;2204.1653
M044-3;9/29/2026 7:45:38 PM +02:00;9/29/2026 7:46:42 PM +02:00;9/29/2026 7:46:16 PM +02:00;64;E;DEP;54.170437;61.98;72.23224;;9/29/2026 5:43:08 PM;9/29/2026 5:47:20 PM;BEL2LG;OOSNN;44CDCE;A320;EBBR;EDDF;25R;SPI4G;4.524801012093821;50.82281353077808;1767.86279296875;2040.8407
M044-3;9/29/2026 7:55:35 PM +02:00;9/29/2026 7:56:59 PM +02:00;9/29/2026 7:56:19 PM +02:00;84;E;DEP;50.02855;57.16;69.27134;;9/29/2026 5:53:13 PM;9/29/2026 5:57:40 PM;SWR7DC;HBJCQ;4B1808;BCS3;EBBR;LSZH;25R;LNO4G;4.524994199914117;50.824097894764016;1745.0028076171875;1940.923
M044-3;9/29/2026 7:58:57 PM +02:00;9/29/2026 8:00:11 PM +02:00;9/29/2026 7:59:31 PM +02:00;74;E;DEP;51.507103;58.86;70.19942;;9/29/2026 5:56:00 PM;9/29/2026 6:01:12 PM;LOT4CN;;48E95E;B38M;EBBR;EPWA;25R;LNO4G;4.52487720738369;50.823748466753294;1562.122802734375;1797.2542
M044-3;9/29/2026 8:02:05 PM +02:00;9/29/2026 8:03:17 PM +02:00;9/29/2026 8:02:33 PM +02:00;72;E;DEP;52.392612;58.74;70.965935;;9/29/2026 5:59:32 PM;9/29/2026 6:03:52 PM;AUA29V;OELBO;44001B;A320;EBBR;LOWW;25R;SOPOK4G;4.510233282323122;50.818816031967316;1474.4927978515625;2456.1487
M044-3;9/29/2026 8:10:34 PM +02:00;9/29/2026 8:11:24 PM +02:00;9/29/2026 8:10:46 PM +02:00;50;E;DEP;48.793545;52.98;65.78324;;9/29/2026 6:07:52 PM;9/29/2026 6:11:52 PM;KMM421;9HNEO;4D21A2;A20N;EBBR;LMML;25R;ROUSY4G;4.512522409353009;50.82096937021789;1903.1177978515625;2510.0735
M044-3;9/29/2026 8:21:04 PM +02:00;9/29/2026 8:22:36 PM +02:00;9/29/2026 8:21:54 PM +02:00;92;E;DEP;49.58251;57.14;69.22039;;9/29/2026 6:18:53 PM;9/29/2026 6:23:00 PM;AEE6BR;SXNAK;46B82B;A21N;EBBR;LGAV;25R;PITES4G;4.510493315987704;50.81913071095434;1628.162841796875;2518.7664
M044-3;9/29/2026 8:27:36 PM +02:00;9/29/2026 8:28:55 PM +02:00;9/29/2026 8:28:20 PM +02:00;79;E;DEP;48.571125;55.21;67.54739;;9/29/2026 6:25:17 PM;9/29/2026 6:29:12 PM;ITY153;;4CAE11;BCS1;EBBR;LIML;25R;ROUSY4G;4.512759931122253;50.82141999680101;1882.162841796875;2474.7122
M044-3;9/29/2026 8:36:28 PM +02:00;9/29/2026 8:37:52 PM +02:00;9/29/2026 8:37:14 PM +02:00;84;E;DEP;44.811535;49.36;64.05433;;9/29/2026 6:34:16 PM;9/29/2026 6:37:12 PM;PNC1VL;YUSVL;4C4AAB;C56X;EBBR;LCLK;25R;PITES4G;4.511069301863333;50.82162308733395;2529.86279296875;3006.242
M044-3;9/29/2026 8:42:41 PM +02:00;9/29/2026 8:44:04 PM +02:00;9/29/2026 8:43:24 PM +02:00;83;E;DEP;49.687298;56.46;68.87808;;9/29/2026 6:40:25 PM;9/29/2026 6:44:40 PM;LZB408;;452121;BCS3;EBBR;LBSF;25R;PITES4G;4.515894089034764;50.82258796751569;1592.602783203125;2089.0317
M044-3;9/29/2026 8:46:58 PM +02:00;9/29/2026 8:48:22 PM +02:00;9/29/2026 8:47:39 PM +02:00;84;E;DEP;52.740627;58.85;71.98342;;9/29/2026 6:44:45 PM;9/29/2026 6:48:32 PM;BEL92K;OOSSW;44CE77;A319;EBBR;LSGG;25R;ROUSY4G;4.511836638386684;50.81927702919826;1685.9478759765625;2482.2827
M044-3;9/29/2026 8:52:31 PM +02:00;9/29/2026 8:53:49 PM +02:00;9/29/2026 8:53:12 PM +02:00;78;E;DEP;49.738464;56.17;68.65941;;9/29/2026 6:50:09 PM;9/29/2026 6:54:04 PM;CTN4457;;501C38;BCS3;EBBR;LDZA;25R;PITES4G;4.518255945499813;50.8259760639203;1897.40283203125;2103.8516
M044-3;9/29/2026 9:02:50 PM +02:00;9/29/2026 9:04:22 PM +02:00;9/29/2026 9:03:44 PM +02:00;92;E;DEP;52.697063;60.16;72.33494;;9/29/2026 7:00:41 PM;9/29/2026 7:04:20 PM;EJU87PG;OELQM;440589;A319;EBBR;LIRF;25R;ROUSY4G;4.5131566200674555;50.81880758560147;1813.582763671875;2563.9458
M044-3;9/29/2026 9:07:03 PM +02:00;9/29/2026 9:08:04 PM +02:00;9/29/2026 9:07:36 PM +02:00;61;E;DEP;49.48775;55.72;67.34105;;9/29/2026 7:04:57 PM;9/29/2026 7:08:08 PM;BEL7JU;;44CC43;A20N;EBBR;LHBP;25R;SOPOK4G;4.51769535856621;50.82609849465895;1920.2628173828125;2133.0435
M044-3;9/29/2026 9:08:40 PM +02:00;9/29/2026 9:09:49 PM +02:00;9/29/2026 9:09:15 PM +02:00;69;E;DEP;54.608707;61.13;72.9972;;9/29/2026 7:06:25 PM;9/29/2026 7:10:01 PM;BEL1ZK;OOSNI;44CDC9;A320;EBBR;EDDB;25R;SPI4G;4.521986083610593;50.821123343635584;1767.86279296875;2157.743
M044-3;9/29/2026 9:10:27 PM +02:00;9/29/2026 9:11:38 PM +02:00;9/29/2026 9:10:58 PM +02:00;71;E;DEP;54.019184;59.25;72.53177;;9/29/2026 7:08:05 PM;9/29/2026 7:12:20 PM;BCS115;ECNHF;346318;B752;EBBR;EDDP;25R;SOPOK4G;4.511357540724458;50.81964662684036;1600.2227783203125;2426.1233
M044-3;9/29/2026 9:28:23 PM +02:00;9/29/2026 9:29:37 PM +02:00;9/29/2026 9:29:04 PM +02:00;74;E;DEP;54.086838;60.28;72.77915;;9/29/2026 7:26:09 PM;9/29/2026 7:30:00 PM;BEL2653;OOSSO;44CE6F;A319;EBBR;EDDM;25R;SOPOK4G;4.5168730802846895;50.82301730078041;1950.7427978515625;2310.624
M044-3;9/29/2026 9:30:20 PM +02:00;9/29/2026 9:31:35 PM +02:00;9/29/2026 9:30:55 PM +02:00;75;E;DEP;51.736244;58.47;70.486855;;9/29/2026 7:28:05 PM;9/29/2026 7:32:12 PM;VLG7JX;ECMKX;345205;A319;EBBR;LIRQ;25R;ROUSY4G;4.51463952300039;50.81881230922036;1714.5228271484375;2452.1604
M044-3;9/29/2026 9:32:53 PM +02:00;9/29/2026 9:34:19 PM +02:00;9/29/2026 9:33:33 PM +02:00;86;E;DEP;53.49952;60.86;72.844505;;9/29/2026 7:30:41 PM;9/29/2026 7:34:32 PM;BEL2SJ;OOSNJ;44CDCA;A320;EBBR;LIPZ;25R;ROUSY4G;4.5132587958627175;50.820340228124806;1725.952880859375;2401.672
M044-3;9/29/2026 9:36:42 PM +02:00;9/29/2026 9:37:53 PM +02:00;9/29/2026 9:37:13 PM +02:00;71;E;DEP;54.29398;61.9;72.806564;;9/29/2026 7:34:08 PM;9/29/2026 7:38:24 PM;BEL9WB;OOSSB;44CE62;A319;EBBR;LFML;25R;ROUSY4G;4.513040652976901;50.82030425107736;1777.3878173828125;2444.2097
M044-3;9/29/2026 9:47:35 PM +02:00;9/29/2026 9:48:35 PM +02:00;9/29/2026 9:48:17 PM +02:00;60;E;DEP;54.714302;60.8;72.49581;;9/29/2026 7:45:24 PM;9/29/2026 7:49:20 PM;EJU45PN;OEICI;44046D;A320;EBBR;LFMN;25R;ROUSY4G;4.514965660064722;50.81948655004069;1645.94287109375;2350.6348
M044-3;9/29/2026 9:59:04 PM +02:00;9/29/2026 10:00:27 PM +02:00;9/29/2026 9:59:51 PM +02:00;83;E;DEP;49.88602;56.29;69.076805;;9/29/2026 7:56:45 PM;9/29/2026 8:01:40 PM;ETH751;;040262;A359;EBBR;HAAB;25R;PITES4G;4.508886843539956;50.815638112580864;1455.44287109375;2722.1208
M044-3;9/29/2026 10:04:54 PM +02:00;9/29/2026 10:06:18 PM +02:00;9/29/2026 10:05:38 PM +02:00;84;E;DEP;59.56008;68.34;78.80287;;9/29/2026 8:02:33 PM;9/29/2026 8:06:56 PM;THY6LS;TCJNT;4BA9D4;A333;EBBR;LTFM;25R;SOPOK4G;4.51278678376706;50.82074017717783;1476.77880859375;2227.754
M044-3;9/29/2026 10:14:27 PM +02:00;9/29/2026 10:15:56 PM +02:00;9/29/2026 10:15:15 PM +02:00;89;E;DEP;52.11725;59.1;71.611145;;9/29/2026 8:12:21 PM;9/29/2026 8:16:16 PM;EJU16RZ;OEIVZ;4402AE;A320;EBBR;LIML;25R;ROUSY4G;4.505486574128535;50.82200288288456;1556.4078369140625;2519.7178
M044-3;9/29/2026 10:28:46 PM +02:00;9/29/2026 10:29:54 PM +02:00;9/29/2026 10:29:30 PM +02:00;68;E;DEP;48.957287;54.41;67.28238;;9/29/2026 8:26:41 PM;9/29/2026 8:30:25 PM;BEL6NX;;44CC45;A20N;EBBR;LKPR;25R;SOPOK4G;4.516993098812262;50.82522645206811;1973.602783203125;2230.8684
M044-3;9/29/2026 10:30:22 PM +02:00;9/29/2026 10:31:28 PM +02:00;9/29/2026 10:30:43 PM +02:00;66;E;DEP;54.56179;60.7;72.75723;;9/29/2026 8:28:29 PM;9/29/2026 8:31:45 PM;;DCSUS;3CF1A2;PC24;EBBR;EDDK;25R;LNO4G;4.527009518109651;50.823555245059524;1764.052734375;1942.9897
M044-3;9/29/2026 10:33:33 PM +02:00;9/29/2026 10:34:47 PM +02:00;9/29/2026 10:34:10 PM +02:00;74;E;DEP;47.00576;52.53;65.698074;;9/29/2026 8:31:13 PM;9/29/2026 8:35:29 PM;BCS5535;;348358;B738;EBBR;LZIB;25R;SOPOK4G;4.507987413627774;50.81236806416524;1550.69287109375;3053.3264
M044-3;9/29/2026 10:37:30 PM +02:00;9/29/2026 10:38:54 PM +02:00;9/29/2026 10:38:19 PM +02:00;84;E;DEP;45.83055;51.12;65.07334;;9/29/2026 8:35:37 PM;9/29/2026 8:38:21 PM;DCS607;;3CD5C4;C56X;EBBR;EDTY;25R;SOPOK4G;4.520820985414498;50.82711907414116;2404.1328125;2473.2505
M044-3;9/29/2026 11:24:04 PM +02:00;9/29/2026 11:25:22 PM +02:00;9/29/2026 11:24:39 PM +02:00;78;N;DEP;55.692997;63.72;74.613945;;9/29/2026 9:23:01 PM;9/29/2026 9:26:33 PM;VJT643;;4D21CD;E35L;EBBR;LATI;19 ;PITES1L;4.530993696040187;50.833955923318044;1061.0850830078125;1025.9287
M044-3;9/30/2026 12:40:02 AM +02:00;9/30/2026 12:41:30 AM +02:00;9/30/2026 12:40:53 AM +02:00;88;N;DEP;60.913193;67.19;80.35802;;9/29/2026 10:39:00 PM;9/29/2026 10:43:08 PM;BCS92P;;347301;B752;EBBR;EDDP;19 ;SOPOK9L;4.530191679316946;50.833863773678225;1112.52001953125;1061.6105
M044-3;9/30/2026 1:35:22 AM +02:00;9/30/2026 1:36:52 AM +02:00;9/30/2026 1:36:12 AM +02:00;90;N;DEP;61.951157;69.04;81.49358;;9/29/2026 11:34:20 PM;9/29/2026 11:38:04 PM;BCS2200;;3420C6;B738;EBBR;EDDP;19 ;SOPOK9L;4.538052430775454;50.83583001852614;1177.2900390625;1327.4263
M044-3;9/30/2026 1:42:32 AM +02:00;9/30/2026 1:44:00 AM +02:00;9/30/2026 1:43:27 AM +02:00;88;N;DEP;53.462723;59.69;72.90755;;9/29/2026 11:41:33 PM;9/29/2026 11:45:00 PM;BCS491;OELNW;440BCD;B752;EBBR;EDDK;19 ;LNO8L;4.544993647547921;50.847005250004116;1234.43994140625;2288.6572
