station,jaar,periode,erosiviteit
KMI_6408,2002,1,1.39
KMI_6408,2002,2,2.21
KMI_6408,2002,3,4.38
KMI_6408,2002,4,2.81
KMI_6408,2002,5,1.07
KMI_6408,2002,6,8.01
KMI_6408,2002,7,1.93
KMI_6408,2002,8,646.38
KMI_6408,2002,9,6.69
KMI_6408,2002,10,3.55
KMI_6408,2002,11,46.4
KMI_6408,2002,12,16.7
KMI_6408,2002,13,49.89
KMI_6408,2002,14,10.36
KMI_6408,2002,15,1399.64
KMI_6408,2002,16,89.75
KMI_6408,2002,17,248.54
KMI_6408,2002,18,14.88
KMI_6408,2002,19,8.98
KMI_6408,2002,20,26.7
KMI_6408,2002,21,39.72
KMI_6408,2002,22,5.47
KMI_6408,2002,23,10.46
KMI_6408,2002,24,55.82
KMI_6408,2003,1,12.11
KMI_6408,2003,2,8.24
KMI_6408,2003,3,1.74
KMI_6408,2003,4,2.17
KMI_6408,2003,5,1.31
KMI_6408,2003,6,0.0
KMI_6408,2003,7,0.69
KMI_6408,2003,8,16.99
KMI_6408,2003,9,27.48
KMI_6408,2003,10,10.31
KMI_6408,2003,11,313.09
KMI_6408,2003,12,12.98
KMI_6408,2003,13,7.82
KMI_6408,2003,14,22.41
KMI_6408,2003,15,0.0
KMI_6408,2003,16,106.96
KMI_6408,2003,17,4.57
KMI_6408,2003,18,6.03
KMI_6408,2003,19,23.37
KMI_6408,2003,20,22.88
KMI_6408,2003,21,3.8
KMI_6408,2003,22,11.36
KMI_6408,2003,23,6.07
KMI_6408,2003,24,30.77
KMI_6408,2004,1,32.77
KMI_6408,2004,2,3.0
KMI_6408,2004,3,15.48
KMI_6408,2004,4,1.61
KMI_6408,2004,5,2.47
KMI_6408,2004,6,0.15
KMI_6408,2004,7,10.74
KMI_6408,2004,8,46.78
KMI_6408,2004,9,5.18
KMI_6408,2004,10,1.31
KMI_6408,2004,11,9.61
KMI_6408,2004,12,32.91
KMI_6408,2004,13,29.33
KMI_6408,2004,14,142.62
KMI_6408,2004,15,185.42
KMI_6408,2004,16,22.66
KMI_6408,2004,17,14.72
KMI_6408,2004,18,0.0
KMI_6408,2004,19,0.11
KMI_6408,2004,20,57.56
KMI_6408,2004,21,18.67
KMI_6408,2004,22,72.92
KMI_6408,2004,23,0.0
KMI_6408,2004,24,35.23
KMI_6408,2005,1,1.39
KMI_6408,2005,2,8.77
KMI_6408,2005,3,8.2
KMI_6408,2005,4,4.82
KMI_6408,2005,5,12.85
KMI_6408,2005,6,6.96
KMI_6408,2005,7,34.31
KMI_6408,2005,8,13.26
KMI_6408,2005,9,188.24
KMI_6408,2005,10,22.79
KMI_6408,2005,11,226.42
KMI_6408,2005,12,161.71
KMI_6408,2005,13,182.62
KMI_6408,2005,14,13.37
KMI_6408,2005,15,38.35
KMI_6408,2005,16,33.55
KMI_6408,2005,17,8.97
KMI_6408,2005,18,13.63
KMI_6408,2005,19,15.09
KMI_6408,2005,20,25.76
KMI_6408,2005,21,2.65
KMI_6408,2005,22,53.67
KMI_6408,2005,23,18.42
KMI_6408,2005,24,6.53
KMI_6414,2004,1,96.28
KMI_6414,2004,2,11.3
KMI_6414,2004,3,23.91
KMI_6414,2004,4,2.08
KMI_6414,2004,5,13.08
KMI_6414,2004,6,18.28
KMI_6414,2004,7,9.79
KMI_6414,2004,8,34.75
KMI_6414,2004,9,9.01
KMI_6414,2004,10,5.69
KMI_6414,2004,11,37.64
KMI_6414,2004,12,95.13
KMI_6414,2004,13,46.69
KMI_6414,2004,14,101.1
KMI_6414,2004,15,757.92
KMI_6414,2004,16,39.69
KMI_6414,2004,17,8.02
KMI_6414,2004,18,1.7
KMI_6414,2004,19,7.1
KMI_6414,2004,20,9.31
KMI_6414,2004,21,5.08
KMI_6414,2004,22,14.21
KMI_6414,2004,23,0.0
KMI_6414,2004,24,64.42
KMI_6414,2005,1,3.29
KMI_6414,2005,2,8.64
KMI_6414,2005,3,13.86
KMI_6414,2005,4,8.86
KMI_6414,2005,5,4.78
KMI_6414,2005,6,3.87
KMI_6414,2005,7,8.73
KMI_6414,2005,8,5.53
KMI_6414,2005,9,139.72
KMI_6414,2005,10,29.78
KMI_6414,2005,11,35.6
KMI_6414,2005,12,47.08
KMI_6414,2005,13,1969.33
KMI_6414,2005,14,9.91
KMI_6414,2005,15,126.5
KMI_6414,2005,16,447.88
KMI_6414,2005,17,24.24
KMI_6414,2005,18,13.45
KMI_6414,2005,19,7.58
KMI_6414,2005,20,18.52
KMI_6414,2005,21,5.51
KMI_6414,2005,22,33.18
KMI_6414,2005,23,4.22
KMI_6414,2005,24,12.78
KMI_6414,2006,1,1.25
KMI_6414,2006,2,5.16
KMI_6414,2006,3,24.33
KMI_6414,2006,4,21.74
KMI_6414,2006,5,9.94
KMI_6414,2006,6,85.45
KMI_6414,2006,7,10.58
KMI_6414,2006,8,7.95
KMI_6414,2006,9,18.75
KMI_6414,2006,10,129.14
KMI_6414,2006,11,18.66
KMI_6414,2006,12,1.76
KMI_6414,2006,13,0.0
KMI_6414,2006,14,117.99
KMI_6414,2006,15,479.48
KMI_6414,2006,16,85.59
KMI_6414,2006,17,0.08
KMI_6414,2006,18,7.4
KMI_6414,2006,19,36.7
KMI_6414,2006,20,65.55
KMI_6414,2006,21,47.18
KMI_6414,2006,22,11.37
KMI_6414,2006,23,57.26
KMI_6414,2006,24,8.26
KMI_6414,2007,1,19.79
KMI_6414,2007,2,23.94
KMI_6414,2007,3,24.76
KMI_6414,2007,4,8.08
KMI_6414,2007,5,17.04
KMI_6414,2007,6,13.3
KMI_6414,2007,7,0.0
KMI_6414,2007,8,0.0
KMI_6414,2007,9,12.5
KMI_6414,2007,10,20.44
KMI_6414,2007,11,20.57
KMI_6414,2007,12,786.36
KMI_6414,2007,13,207.98
KMI_6414,2007,14,229.57
KMI_6414,2007,15,11.43
KMI_6414,2007,16,41.77
KMI_6414,2007,17,4.3
KMI_6414,2007,18,138.65
KMI_6414,2007,19,52.19
KMI_6414,2007,20,5.11
KMI_6414,2007,21,8.74
KMI_6414,2007,22,10.02
KMI_6414,2007,23,27.51
KMI_6414,2007,24,1.95
KMI_6414,2008,1,10.66
KMI_6414,2008,2,24.06
KMI_6414,2008,3,30.91
KMI_6414,2008,4,3.85
KMI_6414,2008,5,24.37
KMI_6414,2008,6,18.24
KMI_6414,2008,7,0.77
KMI_6414,2008,8,8.29
KMI_6414,2008,9,197.5
KMI_6414,2008,10,34.16
KMI_6414,2008,11,115.67
KMI_6414,2008,12,0.0
KMI_6414,2008,13,21.96
KMI_6414,2008,14,251.48
KMI_6414,2008,15,207.51
KMI_6414,2008,16,79.24
KMI_6414,2008,17,188.05
KMI_6414,2008,18,10.72
KMI_6414,2008,19,21.37
KMI_6414,2008,20,6.95
KMI_6414,2008,21,51.63
KMI_6414,2008,22,15.62
KMI_6414,2008,23,37.83
KMI_6414,2008,24,0.0
KMI_6414,2009,1,0.87
KMI_6414,2009,2,23.77
KMI_6414,2009,3,27.51
KMI_6414,2009,4,0.59
KMI_6414,2009,5,29.67
KMI_6414,2009,6,79.51
KMI_6414,2009,7,8.18
KMI_6414,2009,8,15.28
KMI_6414,2009,9,1409.6
KMI_6414,2009,10,33.97
KMI_6414,2009,11,278.54
KMI_6414,2009,12,0.19
KMI_6414,2009,13,14.6
KMI_6414,2009,14,154.62
KMI_6414,2009,15,3.86
KMI_6414,2009,16,0.0
KMI_6414,2009,17,19.41
KMI_6414,2009,18,0.0
KMI_6414,2009,19,322.15
KMI_6414,2009,20,3.22
KMI_6414,2009,21,60.99
KMI_6414,2009,22,172.97
KMI_6414,2009,23,12.44
KMI_6414,2009,24,16.38
KMI_6414,2010,1,0.95
KMI_6414,2010,2,13.25
KMI_6414,2010,3,2.55
KMI_6414,2010,4,25.19
KMI_6414,2010,5,0.0
KMI_6414,2010,6,61.41
KMI_6414,2010,7,19.74
KMI_6414,2010,8,6.73
KMI_6414,2010,9,1.45
KMI_6414,2010,10,29.65
KMI_6414,2010,11,53.23
KMI_6414,2010,12,0.17
KMI_6414,2010,13,315.11
KMI_6414,2010,14,35.4
KMI_6414,2010,15,171.12
KMI_6414,2010,16,216.02
KMI_6414,2010,17,94.36
KMI_6414,2010,18,91.75
KMI_6414,2010,19,22.83
KMI_6414,2010,20,25.49
KMI_6414,2010,21,70.85
KMI_6414,2010,22,33.39
KMI_6414,2010,23,8.68
KMI_6414,2010,24,0.96
KMI_6414,2012,1,19.76
KMI_6414,2012,2,9.05
KMI_6414,2012,3,2.81
KMI_6414,2012,4,0.0
KMI_6414,2012,5,59.63
KMI_6414,2012,6,0.0
KMI_6414,2012,7,4.15
KMI_6414,2012,8,67.64
KMI_6414,2012,9,83.44
KMI_6414,2012,10,0.25
KMI_6414,2012,11,49.96
KMI_6414,2012,12,90.29
KMI_6414,2012,13,217.49
KMI_6414,2012,14,387.67
KMI_6414,2012,15,5.16
KMI_6414,2012,16,3.24
KMI_6414,2012,17,3.5
KMI_6414,2012,18,21.28
KMI_6414,2012,19,80.65
KMI_6414,2012,20,75.43
KMI_6414,2012,21,38.19
KMI_6414,2012,22,5.73
KMI_6414,2012,23,25.68
KMI_6414,2012,24,41.42
KMI_6414,2013,1,6.57
KMI_6414,2013,2,24.47
KMI_6414,2013,3,16.46
KMI_6414,2013,4,0.38
KMI_6414,2013,5,18.45
KMI_6414,2013,6,10.47
KMI_6414,2013,7,3.83
KMI_6414,2013,8,0.47
KMI_6414,2013,9,41.04
KMI_6414,2013,10,33.0
KMI_6414,2013,11,0.0
KMI_6414,2013,12,19.12
KMI_6414,2013,13,13.66
KMI_6414,2013,14,196.98
KMI_6414,2013,15,0.46
KMI_6414,2013,16,280.51
KMI_6414,2013,17,153.14
KMI_6414,2013,18,33.23
KMI_6414,2013,19,190.16
KMI_6414,2013,20,18.63
KMI_6414,2013,21,61.15
KMI_6414,2013,22,10.76
KMI_6414,2013,23,1.73
KMI_6414,2013,24,12.43
KMI_6414,2014,1,19.59
KMI_6414,2014,2,13.67
KMI_6414,2014,3,21.41
KMI_6414,2014,4,5.33
KMI_6414,2014,5,6.41
KMI_6414,2014,6,11.5
KMI_6414,2014,7,28.44
KMI_6414,2014,8,5.72
KMI_6414,2014,9,22.26
KMI_6414,2014,10,105.92
KMI_6414,2014,11,420.67
KMI_6414,2014,12,9.67
KMI_6414,2014,13,107.53
KMI_6414,2014,14,550.05
KMI_6414,2014,15,14.19
KMI_6414,2014,16,68.9
KMI_6414,2014,17,0.0
KMI_6414,2014,18,2.42
KMI_6414,2014,19,37.73
KMI_6414,2014,20,32.05
KMI_6414,2014,21,89.63
KMI_6414,2014,22,0.72
KMI_6414,2014,23,25.97
KMI_6414,2014,24,26.23
KMI_6414,2015,1,81.55
KMI_6414,2015,2,24.85
KMI_6414,2015,3,0.0
KMI_6414,2015,4,14.67
KMI_6414,2015,5,0.42
KMI_6414,2015,6,14.09
KMI_6414,2015,7,6.54
KMI_6414,2015,8,0.25
KMI_6414,2015,9,35.1
KMI_6414,2015,10,21.25
KMI_6414,2015,11,12.06
KMI_6414,2015,12,0.0
KMI_6414,2015,13,22.74
KMI_6414,2015,14,42.05
KMI_6414,2015,15,572.31
KMI_6414,2015,16,85.13
KMI_6414,2015,17,101.58
KMI_6414,2015,18,19.24
KMI_6414,2015,19,10.77
KMI_6414,2015,20,0.79
KMI_6414,2015,21,16.52
KMI_6414,2015,22,74.1
KMI_6414,2015,23,19.6
KMI_6414,2015,24,4.22
KMI_6414,2016,1,57.88
KMI_6414,2016,2,15.93
KMI_6414,2016,3,21.35
KMI_6414,2016,4,6.26
KMI_6414,2016,5,36.97
KMI_6414,2016,6,21.87
KMI_6414,2016,7,26.51
KMI_6414,2016,8,6.33
KMI_6414,2016,9,27.7
KMI_6414,2016,10,603.92
KMI_6414,2016,11,8.18
KMI_6414,2016,12,85.34
KMI_6414,2016,13,52.64
KMI_6414,2016,14,0.12
KMI_6414,2016,15,30.6
KMI_6414,2016,16,3.85
KMI_6414,2016,17,0.65
KMI_6414,2016,18,47.08
KMI_6414,2016,19,8.8
KMI_6414,2016,20,69.44
KMI_6414,2016,21,22.77
KMI_6414,2016,22,100.99
KMI_6414,2016,23,0.95
KMI_6414,2016,24,3.94
KMI_6414,2017,1,28.47
KMI_6414,2017,2,4.68
KMI_6414,2017,3,10.03
KMI_6414,2017,4,18.58
KMI_6414,2017,5,19.24
KMI_6414,2017,6,2.26
KMI_6414,2017,7,0.0
KMI_6414,2017,8,4.69
KMI_6414,2017,9,2.94
KMI_6414,2017,10,306.91
KMI_6414,2017,11,2.62
KMI_6414,2017,12,0.0
KMI_6414,2017,13,11.44
KMI_6414,2017,14,4.7
KMI_6414,2017,15,87.57
KMI_6414,2017,16,32.45
KMI_6414,2017,17,18.85
KMI_6414,2017,18,16.4
KMI_6414,2017,19,4.19
KMI_6414,2017,20,24.7
KMI_6414,2017,21,15.53
KMI_6414,2017,22,105.67
KMI_6414,2017,23,85.93
KMI_6414,2017,24,26.48
KMI_6414,2018,1,22.03
KMI_6414,2018,2,27.16
KMI_6414,2018,3,4.69
KMI_6414,2018,4,0.24
KMI_6414,2018,5,34.01
KMI_6414,2018,6,5.58
KMI_6414,2018,7,33.06
KMI_6414,2018,8,14.33
KMI_6414,2018,9,3.99
KMI_6414,2018,10,116.53
KMI_6414,2018,11,0.0
KMI_6414,2018,12,0.0
KMI_6414,2018,13,0.0
KMI_6414,2018,14,0.53
KMI_6414,2018,15,119.59
KMI_6414,2018,16,44.68
KMI_6414,2018,17,2.39
KMI_6414,2018,18,68.39
KMI_6414,2018,19,1.35
KMI_6414,2018,20,30.67
KMI_6414,2018,21,2.96
KMI_6414,2018,22,2.12
KMI_6414,2018,23,28.24
KMI_6414,2018,24,7.99
KMI_6414,2019,1,4.23
KMI_6414,2019,2,24.79
KMI_6414,2019,3,11.32
KMI_6414,2019,4,5.12
KMI_6414,2019,5,38.19
KMI_6414,2019,6,6.15
KMI_6414,2019,7,6.46
KMI_6414,2019,8,0.72
KMI_6414,2019,9,9.38
KMI_6414,2019,10,23.77
KMI_6414,2019,11,57.56
KMI_6414,2019,12,262.04
KMI_6414,2019,13,0.0
KMI_6414,2019,14,39.71
KMI_6414,2019,15,131.4
KMI_6414,2019,16,4.2
KMI_6414,2019,17,16.71
KMI_6414,2019,18,230.76
KMI_6414,2019,19,69.23
KMI_6414,2019,20,15.0
KMI_6414,2019,21,46.33
KMI_6414,2019,22,7.86
KMI_6414,2019,23,35.77
KMI_6414,2019,24,15.32
KMI_6414,2020,1,4.88
KMI_6414,2020,2,7.89
KMI_6414,2020,3,68.97
KMI_6414,2020,4,18.9
KMI_6414,2020,5,39.9
KMI_6414,2020,6,0.75
KMI_6414,2020,7,0.0
KMI_6414,2020,8,44.2
KMI_6414,2020,9,0.65
KMI_6414,2020,10,0.0
KMI_6414,2020,11,8.34
KMI_6414,2020,12,54.49
KMI_6414,2020,13,3.56
KMI_6414,2020,14,2.11
KMI_6414,2020,15,39.78
KMI_6414,2020,16,119.01
KMI_6414,2020,17,0.46
KMI_6414,2020,18,50.59
KMI_6414,2020,19,30.5
KMI_6414,2020,20,17.1
KMI_6414,2020,21,6.95
KMI_6414,2020,22,13.83
KMI_6414,2020,23,2.65
KMI_6414,2020,24,21.32
KMI_6414,2021,1,18.47
KMI_6414,2021,2,28.34
KMI_6414,2021,3,13.42
KMI_6414,2021,4,0.44
KMI_6414,2021,5,8.88
KMI_6414,2021,6,6.78
KMI_6414,2021,7,3.4
KMI_6414,2021,8,24.54
KMI_6414,2021,9,119.37
KMI_6414,2021,10,57.37
KMI_6414,2021,11,96.85
KMI_6414,2021,12,59.86
KMI_6414,2021,13,70.79
KMI_6414,2021,14,652.97
KMI_6414,2021,15,68.13
KMI_6414,2021,16,61.75
KMI_6414,2021,17,0.68
KMI_6414,2021,18,1.48
KMI_6414,2021,19,31.23
KMI_6414,2021,20,52.23
KMI_6414,2021,21,17.03
KMI_6414,2021,22,45.67
KMI_6414,2021,23,14.23
KMI_6414,2021,24,50.87
KMI_6414,2022,1,15.36
KMI_6414,2022,2,0.62
KMI_6414,2022,3,10.3
KMI_6414,2022,4,11.59
KMI_6414,2022,5,0.0
KMI_6414,2022,6,3.27
KMI_6414,2022,7,13.79
KMI_6414,2022,8,36.71
KMI_6414,2022,9,0.0
KMI_6414,2022,10,31.34
KMI_6414,2022,11,26.48
KMI_6414,2022,12,11.36
KMI_6414,2022,13,0.0
KMI_6414,2022,14,0.0
KMI_6414,2022,15,0.0
KMI_6414,2022,16,16.6
KMI_6414,2022,17,65.03
KMI_6414,2022,18,122.09
KMI_6414,2022,19,5.26
KMI_6414,2022,20,20.02
KMI_6414,2022,21,62.22
KMI_6414,2022,22,39.09
KMI_6414,2022,23,2.45
KMI_6414,2022,24,37.68
KMI_6414,2023,1,48.84
KMI_6414,2023,2,5.2
KMI_6414,2023,3,0.32
KMI_6414,2023,4,2.96
KMI_6414,2023,5,42.27
KMI_6414,2023,6,23.06
KMI_6414,2023,7,5.97
KMI_6414,2023,8,31.4
KMI_6414,2023,9,34.14
KMI_6414,2023,10,0.0
KMI_6414,2023,11,6.38
KMI_6414,2023,12,48.1
KMI_6414,2023,13,5.73
KMI_6414,2023,14,91.6
KMI_6414,2023,15,30.65
KMI_6414,2023,16,181.67
KMI_6414,2023,17,17.13
KMI_6414,2023,18,45.12
KMI_6414,2023,19,21.2
KMI_6414,2023,20,88.69
KMI_6414,2023,21,182.53
KMI_6414,2023,22,38.86
KMI_6414,2023,23,18.62
KMI_6414,2023,24,22.19
KMI_6414,2024,1,23.93
KMI_6414,2024,2,8.95
KMI_6414,2024,3,23.09
KMI_6414,2024,4,18.05
KMI_6414,2024,5,26.48
KMI_6414,2024,6,9.63
KMI_6414,2024,7,77.79
KMI_6414,2024,8,11.49
KMI_6414,2024,9,99.75
KMI_6414,2024,10,79.98
KMI_6414,2024,11,101.27
KMI_6414,2024,12,4.23
KMI_6414,2024,13,39.93
KMI_6414,2024,14,59.35
KMI_6414,2024,15,22.58
KMI_6414,2024,16,110.16
KMI_6414,2024,17,42.83
KMI_6414,2024,18,26.38
KMI_6414,2024,19,3.9
KMI_6414,2024,20,22.88
KMI_6414,2024,21,2.13
KMI_6414,2024,22,31.42
KMI_6414,2024,23,23.94
KMI_6414,2024,24,1.54
KMI_6418,2006,1,0.0
KMI_6418,2006,2,0.16
KMI_6418,2006,3,2.14
KMI_6418,2006,4,12.91
KMI_6418,2006,5,2.34
KMI_6418,2006,6,2.1
KMI_6418,2006,7,3.97
KMI_6418,2006,8,14.82
KMI_6418,2006,9,1.4
KMI_6418,2006,10,64.01
KMI_6418,2006,11,8.26
KMI_6418,2006,12,0.64
KMI_6418,2006,13,14.61
KMI_6418,2006,14,5.25
KMI_6418,2006,15,628.43
KMI_6418,2006,16,297.62
KMI_6418,2006,17,0.0
KMI_6418,2006,18,1.35
KMI_6418,2006,19,12.6
KMI_6418,2006,20,39.57
KMI_6418,2006,21,11.39
KMI_6418,2006,22,12.08
KMI_6418,2006,23,10.66
KMI_6418,2006,24,8.68
KMI_6418,2007,1,25.71
KMI_6418,2007,2,18.52
KMI_6418,2007,3,5.54
KMI_6418,2007,4,11.63
KMI_6418,2007,5,4.17
KMI_6418,2007,6,1.95
KMI_6418,2007,7,0.0
KMI_6418,2007,8,0.0
KMI_6418,2007,9,7.45
KMI_6418,2007,10,23.18
KMI_6418,2007,11,306.28
KMI_6418,2007,12,159.91
KMI_6418,2007,13,95.68
KMI_6418,2007,14,255.63
KMI_6418,2007,15,16.16
KMI_6418,2007,16,3.86
KMI_6418,2007,17,0.0
KMI_6418,2007,18,46.47
KMI_6418,2007,19,8.19
KMI_6418,2007,20,9.21
KMI_6418,2007,21,11.52
KMI_6418,2007,22,0.9
KMI_6418,2007,23,12.58
KMI_6418,2007,24,0.87
KMI_6418,2008,1,1.29
KMI_6418,2008,2,4.32
KMI_6418,2008,3,0.0
KMI_6418,2008,4,1.84
KMI_6418,2008,5,15.96
KMI_6418,2008,6,21.3
KMI_6418,2008,7,2.37
KMI_6418,2008,8,3.62
KMI_6418,2008,9,7.92
KMI_6418,2008,10,40.04
KMI_6418,2008,11,76.55
KMI_6418,2008,12,0.0
KMI_6418,2008,13,0.0
KMI_6418,2008,14,59.8
KMI_6418,2008,15,270.43
KMI_6418,2008,16,31.3
KMI_6418,2008,17,181.17
KMI_6418,2008,18,5.51
KMI_6418,2008,19,19.66
KMI_6418,2008,20,11.67
KMI_6418,2008,21,33.09
KMI_6418,2008,22,3.75
KMI_6418,2008,23,32.6
KMI_6418,2008,24,0.0
KMI_6418,2009,1,0.18
KMI_6418,2009,2,0.21
KMI_6418,2009,3,2.82
KMI_6418,2009,4,0.0
KMI_6418,2009,5,0.67
KMI_6418,2009,6,11.77
KMI_6418,2009,7,0.0
KMI_6418,2009,8,5.98
KMI_6418,2009,9,2.08
KMI_6418,2009,10,149.14
KMI_6418,2009,11,60.76
KMI_6418,2009,12,0.0
KMI_6418,2009,13,194.04
KMI_6418,2009,14,49.1
KMI_6418,2009,15,14.38
KMI_6418,2009,16,3.89
KMI_6418,2009,17,1.02
KMI_6418,2009,18,0.0
KMI_6418,2009,19,256.75
KMI_6418,2009,20,0.1
KMI_6418,2009,21,23.04
KMI_6418,2009,22,347.24
KMI_6418,2009,23,70.86
KMI_6418,2009,24,10.61
KMI_6418,2010,1,0.93
KMI_6418,2010,2,3.49
KMI_6418,2010,3,0.6
KMI_6418,2010,4,9.54
KMI_6418,2010,5,0.0
KMI_6418,2010,6,3.82
KMI_6418,2010,7,0.68
KMI_6418,2010,8,4.65
KMI_6418,2010,9,129.4
KMI_6418,2010,10,1.22
KMI_6418,2010,11,331.56
KMI_6418,2010,12,0.0
KMI_6418,2010,13,176.73
KMI_6418,2010,14,23.0
KMI_6418,2010,15,72.92
KMI_6418,2010,16,234.76
KMI_6418,2010,17,95.46
KMI_6418,2010,18,11.36
KMI_6418,2010,19,11.06
KMI_6418,2010,20,72.68
KMI_6418,2010,21,16.16
KMI_6418,2010,22,21.52
KMI_6418,2010,23,1.15
KMI_6418,2010,24,14.66
KMI_6418,2011,1,16.96
KMI_6418,2011,2,10.35
KMI_6418,2011,3,4.42
KMI_6418,2011,4,5.56
KMI_6418,2011,5,81.72
KMI_6418,2011,6,7.52
KMI_6418,2011,7,1.81
KMI_6418,2011,8,3.73
KMI_6418,2011,9,2.0
KMI_6418,2011,10,10.88
KMI_6418,2011,11,6.59
KMI_6418,2011,12,79.67
KMI_6418,2011,13,22.58
KMI_6418,2011,14,60.24
KMI_6418,2011,15,137.13
KMI_6418,2011,16,24.13
KMI_6418,2011,17,27.05
KMI_6418,2011,18,6.1
KMI_6418,2011,19,44.4
KMI_6418,2011,20,11.85
KMI_6418,2011,21,0.46
KMI_6418,2011,22,0.0
KMI_6418,2011,23,61.85
KMI_6418,2011,24,16.02
KMI_6418,2012,1,180.66
KMI_6418,2012,2,2.62
KMI_6418,2012,3,1.31
KMI_6418,2012,4,2.5
KMI_6418,2012,5,5.89
KMI_6418,2012,6,0.43
KMI_6418,2012,7,1.6
KMI_6418,2012,8,22.29
KMI_6418,2012,9,13.34
KMI_6418,2012,10,0.0
KMI_6418,2012,11,95.14
KMI_6418,2012,12,62.61
KMI_6418,2012,13,131.2
KMI_6418,2012,14,8.46
KMI_6418,2012,15,26.04
KMI_6418,2012,16,10.83
KMI_6418,2012,17,28.18
KMI_6418,2012,18,76.27
KMI_6418,2012,19,163.03
KMI_6418,2012,20,29.7
KMI_6418,2012,21,13.84
KMI_6418,2012,22,16.46
KMI_6418,2012,23,22.51
KMI_6418,2012,24,17.58
KMI_6418,2013,1,1.25
KMI_6418,2013,2,17.86
KMI_6418,2013,3,21.95
KMI_6418,2013,4,0.66
KMI_6418,2013,5,31.67
KMI_6418,2013,6,0.65
KMI_6418,2013,7,4.36
KMI_6418,2013,8,1.24
KMI_6418,2013,9,103.0
KMI_6418,2013,10,130.25
KMI_6418,2013,11,2.21
KMI_6418,2013,12,680.76
KMI_6418,2013,13,68.88
KMI_6418,2013,14,17.64
KMI_6418,2013,15,8.44
KMI_6418,2013,16,46.03
KMI_6418,2013,17,56.02
KMI_6418,2013,18,2.34
KMI_6418,2013,19,83.3
KMI_6418,2013,20,52.07
KMI_6418,2013,21,77.84
KMI_6418,2013,22,8.28
KMI_6418,2013,23,7.95
KMI_6418,2013,24,4.81
KMI_6418,2014,1,13.15
KMI_6418,2014,2,5.95
KMI_6418,2014,3,1.33
KMI_6418,2014,4,2.18
KMI_6418,2014,5,0.64
KMI_6418,2014,6,5.52
KMI_6418,2014,7,221.56
KMI_6418,2014,8,12.82
KMI_6418,2014,9,3.23
KMI_6418,2014,10,43.36
KMI_6418,2014,11,47.43
KMI_6418,2014,12,1.67
KMI_6418,2014,13,41.93
KMI_6418,2014,14,336.79
KMI_6418,2014,15,21.59
KMI_6418,2014,16,170.7
KMI_6418,2014,17,0.0
KMI_6418,2014,18,0.18
KMI_6418,2014,19,13.16
KMI_6418,2014,20,7.24
KMI_6418,2014,21,7.08
KMI_6418,2014,22,0.65
KMI_6418,2014,23,15.27
KMI_6418,2014,24,4.93
KMI_6418,2015,1,55.57
KMI_6418,2015,2,15.53
KMI_6418,2015,3,1.94
KMI_6418,2015,4,13.86
KMI_6418,2015,5,0.12
KMI_6418,2015,6,9.38
KMI_6418,2015,7,0.45
KMI_6418,2015,8,1.96
KMI_6418,2015,9,14.71
KMI_6418,2015,10,2.74
KMI_6418,2015,11,262.94
KMI_6418,2015,12,6.56
KMI_6418,2015,13,24.44
KMI_6418,2015,14,208.98
KMI_6418,2015,15,80.59
KMI_6418,2015,16,307.21
KMI_6418,2015,17,91.32
KMI_6418,2015,18,16.61
KMI_6418,2015,19,2.96
KMI_6418,2015,20,3.53
KMI_6418,2015,21,1.33
KMI_6418,2015,22,58.66
KMI_6418,2015,23,5.5
KMI_6418,2015,24,4.36
KMI_6418,2016,1,14.84
KMI_6418,2016,2,13.14
KMI_6418,2016,3,12.32
KMI_6418,2016,4,7.15
KMI_6418,2016,5,25.29
KMI_6418,2016,6,5.09
KMI_6418,2016,7,7.98
KMI_6418,2016,8,3.42
KMI_6418,2016,9,7.97
KMI_6418,2016,10,28.9
KMI_6418,2016,11,4.04
KMI_6418,2016,12,76.42
KMI_6418,2016,13,40.0
KMI_6418,2016,14,10.72
KMI_6418,2016,15,19.0
KMI_6418,2016,16,7.55
KMI_6418,2016,17,0.33
KMI_6418,2016,18,4.5
KMI_6418,2016,19,25.67
KMI_6418,2016,20,27.97
KMI_6418,2016,21,50.58
KMI_6418,2016,22,31.64
KMI_6418,2016,23,0.0
KMI_6418,2016,24,0.18
KMI_6418,2017,1,31.18
KMI_6418,2017,2,0.13
KMI_6418,2017,3,3.14
KMI_6418,2017,4,26.15
KMI_6418,2017,5,5.36
KMI_6418,2017,6,0.87
KMI_6418,2017,7,0.11
KMI_6418,2017,8,8.46
KMI_6418,2017,9,7.09
KMI_6418,2017,10,96.34
KMI_6418,2017,11,3.35
KMI_6418,2017,12,2.03
KMI_6418,2017,13,61.62
KMI_6418,2017,14,119.04
KMI_6418,2017,15,58.45
KMI_6418,2017,16,193.69
KMI_6418,2017,17,187.43
KMI_6418,2017,18,102.09
KMI_6418,2017,19,14.93
KMI_6418,2017,20,3.95
KMI_6418,2017,21,5.49
KMI_6418,2017,22,31.53
KMI_6418,2017,23,53.14
KMI_6418,2017,24,5.98
KMI_6418,2018,1,11.51
KMI_6418,2018,2,8.72
KMI_6418,2018,3,3.54
KMI_6418,2018,4,0.33
KMI_6418,2018,5,31.26
KMI_6418,2018,6,3.14
KMI_6418,2018,7,17.32
KMI_6418,2018,8,34.3
KMI_6418,2018,9,1.53
KMI_6418,2018,10,36.92
KMI_6418,2018,11,0.0
KMI_6418,2018,12,0.0
KMI_6418,2018,13,0.0
KMI_6418,2018,14,11.59
KMI_6418,2018,15,126.04
KMI_6418,2018,16,133.89
KMI_6418,2018,17,28.9
KMI_6418,2018,18,19.16
KMI_6418,2018,19,0.86
KMI_6418,2018,20,51.19
KMI_6418,2018,21,2.59
KMI_6418,2018,22,0.69
KMI_6418,2018,23,6.97
KMI_6418,2018,24,10.79
KMI_6418,2019,1,1.15
KMI_6418,2019,2,11.67
KMI_6418,2019,3,11.24
KMI_6418,2019,4,0.14
KMI_6418,2019,5,51.65
KMI_6418,2019,6,0.19
KMI_6418,2019,7,0.21
KMI_6418,2019,8,2.14
KMI_6418,2019,9,3.59
KMI_6418,2019,10,31.35
KMI_6418,2019,11,150.92
KMI_6418,2019,12,46.44
KMI_6418,2019,13,0.0
KMI_6418,2019,14,27.45
KMI_6418,2019,15,16.35
KMI_6418,2019,16,7.97
KMI_6418,2019,17,2.03
KMI_6418,2019,18,19.32
KMI_6418,2019,19,10.65
KMI_6418,2019,20,29.09
KMI_6418,2019,21,6.38
KMI_6418,2019,22,5.47
KMI_6418,2019,23,8.2
KMI_6418,2019,24,1.07
KMI_6418,2020,1,1.2
KMI_6418,2020,2,2.36
KMI_6418,2020,3,32.11
KMI_6418,2020,4,45.48
KMI_6418,2020,5,25.07
KMI_6418,2020,6,0.0
KMI_6418,2020,7,0.0
KMI_6418,2020,8,8.51
KMI_6418,2020,9,0.8
KMI_6418,2020,10,0.12
KMI_6418,2020,11,11.38
KMI_6418,2020,12,65.67
KMI_6418,2020,13,3.18
KMI_6418,2020,14,31.36
KMI_6418,2020,15,6.99
KMI_6418,2020,16,145.02
KMI_6418,2020,17,0.0
KMI_6418,2020,18,105.34
KMI_6418,2020,19,45.1
KMI_6418,2020,20,21.47
KMI_6418,2020,21,5.83
KMI_6418,2020,22,4.04
KMI_6418,2020,23,1.17
KMI_6418,2020,24,23.1
KMI_6418,2021,1,6.99
KMI_6418,2021,2,11.5
KMI_6418,2021,3,5.47
KMI_6418,2021,4,1.54
KMI_6418,2021,5,2.36
KMI_6418,2021,6,4.29
KMI_6418,2021,7,2.8
KMI_6418,2021,8,7.41
KMI_6418,2021,9,22.69
KMI_6418,2021,10,11.59
KMI_6418,2021,11,92.76
KMI_6418,2021,12,718.6
KMI_6418,2021,13,72.91
KMI_6418,2021,14,277.89
KMI_6418,2021,15,3.76
KMI_6418,2021,16,21.91
KMI_6418,2021,17,0.62
KMI_6418,2021,18,2.22
KMI_6418,2021,19,21.61
KMI_6418,2021,20,12.77
KMI_6418,2021,21,32.51
KMI_6418,2021,22,64.29
KMI_6418,2021,23,27.37
KMI_6418,2021,24,4.94
KMI_6418,2022,1,5.35
KMI_6418,2022,2,0.29
KMI_6418,2022,3,5.92
KMI_6418,2022,4,23.34
KMI_6418,2022,5,0.0
KMI_6418,2022,6,1.88
KMI_6418,2022,7,9.52
KMI_6418,2022,8,5.11
KMI_6418,2022,9,0.0
KMI_6418,2022,10,26.21
KMI_6418,2022,11,37.63
KMI_6418,2022,12,7.44
KMI_6418,2022,13,0.0
KMI_6418,2022,14,50.1
KMI_6418,2022,15,0.0
KMI_6418,2022,16,17.95
KMI_6418,2022,17,133.34
KMI_6418,2022,18,58.8
KMI_6418,2022,19,1.06
KMI_6418,2022,20,16.15
KMI_6418,2022,21,3.2
KMI_6418,2022,22,5.82
KMI_6418,2022,23,0.68
KMI_6418,2022,24,28.51
KMI_6418,2023,1,6.16
KMI_6418,2023,2,4.4
KMI_6418,2023,3,0.0
KMI_6418,2023,4,0.0
KMI_6418,2023,5,13.8
KMI_6418,2023,6,10.0
KMI_6418,2023,7,7.19
KMI_6418,2023,8,56.42
KMI_6418,2023,9,21.25
KMI_6418,2023,10,0.0
KMI_6418,2023,11,4.83
KMI_6418,2023,12,6.03
KMI_6418,2023,13,3.47
KMI_6418,2023,14,10.43
KMI_6418,2023,15,49.68
KMI_6418,2023,16,24.8
KMI_6418,2023,17,2.86
KMI_6418,2023,18,43.61
KMI_6418,2023,19,86.82
KMI_6418,2023,20,17.93
KMI_6418,2023,21,58.93
KMI_6418,2023,22,13.32
KMI_6418,2023,23,7.58
KMI_6418,2023,24,14.74
KMI_6418,2024,1,6.95
KMI_6418,2024,2,1.33
KMI_6418,2024,3,29.8
KMI_6418,2024,4,11.11
KMI_6418,2024,5,8.55
KMI_6418,2024,6,2.89
KMI_6418,2024,7,100.27
KMI_6418,2024,8,5.0
KMI_6418,2024,9,44.08
KMI_6418,2024,10,62.48
KMI_6418,2024,11,3.73
KMI_6418,2024,12,1.69
KMI_6418,2024,13,189.24
KMI_6418,2024,14,1.0
KMI_6418,2024,15,17.83
KMI_6418,2024,16,7.38
KMI_6418,2024,17,137.23
KMI_6418,2024,18,14.2
KMI_6418,2024,19,2.54
KMI_6418,2024,20,7.43
KMI_6418,2024,21,0.5
KMI_6418,2024,22,15.33
KMI_6418,2024,23,6.47
KMI_6418,2024,24,11.29
KMI_6431,2013,1,13.32
KMI_6431,2013,2,54.33
KMI_6431,2013,3,12.4
KMI_6431,2013,4,0.42
KMI_6431,2013,5,11.46
KMI_6431,2013,6,5.94
KMI_6431,2013,7,4.38
KMI_6431,2013,8,2.11
KMI_6431,2013,9,8.3
KMI_6431,2013,10,52.46
KMI_6431,2013,11,0.21
KMI_6431,2013,12,44.92
KMI_6431,2013,13,52.09
KMI_6431,2013,14,356.93
KMI_6431,2013,15,9.64
KMI_6431,2013,16,2.74
KMI_6431,2013,17,199.19
KMI_6431,2013,18,10.91
KMI_6431,2013,19,75.88
KMI_6431,2013,20,66.39
KMI_6431,2013,21,72.83
KMI_6431,2013,22,5.96
KMI_6431,2013,23,2.55
KMI_6431,2013,24,24.01
KMI_6431,2014,1,142.45
KMI_6431,2014,2,15.87
KMI_6431,2014,3,26.36
KMI_6431,2014,4,8.14
KMI_6431,2014,5,0.49
KMI_6431,2014,6,18.81
KMI_6431,2014,7,27.76
KMI_6431,2014,8,7.34
KMI_6431,2014,9,16.37
KMI_6431,2014,10,69.17
KMI_6431,2014,11,488.4
KMI_6431,2014,12,10.5
KMI_6431,2014,13,216.45
KMI_6431,2014,14,69.34
KMI_6431,2014,15,69.65
KMI_6431,2014,16,140.54
KMI_6431,2014,17,0.0
KMI_6431,2014,18,26.74
KMI_6431,2014,19,62.71
KMI_6431,2014,20,16.61
KMI_6431,2014,21,30.28
KMI_6431,2014,22,0.94
KMI_6431,2014,23,14.5
KMI_6431,2014,24,71.54
KMI_6431,2015,1,61.13
KMI_6431,2015,2,23.01
KMI_6431,2015,3,8.1
KMI_6431,2015,4,20.06
KMI_6431,2015,5,18.44
KMI_6431,2015,6,29.06
KMI_6431,2015,7,2.14
KMI_6431,2015,8,0.08
KMI_6431,2015,9,221.07
KMI_6431,2015,10,20.95
KMI_6431,2015,11,0.19
KMI_6431,2015,12,10.51
KMI_6431,2015,13,5.83
KMI_6431,2015,14,29.55
KMI_6431,2015,15,125.86
KMI_6431,2015,16,244.4
KMI_6431,2015,17,22.38
KMI_6431,2015,18,50.34
KMI_6431,2015,19,5.0
KMI_6431,2015,20,1.38
KMI_6431,2015,21,5.94
KMI_6431,2015,22,82.55
KMI_6431,2015,23,10.58
KMI_6431,2015,24,3.47
KMI_6431,2016,1,48.8
KMI_6431,2016,2,51.63
KMI_6431,2016,3,28.4
KMI_6431,2016,4,13.33
KMI_6431,2016,5,19.39
KMI_6431,2016,6,11.64
KMI_6431,2016,7,21.57
KMI_6431,2016,8,7.15
KMI_6431,2016,9,11.97
KMI_6431,2016,10,125.95
KMI_6431,2016,11,136.61
KMI_6431,2016,12,107.99
KMI_6431,2016,13,46.23
KMI_6431,2016,14,6.68
KMI_6431,2016,15,31.8
KMI_6431,2016,16,4.43
KMI_6431,2016,17,0.22
KMI_6431,2016,18,2.61
KMI_6431,2016,19,20.36
KMI_6431,2016,20,45.62
KMI_6431,2016,21,62.05
KMI_6431,2016,22,44.05
KMI_6431,2016,23,0.17
KMI_6431,2016,24,6.65
KMI_6431,2017,1,70.06
KMI_6431,2017,2,2.8
KMI_6431,2017,3,2.19
KMI_6431,2017,4,34.15
KMI_6431,2017,5,13.97
KMI_6431,2017,6,5.13
KMI_6431,2017,7,0.73
KMI_6431,2017,8,2.39
KMI_6431,2017,9,33.26
KMI_6431,2017,10,0.66
KMI_6431,2017,11,34.35
KMI_6431,2017,12,0.0
KMI_6431,2017,13,47.61
KMI_6431,2017,14,26.83
KMI_6431,2017,15,60.61
KMI_6431,2017,16,56.74
KMI_6431,2017,17,145.67
KMI_6431,2017,18,22.86
KMI_6431,2017,19,14.19
KMI_6431,2017,20,25.09
KMI_6431,2017,21,16.12
KMI_6431,2017,22,59.89
KMI_6431,2017,23,127.57
KMI_6431,2017,24,26.07
KMI_6434,2003,1,17.15
KMI_6434,2003,2,45.79
KMI_6434,2003,3,1.97
KMI_6434,2003,4,1.53
KMI_6434,2003,5,60.96
KMI_6434,2003,6,0.0
KMI_6434,2003,7,2.01
KMI_6434,2003,8,101.54
KMI_6434,2003,9,6.28
KMI_6434,2003,10,36.31
KMI_6434,2003,11,13.5
KMI_6434,2003,12,0.0
KMI_6434,2003,13,15.74
KMI_6434,2003,14,77.24
KMI_6434,2003,15,0.0
KMI_6434,2003,16,78.42
KMI_6434,2003,17,6.18
KMI_6434,2003,18,14.39
KMI_6434,2003,19,20.68
KMI_6434,2003,20,2.36
KMI_6434,2003,21,7.66
KMI_6434,2003,22,8.71
KMI_6434,2003,23,28.37
KMI_6434,2003,24,16.56
KMI_6434,2004,1,54.58
KMI_6434,2004,2,9.52
KMI_6434,2004,3,9.32
KMI_6434,2004,4,6.33
KMI_6434,2004,5,3.79
KMI_6434,2004,6,2.01
KMI_6434,2004,7,20.64
KMI_6434,2004,8,12.9
KMI_6434,2004,9,16.04
KMI_6434,2004,10,9.53
KMI_6434,2004,11,15.62
KMI_6434,2004,12,59.05
KMI_6434,2004,13,51.98
KMI_6434,2004,14,354.76
KMI_6434,2004,15,249.5
KMI_6434,2004,16,29.6
KMI_6434,2004,17,9.27
KMI_6434,2004,18,32.15
KMI_6434,2004,19,0.0
KMI_6434,2004,20,72.81
KMI_6434,2004,21,2.06
KMI_6434,2004,22,77.24
KMI_6434,2004,23,0.0
KMI_6434,2004,24,53.44
KMI_6434,2005,1,2.67
KMI_6434,2005,2,12.22
KMI_6434,2005,3,15.55
KMI_6434,2005,4,7.65
KMI_6434,2005,5,6.52
KMI_6434,2005,6,5.26
KMI_6434,2005,7,14.57
KMI_6434,2005,8,36.18
KMI_6434,2005,9,48.82
KMI_6434,2005,10,28.61
KMI_6434,2005,11,0.19
KMI_6434,2005,12,32.01
KMI_6434,2005,13,524.84
KMI_6434,2005,14,24.06
KMI_6434,2005,15,24.0
KMI_6434,2005,16,565.05
KMI_6434,2005,17,11.45
KMI_6434,2005,18,14.24
KMI_6434,2005,19,3.48
KMI_6434,2005,20,28.29
KMI_6434,2005,21,4.73
KMI_6434,2005,22,58.86
KMI_6434,2005,23,2.77
KMI_6434,2005,24,15.75
KMI_6434,2006,1,9.63
KMI_6434,2006,2,3.25
KMI_6434,2006,3,26.82
KMI_6434,2006,4,17.54
KMI_6434,2006,5,5.45
KMI_6434,2006,6,41.58
KMI_6434,2006,7,41.12
KMI_6434,2006,8,3.3
KMI_6434,2006,9,11.57
KMI_6434,2006,10,98.74
KMI_6434,2006,11,38.79
KMI_6434,2006,12,13.91
KMI_6434,2006,13,2.71
KMI_6434,2006,14,15.23
KMI_6434,2006,15,261.63
KMI_6434,2006,16,1139.51
KMI_6434,2006,17,0.66
KMI_6434,2006,18,8.09
KMI_6434,2006,19,138.82
KMI_6434,2006,20,103.43
KMI_6434,2006,21,28.55
KMI_6434,2006,22,43.78
KMI_6434,2006,23,112.97
KMI_6434,2006,24,15.33
KMI_6434,2007,1,19.84
KMI_6434,2007,2,16.29
KMI_6434,2007,3,46.74
KMI_6434,2007,4,47.35
KMI_6434,2007,5,33.61
KMI_6434,2007,6,25.39
KMI_6434,2007,7,0.0
KMI_6434,2007,8,0.0
KMI_6434,2007,9,105.35
KMI_6434,2007,10,54.59
KMI_6434,2007,11,81.47
KMI_6434,2007,12,303.94
KMI_6434,2007,13,42.41
KMI_6434,2007,14,700.91
KMI_6434,2007,15,131.71
KMI_6434,2007,16,38.79
KMI_6434,2007,17,18.34
KMI_6434,2007,18,84.21
KMI_6434,2007,19,42.52
KMI_6434,2007,20,13.62
KMI_6434,2007,21,63.61
KMI_6434,2007,22,16.61
KMI_6434,2007,23,57.12
KMI_6434,2007,24,0.53
KMI_6434,2008,1,12.2
KMI_6434,2008,2,4.96
KMI_6434,2008,3,22.45
KMI_6434,2008,4,29.52
KMI_6434,2008,5,27.74
KMI_6434,2008,6,51.25
KMI_6434,2008,7,72.5
KMI_6434,2008,8,51.27
KMI_6434,2008,9,7.87
KMI_6434,2008,10,22.72
KMI_6434,2008,11,185.62
KMI_6434,2008,12,0.7
KMI_6434,2008,13,30.44
KMI_6434,2008,14,16.55
KMI_6434,2008,15,145.73
KMI_6434,2008,16,54.98
KMI_6434,2008,17,37.75
KMI_6434,2008,18,5.39
KMI_6434,2008,19,46.12
KMI_6434,2008,20,17.51
KMI_6434,2008,21,38.06
KMI_6434,2008,22,35.93
KMI_6434,2008,23,17.67
KMI_6434,2008,24,0.0
KMI_6434,2009,1,1.43
KMI_6434,2009,2,26.6
KMI_6434,2009,3,27.83
KMI_6434,2009,4,1.46
KMI_6434,2009,5,25.85
KMI_6434,2009,6,58.57
KMI_6434,2009,7,3.35
KMI_6434,2009,8,10.1
KMI_6434,2009,9,145.95
KMI_6434,2009,10,247.41
KMI_6434,2009,11,79.65
KMI_6434,2009,12,6.28
KMI_6434,2009,13,25.96
KMI_6434,2009,14,84.56
KMI_6434,2009,15,12.62
KMI_6434,2009,16,3.02
KMI_6434,2009,17,19.71
KMI_6434,2009,18,0.0
KMI_6434,2009,19,304.96
KMI_6434,2009,20,1.42
KMI_6434,2009,21,29.9
KMI_6434,2009,22,124.74
KMI_6434,2009,23,35.82
KMI_6434,2009,24,23.21
KMI_6434,2011,1,2.14
KMI_6434,2011,2,3.33
KMI_6434,2011,3,3.45
KMI_6434,2011,4,12.64
KMI_6434,2011,5,0.0
KMI_6434,2011,6,5.94
KMI_6434,2011,7,2.23
KMI_6434,2011,8,5.62
KMI_6434,2011,9,6.26
KMI_6434,2011,10,25.3
KMI_6434,2011,11,37.48
KMI_6434,2011,12,74.13
KMI_6434,2011,13,201.65
KMI_6434,2011,14,192.3
KMI_6434,2011,15,70.42
KMI_6434,2011,16,25.92
KMI_6434,2011,17,327.42
KMI_6434,2011,18,43.52
KMI_6434,2011,19,11.07
KMI_6434,2011,20,8.0
KMI_6434,2011,21,0.37
KMI_6434,2011,22,0.46
KMI_6434,2011,23,117.38
KMI_6434,2011,24,21.12
KMI_6434,2012,1,33.87
KMI_6434,2012,2,26.9
KMI_6434,2012,3,3.42
KMI_6434,2012,4,3.45
KMI_6434,2012,5,52.77
KMI_6434,2012,6,0.0
KMI_6434,2012,7,9.25
KMI_6434,2012,8,149.28
KMI_6434,2012,9,61.57
KMI_6434,2012,10,15.41
KMI_6434,2012,11,165.65
KMI_6434,2012,12,54.58
KMI_6434,2012,13,349.1
KMI_6434,2012,14,21.83
KMI_6434,2012,15,5.94
KMI_6434,2012,16,94.95
KMI_6434,2012,17,37.65
KMI_6434,2012,18,146.86
KMI_6434,2012,19,56.87
KMI_6434,2012,20,70.75
KMI_6434,2012,21,5.44
KMI_6434,2012,22,3.56
KMI_6434,2012,23,38.55
KMI_6434,2012,24,101.08
KMI_6434,2013,1,1.22
KMI_6434,2013,2,42.2
KMI_6434,2013,3,18.1
KMI_6434,2013,4,0.74
KMI_6434,2013,5,12.5
KMI_6434,2013,6,5.56
KMI_6434,2013,7,6.49
KMI_6434,2013,8,0.83
KMI_6434,2013,9,50.9
KMI_6434,2013,10,33.94
KMI_6434,2013,11,0.64
KMI_6434,2013,12,167.58
KMI_6434,2013,13,20.05
KMI_6434,2013,14,1298.06
KMI_6434,2013,15,14.06
KMI_6434,2013,16,2.83
KMI_6434,2013,17,111.19
KMI_6434,2013,18,9.33
KMI_6434,2013,19,72.41
KMI_6434,2013,20,88.14
KMI_6434,2013,21,188.09
KMI_6434,2013,22,11.72
KMI_6434,2013,23,2.58
KMI_6434,2013,24,94.29
KMI_6434,2014,1,22.15
KMI_6434,2014,2,29.32
KMI_6434,2014,3,33.27
KMI_6434,2014,4,27.27
KMI_6434,2014,5,1.13
KMI_6434,2014,6,13.69
KMI_6434,2014,7,16.52
KMI_6434,2014,8,0.97
KMI_6434,2014,9,74.26
KMI_6434,2014,10,65.53
KMI_6434,2014,11,28.97
KMI_6434,2014,12,16.86
KMI_6434,2014,13,119.68
KMI_6434,2014,14,40.43
KMI_6434,2014,15,663.97
KMI_6434,2014,16,571.86
KMI_6434,2014,17,0.0
KMI_6434,2014,18,21.54
KMI_6434,2014,19,37.28
KMI_6434,2014,20,46.08
KMI_6434,2014,21,79.47
KMI_6434,2014,22,0.73
KMI_6434,2014,23,8.73
KMI_6434,2014,24,70.55
KMI_6434,2015,1,92.81
KMI_6434,2015,2,26.1
KMI_6434,2015,3,8.02
KMI_6434,2015,4,23.64
KMI_6434,2015,5,8.97
KMI_6434,2015,6,33.33
KMI_6434,2015,7,10.27
KMI_6434,2015,8,32.8
KMI_6434,2015,9,58.42
KMI_6434,2015,10,29.15
KMI_6434,2015,11,1.39
KMI_6434,2015,12,64.86
KMI_6434,2015,13,0.87
KMI_6434,2015,14,41.0
KMI_6434,2015,15,51.37
KMI_6434,2015,16,377.95
KMI_6434,2015,17,56.85
KMI_6434,2015,18,52.34
KMI_6434,2015,19,11.54
KMI_6434,2015,20,4.38
KMI_6434,2015,21,5.98
KMI_6434,2015,22,112.29
KMI_6434,2015,23,12.7
KMI_6434,2015,24,3.35
KMI_6434,2016,1,86.8
KMI_6434,2016,2,13.97
KMI_6434,2016,3,32.03
KMI_6434,2016,4,10.78
KMI_6434,2016,5,41.0
KMI_6434,2016,6,21.03
KMI_6434,2016,7,17.87
KMI_6434,2016,8,38.13
KMI_6434,2016,9,6.18
KMI_6434,2016,10,478.72
KMI_6434,2016,11,140.49
KMI_6434,2016,12,726.54
KMI_6434,2016,13,121.99
KMI_6434,2016,14,1.6
KMI_6434,2016,15,47.83
KMI_6434,2016,16,13.32
KMI_6434,2016,17,7.6
KMI_6434,2016,18,7.69
KMI_6434,2016,19,2.85
KMI_6434,2016,20,0.0
KMI_6434,2016,21,25.42
KMI_6434,2016,22,127.18
KMI_6434,2016,23,1.22
KMI_6434,2016,24,4.67
KMI_6434,2017,1,48.91
KMI_6434,2017,2,2.19
KMI_6434,2017,3,3.48
KMI_6434,2017,4,53.5
KMI_6434,2017,5,13.68
KMI_6434,2017,6,3.54
KMI_6434,2017,7,0.14
KMI_6434,2017,8,17.92
KMI_6434,2017,9,6.06
KMI_6434,2017,10,3.27
KMI_6434,2017,11,26.64
KMI_6434,2017,12,0.0
KMI_6434,2017,13,34.81
KMI_6434,2017,14,42.4
KMI_6434,2017,15,73.51
KMI_6434,2017,16,177.59
KMI_6434,2017,17,66.67
KMI_6434,2017,18,7.84
KMI_6434,2017,19,19.39
KMI_6434,2017,20,13.72
KMI_6434,2017,21,13.79
KMI_6434,2017,22,84.96
KMI_6434,2017,23,101.67
KMI_6434,2017,24,23.15
KMI_6434,2018,1,28.77
KMI_6434,2018,2,17.86
KMI_6434,2018,3,11.67
KMI_6434,2018,4,0.0
KMI_6434,2018,5,65.32
KMI_6434,2018,6,8.08
KMI_6434,2018,7,24.42
KMI_6434,2018,8,12.22
KMI_6434,2018,9,2.7
KMI_6434,2018,10,496.62
KMI_6434,2018,11,0.85
KMI_6434,2018,12,0.0
KMI_6434,2018,13,0.0
KMI_6434,2018,14,21.35
KMI_6434,2018,15,98.42
KMI_6434,2018,16,119.0
KMI_6434,2018,17,8.46
KMI_6434,2018,18,49.15
KMI_6434,2018,19,80.94
KMI_6434,2018,20,29.0
KMI_6434,2018,21,7.24
KMI_6434,2018,22,1.36
KMI_6434,2018,23,27.09
KMI_6434,2018,24,19.64
KMI_6434,2019,1,4.44
KMI_6434,2019,2,14.63
KMI_6434,2019,3,11.23
KMI_6434,2019,4,5.21
KMI_6434,2019,5,71.89
KMI_6434,2019,6,0.19
KMI_6434,2019,7,4.07
KMI_6434,2019,8,2.38
KMI_6434,2019,9,8.3
KMI_6434,2019,10,39.65
KMI_6434,2019,11,312.03
KMI_6434,2019,12,21.97
KMI_6434,2019,13,3.57
KMI_6434,2019,14,43.51
KMI_6434,2019,15,38.88
KMI_6434,2019,16,28.87
KMI_6434,2019,17,14.93
KMI_6434,2019,18,143.16
KMI_6434,2019,19,31.63
KMI_6434,2019,20,11.17
KMI_6434,2019,21,32.78
KMI_6434,2019,22,13.22
KMI_6434,2019,23,27.45
KMI_6434,2019,24,12.52
KMI_6434,2020,1,13.18
KMI_6434,2020,2,6.83
KMI_6434,2020,3,48.34
KMI_6434,2020,4,33.61
KMI_6434,2020,5,33.57
KMI_6434,2020,6,0.59
KMI_6434,2020,7,0.0
KMI_6434,2020,8,21.69
KMI_6434,2020,9,9.65
KMI_6434,2020,10,0.0
KMI_6434,2020,11,12.06
KMI_6434,2020,12,135.92
KMI_6434,2020,13,5.33
KMI_6434,2020,14,6.01
KMI_6434,2020,15,265.9
KMI_6434,2020,16,14.46
KMI_6434,2020,17,0.0
KMI_6434,2020,18,234.19
KMI_6434,2020,19,30.94
KMI_6434,2020,20,51.35
KMI_6434,2020,21,15.3
KMI_6434,2020,22,12.92
KMI_6434,2020,23,4.01
KMI_6434,2020,24,27.92
KMI_6434,2021,1,15.24
KMI_6434,2021,2,26.9
KMI_6434,2021,3,34.95
KMI_6434,2021,4,1.04
KMI_6434,2021,5,7.84
KMI_6434,2021,6,1.2
KMI_6434,2021,7,14.84
KMI_6434,2021,8,1.92
KMI_6434,2021,9,414.67
KMI_6434,2021,10,81.05
KMI_6434,2021,11,4.72
KMI_6434,2021,12,1157.07
KMI_6434,2021,13,21.24
KMI_6434,2021,14,15.82
KMI_6434,2021,15,179.23
KMI_6434,2021,16,66.41
KMI_6434,2021,17,12.4
KMI_6434,2021,18,7.96
KMI_6434,2021,19,60.44
KMI_6434,2021,20,48.96
KMI_6434,2021,21,16.96
KMI_6434,2021,22,27.26
KMI_6434,2021,23,29.82
KMI_6434,2021,24,31.38
KMI_6434,2022,1,17.44
KMI_6434,2022,2,11.09
KMI_6434,2022,3,13.66
KMI_6434,2022,4,13.65
KMI_6434,2022,5,0.0
KMI_6434,2022,6,1.07
KMI_6434,2022,7,8.98
KMI_6434,2022,8,13.48
KMI_6434,2022,9,0.0
KMI_6434,2022,10,309.38
KMI_6434,2022,11,20.4
KMI_6434,2022,12,90.34
KMI_6434,2022,13,0.0
KMI_6434,2022,14,1.46
KMI_6434,2022,15,0.0
KMI_6434,2022,16,124.37
KMI_6434,2022,17,560.78
KMI_6434,2022,18,96.42
KMI_6434,2022,19,0.37
KMI_6434,2022,20,50.01
KMI_6434,2022,21,6.51
KMI_6434,2022,22,29.99
KMI_6434,2022,23,1.03
KMI_6434,2022,24,53.05
KMI_6434,2023,1,50.28
KMI_6434,2023,2,6.0
KMI_6434,2023,3,0.15
KMI_6434,2023,4,0.27
KMI_6434,2023,5,50.52
KMI_6434,2023,6,41.02
KMI_6434,2023,7,14.77
KMI_6434,2023,8,10.32
KMI_6434,2023,9,26.71
KMI_6434,2023,10,0.0
KMI_6434,2023,11,4.18
KMI_6434,2023,12,80.25
KMI_6434,2023,13,8.82
KMI_6434,2023,14,149.12
KMI_6434,2023,15,52.51
KMI_6434,2023,16,228.65
KMI_6434,2023,17,97.01
KMI_6434,2023,18,74.31
KMI_6434,2023,19,20.88
KMI_6434,2023,20,59.77
KMI_6434,2023,21,108.35
KMI_6434,2023,22,47.11
KMI_6434,2023,23,14.68
KMI_6434,2023,24,55.53
KMI_6434,2024,1,48.25
KMI_6434,2024,2,5.52
KMI_6434,2024,3,47.25
KMI_6434,2024,4,17.95
KMI_6434,2024,5,20.19
KMI_6434,2024,6,13.62
KMI_6434,2024,7,49.02
KMI_6434,2024,8,9.18
KMI_6434,2024,9,14.05
KMI_6434,2024,10,46.54
KMI_6434,2024,11,12.74
KMI_6434,2024,12,90.49
KMI_6434,2024,13,65.1
KMI_6434,2024,14,13.55
KMI_6434,2024,15,131.8
KMI_6434,2024,16,116.48
KMI_6434,2024,17,135.93
KMI_6434,2024,18,64.87
KMI_6434,2024,19,26.65
KMI_6434,2024,20,11.91
KMI_6434,2024,21,4.0
KMI_6434,2024,22,39.55
KMI_6434,2024,23,40.16
KMI_6434,2024,24,13.91
KMI_6438,2013,1,4.34
KMI_6438,2013,2,19.79
KMI_6438,2013,3,15.41
KMI_6438,2013,4,0.46
KMI_6438,2013,5,9.9
KMI_6438,2013,6,2.53
KMI_6438,2013,7,7.93
KMI_6438,2013,8,2.56
KMI_6438,2013,9,5.48
KMI_6438,2013,10,45.93
KMI_6438,2013,11,0.0
KMI_6438,2013,12,39.39
KMI_6438,2013,13,21.51
KMI_6438,2013,14,1174.36
KMI_6438,2013,15,22.95
KMI_6438,2013,16,1.66
KMI_6438,2013,17,117.59
KMI_6438,2013,18,7.69
KMI_6438,2013,19,71.46
KMI_6438,2013,20,11.66
KMI_6438,2013,21,52.85
KMI_6438,2013,22,6.28
KMI_6438,2013,23,1.34
KMI_6438,2013,24,14.05
KMI_6438,2014,1,25.84
KMI_6438,2014,2,17.15
KMI_6438,2014,3,22.39
KMI_6438,2014,4,2.38
KMI_6438,2014,5,0.6
KMI_6438,2014,6,21.24
KMI_6438,2014,7,8.62
KMI_6438,2014,8,0.47
KMI_6438,2014,9,28.42
KMI_6438,2014,10,131.29
KMI_6438,2014,11,32.49
KMI_6438,2014,12,394.26
KMI_6438,2014,13,64.76
KMI_6438,2014,14,115.21
KMI_6438,2014,15,130.01
KMI_6438,2014,16,88.84
KMI_6438,2014,17,0.0
KMI_6438,2014,18,14.53
KMI_6438,2014,19,60.08
KMI_6438,2014,20,60.93
KMI_6438,2014,21,31.81
KMI_6438,2014,22,0.27
KMI_6438,2014,23,7.61
KMI_6438,2014,24,58.13
KMI_6438,2015,1,49.09
KMI_6438,2015,2,28.28
KMI_6438,2015,3,12.5
KMI_6438,2015,4,11.34
KMI_6438,2015,5,1.64
KMI_6438,2015,6,27.64
KMI_6438,2015,7,609.24
KMI_6438,2015,8,2.45
KMI_6438,2015,9,60.27
KMI_6438,2015,10,16.88
KMI_6438,2015,11,2.93
KMI_6438,2015,12,10.14
KMI_6438,2015,13,2.38
KMI_6438,2015,14,68.09
KMI_6438,2015,15,89.76
KMI_6438,2015,16,226.03
KMI_6438,2015,17,136.83
KMI_6438,2015,18,277.99
KMI_6438,2015,19,4.5
KMI_6438,2015,20,3.63
KMI_6438,2015,21,14.22
KMI_6438,2015,22,51.59
KMI_6438,2015,23,10.04
KMI_6438,2015,24,4.92
KMI_6438,2016,1,56.81
KMI_6438,2016,2,43.78
KMI_6438,2016,3,18.83
KMI_6438,2016,4,19.28
KMI_6438,2016,5,32.93
KMI_6438,2016,6,17.42
KMI_6438,2016,7,38.93
KMI_6438,2016,8,18.07
KMI_6438,2016,9,13.1
KMI_6438,2016,10,292.15
KMI_6438,2016,11,66.53
KMI_6438,2016,12,649.49
KMI_6438,2016,13,26.16
KMI_6438,2016,14,30.89
KMI_6438,2016,15,53.31
KMI_6438,2016,16,3.0
KMI_6438,2016,17,4.1
KMI_6438,2016,18,5.91
KMI_6438,2016,19,7.23
KMI_6438,2016,20,12.69
KMI_6438,2016,21,134.77
KMI_6438,2016,22,49.2
KMI_6438,2016,23,1.21
KMI_6438,2016,24,3.12
KMI_6438,2017,1,41.1
KMI_6438,2017,2,3.0
KMI_6438,2017,3,1.17
KMI_6438,2017,4,45.39
KMI_6438,2017,5,10.84
KMI_6438,2017,6,6.42
KMI_6438,2017,7,0.33
KMI_6438,2017,8,12.3
KMI_6438,2017,9,22.69
KMI_6438,2017,10,27.73
KMI_6438,2017,11,85.69
KMI_6438,2017,12,29.46
KMI_6438,2017,13,314.77
KMI_6438,2017,14,59.61
KMI_6438,2017,15,15.45
KMI_6438,2017,16,44.69
KMI_6438,2017,17,116.22
KMI_6438,2017,18,5.57
KMI_6438,2017,19,106.25
KMI_6438,2017,20,12.12
KMI_6438,2017,21,16.11
KMI_6438,2017,22,44.7
KMI_6438,2017,23,37.59
KMI_6438,2017,24,16.65
KMI_6438,2018,1,25.32
KMI_6438,2018,2,19.1
KMI_6438,2018,3,11.38
KMI_6438,2018,4,0.0
KMI_6438,2018,5,23.51
KMI_6438,2018,6,25.17
KMI_6438,2018,7,16.14
KMI_6438,2018,8,76.0
KMI_6438,2018,9,0.0
KMI_6438,2018,10,706.02
KMI_6438,2018,11,2.12
KMI_6438,2018,12,0.0
KMI_6438,2018,13,0.0
KMI_6438,2018,14,32.86
KMI_6438,2018,15,34.73
KMI_6438,2018,16,72.15
KMI_6438,2018,17,0.89
KMI_6438,2018,18,28.51
KMI_6438,2018,19,7.7
KMI_6438,2018,20,25.91
KMI_6438,2018,21,6.22
KMI_6438,2018,22,2.67
KMI_6438,2018,23,43.46
KMI_6438,2018,24,15.26
KMI_6438,2019,1,3.85
KMI_6438,2019,2,15.44
KMI_6438,2019,3,6.89
KMI_6438,2019,4,0.28
KMI_6438,2019,5,42.53
KMI_6438,2019,6,1.61
KMI_6438,2019,7,18.29
KMI_6438,2019,8,12.05
KMI_6438,2019,9,14.72
KMI_6438,2019,10,33.42
KMI_6438,2019,11,372.2
KMI_6438,2019,12,1625.88
KMI_6438,2019,13,0.0
KMI_6438,2019,14,6.52
KMI_6438,2019,15,23.72
KMI_6438,2019,16,5.72
KMI_6438,2019,17,6.01
KMI_6438,2019,18,83.35
KMI_6438,2019,19,120.89
KMI_6438,2019,20,22.36
KMI_6438,2019,21,17.21
KMI_6438,2019,22,8.29
KMI_6438,2019,23,21.71
KMI_6438,2019,24,5.78
KMI_6438,2020,1,23.14
KMI_6438,2020,2,8.62
KMI_6438,2020,3,62.2
KMI_6438,2020,4,46.53
KMI_6438,2020,5,32.94
KMI_6438,2020,6,0.13
KMI_6438,2020,7,0.0
KMI_6438,2020,8,6.61
KMI_6438,2020,9,40.37
KMI_6438,2020,10,0.0
KMI_6438,2020,11,99.13
KMI_6438,2020,12,207.39
KMI_6438,2020,13,26.0
KMI_6438,2020,14,5.46
KMI_6438,2020,15,167.16
KMI_6438,2020,16,607.73
KMI_6438,2020,17,0.25
KMI_6438,2020,18,94.88
KMI_6438,2020,19,76.58
KMI_6438,2020,20,7.51
KMI_6438,2020,21,6.71
KMI_6438,2020,22,8.94
KMI_6438,2020,23,2.57
KMI_6438,2020,24,28.07
KMI_6438,2021,1,8.6
KMI_6438,2021,2,40.65
KMI_6438,2021,3,27.5
KMI_6438,2021,4,1.89
KMI_6438,2021,5,17.56
KMI_6438,2021,6,2.24
KMI_6438,2021,7,8.83
KMI_6438,2021,8,2.39
KMI_6438,2021,9,144.57
KMI_6438,2021,10,39.21
KMI_6438,2021,11,0.85
KMI_6438,2021,12,161.79
KMI_6438,2021,13,171.02
KMI_6438,2021,14,22.54
KMI_6438,2021,15,47.06
KMI_6438,2021,16,66.05
KMI_6438,2021,17,4.3
KMI_6438,2021,18,35.88
KMI_6438,2021,19,65.09
KMI_6438,2021,20,32.22
KMI_6438,2021,21,8.07
KMI_6438,2021,22,49.26
KMI_6438,2021,23,5.17
KMI_6438,2021,24,9.21
KMI_6438,2022,1,31.92
KMI_6438,2022,2,2.86
KMI_6438,2022,3,36.96
KMI_6438,2022,4,40.44
KMI_6438,2022,5,0.0
KMI_6438,2022,6,0.52
KMI_6438,2022,7,12.51
KMI_6438,2022,8,0.0
KMI_6438,2022,9,0.0
KMI_6438,2022,10,88.11
KMI_6438,2022,11,48.63
KMI_6438,2022,12,78.91
KMI_6438,2022,13,0.0
KMI_6438,2022,14,26.42
KMI_6438,2022,15,14.46
KMI_6438,2022,16,12.85
KMI_6438,2022,17,96.67
KMI_6438,2022,18,177.52
KMI_6438,2022,19,6.41
KMI_6438,2022,20,14.56
KMI_6438,2022,21,5.43
KMI_6438,2022,22,23.71
KMI_6438,2022,23,2.41
KMI_6438,2022,24,46.95
KMI_6438,2023,1,24.45
KMI_6438,2023,2,24.48
KMI_6438,2023,3,0.23
KMI_6438,2023,4,0.29
KMI_6438,2023,5,53.84
KMI_6438,2023,6,23.77
KMI_6438,2023,7,21.72
KMI_6438,2023,8,8.9
KMI_6438,2023,9,39.74
KMI_6438,2023,10,0.0
KMI_6438,2023,11,0.0
KMI_6438,2023,12,31.39
KMI_6438,2023,13,19.82
KMI_6438,2023,14,123.5
KMI_6438,2023,15,280.9
KMI_6438,2023,16,83.15
KMI_6438,2023,17,44.38
KMI_6438,2023,18,108.69
KMI_6438,2023,19,27.15
KMI_6438,2023,20,103.12
KMI_6438,2023,21,61.62
KMI_6438,2023,22,25.49
KMI_6438,2023,23,79.45
KMI_6438,2023,24,20.37
KMI_6438,2024,1,70.75
KMI_6438,2024,2,5.17
KMI_6438,2024,3,40.62
KMI_6438,2024,4,12.69
KMI_6438,2024,5,8.83
KMI_6438,2024,6,13.17
KMI_6438,2024,7,69.78
KMI_6438,2024,8,17.86
KMI_6438,2024,9,29.54
KMI_6438,2024,10,209.61
KMI_6438,2024,11,12.31
KMI_6438,2024,12,38.19
KMI_6438,2024,13,30.59
KMI_6438,2024,14,88.55
KMI_6438,2024,15,9.95
KMI_6438,2024,16,91.22
KMI_6438,2024,17,84.62
KMI_6438,2024,18,17.13
KMI_6438,2024,19,27.58
KMI_6438,2024,20,4.91
KMI_6438,2024,21,3.06
KMI_6438,2024,22,67.59
KMI_6438,2024,23,13.22
KMI_6438,2024,24,10.35
KMI_6439,2008,1,4.79
KMI_6439,2008,2,5.21
KMI_6439,2008,3,13.57
KMI_6439,2008,4,19.54
KMI_6439,2008,5,64.06
KMI_6439,2008,6,53.89
KMI_6439,2008,7,6.54
KMI_6439,2008,8,19.63
KMI_6439,2008,9,6.55
KMI_6439,2008,10,21.03
KMI_6439,2008,11,461.39
KMI_6439,2008,12,0.54
KMI_6439,2008,13,39.71
KMI_6439,2008,14,68.08
KMI_6439,2008,15,55.98
KMI_6439,2008,16,0.7
KMI_6439,2008,17,21.27
KMI_6439,2008,18,20.95
KMI_6439,2008,19,27.18
KMI_6439,2008,20,15.91
KMI_6439,2008,21,13.44
KMI_6439,2008,22,22.57
KMI_6439,2008,23,3.11
KMI_6439,2008,24,1.5
KMI_6439,2009,1,3.27
KMI_6439,2009,2,28.43
KMI_6439,2009,3,18.83
KMI_6439,2009,4,2.45
KMI_6439,2009,5,3.99
KMI_6439,2009,6,48.92
KMI_6439,2009,7,2.59
KMI_6439,2009,8,19.76
KMI_6439,2009,9,185.96
KMI_6439,2009,10,125.52
KMI_6439,2009,11,60.03
KMI_6439,2009,12,0.0
KMI_6439,2009,13,153.19
KMI_6439,2009,14,75.34
KMI_6439,2009,15,19.75
KMI_6439,2009,16,28.55
KMI_6439,2009,17,11.16
KMI_6439,2009,18,0.94
KMI_6439,2009,19,146.78
KMI_6439,2009,20,0.83
KMI_6439,2009,21,17.26
KMI_6439,2009,22,34.11
KMI_6439,2009,23,11.85
KMI_6439,2009,24,19.31
KMI_6439,2010,1,2.22
KMI_6439,2010,2,5.55
KMI_6439,2010,3,6.06
KMI_6439,2010,4,22.22
KMI_6439,2010,5,2.46
KMI_6439,2010,6,90.35
KMI_6439,2010,7,8.13
KMI_6439,2010,8,0.0
KMI_6439,2010,9,30.91
KMI_6439,2010,10,25.02
KMI_6439,2010,11,119.73
KMI_6439,2010,12,1.6
KMI_6439,2010,13,315.01
KMI_6439,2010,14,42.97
KMI_6439,2010,15,58.43
KMI_6439,2010,16,114.91
KMI_6439,2010,17,136.9
KMI_6439,2010,18,33.55
KMI_6439,2010,19,15.61
KMI_6439,2010,20,30.23
KMI_6439,2010,21,178.08
KMI_6439,2010,22,15.19
KMI_6439,2010,23,5.07
KMI_6439,2010,24,8.06
KMI_6439,2011,1,17.69
KMI_6439,2011,2,7.21
KMI_6439,2011,3,4.06
KMI_6439,2011,4,6.25
KMI_6439,2011,5,0.0
KMI_6439,2011,6,11.07
KMI_6439,2011,7,5.15
KMI_6439,2011,8,3.21
KMI_6439,2011,9,0.91
KMI_6439,2011,10,10.43
KMI_6439,2011,11,60.6
KMI_6439,2011,12,1465.12
KMI_6439,2011,13,3.82
KMI_6439,2011,14,17.39
KMI_6439,2011,15,65.63
KMI_6439,2011,16,476.52
KMI_6439,2011,17,149.35
KMI_6439,2011,18,3.65
KMI_6439,2011,19,9.33
KMI_6439,2011,20,3.05
KMI_6439,2011,21,0.86
KMI_6439,2011,22,0.0
KMI_6439,2011,23,50.65
KMI_6439,2011,24,67.13
KMI_6439,2012,1,105.86
KMI_6439,2012,2,11.59
KMI_6439,2012,3,3.65
KMI_6439,2012,4,4.7
KMI_6439,2012,5,8.87
KMI_6439,2012,6,0.0
KMI_6439,2012,7,12.29
KMI_6439,2012,8,42.96
KMI_6439,2012,9,27.16
KMI_6439,2012,10,8.14
KMI_6439,2012,11,199.33
KMI_6439,2012,12,115.15
KMI_6439,2012,13,261.35
KMI_6439,2012,14,6.02
KMI_6439,2012,15,0.0
KMI_6439,2012,16,33.45
KMI_6439,2012,17,15.86
KMI_6439,2012,18,40.63
KMI_6439,2012,19,56.7
KMI_6439,2012,20,12.19
KMI_6439,2012,21,10.44
KMI_6439,2012,22,0.87
KMI_6439,2012,23,47.92
KMI_6439,2012,24,66.31
KMI_6439,2013,1,1.84
KMI_6439,2013,2,27.98
KMI_6439,2013,3,14.74
KMI_6439,2013,4,0.23
KMI_6439,2013,5,4.09
KMI_6439,2013,6,3.07
KMI_6439,2013,7,2.93
KMI_6439,2013,8,3.24
KMI_6439,2013,9,5.85
KMI_6439,2013,10,61.81
KMI_6439,2013,11,0.21
KMI_6439,2013,12,275.85
KMI_6439,2013,13,21.07
KMI_6439,2013,14,222.15
KMI_6439,2013,15,17.73
KMI_6439,2013,16,1.67
KMI_6439,2013,17,32.19
KMI_6439,2013,18,5.63
KMI_6439,2013,19,28.22
KMI_6439,2013,20,168.97
KMI_6439,2013,21,59.89
KMI_6439,2013,22,5.71
KMI_6439,2013,23,0.89
KMI_6439,2013,24,53.6
KMI_6439,2014,1,17.93
KMI_6439,2014,2,16.67
KMI_6439,2014,3,21.47
KMI_6439,2014,4,5.74
KMI_6439,2014,5,0.15
KMI_6439,2014,6,15.32
KMI_6439,2014,7,5.97
KMI_6439,2014,8,0.59
KMI_6439,2014,9,44.55
KMI_6439,2014,10,82.66
KMI_6439,2014,11,344.39
KMI_6439,2014,12,4.71
KMI_6439,2014,13,334.83
KMI_6439,2014,14,194.5
KMI_6439,2014,15,84.19
KMI_6439,2014,16,162.56
KMI_6439,2014,17,0.0
KMI_6439,2014,18,11.59
KMI_6439,2014,19,44.15
KMI_6439,2014,20,17.2
KMI_6439,2014,21,53.73
KMI_6439,2014,22,0.91
KMI_6439,2014,23,9.45
KMI_6439,2014,24,46.84
KMI_6439,2015,1,52.88
KMI_6439,2015,2,19.05
KMI_6439,2015,3,1.49
KMI_6439,2015,4,8.21
KMI_6439,2015,5,8.54
KMI_6439,2015,6,46.63
KMI_6439,2015,7,2.2
KMI_6439,2015,8,8.21
KMI_6439,2015,9,43.6
KMI_6439,2015,10,12.49
KMI_6439,2015,11,12.56
KMI_6439,2015,12,46.41
KMI_6439,2015,13,4.23
KMI_6439,2015,14,43.45
KMI_6439,2015,15,400.25
KMI_6439,2015,16,151.07
KMI_6439,2015,17,36.01
KMI_6439,2015,18,66.58
KMI_6439,2015,19,11.17
KMI_6439,2015,20,1.35
KMI_6439,2015,21,1.33
KMI_6439,2015,22,55.86
KMI_6439,2015,23,7.34
KMI_6439,2015,24,2.75
KMI_6439,2016,1,79.76
KMI_6439,2016,2,25.48
KMI_6439,2016,3,34.96
KMI_6439,2016,4,14.97
KMI_6439,2016,5,11.47
KMI_6439,2016,6,9.41
KMI_6439,2016,7,25.53
KMI_6439,2016,8,15.47
KMI_6439,2016,9,5.58
KMI_6439,2016,10,221.87
KMI_6439,2016,11,147.85
KMI_6439,2016,12,625.93
KMI_6439,2016,13,45.54
KMI_6439,2016,14,79.72
KMI_6439,2016,15,182.06
KMI_6439,2016,16,9.95
KMI_6439,2016,17,46.72
KMI_6439,2016,18,2.08
KMI_6439,2016,19,6.76
KMI_6439,2016,20,5.15
KMI_6439,2016,21,27.89
KMI_6439,2016,22,68.32
KMI_6439,2016,23,0.0
KMI_6439,2016,24,6.46
KMI_6439,2017,1,19.86
KMI_6439,2017,2,1.79
KMI_6439,2017,3,0.99
KMI_6439,2017,4,28.84
KMI_6439,2017,5,9.31
KMI_6439,2017,6,4.26
KMI_6439,2017,7,3.46
KMI_6439,2017,8,5.83
KMI_6439,2017,9,13.5
KMI_6439,2017,10,0.84
KMI_6439,2017,11,18.0
KMI_6439,2017,12,2.3
KMI_6439,2017,13,107.02
KMI_6439,2017,14,82.43
KMI_6439,2017,15,25.9
KMI_6439,2017,16,180.69
KMI_6439,2017,17,68.59
KMI_6439,2017,18,37.08
KMI_6439,2017,19,11.6
KMI_6439,2017,20,17.46
KMI_6439,2017,21,11.96
KMI_6439,2017,22,29.43
KMI_6439,2017,23,46.73
KMI_6439,2017,24,12.75
KMI_6439,2018,1,15.95
KMI_6439,2018,2,17.84
KMI_6439,2018,3,11.74
KMI_6439,2018,4,0.0
KMI_6439,2018,5,10.36
KMI_6439,2018,6,23.5
KMI_6439,2018,7,11.7
KMI_6439,2018,8,53.99
KMI_6439,2018,9,0.23
KMI_6439,2018,10,22.15
KMI_6439,2018,11,29.22
KMI_6439,2018,12,0.0
KMI_6439,2018,13,0.0
KMI_6439,2018,14,0.31
KMI_6439,2018,15,62.22
KMI_6439,2018,16,220.82
KMI_6439,2018,17,244.23
KMI_6439,2018,18,35.42
KMI_6439,2018,19,1.2
KMI_6439,2018,20,31.18
KMI_6439,2018,21,3.72
KMI_6439,2018,22,1.76
KMI_6439,2018,23,23.09
KMI_6439,2018,24,22.34
KMI_6439,2019,1,4.7
KMI_6439,2019,2,14.66
KMI_6439,2019,3,9.98
KMI_6439,2019,4,2.3
KMI_6439,2019,5,54.48
KMI_6439,2019,6,1.58
KMI_6439,2019,7,15.44
KMI_6439,2019,8,3.2
KMI_6439,2019,9,18.33
KMI_6439,2019,10,7.8
KMI_6439,2019,11,86.24
KMI_6439,2019,12,1.68
KMI_6439,2019,13,8.47
KMI_6439,2019,14,50.2
KMI_6439,2019,15,26.18
KMI_6439,2019,16,42.46
KMI_6439,2019,17,2.89
KMI_6439,2019,18,147.26
KMI_6439,2019,19,15.04
KMI_6439,2019,20,22.33
KMI_6439,2019,21,114.86
KMI_6439,2019,22,10.53
KMI_6439,2019,23,20.7
KMI_6439,2019,24,7.33
KMI_6439,2020,1,3.07
KMI_6439,2020,2,7.2
KMI_6439,2020,3,52.89
KMI_6439,2020,4,41.3
KMI_6439,2020,5,26.05
KMI_6439,2020,6,0.12
KMI_6439,2020,7,3.43
KMI_6439,2020,8,33.76
KMI_6439,2020,9,7.01
KMI_6439,2020,10,0.0
KMI_6439,2020,11,83.45
KMI_6439,2020,12,52.14
KMI_6439,2020,13,12.85
KMI_6439,2020,14,1.02
KMI_6439,2020,15,59.77
KMI_6439,2020,16,144.98
KMI_6439,2020,17,0.0
KMI_6439,2020,18,105.57
KMI_6439,2020,19,18.36
KMI_6439,2020,20,54.56
KMI_6439,2020,21,15.12
KMI_6439,2020,22,1.95
KMI_6439,2020,23,2.85
KMI_6439,2020,24,20.16
KMI_6439,2021,1,9.26
KMI_6439,2021,2,33.16
KMI_6439,2021,3,61.72
KMI_6439,2021,4,5.09
KMI_6439,2021,5,11.0
KMI_6439,2021,6,1.38
KMI_6439,2021,7,7.37
KMI_6439,2021,8,0.0
KMI_6439,2021,9,20.69
KMI_6439,2021,10,60.22
KMI_6439,2021,11,93.14
KMI_6439,2021,12,585.14
KMI_6439,2021,13,174.99
KMI_6439,2021,14,72.18
KMI_6439,2021,15,66.5
KMI_6439,2021,16,264.84
KMI_6439,2021,17,0.32
KMI_6439,2021,18,4.03
KMI_6439,2021,19,38.24
KMI_6439,2021,20,28.08
KMI_6439,2021,21,4.72
KMI_6439,2021,22,28.95
KMI_6439,2021,23,6.15
KMI_6439,2021,24,48.0
KMI_6439,2022,1,16.65
KMI_6439,2022,2,3.2
KMI_6439,2022,3,55.04
KMI_6439,2022,4,40.18
KMI_6439,2022,5,0.0
KMI_6439,2022,6,0.0
KMI_6439,2022,7,4.65
KMI_6439,2022,8,0.0
KMI_6439,2022,9,0.0
KMI_6439,2022,10,123.29
KMI_6439,2022,11,22.81
KMI_6439,2022,12,334.94
KMI_6439,2022,13,0.0
KMI_6439,2022,14,50.32
KMI_6439,2022,15,3.23
KMI_6439,2022,16,1.39
KMI_6439,2022,17,251.8
KMI_6439,2022,18,54.98
KMI_6439,2022,19,10.93
KMI_6439,2022,20,30.17
KMI_6439,2022,21,7.18
KMI_6439,2022,22,21.44
KMI_6439,2022,23,0.48
KMI_6439,2022,24,44.26
KMI_6439,2023,1,14.84
KMI_6439,2023,2,34.62
KMI_6439,2023,3,0.16
KMI_6439,2023,4,0.14
KMI_6439,2023,5,58.61
KMI_6439,2023,6,22.35
KMI_6439,2023,7,9.22
KMI_6439,2023,8,4.06
KMI_6439,2023,9,73.46
KMI_6439,2023,10,0.0
KMI_6439,2023,11,0.0
KMI_6439,2023,12,104.88
KMI_6439,2023,13,87.18
KMI_6439,2023,14,303.54
KMI_6439,2023,15,141.61
KMI_6439,2023,16,159.39
KMI_6439,2023,17,0.0
KMI_6439,2023,18,78.9
KMI_6439,2023,19,44.6
KMI_6439,2023,20,89.05
KMI_6439,2023,21,80.67
KMI_6439,2023,22,24.33
KMI_6439,2023,23,14.4
KMI_6439,2023,24,34.67
KMI_6439,2024,1,36.51
KMI_6439,2024,2,7.75
KMI_6439,2024,3,35.79
KMI_6439,2024,4,16.51
KMI_6439,2024,5,20.81
KMI_6439,2024,6,7.75
KMI_6439,2024,7,13.62
KMI_6439,2024,8,13.09
KMI_6439,2024,9,99.6
KMI_6439,2024,10,131.79
KMI_6439,2024,11,13.22
KMI_6439,2024,12,213.28
KMI_6439,2024,13,870.14
KMI_6439,2024,14,4.19
KMI_6439,2024,15,229.42
KMI_6439,2024,16,47.88
KMI_6439,2024,17,278.18
KMI_6439,2024,18,30.86
KMI_6439,2024,19,21.27
KMI_6439,2024,20,17.37
KMI_6439,2024,21,0.18
KMI_6439,2024,22,56.03
KMI_6439,2024,23,34.6
KMI_6439,2024,24,19.62
KMI_6447,1898,1,1.21
KMI_6447,1898,2,2.99
KMI_6447,1898,3,7.24
KMI_6447,1898,4,23.9
KMI_6447,1898,5,13.07
KMI_6447,1898,6,7.23
KMI_6447,1898,7,14.7
KMI_6447,1898,8,4.69
KMI_6447,1898,9,23.59
KMI_6447,1898,10,8.04
KMI_6447,1898,11,170.06
KMI_6447,1898,12,101.02
KMI_6447,1898,13,8.96
KMI_6447,1898,14,7.06
KMI_6447,1898,15,179.22
KMI_6447,1898,16,15.5
KMI_6447,1898,17,0.38
KMI_6447,1898,18,4.45
KMI_6447,1898,19,7.9
KMI_6447,1898,20,13.62
KMI_6447,1898,21,2.44
KMI_6447,1898,22,13.66
KMI_6447,1898,23,3.49
KMI_6447,1898,24,1.24
KMI_6447,1899,1,23.42
KMI_6447,1899,2,2.16
KMI_6447,1899,3,4.44
KMI_6447,1899,4,0.56
KMI_6447,1899,5,0.0
KMI_6447,1899,6,2.47
KMI_6447,1899,7,20.37
KMI_6447,1899,8,9.23
KMI_6447,1899,9,17.09
KMI_6447,1899,10,65.08
KMI_6447,1899,11,0.0
KMI_6447,1899,12,25.79
KMI_6447,1899,13,181.07
KMI_6447,1899,14,82.96
KMI_6447,1899,15,24.24
KMI_6447,1899,16,15.32
KMI_6447,1899,17,652.87
KMI_6447,1899,18,78.23
KMI_6447,1899,19,76.4
KMI_6447,1899,20,4.34
KMI_6447,1899,21,15.38
KMI_6447,1899,22,0.0
KMI_6447,1899,23,16.15
KMI_6447,1899,24,4.99
KMI_6447,1900,1,9.75
KMI_6447,1900,2,12.21
KMI_6447,1900,3,13.17
KMI_6447,1900,4,4.67
KMI_6447,1900,5,0.0
KMI_6447,1900,6,3.52
KMI_6447,1900,7,16.62
KMI_6447,1900,8,0.0
KMI_6447,1900,9,4.47
KMI_6447,1900,10,52.86
KMI_6447,1900,11,19.13
KMI_6447,1900,12,43.2
KMI_6447,1900,13,30.36
KMI_6447,1900,14,136.68
KMI_6447,1900,15,17.39
KMI_6447,1900,16,31.24
KMI_6447,1900,17,2.15
KMI_6447,1900,18,85.36
KMI_6447,1900,19,56.02
KMI_6447,1900,20,51.15
KMI_6447,1900,21,10.49
KMI_6447,1900,22,3.08
KMI_6447,1900,23,162.06
KMI_6447,1900,24,11.11
KMI_6447,1901,1,0.41
KMI_6447,1901,2,31.44
KMI_6447,1901,3,3.76
KMI_6447,1901,4,3.61
KMI_6447,1901,5,48.73
KMI_6447,1901,6,21.87
KMI_6447,1901,7,30.83
KMI_6447,1901,8,9.67
KMI_6447,1901,9,1.53
KMI_6447,1901,10,0.0
KMI_6447,1901,11,48.85
KMI_6447,1901,12,55.99
KMI_6447,1901,13,2.82
KMI_6447,1901,14,384.73
KMI_6447,1901,15,86.04
KMI_6447,1901,16,26.66
KMI_6447,1901,17,17.98
KMI_6447,1901,18,14.31
KMI_6447,1901,19,71.84
KMI_6447,1901,20,1.99
KMI_6447,1901,21,1.07
KMI_6447,1901,22,11.17
KMI_6447,1901,23,22.25
KMI_6447,1901,24,5.75
KMI_6447,1902,1,6.29
KMI_6447,1902,2,10.93
KMI_6447,1902,3,11.57
KMI_6447,1902,4,5.98
KMI_6447,1902,5,3.32
KMI_6447,1902,6,4.63
KMI_6447,1902,7,19.78
KMI_6447,1902,8,8.75
KMI_6447,1902,9,10.71
KMI_6447,1902,10,33.88
KMI_6447,1902,11,14.03
KMI_6447,1902,12,49.37
KMI_6447,1902,13,26.47
KMI_6447,1902,14,103.12
KMI_6447,1902,15,64.46
KMI_6447,1902,16,135.99
KMI_6447,1902,17,706.86
KMI_6447,1902,18,20.69
KMI_6447,1902,19,14.15
KMI_6447,1902,20,57.94
KMI_6447,1902,21,4.71
KMI_6447,1902,22,6.39
KMI_6447,1902,23,6.23
KMI_6447,1902,24,32.65
KMI_6447,1903,1,30.56
KMI_6447,1903,2,0.41
KMI_6447,1903,3,2.3
KMI_6447,1903,4,3.87
KMI_6447,1903,5,12.56
KMI_6447,1903,6,9.1
KMI_6447,1903,7,13.36
KMI_6447,1903,8,45.49
KMI_6447,1903,9,16.4
KMI_6447,1903,10,6.21
KMI_6447,1903,11,50.51
KMI_6447,1903,12,7.31
KMI_6447,1903,13,0.14
KMI_6447,1903,14,247.66
KMI_6447,1903,15,40.35
KMI_6447,1903,16,24.35
KMI_6447,1903,17,49.58
KMI_6447,1903,18,26.49
KMI_6447,1903,19,414.78
KMI_6447,1903,20,17.72
KMI_6447,1903,21,2.74
KMI_6447,1903,22,13.87
KMI_6447,1903,23,7.49
KMI_6447,1903,24,0.07
KMI_6447,1904,1,19.72
KMI_6447,1904,2,1.08
KMI_6447,1904,3,31.76
KMI_6447,1904,4,7.8
KMI_6447,1904,5,10.82
KMI_6447,1904,6,16.73
KMI_6447,1904,7,4.64
KMI_6447,1904,8,0.91
KMI_6447,1904,9,30.14
KMI_6447,1904,10,1.01
KMI_6447,1904,11,11.82
KMI_6447,1904,12,13.9
KMI_6447,1904,13,0.52
KMI_6447,1904,14,121.14
KMI_6447,1904,15,27.8
KMI_6447,1904,16,42.79
KMI_6447,1904,17,263.92
KMI_6447,1904,18,3.63
KMI_6447,1904,19,16.53
KMI_6447,1904,20,1.07
KMI_6447,1904,21,26.38
KMI_6447,1904,22,10.67
KMI_6447,1904,23,57.08
KMI_6447,1904,24,9.88
KMI_6447,1905,1,6.48
KMI_6447,1905,2,4.73
KMI_6447,1905,3,2.19
KMI_6447,1905,4,2.01
KMI_6447,1905,5,19.18
KMI_6447,1905,6,41.8
KMI_6447,1905,7,38.52
KMI_6447,1905,8,9.99
KMI_6447,1905,9,53.17
KMI_6447,1905,10,136.38
KMI_6447,1905,11,55.43
KMI_6447,1905,12,18.77
KMI_6447,1905,13,299.54
KMI_6447,1905,14,35.94
KMI_6447,1905,15,117.22
KMI_6447,1905,16,299.49
KMI_6447,1905,17,7.11
KMI_6447,1905,18,72.09
KMI_6447,1905,19,59.55
KMI_6447,1905,20,24.6
KMI_6447,1905,21,16.33
KMI_6447,1905,22,18.43
KMI_6447,1905,23,4.54
KMI_6447,1905,24,4.03
KMI_6447,1906,1,45.64
KMI_6447,1906,2,16.83
KMI_6447,1906,3,12.0
KMI_6447,1906,4,11.91
KMI_6447,1906,5,11.05
KMI_6447,1906,6,12.48
KMI_6447,1906,7,0.0
KMI_6447,1906,8,20.99
KMI_6447,1906,9,92.56
KMI_6447,1906,10,20.06
KMI_6447,1906,11,5.57
KMI_6447,1906,12,17.65
KMI_6447,1906,13,279.97
KMI_6447,1906,14,57.49
KMI_6447,1906,15,6.26
KMI_6447,1906,16,18.57
KMI_6447,1906,17,29.75
KMI_6447,1906,18,47.87
KMI_6447,1906,19,23.58
KMI_6447,1906,20,2.74
KMI_6447,1906,21,16.18
KMI_6447,1906,22,21.93
KMI_6447,1906,23,13.05
KMI_6447,1906,24,4.85
KMI_6447,1907,1,3.72
KMI_6447,1907,2,13.16
KMI_6447,1907,3,0.96
KMI_6447,1907,4,25.97
KMI_6447,1907,5,16.87
KMI_6447,1907,6,3.09
KMI_6447,1907,7,39.26
KMI_6447,1907,8,6.31
KMI_6447,1907,9,17.35
KMI_6447,1907,10,57.48
KMI_6447,1907,11,27.8
KMI_6447,1907,12,10.28
KMI_6447,1907,13,44.2
KMI_6447,1907,14,20.64
KMI_6447,1907,15,98.77
KMI_6447,1907,16,11.12
KMI_6447,1907,17,5.22
KMI_6447,1907,18,2.99
KMI_6447,1907,19,32.67
KMI_6447,1907,20,18.99
KMI_6447,1907,21,6.92
KMI_6447,1907,22,7.79
KMI_6447,1907,23,19.99
KMI_6447,1907,24,0.28
KMI_6447,1908,1,2.62
KMI_6447,1908,2,7.08
KMI_6447,1908,3,3.65
KMI_6447,1908,4,18.09
KMI_6447,1908,5,8.49
KMI_6447,1908,6,3.02
KMI_6447,1908,7,4.07
KMI_6447,1908,8,10.71
KMI_6447,1908,9,38.16
KMI_6447,1908,10,144.59
KMI_6447,1908,11,137.43
KMI_6447,1908,12,53.3
KMI_6447,1908,13,19.37
KMI_6447,1908,14,120.05
KMI_6447,1908,15,60.6
KMI_6447,1908,16,58.4
KMI_6447,1908,17,42.99
KMI_6447,1908,18,18.42
KMI_6447,1908,19,8.47
KMI_6447,1908,20,0.25
KMI_6447,1908,21,19.54
KMI_6447,1908,22,31.73
KMI_6447,1908,23,11.42
KMI_6447,1908,24,0.0
KMI_6447,1909,1,6.45
KMI_6447,1909,2,5.96
KMI_6447,1909,3,6.18
KMI_6447,1909,4,0.13
KMI_6447,1909,5,1.75
KMI_6447,1909,6,34.56
KMI_6447,1909,7,26.69
KMI_6447,1909,8,44.95
KMI_6447,1909,9,0.0
KMI_6447,1909,10,8.37
KMI_6447,1909,11,17.22
KMI_6447,1909,12,50.43
KMI_6447,1909,13,60.71
KMI_6447,1909,14,66.68
KMI_6447,1909,15,2.52
KMI_6447,1909,16,48.6
KMI_6447,1909,17,28.3
KMI_6447,1909,18,40.85
KMI_6447,1909,19,29.95
KMI_6447,1909,20,19.61
KMI_6447,1909,21,1.27
KMI_6447,1909,22,11.14
KMI_6447,1909,23,20.94
KMI_6447,1909,24,82.45
KMI_6447,1910,1,9.08
KMI_6447,1910,2,25.08
KMI_6447,1910,3,19.34
KMI_6447,1910,4,39.66
KMI_6447,1910,5,12.14
KMI_6447,1910,6,5.5
KMI_6447,1910,7,20.92
KMI_6447,1910,8,8.26
KMI_6447,1910,9,34.75
KMI_6447,1910,10,228.12
KMI_6447,1910,11,74.11
KMI_6447,1910,12,51.02
KMI_6447,1910,13,61.76
KMI_6447,1910,14,340.22
KMI_6447,1910,15,91.44
KMI_6447,1910,16,77.73
KMI_6447,1910,17,69.91
KMI_6447,1910,18,28.8
KMI_6447,1910,19,16.48
KMI_6447,1910,20,21.34
KMI_6447,1910,21,100.69
KMI_6447,1910,22,9.86
KMI_6447,1910,23,16.93
KMI_6447,1910,24,17.61
KMI_6447,1911,1,8.04
KMI_6447,1911,2,0.0
KMI_6447,1911,3,0.97
KMI_6447,1911,4,14.93
KMI_6447,1911,5,66.59
KMI_6447,1911,6,11.1
KMI_6447,1911,7,0.94
KMI_6447,1911,8,21.11
KMI_6447,1911,9,36.93
KMI_6447,1911,10,19.8
KMI_6447,1911,11,13.2
KMI_6447,1911,12,73.25
KMI_6447,1911,13,4.2
KMI_6447,1911,14,0.87
KMI_6447,1911,15,0.0
KMI_6447,1911,16,49.82
KMI_6447,1911,17,0.58
KMI_6447,1911,18,148.49
KMI_6447,1911,19,11.84
KMI_6447,1911,20,30.69
KMI_6447,1911,21,12.27
KMI_6447,1911,22,19.93
KMI_6447,1911,23,7.06
KMI_6447,1911,24,44.37
KMI_6447,1912,1,23.24
KMI_6447,1912,2,3.7
KMI_6447,1912,3,6.26
KMI_6447,1912,4,12.37
KMI_6447,1912,5,19.7
KMI_6447,1912,6,33.96
KMI_6447,1912,7,8.36
KMI_6447,1912,8,0.0
KMI_6447,1912,9,5.74
KMI_6447,1912,10,8.58
KMI_6447,1912,11,20.04
KMI_6447,1912,12,75.23
KMI_6447,1912,13,26.02
KMI_6447,1912,14,472.17
KMI_6447,1912,15,52.28
KMI_6447,1912,16,168.56
KMI_6447,1912,17,44.5
KMI_6447,1912,18,10.3
KMI_6447,1912,19,39.29
KMI_6447,1912,20,14.36
KMI_6447,1912,21,41.06
KMI_6447,1912,22,21.35
KMI_6447,1912,23,42.74
KMI_6447,1912,24,13.69
KMI_6447,1913,1,7.49
KMI_6447,1913,2,23.97
KMI_6447,1913,3,6.01
KMI_6447,1913,4,1.51
KMI_6447,1913,5,24.24
KMI_6447,1913,6,48.42
KMI_6447,1913,7,32.89
KMI_6447,1913,8,14.77
KMI_6447,1913,9,37.37
KMI_6447,1913,10,190.39
KMI_6447,1913,11,41.22
KMI_6447,1913,12,37.19
KMI_6447,1913,13,3.36
KMI_6447,1913,14,199.57
KMI_6447,1913,15,11.86
KMI_6447,1913,16,8.14
KMI_6447,1913,17,6.76
KMI_6447,1913,18,29.0
KMI_6447,1913,19,25.12
KMI_6447,1913,20,0.31
KMI_6447,1913,21,70.5
KMI_6447,1913,22,3.2
KMI_6447,1913,23,18.18
KMI_6447,1913,24,7.65
KMI_6447,1914,1,78.78
KMI_6447,1914,2,1.81
KMI_6447,1914,3,9.35
KMI_6447,1914,4,10.21
KMI_6447,1914,5,58.93
KMI_6447,1914,6,19.33
KMI_6447,1914,7,23.1
KMI_6447,1914,8,6.35
KMI_6447,1914,9,19.76
KMI_6447,1914,10,44.33
KMI_6447,1914,11,58.25
KMI_6447,1914,12,42.67
KMI_6447,1914,13,44.11
KMI_6447,1914,14,847.4
KMI_6447,1914,15,120.16
KMI_6447,1914,16,1.33
KMI_6447,1914,17,27.79
KMI_6447,1914,18,60.36
KMI_6447,1914,19,1.84
KMI_6447,1914,20,10.57
KMI_6447,1914,21,55.77
KMI_6447,1914,22,6.28
KMI_6447,1914,23,23.51
KMI_6447,1914,24,24.98
KMI_6447,1915,1,42.75
KMI_6447,1915,2,16.95
KMI_6447,1915,3,18.61
KMI_6447,1915,4,49.96
KMI_6447,1915,5,12.62
KMI_6447,1915,6,3.64
KMI_6447,1915,7,39.84
KMI_6447,1915,8,1.76
KMI_6447,1915,9,107.38
KMI_6447,1915,10,5.24
KMI_6447,1915,11,226.47
KMI_6447,1915,12,5.61
KMI_6447,1915,13,21.77
KMI_6447,1915,14,39.72
KMI_6447,1915,15,173.8
KMI_6447,1915,16,128.45
KMI_6447,1915,17,34.17
KMI_6447,1915,18,33.66
KMI_6447,1915,19,6.88
KMI_6447,1915,20,9.79
KMI_6447,1915,21,45.0
KMI_6447,1915,22,13.5
KMI_6447,1915,23,48.5
KMI_6447,1915,24,26.85
KMI_6447,1916,1,21.19
KMI_6447,1916,2,7.7
KMI_6447,1916,3,23.0
KMI_6447,1916,4,16.65
KMI_6447,1916,5,13.37
KMI_6447,1916,6,20.92
KMI_6447,1916,7,17.94
KMI_6447,1916,8,76.99
KMI_6447,1916,9,47.69
KMI_6447,1916,10,19.43
KMI_6447,1916,11,112.86
KMI_6447,1916,12,55.32
KMI_6447,1916,13,680.44
KMI_6447,1916,14,7.76
KMI_6447,1916,15,13.36
KMI_6447,1916,16,236.8
KMI_6447,1916,17,64.14
KMI_6447,1916,18,72.23
KMI_6447,1916,19,4.62
KMI_6447,1916,20,29.26
KMI_6447,1916,21,47.78
KMI_6447,1916,22,9.18
KMI_6447,1916,23,26.43
KMI_6447,1916,24,85.91
KMI_6447,1917,1,14.5
KMI_6447,1917,2,2.66
KMI_6447,1917,3,0.0
KMI_6447,1917,4,4.84
KMI_6447,1917,5,3.89
KMI_6447,1917,6,24.59
KMI_6447,1917,7,29.31
KMI_6447,1917,8,5.34
KMI_6447,1917,9,96.54
KMI_6447,1917,10,303.99
KMI_6447,1917,11,169.34
KMI_6447,1917,12,106.56
KMI_6447,1917,13,16.85
KMI_6447,1917,14,265.86
KMI_6447,1917,15,129.46
KMI_6447,1917,16,16.77
KMI_6447,1917,17,4.3
KMI_6447,1917,18,8.97
KMI_6447,1917,19,110.19
KMI_6447,1917,20,22.15
KMI_6447,1917,21,5.78
KMI_6447,1917,22,33.68
KMI_6447,1917,23,4.44
KMI_6447,1917,24,2.84
KMI_6447,1918,1,101.84
KMI_6447,1918,2,11.93
KMI_6447,1918,3,9.65
KMI_6447,1918,4,7.29
KMI_6447,1918,5,0.0
KMI_6447,1918,6,26.03
KMI_6447,1918,7,11.86
KMI_6447,1918,8,12.48
KMI_6447,1918,9,2.8
KMI_6447,1918,10,104.73
KMI_6447,1918,11,2.82
KMI_6447,1918,12,17.78
KMI_6447,1918,13,31.59
KMI_6447,1918,14,111.26
KMI_6447,1918,15,57.76
KMI_6447,1918,16,274.95
KMI_6447,1918,17,118.27
KMI_6447,1918,18,97.16
KMI_6447,1918,19,14.94
KMI_6447,1918,20,15.72
KMI_6447,1918,21,12.18
KMI_6447,1918,22,3.65
KMI_6447,1918,23,33.53
KMI_6447,1918,24,37.17
KMI_6447,1919,1,14.26
KMI_6447,1919,2,2.9
KMI_6447,1919,3,2.12
KMI_6447,1919,4,14.46
KMI_6447,1919,5,73.21
KMI_6447,1919,6,9.33
KMI_6447,1919,7,30.24
KMI_6447,1919,8,33.11
KMI_6447,1919,9,19.17
KMI_6447,1919,10,0.0
KMI_6447,1919,11,2.66
KMI_6447,1919,12,27.94
KMI_6447,1919,13,76.57
KMI_6447,1919,14,292.03
KMI_6447,1919,15,2.48
KMI_6447,1919,16,31.97
KMI_6447,1919,17,63.93
KMI_6447,1919,18,43.25
KMI_6447,1919,19,54.36
KMI_6447,1919,20,9.27
KMI_6447,1919,21,27.99
KMI_6447,1919,22,22.99
KMI_6447,1919,23,39.34
KMI_6447,1919,24,65.01
KMI_6447,1920,1,94.05
KMI_6447,1920,2,18.4
KMI_6447,1920,3,9.65
KMI_6447,1920,4,7.12
KMI_6447,1920,5,5.64
KMI_6447,1920,6,2.11
KMI_6447,1920,7,38.36
KMI_6447,1920,8,33.82
KMI_6447,1920,9,97.39
KMI_6447,1920,10,53.56
KMI_6447,1920,11,15.33
KMI_6447,1920,12,11.01
KMI_6447,1920,13,579.48
KMI_6447,1920,14,147.38
KMI_6447,1920,15,35.4
KMI_6447,1920,16,51.78
KMI_6447,1920,17,36.61
KMI_6447,1920,18,9.7
KMI_6447,1920,19,1.31
KMI_6447,1920,20,8.48
KMI_6447,1920,21,30.86
KMI_6447,1920,22,1.31
KMI_6447,1920,23,10.89
KMI_6447,1920,24,10.79
KMI_6447,1921,1,29.83
KMI_6447,1921,2,24.17
KMI_6447,1921,3,0.41
KMI_6447,1921,4,0.78
KMI_6447,1921,5,2.77
KMI_6447,1921,6,9.41
KMI_6447,1921,7,7.45
KMI_6447,1921,8,7.93
KMI_6447,1921,9,3.46
KMI_6447,1921,10,1.49
KMI_6447,1921,11,3.68
KMI_6447,1921,12,2.02
KMI_6447,1921,13,0.0
KMI_6447,1921,14,2.7
KMI_6447,1921,15,10.72
KMI_6447,1921,16,1.2
KMI_6447,1921,17,13.19
KMI_6447,1921,18,1.07
KMI_6447,1921,19,1.14
KMI_6447,1921,20,35.76
KMI_6447,1921,21,57.86
KMI_6447,1921,22,0.0
KMI_6447,1921,23,3.13
KMI_6447,1921,24,21.65
KMI_6447,1922,1,29.58
KMI_6447,1922,2,9.47
KMI_6447,1922,3,14.4
KMI_6447,1922,4,4.74
KMI_6447,1922,5,13.89
KMI_6447,1922,6,5.23
KMI_6447,1922,7,74.61
KMI_6447,1922,8,11.67
KMI_6447,1922,9,4.27
KMI_6447,1922,10,0.0
KMI_6447,1922,11,1192.73
KMI_6447,1922,12,23.39
KMI_6447,1922,13,124.91
KMI_6447,1922,14,45.84
KMI_6447,1922,15,100.66
KMI_6447,1922,16,44.76
KMI_6447,1922,17,31.83
KMI_6447,1922,18,38.62
KMI_6447,1922,19,46.84
KMI_6447,1922,20,3.83
KMI_6447,1922,21,20.59
KMI_6447,1922,22,14.24
KMI_6447,1922,23,4.55
KMI_6447,1922,24,14.69
KMI_6447,1923,1,2.84
KMI_6447,1923,2,14.13
KMI_6447,1923,3,16.79
KMI_6447,1923,4,34.22
KMI_6447,1923,5,7.74
KMI_6447,1923,6,12.0
KMI_6447,1923,7,1.43
KMI_6447,1923,8,4.4
KMI_6447,1923,9,163.31
KMI_6447,1923,10,25.59
KMI_6447,1923,11,8.99
KMI_6447,1923,12,4.22
KMI_6447,1923,13,948.8
KMI_6447,1923,14,24.1
KMI_6447,1923,15,1.33
KMI_6447,1923,16,58.34
KMI_6447,1923,17,0.54
KMI_6447,1923,18,42.12
KMI_6447,1923,19,101.73
KMI_6447,1923,20,59.96
KMI_6447,1923,21,37.29
KMI_6447,1923,22,20.87
KMI_6447,1923,23,9.16
KMI_6447,1923,24,48.83
KMI_6447,1924,1,8.23
KMI_6447,1924,2,7.46
KMI_6447,1924,3,2.99
KMI_6447,1924,4,3.39
KMI_6447,1924,5,9.23
KMI_6447,1924,6,9.87
KMI_6447,1924,7,16.19
KMI_6447,1924,8,19.7
KMI_6447,1924,9,109.87
KMI_6447,1924,10,72.63
KMI_6447,1924,11,31.15
KMI_6447,1924,12,21.31
KMI_6447,1924,13,3.51
KMI_6447,1924,14,84.85
KMI_6447,1924,15,137.25
KMI_6447,1924,16,94.03
KMI_6447,1924,17,15.77
KMI_6447,1924,18,124.3
KMI_6447,1924,19,11.39
KMI_6447,1924,20,61.24
KMI_6447,1924,21,40.18
KMI_6447,1924,22,11.19
KMI_6447,1924,23,12.1
KMI_6447,1924,24,15.93
KMI_6447,1925,1,34.85
KMI_6447,1925,2,27.39
KMI_6447,1925,3,10.67
KMI_6447,1925,4,12.62
KMI_6447,1925,5,7.74
KMI_6447,1925,6,6.1
KMI_6447,1925,7,7.29
KMI_6447,1925,8,33.05
KMI_6447,1925,9,24.84
KMI_6447,1925,10,14.91
KMI_6447,1925,11,0.0
KMI_6447,1925,12,24.15
KMI_6447,1925,13,79.6
KMI_6447,1925,14,143.83
KMI_6447,1925,15,21.38
KMI_6447,1925,16,229.99
KMI_6447,1925,17,54.7
KMI_6447,1925,18,24.96
KMI_6447,1925,19,4.62
KMI_6447,1925,20,42.74
KMI_6447,1925,21,31.27
KMI_6447,1925,22,37.71
KMI_6447,1925,23,0.93
KMI_6447,1925,24,80.23
KMI_6447,1926,1,18.64
KMI_6447,1926,2,4.7
KMI_6447,1926,3,15.48
KMI_6447,1926,4,40.02
KMI_6447,1926,5,7.14
KMI_6447,1926,6,18.72
KMI_6447,1926,7,1.99
KMI_6447,1926,8,6.55
KMI_6447,1926,9,9.67
KMI_6447,1926,10,67.11
KMI_6447,1926,11,88.43
KMI_6447,1926,12,5.76
KMI_6447,1926,13,167.14
KMI_6447,1926,14,103.65
KMI_6447,1926,15,129.91
KMI_6447,1926,16,79.67
KMI_6447,1926,17,24.67
KMI_6447,1926,18,64.84
KMI_6447,1926,19,106.86
KMI_6447,1926,20,89.72
KMI_6447,1926,21,34.18
KMI_6447,1926,22,3.85
KMI_6447,1926,23,4.19
KMI_6447,1926,24,25.13
KMI_6447,1927,1,16.9
KMI_6447,1927,2,11.38
KMI_6447,1927,3,15.09
KMI_6447,1927,4,19.27
KMI_6447,1927,5,13.17
KMI_6447,1927,6,44.12
KMI_6447,1927,7,19.99
KMI_6447,1927,8,8.08
KMI_6447,1927,9,0.0
KMI_6447,1927,10,113.4
KMI_6447,1927,11,12.11
KMI_6447,1927,12,17.27
KMI_6447,1927,13,53.66
KMI_6447,1927,14,24.7
KMI_6447,1927,15,35.33
KMI_6447,1927,16,53.21
KMI_6447,1927,17,136.54
KMI_6447,1927,18,12.65
KMI_6447,1927,19,1.64
KMI_6447,1927,20,4.93
KMI_6447,1927,21,19.48
KMI_6447,1927,22,2.56
KMI_6447,1927,23,2.58
KMI_6447,1927,24,45.89
KMI_6447,1928,1,16.08
KMI_6447,1928,2,11.88
KMI_6447,1928,3,37.01
KMI_6447,1928,4,0.61
KMI_6447,1928,5,0.0
KMI_6447,1928,6,12.39
KMI_6447,1928,7,19.07
KMI_6447,1928,8,112.4
KMI_6447,1928,9,9.75
KMI_6447,1928,10,150.34
KMI_6447,1928,11,34.05
KMI_6447,1928,12,21.94
KMI_6447,1928,13,6.14
KMI_6447,1928,14,35.76
KMI_6447,1928,15,59.3
KMI_6447,1928,16,217.9
KMI_6447,1928,17,8.12
KMI_6447,1928,18,7.85
KMI_6447,1928,19,15.04
KMI_6447,1928,20,67.37
KMI_6447,1928,21,25.31
KMI_6447,1928,22,114.56
KMI_6447,1928,23,3.9
KMI_6447,1928,24,30.23
KMI_6447,1929,1,3.81
KMI_6447,1929,2,1.0
KMI_6447,1929,3,1.82
KMI_6447,1929,4,1.19
KMI_6447,1929,5,0.16
KMI_6447,1929,6,0.24
KMI_6447,1929,7,23.62
KMI_6447,1929,8,5.24
KMI_6447,1929,9,1.25
KMI_6447,1929,10,1.12
KMI_6447,1929,11,250.53
KMI_6447,1929,12,13.52
KMI_6447,1929,13,8.13
KMI_6447,1929,14,5.88
KMI_6447,1929,15,8.79
KMI_6447,1929,16,2.12
KMI_6447,1929,17,6.71
KMI_6447,1929,18,55.59
KMI_6447,1929,19,64.86
KMI_6447,1929,20,5.3
KMI_6447,1929,21,32.15
KMI_6447,1929,22,17.73
KMI_6447,1929,23,60.63
KMI_6447,1929,24,6.5
KMI_6447,1930,1,13.05
KMI_6447,1930,2,1.41
KMI_6447,1930,3,7.72
KMI_6447,1930,4,0.0
KMI_6447,1930,5,4.06
KMI_6447,1930,6,0.48
KMI_6447,1930,7,25.7
KMI_6447,1930,8,11.93
KMI_6447,1930,9,72.69
KMI_6447,1930,10,35.33
KMI_6447,1930,11,2.3
KMI_6447,1930,12,241.95
KMI_6447,1930,13,574.78
KMI_6447,1930,14,158.58
KMI_6447,1930,15,68.17
KMI_6447,1930,16,10.53
KMI_6447,1930,17,51.6
KMI_6447,1930,18,9.19
KMI_6447,1930,19,24.62
KMI_6447,1930,20,17.45
KMI_6447,1930,21,79.29
KMI_6447,1930,22,53.58
KMI_6447,1930,23,5.39
KMI_6447,1930,24,14.3
KMI_6447,1931,1,9.91
KMI_6447,1931,2,20.03
KMI_6447,1931,3,13.84
KMI_6447,1931,4,33.62
KMI_6447,1931,5,0.85
KMI_6447,1931,6,13.44
KMI_6447,1931,7,9.26
KMI_6447,1931,8,25.63
KMI_6447,1931,9,2.11
KMI_6447,1931,10,300.06
KMI_6447,1931,11,43.49
KMI_6447,1931,12,0.37
KMI_6447,1931,13,170.14
KMI_6447,1931,14,76.5
KMI_6447,1931,15,97.1
KMI_6447,1931,16,147.88
KMI_6447,1931,17,94.26
KMI_6447,1931,18,1.52
KMI_6447,1931,19,13.28
KMI_6447,1931,20,19.59
KMI_6447,1931,21,14.55
KMI_6447,1931,22,1.83
KMI_6447,1931,23,8.84
KMI_6447,1931,24,4.21
KMI_6447,1932,1,33.03
KMI_6447,1932,2,0.18
KMI_6447,1932,3,2.01
KMI_6447,1932,4,1.57
KMI_6447,1932,5,3.08
KMI_6447,1932,6,20.82
KMI_6447,1932,7,30.31
KMI_6447,1932,8,50.32
KMI_6447,1932,9,17.95
KMI_6447,1932,10,42.91
KMI_6447,1932,11,11.73
KMI_6447,1932,12,0.58
KMI_6447,1932,13,44.44
KMI_6447,1932,14,57.63
KMI_6447,1932,15,5.25
KMI_6447,1932,16,179.61
KMI_6447,1932,17,73.8
KMI_6447,1932,18,483.68
KMI_6447,1932,19,136.34
KMI_6447,1932,20,102.57
KMI_6447,1932,21,0.15
KMI_6447,1932,22,11.48
KMI_6447,1932,23,7.02
KMI_6447,1932,24,2.96
KMI_6447,1933,1,5.85
KMI_6447,1933,2,0.88
KMI_6447,1933,3,8.13
KMI_6447,1933,4,2.47
KMI_6447,1933,5,10.9
KMI_6447,1933,6,23.24
KMI_6447,1933,7,0.48
KMI_6447,1933,8,3.36
KMI_6447,1933,9,24.71
KMI_6447,1933,10,75.72
KMI_6447,1933,11,36.82
KMI_6447,1933,12,59.76
KMI_6447,1933,13,123.96
KMI_6447,1933,14,21.12
KMI_6447,1933,15,18.95
KMI_6447,1933,16,40.7
KMI_6447,1933,17,89.3
KMI_6447,1933,18,32.76
KMI_6447,1933,19,12.7
KMI_6447,1933,20,72.93
KMI_6447,1933,21,12.68
KMI_6447,1933,22,1.72
KMI_6447,1933,23,0.98
KMI_6447,1933,24,0.66
KMI_6447,1934,1,9.35
KMI_6447,1934,2,15.39
KMI_6447,1934,3,0.0
KMI_6447,1934,4,1.19
KMI_6447,1934,5,22.06
KMI_6447,1934,6,4.19
KMI_6447,1934,7,6.74
KMI_6447,1934,8,82.98
KMI_6447,1934,9,22.96
KMI_6447,1934,10,0.48
KMI_6447,1934,11,41.69
KMI_6447,1934,12,77.18
KMI_6447,1934,13,3.96
KMI_6447,1934,14,18.29
KMI_6447,1934,15,34.57
KMI_6447,1934,16,22.06
KMI_6447,1934,17,0.0
KMI_6447,1934,18,18.9
KMI_6447,1934,19,36.37
KMI_6447,1934,20,54.2
KMI_6447,1934,21,23.88
KMI_6447,1934,22,0.47
KMI_6447,1934,23,18.98
KMI_6447,1934,24,34.06
KMI_6447,1935,1,25.04
KMI_6447,1935,2,10.06
KMI_6447,1935,3,18.48
KMI_6447,1935,4,12.95
KMI_6447,1935,5,0.0
KMI_6447,1935,6,4.95
KMI_6447,1935,7,85.16
KMI_6447,1935,8,17.1
KMI_6447,1935,9,4.9
KMI_6447,1935,10,11.53
KMI_6447,1935,11,200.14
KMI_6447,1935,12,26.38
KMI_6447,1935,13,0.0
KMI_6447,1935,14,3.35
KMI_6447,1935,15,39.85
KMI_6447,1935,16,146.74
KMI_6447,1935,17,137.95
KMI_6447,1935,18,76.23
KMI_6447,1935,19,72.91
KMI_6447,1935,20,33.93
KMI_6447,1935,21,1.3
KMI_6447,1935,22,66.52
KMI_6447,1935,23,21.54
KMI_6447,1935,24,8.93
KMI_6447,1936,1,8.6
KMI_6447,1936,2,56.16
KMI_6447,1936,3,6.49
KMI_6447,1936,4,6.55
KMI_6447,1936,5,1.68
KMI_6447,1936,6,1.53
KMI_6447,1936,7,4.98
KMI_6447,1936,8,19.27
KMI_6447,1936,9,1.98
KMI_6447,1936,10,8.91
KMI_6447,1936,11,34.03
KMI_6447,1936,12,38.84
KMI_6447,1936,13,101.56
KMI_6447,1936,14,97.45
KMI_6447,1936,15,0.3
KMI_6447,1936,16,2.06
KMI_6447,1936,17,18.0
KMI_6447,1936,18,34.88
KMI_6447,1936,19,2.01
KMI_6447,1936,20,62.11
KMI_6447,1936,21,31.12
KMI_6447,1936,22,13.41
KMI_6447,1936,23,12.0
KMI_6447,1936,24,3.78
KMI_6447,1937,1,25.54
KMI_6447,1937,2,11.45
KMI_6447,1937,3,56.04
KMI_6447,1937,4,49.07
KMI_6447,1937,5,20.37
KMI_6447,1937,6,16.12
KMI_6447,1937,7,17.71
KMI_6447,1937,8,65.0
KMI_6447,1937,9,12.83
KMI_6447,1937,10,41.77
KMI_6447,1937,11,44.98
KMI_6447,1937,12,7.36
KMI_6447,1937,13,27.16
KMI_6447,1937,14,24.61
KMI_6447,1937,15,5.01
KMI_6447,1937,16,30.92
KMI_6447,1937,17,9.38
KMI_6447,1937,18,14.69
KMI_6447,1937,19,2.94
KMI_6447,1937,20,1.75
KMI_6447,1937,21,4.71
KMI_6447,1937,22,9.02
KMI_6447,1937,23,17.55
KMI_6447,1937,24,3.83
KMI_6447,1938,1,92.57
KMI_6447,1938,2,35.01
KMI_6447,1938,3,13.69
KMI_6447,1938,4,0.88
KMI_6447,1938,5,1.58
KMI_6447,1938,6,19.3
KMI_6447,1938,7,3.87
KMI_6447,1938,8,5.27
KMI_6447,1938,9,3.67
KMI_6447,1938,10,37.81
KMI_6447,1938,11,47.97
KMI_6447,1938,12,0.0
KMI_6447,1938,13,29.05
KMI_6447,1938,14,4.64
KMI_6447,1938,15,63.41
KMI_6447,1938,16,106.28
KMI_6447,1938,17,22.97
KMI_6447,1938,18,8.31
KMI_6447,1938,19,88.14
KMI_6447,1938,20,20.45
KMI_6447,1938,21,1.11
KMI_6447,1938,22,46.71
KMI_6447,1938,23,4.9
KMI_6447,1938,24,10.56
KMI_6447,1939,1,15.4
KMI_6447,1939,2,19.04
KMI_6447,1939,3,0.97
KMI_6447,1939,4,11.69
KMI_6447,1939,5,22.97
KMI_6447,1939,6,19.04
KMI_6447,1939,7,19.38
KMI_6447,1939,8,21.35
KMI_6447,1939,9,5.9
KMI_6447,1939,10,28.88
KMI_6447,1939,11,8.28
KMI_6447,1939,12,53.31
KMI_6447,1939,13,3.57
KMI_6447,1939,14,125.56
KMI_6447,1939,15,28.75
KMI_6447,1939,16,91.58
KMI_6447,1939,17,184.34
KMI_6447,1939,18,0.13
KMI_6447,1939,19,15.82
KMI_6447,1939,20,49.05
KMI_6447,1939,21,8.71
KMI_6447,1939,22,196.2
KMI_6447,1939,23,14.73
KMI_6447,1939,24,0.44
KMI_6447,1940,1,3.15
KMI_6447,1940,2,5.66
KMI_6447,1940,3,5.14
KMI_6447,1940,4,10.66
KMI_6447,1940,5,49.03
KMI_6447,1940,6,34.21
KMI_6447,1940,7,27.92
KMI_6447,1940,8,30.45
KMI_6447,1940,9,104.42
KMI_6447,1940,10,8.3
KMI_6447,1940,11,14.75
KMI_6447,1940,12,0.47
KMI_6447,1940,13,74.71
KMI_6447,1940,14,18.19
KMI_6447,1940,15,4.12
KMI_6447,1940,16,18.32
KMI_6447,1940,17,19.02
KMI_6447,1940,18,8.96
KMI_6447,1940,19,8.26
KMI_6447,1940,20,0.59
KMI_6447,1940,21,145.27
KMI_6447,1940,22,4.7
KMI_6447,1940,23,69.04
KMI_6447,1940,24,15.61
KMI_6447,1941,1,0.66
KMI_6447,1941,2,14.18
KMI_6447,1941,3,1.94
KMI_6447,1941,4,7.05
KMI_6447,1941,5,17.66
KMI_6447,1941,6,28.67
KMI_6447,1941,7,1.54
KMI_6447,1941,8,4.84
KMI_6447,1941,9,21.93
KMI_6447,1941,10,7.55
KMI_6447,1941,11,22.85
KMI_6447,1941,12,10.25
KMI_6447,1941,13,159.27
KMI_6447,1941,14,25.61
KMI_6447,1941,15,57.59
KMI_6447,1941,16,15.23
KMI_6447,1941,17,10.89
KMI_6447,1941,18,2.03
KMI_6447,1941,19,39.16
KMI_6447,1941,20,81.33
KMI_6447,1941,21,4.91
KMI_6447,1941,22,1.68
KMI_6447,1941,23,17.73
KMI_6447,1941,24,6.62
KMI_6447,1942,1,5.84
KMI_6447,1942,2,15.08
KMI_6447,1942,3,8.0
KMI_6447,1942,4,1.37
KMI_6447,1942,5,6.07
KMI_6447,1942,6,16.28
KMI_6447,1942,7,9.14
KMI_6447,1942,8,0.0
KMI_6447,1942,9,4.53
KMI_6447,1942,10,92.79
KMI_6447,1942,11,47.03
KMI_6447,1942,12,2.52
KMI_6447,1942,13,1274.93
KMI_6447,1942,14,66.2
KMI_6447,1942,15,14.85
KMI_6447,1942,16,41.03
KMI_6447,1942,17,10.3
KMI_6447,1942,18,44.25
KMI_6447,1942,19,4.41
KMI_6447,1942,20,34.19
KMI_6447,1942,21,10.71
KMI_6447,1942,22,5.03
KMI_6447,1942,23,17.82
KMI_6447,1942,24,29.06
KMI_6447,1943,1,47.99
KMI_6447,1943,2,6.02
KMI_6447,1943,3,10.96
KMI_6447,1943,4,3.08
KMI_6447,1943,5,0.0
KMI_6447,1943,6,9.6
KMI_6447,1943,7,7.38
KMI_6447,1943,8,16.88
KMI_6447,1943,9,22.68
KMI_6447,1943,10,37.07
KMI_6447,1943,11,22.02
KMI_6447,1943,12,21.15
KMI_6447,1943,13,17.14
KMI_6447,1943,14,877.43
KMI_6447,1943,15,78.42
KMI_6447,1943,16,7.68
KMI_6447,1943,17,51.45
KMI_6447,1943,18,51.38
KMI_6447,1943,19,0.0
KMI_6447,1943,20,7.0
KMI_6447,1943,21,43.24
KMI_6447,1943,22,23.75
KMI_6447,1943,23,0.96
KMI_6447,1943,24,65.35
KMI_6447,1944,1,11.99
KMI_6447,1944,2,5.81
KMI_6447,1944,3,12.12
KMI_6447,1944,4,0.14
KMI_6447,1944,5,2.58
KMI_6447,1944,6,1.43
KMI_6447,1944,7,8.4
KMI_6447,1944,8,2.06
KMI_6447,1944,9,10.8
KMI_6447,1944,10,3.59
KMI_6447,1944,11,12.31
KMI_6447,1944,12,10.32
KMI_6447,1944,13,8.06
KMI_6447,1944,14,28.88
KMI_6447,1944,15,0.55
KMI_6447,1944,16,5.81
KMI_6447,1944,17,9.0
KMI_6447,1944,18,62.41
KMI_6447,1944,19,28.69
KMI_6447,1944,20,60.29
KMI_6447,1944,21,66.49
KMI_6447,1944,22,39.09
KMI_6447,1944,23,42.52
KMI_6447,1944,24,1.81
KMI_6447,1945,1,6.01
KMI_6447,1945,2,25.79
KMI_6447,1945,3,25.88
KMI_6447,1945,4,0.0
KMI_6447,1945,5,5.69
KMI_6447,1945,6,0.52
KMI_6447,1945,7,3.11
KMI_6447,1945,8,16.6
KMI_6447,1945,9,9.25
KMI_6447,1945,10,130.99
KMI_6447,1945,11,43.34
KMI_6447,1945,12,26.8
KMI_6447,1945,13,5.28
KMI_6447,1945,14,302.9
KMI_6447,1945,15,104.77
KMI_6447,1945,16,333.26
KMI_6447,1945,17,10.38
KMI_6447,1945,18,35.89
KMI_6447,1945,19,0.44
KMI_6447,1945,20,32.43
KMI_6447,1945,21,9.21
KMI_6447,1945,22,0.87
KMI_6447,1945,23,18.31
KMI_6447,1945,24,11.78
KMI_6447,1946,1,15.1
KMI_6447,1946,2,50.89
KMI_6447,1946,3,63.01
KMI_6447,1946,4,22.3
KMI_6447,1946,5,20.97
KMI_6447,1946,6,17.07
KMI_6447,1946,7,5.27
KMI_6447,1946,8,16.66
KMI_6447,1946,9,21.72
KMI_6447,1946,10,18.83
KMI_6447,1946,11,175.52
KMI_6447,1946,12,11.59
KMI_6447,1946,13,2.83
KMI_6447,1946,14,97.44
KMI_6447,1946,15,51.29
KMI_6447,1946,16,53.41
KMI_6447,1946,17,16.08
KMI_6447,1946,18,33.84
KMI_6447,1946,19,108.32
KMI_6447,1946,20,21.0
KMI_6447,1946,21,3.91
KMI_6447,1946,22,9.27
KMI_6447,1946,23,22.13
KMI_6447,1946,24,1.77
KMI_6447,1947,1,3.86
KMI_6447,1947,2,0.16
KMI_6447,1947,3,1.34
KMI_6447,1947,4,1.39
KMI_6447,1947,5,38.8
KMI_6447,1947,6,24.21
KMI_6447,1947,7,23.97
KMI_6447,1947,8,5.83
KMI_6447,1947,9,78.28
KMI_6447,1947,10,4.38
KMI_6447,1947,11,22.12
KMI_6447,1947,12,5.34
KMI_6447,1947,13,43.2
KMI_6447,1947,14,309.99
KMI_6447,1947,15,19.42
KMI_6447,1947,16,0.0
KMI_6447,1947,17,16.41
KMI_6447,1947,18,14.45
KMI_6447,1947,19,18.92
KMI_6447,1947,20,5.9
KMI_6447,1947,21,22.9
KMI_6447,1947,22,17.91
KMI_6447,1947,23,2.69
KMI_6447,1947,24,47.66
KMI_6447,1948,1,61.66
KMI_6447,1948,2,13.32
KMI_6447,1948,3,12.34
KMI_6447,1948,4,0.0
KMI_6447,1948,5,2.48
KMI_6447,1948,6,14.9
KMI_6447,1948,7,20.06
KMI_6447,1948,8,12.88
KMI_6447,1948,9,50.55
KMI_6447,1948,10,46.46
KMI_6447,1948,11,49.54
KMI_6447,1948,12,75.93
KMI_6447,1948,13,221.15
KMI_6447,1948,14,6.43
KMI_6447,1948,15,158.99
KMI_6447,1948,16,25.8
KMI_6447,1948,17,30.59
KMI_6447,1948,18,6.02
KMI_6447,1948,19,22.38
KMI_6447,1948,20,17.95
KMI_6447,1948,21,30.81
KMI_6447,1948,22,1.4
KMI_6447,1948,23,21.05
KMI_6447,1948,24,8.52
KMI_6447,1949,1,5.09
KMI_6447,1949,2,0.19
KMI_6447,1949,3,5.25
KMI_6447,1949,4,1.19
KMI_6447,1949,5,15.98
KMI_6447,1949,6,2.64
KMI_6447,1949,7,6.28
KMI_6447,1949,8,14.2
KMI_6447,1949,9,2.29
KMI_6447,1949,10,22.19
KMI_6447,1949,11,12.32
KMI_6447,1949,12,0.0
KMI_6447,1949,13,2.55
KMI_6447,1949,14,11.06
KMI_6447,1949,15,61.94
KMI_6447,1949,16,63.0
KMI_6447,1949,17,43.0
KMI_6447,1949,18,3.22
KMI_6447,1949,19,6.66
KMI_6447,1949,20,70.09
KMI_6447,1949,21,15.83
KMI_6447,1949,22,5.04
KMI_6447,1949,23,33.63
KMI_6447,1949,24,15.83
KMI_6447,1950,1,12.73
KMI_6447,1950,2,9.85
KMI_6447,1950,3,26.9
KMI_6447,1950,4,16.27
KMI_6447,1950,5,0.95
KMI_6447,1950,6,5.3
KMI_6447,1950,7,27.82
KMI_6447,1950,8,11.12
KMI_6447,1950,9,13.99
KMI_6447,1950,10,288.35
KMI_6447,1950,11,197.3
KMI_6447,1950,12,93.01
KMI_6447,1950,13,293.36
KMI_6447,1950,14,69.55
KMI_6447,1950,15,51.06
KMI_6447,1950,16,49.01
KMI_6447,1950,17,45.09
KMI_6447,1950,18,23.81
KMI_6447,1950,19,18.19
KMI_6447,1950,20,1.74
KMI_6447,1950,21,40.46
KMI_6447,1950,22,27.02
KMI_6447,1950,23,28.27
KMI_6447,1950,24,15.72
KMI_6447,1951,1,22.9
KMI_6447,1951,2,18.11
KMI_6447,1951,3,0.6
KMI_6447,1951,4,13.61
KMI_6447,1951,5,7.41
KMI_6447,1951,6,117.01
KMI_6447,1951,7,33.33
KMI_6447,1951,8,12.9
KMI_6447,1951,9,13.39
KMI_6447,1951,10,18.14
KMI_6447,1951,11,11.29
KMI_6447,1951,12,15.91
KMI_6447,1951,13,93.48
KMI_6447,1951,14,148.93
KMI_6447,1951,15,166.9
KMI_6447,1951,16,53.42
KMI_6447,1951,17,92.44
KMI_6447,1951,18,60.02
KMI_6447,1951,19,0.0
KMI_6447,1951,20,2.54
KMI_6447,1951,21,25.94
KMI_6447,1951,22,24.72
KMI_6447,1951,23,6.3
KMI_6447,1951,24,22.22
KMI_6447,1952,1,29.04
KMI_6447,1952,2,24.18
KMI_6447,1952,3,37.67
KMI_6447,1952,4,0.56
KMI_6447,1952,5,5.51
KMI_6447,1952,6,23.61
KMI_6447,1952,7,1.44
KMI_6447,1952,8,12.05
KMI_6447,1952,9,48.81
KMI_6447,1952,10,2.99
KMI_6447,1952,11,7.22
KMI_6447,1952,12,0.65
KMI_6447,1952,13,612.47
KMI_6447,1952,14,17.46
KMI_6447,1952,15,29.22
KMI_6447,1952,16,94.42
KMI_6447,1952,17,45.84
KMI_6447,1952,18,18.41
KMI_6447,1952,19,18.35
KMI_6447,1952,20,26.17
KMI_6447,1952,21,79.61
KMI_6447,1952,22,13.26
KMI_6447,1952,23,24.49
KMI_6447,1952,24,64.77
KMI_6447,1953,1,0.0
KMI_6447,1953,2,4.64
KMI_6447,1953,3,23.06
KMI_6447,1953,4,0.61
KMI_6447,1953,5,0.87
KMI_6447,1953,6,1.29
KMI_6447,1953,7,87.98
KMI_6447,1953,8,14.57
KMI_6447,1953,9,1.01
KMI_6447,1953,10,17.31
KMI_6447,1953,11,75.51
KMI_6447,1953,12,28.95
KMI_6447,1953,13,27.8
KMI_6447,1953,14,32.48
KMI_6447,1953,15,48.09
KMI_6447,1953,16,132.57
KMI_6447,1953,17,1.69
KMI_6447,1953,18,47.29
KMI_6447,1953,19,0.0
KMI_6447,1953,20,0.15
KMI_6447,1953,21,7.3
KMI_6447,1953,22,0.13
KMI_6447,1953,23,0.5
KMI_6447,1953,24,12.13
KMI_6447,1954,1,9.88
KMI_6447,1954,2,9.63
KMI_6447,1954,3,4.07
KMI_6447,1954,4,8.69
KMI_6447,1954,5,9.77
KMI_6447,1954,6,3.62
KMI_6447,1954,7,14.4
KMI_6447,1954,8,4.16
KMI_6447,1954,9,9.49
KMI_6447,1954,10,19.93
KMI_6447,1954,11,34.21
KMI_6447,1954,12,3.68
KMI_6447,1954,13,28.72
KMI_6447,1954,14,117.21
KMI_6447,1954,15,41.95
KMI_6447,1954,16,169.98
KMI_6447,1954,17,182.84
KMI_6447,1954,18,86.17
KMI_6447,1954,19,6.22
KMI_6447,1954,20,59.95
KMI_6447,1954,21,19.9
KMI_6447,1954,22,5.58
KMI_6447,1954,23,6.92
KMI_6447,1954,24,12.02
KMI_6447,1955,1,39.94
KMI_6447,1955,2,0.56
KMI_6447,1955,3,17.33
KMI_6447,1955,4,19.02
KMI_6447,1955,5,3.52
KMI_6447,1955,6,3.61
KMI_6447,1955,7,1.98
KMI_6447,1955,8,1.54
KMI_6447,1955,9,39.11
KMI_6447,1955,10,50.25
KMI_6447,1955,11,22.42
KMI_6447,1955,12,2.61
KMI_6447,1955,13,1.06
KMI_6447,1955,14,8.5
KMI_6447,1955,15,63.29
KMI_6447,1955,16,0.0
KMI_6447,1955,17,51.11
KMI_6447,1955,18,12.06
KMI_6447,1955,19,10.03
KMI_6447,1955,20,16.3
KMI_6447,1955,21,20.0
KMI_6447,1955,22,3.65
KMI_6447,1955,23,12.96
KMI_6447,1955,24,14.01
KMI_6447,1956,1,13.42
KMI_6447,1956,2,36.63
KMI_6447,1956,3,3.26
KMI_6447,1956,4,0.92
KMI_6447,1956,5,12.46
KMI_6447,1956,6,0.2
KMI_6447,1956,7,9.57
KMI_6447,1956,8,1.99
KMI_6447,1956,9,7.78
KMI_6447,1956,10,6.55
KMI_6447,1956,11,65.43
KMI_6447,1956,12,11.6
KMI_6447,1956,13,72.46
KMI_6447,1956,14,372.37
KMI_6447,1956,15,126.01
KMI_6447,1956,16,39.06
KMI_6447,1956,17,17.45
KMI_6447,1956,18,107.91
KMI_6447,1956,19,198.2
KMI_6447,1956,20,37.32
KMI_6447,1956,21,24.05
KMI_6447,1956,22,12.79
KMI_6447,1956,23,15.69
KMI_6447,1956,24,4.31
KMI_6447,1957,1,17.17
KMI_6447,1957,2,1.44
KMI_6447,1957,3,14.62
KMI_6447,1957,4,80.71
KMI_6447,1957,5,6.24
KMI_6447,1957,6,12.44
KMI_6447,1957,7,0.29
KMI_6447,1957,8,25.82
KMI_6447,1957,9,10.93
KMI_6447,1957,10,8.37
KMI_6447,1957,11,5.89
KMI_6447,1957,12,11.98
KMI_6447,1957,13,43.24
KMI_6447,1957,14,23.92
KMI_6447,1957,15,269.99
KMI_6447,1957,16,69.69
KMI_6447,1957,17,58.62
KMI_6447,1957,18,88.26
KMI_6447,1957,19,0.8
KMI_6447,1957,20,21.11
KMI_6447,1957,21,3.57
KMI_6447,1957,22,3.88
KMI_6447,1957,23,12.49
KMI_6447,1957,24,0.78
KMI_6447,1958,1,23.15
KMI_6447,1958,2,3.49
KMI_6447,1958,3,24.2
KMI_6447,1958,4,50.49
KMI_6447,1958,5,3.1
KMI_6447,1958,6,8.76
KMI_6447,1958,7,6.68
KMI_6447,1958,8,18.14
KMI_6447,1958,9,8.22
KMI_6447,1958,10,19.13
KMI_6447,1958,11,3.5
KMI_6447,1958,12,60.62
KMI_6447,1958,13,70.88
KMI_6447,1958,14,176.8
KMI_6447,1958,15,38.64
KMI_6447,1958,16,109.72
KMI_6447,1958,17,1.06
KMI_6447,1958,18,112.2
KMI_6447,1958,19,26.2
KMI_6447,1958,20,44.14
KMI_6447,1958,21,22.45
KMI_6447,1958,22,0.0
KMI_6447,1958,23,17.59
KMI_6447,1958,24,6.09
KMI_6447,1959,1,30.69
KMI_6447,1959,2,61.52
KMI_6447,1959,3,0.0
KMI_6447,1959,4,0.65
KMI_6447,1959,5,29.91
KMI_6447,1959,6,16.97
KMI_6447,1959,7,15.23
KMI_6447,1959,8,18.26
KMI_6447,1959,9,0.19
KMI_6447,1959,10,5.85
KMI_6447,1959,11,89.1
KMI_6447,1959,12,15.31
KMI_6447,1959,13,6.64
KMI_6447,1959,14,95.78
KMI_6447,1959,15,46.34
KMI_6447,1959,16,73.06
KMI_6447,1959,17,0.0
KMI_6447,1959,18,1.85
KMI_6447,1959,19,0.11
KMI_6447,1959,20,26.76
KMI_6447,1959,21,10.24
KMI_6447,1959,22,3.08
KMI_6447,1959,23,3.95
KMI_6447,1959,24,22.32
KMI_6447,1960,1,12.61
KMI_6447,1960,2,10.92
KMI_6447,1960,3,7.48
KMI_6447,1960,4,6.57
KMI_6447,1960,5,0.16
KMI_6447,1960,6,66.16
KMI_6447,1960,7,17.76
KMI_6447,1960,8,8.44
KMI_6447,1960,9,4.74
KMI_6447,1960,10,50.03
KMI_6447,1960,11,25.12
KMI_6447,1960,12,33.93
KMI_6447,1960,13,76.5
KMI_6447,1960,14,462.62
KMI_6447,1960,15,85.08
KMI_6447,1960,16,33.84
KMI_6447,1960,17,78.18
KMI_6447,1960,18,106.16
KMI_6447,1960,19,30.72
KMI_6447,1960,20,33.61
KMI_6447,1960,21,88.9
KMI_6447,1960,22,62.49
KMI_6447,1960,23,84.29
KMI_6447,1960,24,6.63
KMI_6447,1961,1,13.35
KMI_6447,1961,2,23.24
KMI_6447,1961,3,8.55
KMI_6447,1961,4,53.38
KMI_6447,1961,5,0.0
KMI_6447,1961,6,6.14
KMI_6447,1961,7,116.68
KMI_6447,1961,8,33.62
KMI_6447,1961,9,14.19
KMI_6447,1961,10,3.88
KMI_6447,1961,11,55.97
KMI_6447,1961,12,1.64
KMI_6447,1961,13,315.38
KMI_6447,1961,14,16.4
KMI_6447,1961,15,3.37
KMI_6447,1961,16,50.12
KMI_6447,1961,17,43.01
KMI_6447,1961,18,83.11
KMI_6447,1961,19,32.41
KMI_6447,1961,20,108.94
KMI_6447,1961,21,28.99
KMI_6447,1961,22,32.65
KMI_6447,1961,23,29.19
KMI_6447,1961,24,9.04
KMI_6447,1962,1,17.69
KMI_6447,1962,2,25.7
KMI_6447,1962,3,32.27
KMI_6447,1962,4,1.67
KMI_6447,1962,5,7.77
KMI_6447,1962,6,20.5
KMI_6447,1962,7,30.6
KMI_6447,1962,8,2.5
KMI_6447,1962,9,30.93
KMI_6447,1962,10,40.54
KMI_6447,1962,11,2.03
KMI_6447,1962,12,34.1
KMI_6447,1962,13,1448.21
KMI_6447,1962,14,251.84
KMI_6447,1962,15,170.44
KMI_6447,1962,16,113.33
KMI_6447,1962,17,35.97
KMI_6447,1962,18,4.39
KMI_6447,1962,19,5.0
KMI_6447,1962,20,43.36
KMI_6447,1962,21,14.44
KMI_6447,1962,22,4.12
KMI_6447,1962,23,43.83
KMI_6447,1962,24,13.44
KMI_6447,1963,1,3.3
KMI_6447,1963,2,0.0
KMI_6447,1963,3,1.63
KMI_6447,1963,4,0.27
KMI_6447,1963,5,11.72
KMI_6447,1963,6,12.24
KMI_6447,1963,7,8.59
KMI_6447,1963,8,6.4
KMI_6447,1963,9,13.01
KMI_6447,1963,10,10.22
KMI_6447,1963,11,200.94
KMI_6447,1963,12,45.86
KMI_6447,1963,13,168.69
KMI_6447,1963,14,86.35
KMI_6447,1963,15,120.69
KMI_6447,1963,16,54.98
KMI_6447,1963,17,56.06
KMI_6447,1963,18,5.81
KMI_6447,1963,19,116.44
KMI_6447,1963,20,6.42
KMI_6447,1963,21,19.16
KMI_6447,1963,22,15.64
KMI_6447,1963,23,0.0
KMI_6447,1963,24,3.98
KMI_6447,1964,1,0.72
KMI_6447,1964,2,2.65
KMI_6447,1964,3,1.22
KMI_6447,1964,4,5.07
KMI_6447,1964,5,2.29
KMI_6447,1964,6,24.79
KMI_6447,1964,7,7.61
KMI_6447,1964,8,32.42
KMI_6447,1964,9,1.9
KMI_6447,1964,10,151.01
KMI_6447,1964,11,172.23
KMI_6447,1964,12,166.37
KMI_6447,1964,13,12.3
KMI_6447,1964,14,51.18
KMI_6447,1964,15,92.73
KMI_6447,1964,16,4.59
KMI_6447,1964,17,221.08
KMI_6447,1964,18,38.8
KMI_6447,1964,19,77.79
KMI_6447,1964,20,118.19
KMI_6447,1964,21,25.67
KMI_6447,1964,22,54.24
KMI_6447,1964,23,33.83
KMI_6447,1964,24,32.57
KMI_6447,1965,1,17.3
KMI_6447,1965,2,53.52
KMI_6447,1965,3,10.88
KMI_6447,1965,4,0.0
KMI_6447,1965,5,2.12
KMI_6447,1965,6,22.39
KMI_6447,1965,7,44.42
KMI_6447,1965,8,57.92
KMI_6447,1965,9,40.76
KMI_6447,1965,10,240.73
KMI_6447,1965,11,26.19
KMI_6447,1965,12,105.3
KMI_6447,1965,13,252.12
KMI_6447,1965,14,211.45
KMI_6447,1965,15,19.9
KMI_6447,1965,16,66.82
KMI_6447,1965,17,35.13
KMI_6447,1965,18,3.06
KMI_6447,1965,19,3.8
KMI_6447,1965,20,11.51
KMI_6447,1965,21,3.41
KMI_6447,1965,22,35.21
KMI_6447,1965,23,41.59
KMI_6447,1965,24,40.26
KMI_6447,1966,1,11.58
KMI_6447,1966,2,3.47
KMI_6447,1966,3,32.8
KMI_6447,1966,4,13.25
KMI_6447,1966,5,8.53
KMI_6447,1966,6,22.69
KMI_6447,1966,7,13.67
KMI_6447,1966,8,33.38
KMI_6447,1966,9,6.72
KMI_6447,1966,10,55.69
KMI_6447,1966,11,134.96
KMI_6447,1966,12,186.3
KMI_6447,1966,13,64.78
KMI_6447,1966,14,59.11
KMI_6447,1966,15,83.19
KMI_6447,1966,16,28.57
KMI_6447,1966,17,21.2
KMI_6447,1966,18,0.0
KMI_6447,1966,19,37.2
KMI_6447,1966,20,97.73
KMI_6447,1966,21,48.61
KMI_6447,1966,22,40.08
KMI_6447,1966,23,55.13
KMI_6447,1966,24,45.68
KMI_6447,1967,1,11.74
KMI_6447,1967,2,10.15
KMI_6447,1967,3,2.7
KMI_6447,1967,4,55.28
KMI_6447,1967,5,29.59
KMI_6447,1967,6,12.04
KMI_6447,1967,7,10.72
KMI_6447,1967,8,2.32
KMI_6447,1967,9,17.19
KMI_6447,1967,10,31.85
KMI_6447,1967,11,1.05
KMI_6447,1967,12,81.1
KMI_6447,1967,13,0.3
KMI_6447,1967,14,33.55
KMI_6447,1967,15,177.94
KMI_6447,1967,16,19.89
KMI_6447,1967,17,15.81
KMI_6447,1967,18,36.99
KMI_6447,1967,19,58.33
KMI_6447,1967,20,13.89
KMI_6447,1967,21,21.79
KMI_6447,1967,22,12.98
KMI_6447,1967,23,7.1
KMI_6447,1967,24,34.21
KMI_6447,1968,1,21.51
KMI_6447,1968,2,6.45
KMI_6447,1968,3,13.41
KMI_6447,1968,4,6.25
KMI_6447,1968,5,12.35
KMI_6447,1968,6,21.39
KMI_6447,1968,7,2.3
KMI_6447,1968,8,15.51
KMI_6447,1968,9,28.13
KMI_6447,1968,10,2.32
KMI_6447,1968,11,7.09
KMI_6447,1968,12,18.08
KMI_6447,1968,13,101.1
KMI_6447,1968,14,57.55
KMI_6447,1968,15,181.21
KMI_6447,1968,16,108.16
KMI_6447,1968,17,137.52
KMI_6447,1968,18,50.12
KMI_6447,1968,19,12.67
KMI_6447,1968,20,10.64
KMI_6447,1968,21,7.21
KMI_6447,1968,22,4.66
KMI_6447,1968,23,0.33
KMI_6447,1968,24,33.72
KMI_6447,1969,1,5.51
KMI_6447,1969,2,5.1
KMI_6447,1969,3,11.69
KMI_6447,1969,4,2.04
KMI_6447,1969,5,17.21
KMI_6447,1969,6,6.93
KMI_6447,1969,7,15.08
KMI_6447,1969,8,23.96
KMI_6447,1969,9,29.27
KMI_6447,1969,10,47.73
KMI_6447,1969,11,21.01
KMI_6447,1969,12,287.55
KMI_6447,1969,13,217.67
KMI_6447,1969,14,475.32
KMI_6447,1969,15,144.29
KMI_6447,1969,16,82.28
KMI_6447,1969,17,0.0
KMI_6447,1969,18,2.63
KMI_6447,1969,19,3.24
KMI_6447,1969,20,0.31
KMI_6447,1969,21,24.53
KMI_6447,1969,22,17.86
KMI_6447,1969,23,9.67
KMI_6447,1969,24,0.82
KMI_6447,1970,1,4.45
KMI_6447,1970,2,6.93
KMI_6447,1970,3,20.19
KMI_6447,1970,4,23.28
KMI_6447,1970,5,2.54
KMI_6447,1970,6,26.17
KMI_6447,1970,7,12.14
KMI_6447,1970,8,26.75
KMI_6447,1970,9,15.01
KMI_6447,1970,10,7.24
KMI_6447,1970,11,0.8
KMI_6447,1970,12,31.39
KMI_6447,1970,13,42.73
KMI_6447,1970,14,9.38
KMI_6447,1970,15,349.08
KMI_6447,1970,16,4.95
KMI_6447,1970,17,87.99
KMI_6447,1970,18,20.3
KMI_6447,1970,19,23.1
KMI_6447,1970,20,44.14
KMI_6447,1970,21,18.35
KMI_6447,1970,22,8.93
KMI_6447,1970,23,3.26
KMI_6447,1970,24,0.68
KMI_6447,1971,1,0.42
KMI_6447,1971,2,27.13
KMI_6447,1971,3,8.2
KMI_6447,1971,4,3.61
KMI_6447,1971,5,1.51
KMI_6447,1971,6,12.96
KMI_6447,1971,7,0.0
KMI_6447,1971,8,7.22
KMI_6447,1971,9,102.19
KMI_6447,1971,10,407.16
KMI_6447,1971,11,64.27
KMI_6447,1971,12,34.18
KMI_6447,1971,13,0.0
KMI_6447,1971,14,209.74
KMI_6447,1971,15,88.26
KMI_6447,1971,16,21.57
KMI_6447,1971,17,0.0
KMI_6447,1971,18,17.68
KMI_6447,1971,19,5.89
KMI_6447,1971,20,3.01
KMI_6447,1971,21,9.5
KMI_6447,1971,22,96.0
KMI_6447,1971,23,1.41
KMI_6447,1971,24,1.47
KMI_6447,1972,1,3.79
KMI_6447,1972,2,12.63
KMI_6447,1972,3,12.74
KMI_6447,1972,4,0.61
KMI_6447,1972,5,13.05
KMI_6447,1972,6,21.58
KMI_6447,1972,7,32.3
KMI_6447,1972,8,3.33
KMI_6447,1972,9,24.66
KMI_6447,1972,10,39.32
KMI_6447,1972,11,18.82
KMI_6447,1972,12,109.19
KMI_6447,1972,13,332.96
KMI_6447,1972,14,16.95
KMI_6447,1972,15,136.95
KMI_6447,1972,16,11.2
KMI_6447,1972,17,33.32
KMI_6447,1972,18,6.09
KMI_6447,1972,19,0.0
KMI_6447,1972,20,5.47
KMI_6447,1972,21,42.45
KMI_6447,1972,22,9.51
KMI_6447,1972,23,16.04
KMI_6447,1972,24,0.0
KMI_6447,1973,1,5.98
KMI_6447,1973,2,4.07
KMI_6447,1973,3,8.72
KMI_6447,1973,4,7.14
KMI_6447,1973,5,6.76
KMI_6447,1973,6,1.35
KMI_6447,1973,7,35.02
KMI_6447,1973,8,7.75
KMI_6447,1973,9,14.23
KMI_6447,1973,10,34.7
KMI_6447,1973,11,28.4
KMI_6447,1973,12,39.09
KMI_6447,1973,13,19.68
KMI_6447,1973,14,29.02
KMI_6447,1973,15,16.96
KMI_6447,1973,16,12.72
KMI_6447,1973,17,0.0
KMI_6447,1973,18,107.56
KMI_6447,1973,19,113.87
KMI_6447,1973,20,13.26
KMI_6447,1973,21,24.15
KMI_6447,1973,22,28.59
KMI_6447,1973,23,17.24
KMI_6447,1973,24,4.5
KMI_6447,1974,1,23.25
KMI_6447,1974,2,34.45
KMI_6447,1974,3,60.82
KMI_6447,1974,4,0.64
KMI_6447,1974,5,16.04
KMI_6447,1974,6,18.11
KMI_6447,1974,7,0.39
KMI_6447,1974,8,19.89
KMI_6447,1974,9,0.96
KMI_6447,1974,10,263.37
KMI_6447,1974,11,16.7
KMI_6447,1974,12,191.39
KMI_6447,1974,13,49.07
KMI_6447,1974,14,30.24
KMI_6447,1974,15,138.88
KMI_6447,1974,16,1.09
KMI_6447,1974,17,63.43
KMI_6447,1974,18,87.68
KMI_6447,1974,19,34.17
KMI_6447,1974,20,67.59
KMI_6447,1974,21,28.6
KMI_6447,1974,22,34.49
KMI_6447,1974,23,17.26
KMI_6447,1974,24,61.46
KMI_6447,1975,1,4.08
KMI_6447,1975,2,30.68
KMI_6447,1975,3,0.0
KMI_6447,1975,4,10.01
KMI_6447,1975,5,10.62
KMI_6447,1975,6,28.91
KMI_6447,1975,7,19.94
KMI_6447,1975,8,12.71
KMI_6447,1975,9,4.07
KMI_6447,1975,10,0.0
KMI_6447,1975,11,4.0
KMI_6447,1975,12,36.98
KMI_6447,1975,13,19.86
KMI_6447,1975,14,95.77
KMI_6447,1975,15,88.63
KMI_6447,1975,16,56.62
KMI_6447,1975,17,27.6
KMI_6447,1975,18,55.08
KMI_6447,1975,19,0.0
KMI_6447,1975,20,0.63
KMI_6447,1975,21,32.93
KMI_6447,1975,22,40.13
KMI_6447,1975,23,48.47
KMI_6447,1975,24,2.89
KMI_6447,1976,1,5.47
KMI_6447,1976,2,7.75
KMI_6447,1976,3,15.25
KMI_6447,1976,4,1.18
KMI_6447,1976,5,1.71
KMI_6447,1976,6,12.22
KMI_6447,1976,7,2.14
KMI_6447,1976,8,0.0
KMI_6447,1976,9,1.33
KMI_6447,1976,10,17.86
KMI_6447,1976,11,0.0
KMI_6447,1976,12,0.26
KMI_6447,1976,13,537.54
KMI_6447,1976,14,179.57
KMI_6447,1976,15,0.0
KMI_6447,1976,16,23.85
KMI_6447,1976,17,69.24
KMI_6447,1976,18,4.3
KMI_6447,1976,19,16.43
KMI_6447,1976,20,10.46
KMI_6447,1976,21,12.4
KMI_6447,1976,22,41.77
KMI_6447,1976,23,51.73
KMI_6447,1976,24,4.18
KMI_6447,1977,1,14.89
KMI_6447,1977,2,8.0
KMI_6447,1977,3,21.72
KMI_6447,1977,4,24.3
KMI_6447,1977,5,8.51
KMI_6447,1977,6,86.45
KMI_6447,1977,7,19.48
KMI_6447,1977,8,15.81
KMI_6447,1977,9,63.41
KMI_6447,1977,10,12.93
KMI_6447,1977,11,79.61
KMI_6447,1977,12,114.03
KMI_6447,1977,13,1.55
KMI_6447,1977,14,62.57
KMI_6447,1977,15,20.98
KMI_6447,1977,16,11.14
KMI_6447,1977,17,2.16
KMI_6447,1977,18,16.01
KMI_6447,1977,19,10.88
KMI_6447,1977,20,7.13
KMI_6447,1977,21,101.09
KMI_6447,1977,22,39.36
KMI_6447,1977,23,8.79
KMI_6447,1977,24,11.27
KMI_6447,1978,1,8.91
KMI_6447,1978,2,11.39
KMI_6447,1978,3,9.55
KMI_6447,1978,4,0.47
KMI_6447,1978,5,6.7
KMI_6447,1978,6,95.68
KMI_6447,1978,7,2.2
KMI_6447,1978,8,51.18
KMI_6447,1978,9,733.04
KMI_6447,1978,10,0.11
KMI_6447,1978,11,165.8
KMI_6447,1978,12,43.09
KMI_6447,1978,13,85.1
KMI_6447,1978,14,7.14
KMI_6447,1978,15,16.9
KMI_6447,1978,16,7.07
KMI_6447,1978,17,3.02
KMI_6447,1978,18,30.95
KMI_6447,1978,19,1.9
KMI_6447,1978,20,22.67
KMI_6447,1978,21,2.25
KMI_6447,1978,22,5.15
KMI_6447,1978,23,15.96
KMI_6447,1978,24,55.47
KMI_6447,1979,1,15.98
KMI_6447,1979,2,2.38
KMI_6447,1979,3,13.62
KMI_6447,1979,4,1.22
KMI_6447,1979,5,39.53
KMI_6447,1979,6,25.76
KMI_6447,1979,7,1.58
KMI_6447,1979,8,25.02
KMI_6447,1979,9,7.54
KMI_6447,1979,10,24.81
KMI_6447,1979,11,253.96
KMI_6447,1979,12,8.2
KMI_6447,1979,13,1.66
KMI_6447,1979,14,11.32
KMI_6447,1979,15,425.66
KMI_6447,1979,16,10.38
KMI_6447,1979,17,0.94
KMI_6447,1979,18,0.1
KMI_6447,1979,19,8.66
KMI_6447,1979,20,2.43
KMI_6447,1979,21,53.1
KMI_6447,1979,22,8.99
KMI_6447,1979,23,37.29
KMI_6447,1979,24,14.42
KMI_6447,1980,1,15.68
KMI_6447,1980,2,23.47
KMI_6447,1980,3,19.18
KMI_6447,1980,4,0.46
KMI_6447,1980,5,18.27
KMI_6447,1980,6,65.02
KMI_6447,1980,7,17.52
KMI_6447,1980,8,23.76
KMI_6447,1980,9,27.46
KMI_6447,1980,10,23.4
KMI_6447,1980,11,0.24
KMI_6447,1980,12,111.29
KMI_6447,1980,13,97.25
KMI_6447,1980,14,115.73
KMI_6447,1980,15,481.75
KMI_6447,1980,16,17.59
KMI_6447,1980,17,3.42
KMI_6447,1980,18,5.41
KMI_6447,1980,19,70.43
KMI_6447,1980,20,28.74
KMI_6447,1980,21,6.09
KMI_6447,1980,22,14.28
KMI_6447,1980,23,19.68
KMI_6447,1980,24,17.95
KMI_6447,1981,1,112.74
KMI_6447,1981,2,8.62
KMI_6447,1981,3,11.41
KMI_6447,1981,4,6.68
KMI_6447,1981,5,52.54
KMI_6447,1981,6,24.18
KMI_6447,1981,7,0.55
KMI_6447,1981,8,10.76
KMI_6447,1981,9,23.19
KMI_6447,1981,10,248.21
KMI_6447,1981,11,57.93
KMI_6447,1981,12,94.38
KMI_6447,1981,13,1.25
KMI_6447,1981,14,13.46
KMI_6447,1981,15,128.79
KMI_6447,1981,16,15.56
KMI_6447,1981,17,25.56
KMI_6447,1981,18,38.46
KMI_6447,1981,19,30.35
KMI_6447,1981,20,34.72
KMI_6447,1981,21,0.78
KMI_6447,1981,22,51.32
KMI_6447,1981,23,40.99
KMI_6447,1981,24,23.8
KMI_6447,1982,1,23.0
KMI_6447,1982,2,5.45
KMI_6447,1982,3,2.91
KMI_6447,1982,4,0.0
KMI_6447,1982,5,56.48
KMI_6447,1982,6,8.11
KMI_6447,1982,7,11.98
KMI_6447,1982,8,1.05
KMI_6447,1982,9,7.9
KMI_6447,1982,10,18.31
KMI_6447,1982,11,62.35
KMI_6447,1982,12,97.27
KMI_6447,1982,13,118.15
KMI_6447,1982,14,5.35
KMI_6447,1982,15,53.63
KMI_6447,1982,16,84.0
KMI_6447,1982,17,0.0
KMI_6447,1982,18,25.4
KMI_6447,1982,19,138.94
KMI_6447,1982,20,28.44
KMI_6447,1982,21,14.73
KMI_6447,1982,22,16.76
KMI_6447,1982,23,45.85
KMI_6447,1982,24,14.69
KMI_6447,1983,1,30.48
KMI_6447,1983,2,31.62
KMI_6447,1983,3,7.43
KMI_6447,1983,4,7.82
KMI_6447,1983,5,16.84
KMI_6447,1983,6,42.64
KMI_6447,1983,7,14.07
KMI_6447,1983,8,24.72
KMI_6447,1983,9,30.99
KMI_6447,1983,10,13.7
KMI_6447,1983,11,94.8
KMI_6447,1983,12,40.11
KMI_6447,1983,13,30.39
KMI_6447,1983,14,79.88
KMI_6447,1983,15,4.83
KMI_6447,1983,16,0.0
KMI_6447,1983,17,37.53
KMI_6447,1983,18,11.9
KMI_6447,1983,19,9.83
KMI_6447,1983,20,2.99
KMI_6447,1983,21,0.27
KMI_6447,1983,22,33.08
KMI_6447,1983,23,7.23
KMI_6447,1983,24,22.79
KMI_6447,1984,1,37.33
KMI_6447,1984,2,18.15
KMI_6447,1984,3,86.79
KMI_6447,1984,4,2.83
KMI_6447,1984,5,11.75
KMI_6447,1984,6,13.59
KMI_6447,1984,7,8.34
KMI_6447,1984,8,0.0
KMI_6447,1984,9,30.25
KMI_6447,1984,10,92.12
KMI_6447,1984,11,38.62
KMI_6447,1984,12,6.97
KMI_6447,1984,13,25.14
KMI_6447,1984,14,1.45
KMI_6447,1984,15,24.78
KMI_6447,1984,16,3.46
KMI_6447,1984,17,290.09
KMI_6447,1984,18,41.05
KMI_6447,1984,19,11.08
KMI_6447,1984,20,55.91
KMI_6447,1984,21,9.12
KMI_6447,1984,22,77.2
KMI_6447,1984,23,0.1
KMI_6447,1984,24,7.43
KMI_6447,1985,1,13.82
KMI_6447,1985,2,14.85
KMI_6447,1985,3,3.8
KMI_6447,1985,4,0.0
KMI_6447,1985,5,11.48
KMI_6447,1985,6,18.25
KMI_6447,1985,7,62.78
KMI_6447,1985,8,4.92
KMI_6447,1985,9,220.02
KMI_6447,1985,10,40.12
KMI_6447,1985,11,82.54
KMI_6447,1985,12,216.97
KMI_6447,1985,13,0.0
KMI_6447,1985,14,50.21
KMI_6447,1985,15,15.88
KMI_6447,1985,16,67.45
KMI_6447,1985,17,31.7
KMI_6447,1985,18,0.53
KMI_6447,1985,19,14.74
KMI_6447,1985,20,0.0
KMI_6447,1985,21,54.86
KMI_6447,1985,22,8.38
KMI_6447,1985,23,29.7
KMI_6447,1985,24,38.95
KMI_6447,1986,1,35.47
KMI_6447,1986,2,24.56
KMI_6447,1986,3,0.16
KMI_6447,1986,4,2.16
KMI_6447,1986,5,8.17
KMI_6447,1986,6,75.21
KMI_6447,1986,7,14.61
KMI_6447,1986,8,21.56
KMI_6447,1986,9,26.3
KMI_6447,1986,10,16.89
KMI_6447,1986,11,55.36
KMI_6447,1986,12,23.26
KMI_6447,1986,13,22.92
KMI_6447,1986,14,1.49
KMI_6447,1986,15,3.84
KMI_6447,1986,16,79.6
KMI_6447,1986,17,218.99
KMI_6447,1986,18,0.43
KMI_6447,1986,19,0.0
KMI_6447,1986,20,123.67
KMI_6447,1986,21,20.69
KMI_6447,1986,22,22.62
KMI_6447,1986,23,22.22
KMI_6447,1986,24,24.25
KMI_6447,1987,1,13.06
KMI_6447,1987,2,0.23
KMI_6447,1987,3,14.19
KMI_6447,1987,4,22.24
KMI_6447,1987,5,14.67
KMI_6447,1987,6,37.29
KMI_6447,1987,7,9.09
KMI_6447,1987,8,1.6
KMI_6447,1987,9,35.2
KMI_6447,1987,10,29.78
KMI_6447,1987,11,58.48
KMI_6447,1987,12,35.3
KMI_6447,1987,13,32.25
KMI_6447,1987,14,144.45
KMI_6447,1987,15,6.32
KMI_6447,1987,16,84.14
KMI_6447,1987,17,10.87
KMI_6447,1987,18,3.94
KMI_6447,1987,19,53.11
KMI_6447,1987,20,7.39
KMI_6447,1987,21,30.9
KMI_6447,1987,22,21.7
KMI_6447,1987,23,0.77
KMI_6447,1987,24,5.53
KMI_6447,1988,1,33.69
KMI_6447,1988,2,32.77
KMI_6447,1988,3,30.81
KMI_6447,1988,4,30.68
KMI_6447,1988,5,21.2
KMI_6447,1988,6,38.57
KMI_6447,1988,7,0.18
KMI_6447,1988,8,35.98
KMI_6447,1988,9,115.57
KMI_6447,1988,10,181.57
KMI_6447,1988,11,4.07
KMI_6447,1988,12,25.4
KMI_6447,1988,13,157.92
KMI_6447,1988,14,54.13
KMI_6447,1988,15,86.98
KMI_6447,1988,16,137.06
KMI_6447,1988,17,92.04
KMI_6447,1988,18,16.44
KMI_6447,1988,19,68.09
KMI_6447,1988,20,6.47
KMI_6447,1988,21,1.22
KMI_6447,1988,22,24.71
KMI_6447,1988,23,46.52
KMI_6447,1988,24,11.96
KMI_6447,1989,1,8.3
KMI_6447,1989,2,1.74
KMI_6447,1989,3,8.51
KMI_6447,1989,4,13.14
KMI_6447,1989,5,24.87
KMI_6447,1989,6,23.8
KMI_6447,1989,7,25.8
KMI_6447,1989,8,15.74
KMI_6447,1989,9,23.43
KMI_6447,1989,10,0.0
KMI_6447,1989,11,19.56
KMI_6447,1989,12,21.72
KMI_6447,1989,13,2.1
KMI_6447,1989,14,6.87
KMI_6447,1989,15,4.26
KMI_6447,1989,16,21.24
KMI_6447,1989,17,57.49
KMI_6447,1989,18,28.16
KMI_6447,1989,19,22.85
KMI_6447,1989,20,11.42
KMI_6447,1989,21,5.75
KMI_6447,1989,22,0.82
KMI_6447,1989,23,57.14
KMI_6447,1989,24,13.78
KMI_6447,1990,1,1.63
KMI_6447,1990,2,51.79
KMI_6447,1990,3,75.03
KMI_6447,1990,4,94.33
KMI_6447,1990,5,3.46
KMI_6447,1990,6,12.51
KMI_6447,1990,7,9.54
KMI_6447,1990,8,44.26
KMI_6447,1990,9,14.78
KMI_6447,1990,10,0.0
KMI_6447,1990,11,48.17
KMI_6447,1990,12,184.22
KMI_6447,1990,13,54.68
KMI_6447,1990,14,0.0
KMI_6447,1990,15,45.79
KMI_6447,1990,16,23.6
KMI_6447,1990,17,37.9
KMI_6447,1990,18,23.66
KMI_6447,1990,19,0.4
KMI_6447,1990,20,104.55
KMI_6447,1990,21,16.58
KMI_6447,1990,22,22.61
KMI_6447,1990,23,14.81
KMI_6447,1990,24,34.57
KMI_6447,1991,1,66.22
KMI_6447,1991,2,1.92
KMI_6447,1991,3,4.53
KMI_6447,1991,4,1.09
KMI_6447,1991,5,2.46
KMI_6447,1991,6,2.06
KMI_6447,1991,7,10.93
KMI_6447,1991,8,25.52
KMI_6447,1991,9,18.25
KMI_6447,1991,10,0.31
KMI_6447,1991,11,43.26
KMI_6447,1991,12,34.41
KMI_6447,1991,13,508.28
KMI_6447,1991,14,33.97
KMI_6447,1991,15,0.16
KMI_6447,1991,16,107.53
KMI_6447,1991,17,26.73
KMI_6447,1991,18,82.24
KMI_6447,1991,19,0.34
KMI_6447,1991,20,5.86
KMI_6447,1991,21,224.45
KMI_6447,1991,22,25.99
KMI_6447,1991,23,0.0
KMI_6447,1991,24,60.99
KMI_6447,1992,1,12.04
KMI_6447,1992,2,1.56
KMI_6447,1992,3,9.47
KMI_6447,1992,4,2.31
KMI_6447,1992,5,17.35
KMI_6447,1992,6,28.86
KMI_6447,1992,7,7.39
KMI_6447,1992,8,23.81
KMI_6447,1992,9,5.63
KMI_6447,1992,10,62.77
KMI_6447,1992,11,355.93
KMI_6447,1992,12,17.68
KMI_6447,1992,13,180.9
KMI_6447,1992,14,12.33
KMI_6447,1992,15,507.88
KMI_6447,1992,16,332.82
KMI_6447,1992,17,12.91
KMI_6447,1992,18,2.04
KMI_6447,1992,19,5.76
KMI_6447,1992,20,50.75
KMI_6447,1992,21,7.91
KMI_6447,1992,22,35.06
KMI_6447,1992,23,56.34
KMI_6447,1992,24,4.33
KMI_6447,1993,1,12.81
KMI_6447,1993,2,53.23
KMI_6447,1993,3,0.07
KMI_6447,1993,4,3.67
KMI_6447,1993,5,0.16
KMI_6447,1993,6,0.0
KMI_6447,1993,7,20.41
KMI_6447,1993,8,0.94
KMI_6447,1993,9,11.08
KMI_6447,1993,10,209.64
KMI_6447,1993,11,94.23
KMI_6447,1993,12,7.86
KMI_6447,1993,13,5.38
KMI_6447,1993,14,212.38
KMI_6447,1993,15,38.59
KMI_6447,1993,16,18.3
KMI_6447,1993,17,141.35
KMI_6447,1993,18,25.4
KMI_6447,1993,19,104.8
KMI_6447,1993,20,6.42
KMI_6447,1993,21,38.39
KMI_6447,1993,22,2.44
KMI_6447,1993,23,25.97
KMI_6447,1993,24,81.05
KMI_6447,1994,1,42.48
KMI_6447,1994,2,52.77
KMI_6447,1994,3,3.54
KMI_6447,1994,4,4.26
KMI_6447,1994,5,7.0
KMI_6447,1994,6,41.19
KMI_6447,1994,7,18.39
KMI_6447,1994,8,0.11
KMI_6447,1994,9,3.99
KMI_6447,1994,10,67.03
KMI_6447,1994,11,59.96
KMI_6447,1994,12,0.0
KMI_6447,1994,13,80.83
KMI_6447,1994,14,188.48
KMI_6447,1994,15,106.09
KMI_6447,1994,16,214.9
KMI_6447,1994,17,224.83
KMI_6447,1994,18,11.63
KMI_6447,1994,19,14.06
KMI_6447,1994,20,28.83
KMI_6447,1994,21,9.94
KMI_6447,1994,22,0.62
KMI_6447,1994,23,41.8
KMI_6447,1994,24,30.3
KMI_6447,1995,1,13.79
KMI_6447,1995,2,48.19
KMI_6447,1995,3,18.09
KMI_6447,1995,4,32.03
KMI_6447,1995,5,11.19
KMI_6447,1995,6,26.9
KMI_6447,1995,7,1.12
KMI_6447,1995,8,22.5
KMI_6447,1995,9,0.5
KMI_6447,1995,10,227.66
KMI_6447,1995,11,132.56
KMI_6447,1995,12,0.45
KMI_6447,1995,13,160.77
KMI_6447,1995,14,4.68
KMI_6447,1995,15,0.0
KMI_6447,1995,16,10.44
KMI_6447,1995,17,7.21
KMI_6447,1995,18,38.32
KMI_6447,1995,19,0.78
KMI_6447,1995,20,0.0
KMI_6447,1995,21,6.53
KMI_6447,1995,22,26.04
KMI_6447,1995,23,0.55
KMI_6447,1995,24,38.35
KMI_6447,1996,1,2.74
KMI_6447,1996,2,0.21
KMI_6447,1996,3,21.04
KMI_6447,1996,4,20.67
KMI_6447,1996,5,0.31
KMI_6447,1996,6,6.51
KMI_6447,1996,7,0.61
KMI_6447,1996,8,0.15
KMI_6447,1996,9,12.44
KMI_6447,1996,10,53.21
KMI_6447,1996,11,0.57
KMI_6447,1996,12,9.98
KMI_6447,1996,13,105.46
KMI_6447,1996,14,6.4
KMI_6447,1996,15,189.0
KMI_6447,1996,16,550.96
KMI_6447,1996,17,6.93
KMI_6447,1996,18,14.47
KMI_6447,1996,19,8.19
KMI_6447,1996,20,11.99
KMI_6447,1996,21,48.29
KMI_6447,1996,22,40.38
KMI_6447,1996,23,5.84
KMI_6447,1996,24,3.78
KMI_6447,1997,1,0.0
KMI_6447,1997,2,0.32
KMI_6447,1997,3,32.91
KMI_6447,1997,4,16.79
KMI_6447,1997,5,3.42
KMI_6447,1997,6,4.37
KMI_6447,1997,7,2.47
KMI_6447,1997,8,4.91
KMI_6447,1997,9,87.02
KMI_6447,1997,10,57.36
KMI_6447,1997,11,71.77
KMI_6447,1997,12,48.66
KMI_6447,1997,13,257.65
KMI_6447,1997,14,66.96
KMI_6447,1997,15,0.0
KMI_6447,1997,16,243.41
KMI_6447,1997,17,14.22
KMI_6447,1997,18,0.0
KMI_6447,1997,19,177.19
KMI_6447,1997,20,0.0
KMI_6447,1997,21,17.31
KMI_6447,1997,22,11.69
KMI_6447,1997,23,15.5
KMI_6447,1997,24,14.07
KMI_6447,1998,1,49.73
KMI_6447,1998,2,12.06
KMI_6447,1998,3,0.48
KMI_6447,1998,4,11.1
KMI_6447,1998,5,56.86
KMI_6447,1998,6,1.19
KMI_6447,1998,7,69.33
KMI_6447,1998,8,35.01
KMI_6447,1998,9,0.21
KMI_6447,1998,10,57.89
KMI_6447,1998,11,49.97
KMI_6447,1998,12,26.94
KMI_6447,1998,13,4.38
KMI_6447,1998,14,21.12
KMI_6447,1998,15,0.0
KMI_6447,1998,16,140.77
KMI_6447,1998,17,235.37
KMI_6447,1998,18,13.06
KMI_6447,1998,19,13.88
KMI_6447,1998,20,63.04
KMI_6447,1998,21,20.63
KMI_6447,1998,22,9.18
KMI_6447,1998,23,11.18
KMI_6447,1998,24,12.71
KMI_6447,1999,1,35.09
KMI_6447,1999,2,61.78
KMI_6447,1999,3,10.13
KMI_6447,1999,4,13.07
KMI_6447,1999,5,20.33
KMI_6447,1999,6,12.64
KMI_6447,1999,7,20.89
KMI_6447,1999,8,22.18
KMI_6447,1999,9,14.39
KMI_6447,1999,10,41.96
KMI_6447,1999,11,52.69
KMI_6447,1999,12,58.15
KMI_6447,1999,13,39.67
KMI_6447,1999,14,2.64
KMI_6447,1999,15,489.92
KMI_6447,1999,16,22.29
KMI_6447,1999,17,15.97
KMI_6447,1999,18,27.27
KMI_6447,1999,19,3.69
KMI_6447,1999,20,29.82
KMI_6447,1999,21,11.49
KMI_6447,1999,22,2.8
KMI_6447,1999,23,62.19
KMI_6447,1999,24,173.9
KMI_6447,2000,1,3.55
KMI_6447,2000,2,11.59
KMI_6447,2000,3,15.35
KMI_6447,2000,4,17.8
KMI_6447,2000,5,43.49
KMI_6447,2000,6,4.4
KMI_6447,2000,7,21.76
KMI_6447,2000,8,24.98
KMI_6447,2000,9,38.9
KMI_6447,2000,10,62.54
KMI_6447,2000,11,17.52
KMI_6447,2000,12,2.66
KMI_6447,2000,13,142.08
KMI_6447,2000,14,65.74
KMI_6447,2000,15,39.43
KMI_6447,2000,16,9.21
KMI_6447,2000,17,40.78
KMI_6447,2000,18,60.45
KMI_6447,2000,19,17.33
KMI_6447,2000,20,32.68
KMI_6447,2000,21,38.9
KMI_6447,2000,22,15.54
KMI_6447,2000,23,18.27
KMI_6447,2000,24,2.14
KMI_6447,2001,1,28.03
KMI_6447,2001,2,15.23
KMI_6447,2001,3,51.5
KMI_6447,2001,4,2.81
KMI_6447,2001,5,15.42
KMI_6447,2001,6,58.33
KMI_6447,2001,7,72.7
KMI_6447,2001,8,60.97
KMI_6447,2001,9,2.98
KMI_6447,2001,10,139.87
KMI_6447,2001,11,6.35
KMI_6447,2001,12,124.47
KMI_6447,2001,13,50.42
KMI_6447,2001,14,368.46
KMI_6447,2001,15,52.82
KMI_6447,2001,16,7.68
KMI_6447,2001,17,199.95
KMI_6447,2001,18,73.11
KMI_6447,2001,19,173.55
KMI_6447,2001,20,17.9
KMI_6447,2001,21,28.47
KMI_6447,2001,22,38.28
KMI_6447,2001,23,3.35
KMI_6447,2001,24,19.64
KMI_6447,2002,1,2.8
KMI_6447,2002,2,30.17
KMI_6447,2002,3,46.17
KMI_6447,2002,4,69.9
KMI_6447,2002,5,12.96
KMI_6447,2002,6,17.01
KMI_6447,2002,7,6.55
KMI_6447,2002,8,16.66
KMI_6447,2002,9,14.93
KMI_6447,2002,10,15.67
KMI_6447,2002,11,177.85
KMI_6447,2002,12,46.44
KMI_6447,2002,13,44.75
KMI_6447,2002,14,68.69
KMI_6447,2002,15,181.45
KMI_6447,2002,16,489.32
KMI_6447,2002,17,0.39
KMI_6447,2002,18,15.78
KMI_6447,2002,19,79.36
KMI_6447,2002,20,74.55
KMI_6447,2002,21,44.15
KMI_6447,2002,22,4.43
KMI_6447,2002,23,12.21
KMI_6447,2002,24,63.01
KMI_6447,2004,1,284.29
KMI_6447,2004,2,157.58
KMI_6447,2004,3,6.45
KMI_6447,2004,4,6.11
KMI_6447,2004,5,3.37
KMI_6447,2004,6,5.1
KMI_6447,2004,7,9.65
KMI_6447,2004,8,13.13
KMI_6447,2004,9,31.1
KMI_6447,2004,10,16.28
KMI_6447,2004,11,100.29
KMI_6447,2004,12,85.63
KMI_6447,2004,13,156.1
KMI_6447,2004,14,452.16
KMI_6447,2004,15,93.77
KMI_6447,2004,16,132.23
KMI_6447,2004,17,29.22
KMI_6447,2004,18,101.3
KMI_6447,2004,19,19.7
KMI_6447,2004,20,537.25
KMI_6447,2004,21,1.65
KMI_6447,2004,22,74.47
KMI_6447,2004,23,0.0
KMI_6447,2004,24,50.11
KMI_6447,2005,1,16.6
KMI_6447,2005,2,19.67
KMI_6447,2005,3,22.48
KMI_6447,2005,4,4.44
KMI_6447,2005,5,2.45
KMI_6447,2005,6,38.99
KMI_6447,2005,7,13.88
KMI_6447,2005,8,7.55
KMI_6447,2005,9,37.14
KMI_6447,2005,10,16.33
KMI_6447,2005,11,8.11
KMI_6447,2005,12,375.63
KMI_6447,2005,13,119.04
KMI_6447,2005,14,492.88
KMI_6447,2005,15,43.86
KMI_6447,2005,16,27.67
KMI_6447,2005,17,489.3
KMI_6447,2005,18,12.47
KMI_6447,2005,19,0.0
KMI_6447,2005,20,33.46
KMI_6447,2005,21,6.32
KMI_6447,2005,22,22.73
KMI_6447,2005,23,1.8
KMI_6447,2005,24,10.86
KMI_6447,2006,1,0.26
KMI_6447,2006,2,4.62
KMI_6447,2006,3,13.98
KMI_6447,2006,4,6.14
KMI_6447,2006,5,5.99
KMI_6447,2006,6,32.89
KMI_6447,2006,7,16.38
KMI_6447,2006,8,6.74
KMI_6447,2006,9,2.88
KMI_6447,2006,10,92.13
KMI_6447,2006,11,3.24
KMI_6447,2006,12,17.73
KMI_6447,2006,13,5.41
KMI_6447,2006,14,213.06
KMI_6447,2006,15,219.27
KMI_6447,2006,16,257.75
KMI_6447,2006,17,0.0
KMI_6447,2006,18,1.83
KMI_6447,2006,19,44.77
KMI_6447,2006,20,8.37
KMI_6447,2006,21,8.82
KMI_6447,2006,22,19.92
KMI_6447,2006,23,22.77
KMI_6447,2006,24,5.58
KMI_6447,2007,1,31.19
KMI_6447,2007,2,9.45
KMI_6447,2007,3,13.79
KMI_6447,2007,4,42.36
KMI_6447,2007,5,13.58
KMI_6447,2007,6,7.49
KMI_6447,2007,7,0.0
KMI_6447,2007,8,0.0
KMI_6447,2007,9,64.77
KMI_6447,2007,10,51.37
KMI_6447,2007,11,293.83
KMI_6447,2007,12,26.99
KMI_6447,2007,13,9.72
KMI_6447,2007,14,73.39
KMI_6447,2007,15,7.04
KMI_6447,2007,16,27.88
KMI_6447,2007,17,14.3
KMI_6447,2007,18,18.6
KMI_6447,2007,19,14.29
KMI_6447,2007,20,33.27
KMI_6447,2007,21,16.23
KMI_6447,2007,22,5.51
KMI_6447,2007,23,65.96
KMI_6447,2007,24,0.36
KMI_6447,2008,1,14.18
KMI_6447,2008,2,11.05
KMI_6447,2008,3,3.98
KMI_6447,2008,4,18.11
KMI_6447,2008,5,28.3
KMI_6447,2008,6,23.93
KMI_6447,2008,7,9.83
KMI_6447,2008,8,18.55
KMI_6447,2008,9,8.86
KMI_6447,2008,10,26.4
KMI_6447,2008,11,47.39
KMI_6447,2008,12,66.26
KMI_6447,2008,13,127.35
KMI_6447,2008,14,121.52
KMI_6447,2008,15,146.35
KMI_6447,2008,16,4.24
KMI_6447,2008,17,38.41
KMI_6447,2008,18,51.04
KMI_6447,2008,19,14.52
KMI_6447,2008,20,7.58
KMI_6447,2008,21,24.08
KMI_6447,2008,22,8.22
KMI_6447,2008,23,8.42
KMI_6447,2008,24,0.13
KMI_6447,2009,1,2.17
KMI_6447,2009,2,15.49
KMI_6447,2009,3,12.18
KMI_6447,2009,4,1.65
KMI_6447,2009,5,9.51
KMI_6447,2009,6,39.09
KMI_6447,2009,7,11.0
KMI_6447,2009,8,16.0
KMI_6447,2009,9,12.06
KMI_6447,2009,10,85.34
KMI_6447,2009,11,164.64
KMI_6447,2009,12,17.68
KMI_6447,2009,13,31.25
KMI_6447,2009,14,53.25
KMI_6447,2009,15,10.59
KMI_6447,2009,16,35.65
KMI_6447,2009,17,40.95
KMI_6447,2009,18,0.13
KMI_6447,2009,19,595.25
KMI_6447,2009,20,0.46
KMI_6447,2009,21,62.38
KMI_6447,2009,22,20.14
KMI_6447,2009,23,45.67
KMI_6447,2009,24,18.03
KMI_6447,2010,1,1.65
KMI_6447,2010,2,9.42
KMI_6447,2010,3,2.2
KMI_6447,2010,4,28.12
KMI_6447,2010,5,3.07
KMI_6447,2010,6,60.57
KMI_6447,2010,7,6.96
KMI_6447,2010,8,0.0
KMI_6447,2010,9,48.71
KMI_6447,2010,10,41.35
KMI_6447,2010,11,30.76
KMI_6447,2010,12,3.01
KMI_6447,2010,13,607.21
KMI_6447,2010,14,5.17
KMI_6447,2010,15,213.75
KMI_6447,2010,16,95.89
KMI_6447,2010,17,160.03
KMI_6447,2010,18,27.0
KMI_6447,2010,19,11.3
KMI_6447,2010,20,20.84
KMI_6447,2010,21,148.88
KMI_6447,2010,22,2.48
KMI_6447,2010,23,6.53
KMI_6447,2010,24,16.98
KMI_6447,2011,1,37.05
KMI_6447,2011,2,5.32
KMI_6447,2011,3,6.21
KMI_6447,2011,4,7.52
KMI_6447,2011,5,0.0
KMI_6447,2011,6,16.56
KMI_6447,2011,7,7.54
KMI_6447,2011,8,39.64
KMI_6447,2011,9,4.85
KMI_6447,2011,10,23.64
KMI_6447,2011,11,22.64
KMI_6447,2011,12,228.73
KMI_6447,2011,13,8.75
KMI_6447,2011,14,23.83
KMI_6447,2011,15,123.17
KMI_6447,2011,16,2302.88
KMI_6447,2011,17,448.3
KMI_6447,2011,18,29.65
KMI_6447,2011,19,22.12
KMI_6447,2011,20,4.59
KMI_6447,2011,21,0.52
KMI_6447,2011,22,1.13
KMI_6447,2011,23,86.92
KMI_6447,2011,24,9.68
KMI_6447,2012,1,25.85
KMI_6447,2012,2,16.27
KMI_6447,2012,3,4.62
KMI_6447,2012,4,2.3
KMI_6447,2012,5,16.39
KMI_6447,2012,6,0.0
KMI_6447,2012,7,10.3
KMI_6447,2012,8,91.75
KMI_6447,2012,9,79.31
KMI_6447,2012,10,79.6
KMI_6447,2012,11,293.6
KMI_6447,2012,12,164.24
KMI_6447,2012,13,116.07
KMI_6447,2012,14,20.25
KMI_6447,2012,15,4.08
KMI_6447,2012,16,9.64
KMI_6447,2012,17,9.13
KMI_6447,2012,18,158.24
KMI_6447,2012,19,128.54
KMI_6447,2012,20,12.28
KMI_6447,2012,21,15.79
KMI_6447,2012,22,2.79
KMI_6447,2012,23,49.68
KMI_6447,2012,24,41.38
KMI_6447,2013,1,9.06
KMI_6447,2013,2,8.76
KMI_6447,2013,3,28.77
KMI_6447,2013,4,0.68
KMI_6447,2013,5,7.21
KMI_6447,2013,6,11.93
KMI_6447,2013,7,6.28
KMI_6447,2013,8,1.57
KMI_6447,2013,9,97.32
KMI_6447,2013,10,205.64
KMI_6447,2013,11,0.74
KMI_6447,2013,12,59.37
KMI_6447,2013,13,7.19
KMI_6447,2013,14,380.98
KMI_6447,2013,15,25.22
KMI_6447,2013,16,52.64
KMI_6447,2013,17,18.55
KMI_6447,2013,18,3.79
KMI_6447,2013,19,45.06
KMI_6447,2013,20,26.94
KMI_6447,2013,21,57.21
KMI_6447,2013,22,2.39
KMI_6447,2013,23,1.47
KMI_6447,2013,24,44.95
KMI_6447,2014,1,9.94
KMI_6447,2014,2,13.97
KMI_6447,2014,3,21.68
KMI_6447,2014,4,8.13
KMI_6447,2014,5,0.33
KMI_6447,2014,6,4.64
KMI_6447,2014,7,19.82
KMI_6447,2014,8,14.25
KMI_6447,2014,9,24.94
KMI_6447,2014,10,17.02
KMI_6447,2014,11,132.16
KMI_6447,2014,12,67.94
KMI_6447,2014,13,95.22
KMI_6447,2014,14,164.86
KMI_6447,2014,15,39.37
KMI_6447,2014,16,311.31
KMI_6447,2014,17,0.0
KMI_6447,2014,18,11.08
KMI_6447,2014,19,28.55
KMI_6447,2014,20,11.09
KMI_6447,2014,21,18.92
KMI_6447,2014,22,0.0
KMI_6447,2014,23,8.77
KMI_6447,2014,24,32.51
KMI_6447,2015,1,72.72
KMI_6447,2015,2,17.35
KMI_6447,2015,3,8.13
KMI_6447,2015,4,13.92
KMI_6447,2015,5,1.83
KMI_6447,2015,6,19.36
KMI_6447,2015,7,3.8
KMI_6447,2015,8,2.52
KMI_6447,2015,9,33.49
KMI_6447,2015,10,22.03
KMI_6447,2015,11,236.53
KMI_6447,2015,12,9.73
KMI_6447,2015,13,0.51
KMI_6447,2015,14,16.46
KMI_6447,2015,15,76.33
KMI_6447,2015,16,10.46
KMI_6447,2015,17,26.67
KMI_6447,2015,18,12.6
KMI_6447,2015,19,8.41
KMI_6447,2015,20,0.98
KMI_6447,2015,21,1.13
KMI_6447,2015,22,65.49
KMI_6447,2015,23,12.0
KMI_6447,2015,24,4.16
KMI_6447,2016,1,68.93
KMI_6447,2016,2,13.4
KMI_6447,2016,3,56.57
KMI_6447,2016,4,13.49
KMI_6447,2016,5,18.21
KMI_6447,2016,6,25.06
KMI_6447,2016,7,32.73
KMI_6447,2016,8,19.76
KMI_6447,2016,9,25.05
KMI_6447,2016,10,79.39
KMI_6447,2016,11,484.19
KMI_6447,2016,12,48.9
KMI_6447,2016,13,59.74
KMI_6447,2016,14,150.87
KMI_6447,2016,15,26.93
KMI_6447,2016,16,6.12
KMI_6447,2016,17,8.34
KMI_6447,2016,18,15.23
KMI_6447,2016,19,12.91
KMI_6447,2016,20,40.84
KMI_6447,2016,21,51.56
KMI_6447,2016,22,50.51
KMI_6447,2016,23,0.71
KMI_6447,2016,24,7.46
KMI_6447,2017,1,32.28
KMI_6447,2017,2,3.59
KMI_6447,2017,3,1.37
KMI_6447,2017,4,13.7
KMI_6447,2017,5,11.16
KMI_6447,2017,6,4.74
KMI_6447,2017,7,1.46
KMI_6447,2017,8,3.82
KMI_6447,2017,9,14.32
KMI_6447,2017,10,38.87
KMI_6447,2017,11,10.45
KMI_6447,2017,12,24.16
KMI_6447,2017,13,29.86
KMI_6447,2017,14,88.95
KMI_6447,2017,15,22.93
KMI_6447,2017,16,212.77
KMI_6447,2017,17,106.15
KMI_6447,2017,18,14.16
KMI_6447,2017,19,16.16
KMI_6447,2017,20,13.82
KMI_6447,2017,21,24.97
KMI_6447,2017,22,35.22
KMI_6447,2017,23,67.19
KMI_6447,2017,24,15.16
KMI_6447,2018,1,20.38
KMI_6447,2018,2,10.3
KMI_6447,2018,3,4.18
KMI_6447,2018,4,0.0
KMI_6447,2018,5,9.94
KMI_6447,2018,6,10.46
KMI_6447,2018,7,47.96
KMI_6447,2018,8,106.59
KMI_6447,2018,9,0.0
KMI_6447,2018,10,9.37
KMI_6447,2018,11,18.42
KMI_6447,2018,12,0.0
KMI_6447,2018,13,63.44
KMI_6447,2018,14,687.03
KMI_6447,2018,15,38.05
KMI_6447,2018,16,215.19
KMI_6447,2018,17,70.93
KMI_6447,2018,18,61.68
KMI_6447,2018,19,4.57
KMI_6447,2018,20,37.2
KMI_6447,2018,21,35.09
KMI_6447,2018,22,3.36
KMI_6447,2018,23,37.37
KMI_6447,2018,24,18.37
KMI_6447,2019,1,5.45
KMI_6447,2019,2,18.59
KMI_6447,2019,3,29.87
KMI_6447,2019,4,7.81
KMI_6447,2019,5,39.81
KMI_6447,2019,6,0.84
KMI_6447,2019,7,17.43
KMI_6447,2019,8,2.54
KMI_6447,2019,9,20.63
KMI_6447,2019,10,26.73
KMI_6447,2019,11,214.78
KMI_6447,2019,12,86.93
KMI_6447,2019,13,20.35
KMI_6447,2019,14,116.89
KMI_6447,2019,15,32.04
KMI_6447,2019,16,28.01
KMI_6447,2019,17,4.41
KMI_6447,2019,18,81.9
KMI_6447,2019,19,24.67
KMI_6447,2019,20,9.5
KMI_6447,2019,21,21.24
KMI_6447,2019,22,11.27
KMI_6447,2019,23,13.6
KMI_6447,2019,24,7.96
KMI_6447,2020,1,19.16
KMI_6447,2020,2,12.38
KMI_6447,2020,3,23.71
KMI_6447,2020,4,31.24
KMI_6447,2020,5,31.07
KMI_6447,2020,6,0.49
KMI_6447,2020,7,0.0
KMI_6447,2020,8,9.35
KMI_6447,2020,9,0.56
KMI_6447,2020,10,0.0
KMI_6447,2020,11,21.07
KMI_6447,2020,12,222.39
KMI_6447,2020,13,2.43
KMI_6447,2020,14,2.16
KMI_6447,2020,15,76.96
KMI_6447,2020,16,22.98
KMI_6447,2020,17,0.43
KMI_6447,2020,18,108.05
KMI_6447,2020,19,35.53
KMI_6447,2020,20,18.34
KMI_6447,2020,21,23.3
KMI_6447,2020,22,5.2
KMI_6447,2020,23,3.77
KMI_6447,2020,24,19.25
KMI_6447,2021,1,28.89
KMI_6447,2021,2,62.26
KMI_6447,2021,3,21.24
KMI_6447,2021,4,3.59
KMI_6447,2021,5,18.22
KMI_6447,2021,6,2.26
KMI_6447,2021,7,17.0
KMI_6447,2021,8,0.0
KMI_6447,2021,9,23.76
KMI_6447,2021,10,64.08
KMI_6447,2021,11,437.75
KMI_6447,2021,12,136.81
KMI_6447,2021,13,653.67
KMI_6447,2021,14,391.25
KMI_6447,2021,15,132.9
KMI_6447,2021,16,384.76
KMI_6447,2021,17,44.47
KMI_6447,2021,18,2.1
KMI_6447,2021,19,44.58
KMI_6447,2021,20,195.07
KMI_6447,2021,21,2.3
KMI_6447,2021,22,33.61
KMI_6447,2021,23,15.26
KMI_6447,2021,24,8.95
KMI_6447,2022,1,75.3
KMI_6447,2022,2,4.05
KMI_6447,2022,3,65.94
KMI_6447,2022,4,55.28
KMI_6447,2022,5,0.0
KMI_6447,2022,6,0.18
KMI_6447,2022,7,8.62
KMI_6447,2022,8,15.11
KMI_6447,2022,9,0.0
KMI_6447,2022,10,588.81
KMI_6447,2022,11,70.81
KMI_6447,2022,12,60.39
KMI_6447,2022,13,0.0
KMI_6447,2022,14,0.45
KMI_6447,2022,15,1.77
KMI_6447,2022,16,47.37
KMI_6447,2022,17,140.8
KMI_6447,2022,18,45.2
KMI_6447,2022,19,5.19
KMI_6447,2022,20,11.3
KMI_6447,2022,21,4.14
KMI_6447,2022,22,23.17
KMI_6447,2022,23,3.15
KMI_6447,2022,24,94.21
KMI_6447,2023,1,22.95
KMI_6447,2023,2,10.66
KMI_6447,2023,3,0.44
KMI_6447,2023,4,0.76
KMI_6447,2023,5,39.32
KMI_6447,2023,6,92.17
KMI_6447,2023,7,24.31
KMI_6447,2023,8,5.33
KMI_6447,2023,9,32.9
KMI_6447,2023,10,0.0
KMI_6447,2023,11,0.0
KMI_6447,2023,12,81.56
KMI_6447,2023,13,51.93
KMI_6447,2023,14,177.22
KMI_6447,2023,15,199.16
KMI_6447,2023,16,184.52
KMI_6447,2023,17,0.0
KMI_6447,2023,18,140.85
KMI_6447,2023,19,11.79
KMI_6447,2023,20,54.27
KMI_6447,2023,21,51.53
KMI_6447,2023,22,22.33
KMI_6447,2023,23,15.76
KMI_6447,2023,24,34.03
KMI_6447,2024,1,30.49
KMI_6447,2024,2,6.59
KMI_6447,2024,3,52.03
KMI_6447,2024,4,39.04
KMI_6447,2024,5,14.12
KMI_6447,2024,6,10.44
KMI_6447,2024,7,49.78
KMI_6447,2024,8,17.69
KMI_6447,2024,9,46.79
KMI_6447,2024,10,84.19
KMI_6447,2024,11,36.83
KMI_6447,2024,12,87.61
KMI_6447,2024,13,693.16
KMI_6447,2024,14,5.53
KMI_6447,2024,15,1576.9
KMI_6447,2024,16,103.03
KMI_6447,2024,17,172.87
KMI_6447,2024,18,78.64
KMI_6447,2024,19,26.19
KMI_6447,2024,20,16.58
KMI_6447,2024,21,1.05
KMI_6447,2024,22,82.35
KMI_6447,2024,23,30.72
KMI_6447,2024,24,31.21
KMI_6464,2003,1,37.19
KMI_6464,2003,2,33.41
KMI_6464,2003,3,5.44
KMI_6464,2003,4,2.2
KMI_6464,2003,5,12.86
KMI_6464,2003,6,0.0
KMI_6464,2003,7,24.48
KMI_6464,2003,8,57.66
KMI_6464,2003,9,23.43
KMI_6464,2003,10,117.35
KMI_6464,2003,11,180.23
KMI_6464,2003,12,3.33
KMI_6464,2003,13,107.63
KMI_6464,2003,14,144.47
KMI_6464,2003,15,0.0
KMI_6464,2003,16,107.77
KMI_6464,2003,17,90.84
KMI_6464,2003,18,8.27
KMI_6464,2003,19,70.34
KMI_6464,2003,20,10.49
KMI_6464,2003,21,1.2
KMI_6464,2003,22,6.92
KMI_6464,2003,23,31.24
KMI_6464,2003,24,8.37
KMI_6464,2004,1,37.77
KMI_6464,2004,2,5.03
KMI_6464,2004,3,22.14
KMI_6464,2004,4,4.15
KMI_6464,2004,5,5.58
KMI_6464,2004,6,3.99
KMI_6464,2004,7,22.91
KMI_6464,2004,8,2.55
KMI_6464,2004,9,18.83
KMI_6464,2004,10,529.57
KMI_6464,2004,11,5.57
KMI_6464,2004,12,9.12
KMI_6464,2004,13,203.52
KMI_6464,2004,14,132.28
KMI_6464,2004,15,37.56
KMI_6464,2004,16,435.7
KMI_6464,2004,17,41.78
KMI_6464,2004,18,22.01
KMI_6464,2004,19,6.89
KMI_6464,2004,20,75.66
KMI_6464,2004,21,5.17
KMI_6464,2004,22,121.24
KMI_6464,2004,23,0.0
KMI_6464,2004,24,25.97
KMI_6464,2005,1,1.4
KMI_6464,2005,2,44.72
KMI_6464,2005,3,13.83
KMI_6464,2005,4,2.98
KMI_6464,2005,5,0.24
KMI_6464,2005,6,32.73
KMI_6464,2005,7,13.89
KMI_6464,2005,8,10.51
KMI_6464,2005,9,17.44
KMI_6464,2005,10,10.14
KMI_6464,2005,11,2.54
KMI_6464,2005,12,161.76
KMI_6464,2005,13,179.3
KMI_6464,2005,14,89.32
KMI_6464,2005,15,19.12
KMI_6464,2005,16,12.2
KMI_6464,2005,17,131.29
KMI_6464,2005,18,12.01
KMI_6464,2005,19,3.18
KMI_6464,2005,20,19.95
KMI_6464,2005,21,3.18
KMI_6464,2005,22,17.09
KMI_6464,2005,23,0.78
KMI_6464,2005,24,4.6
KMI_6464,2006,1,0.35
KMI_6464,2006,2,1.91
KMI_6464,2006,3,15.78
KMI_6464,2006,4,12.52
KMI_6464,2006,5,5.26
KMI_6464,2006,6,14.93
KMI_6464,2006,7,3.91
KMI_6464,2006,8,1.43
KMI_6464,2006,9,6.54
KMI_6464,2006,10,44.29
KMI_6464,2006,11,79.35
KMI_6464,2006,12,37.16
KMI_6464,2006,13,276.44
KMI_6464,2006,14,16.48
KMI_6464,2006,15,450.82
KMI_6464,2006,16,159.42
KMI_6464,2006,17,3.33
KMI_6464,2006,18,0.0
KMI_6464,2006,19,127.25
KMI_6464,2006,20,10.16
KMI_6464,2006,21,7.19
KMI_6464,2006,22,11.34
KMI_6464,2006,23,27.16
KMI_6464,2006,24,8.78
KMI_6464,2007,1,42.16
KMI_6464,2007,2,34.08
KMI_6464,2007,3,11.03
KMI_6464,2007,4,16.52
KMI_6464,2007,5,7.91
KMI_6464,2007,6,8.31
KMI_6464,2007,7,0.0
KMI_6464,2007,8,0.0
KMI_6464,2007,9,175.22
KMI_6464,2007,10,33.49
KMI_6464,2007,11,175.3
KMI_6464,2007,12,134.06
KMI_6464,2007,13,210.98
KMI_6464,2007,14,138.31
KMI_6464,2007,15,26.14
KMI_6464,2007,16,14.01
KMI_6464,2007,17,11.82
KMI_6464,2007,18,91.59
KMI_6464,2007,19,29.24
KMI_6464,2007,20,6.52
KMI_6464,2007,21,22.9
KMI_6464,2007,22,6.37
KMI_6464,2007,23,25.02
KMI_6464,2007,24,0.22
KMI_6464,2008,1,4.36
KMI_6464,2008,2,6.22
KMI_6464,2008,3,5.11
KMI_6464,2008,4,8.81
KMI_6464,2008,5,4.32
KMI_6464,2008,6,22.32
KMI_6464,2008,7,5.81
KMI_6464,2008,8,21.19
KMI_6464,2008,9,32.84
KMI_6464,2008,10,56.1
KMI_6464,2008,11,190.9
KMI_6464,2008,12,2.58
KMI_6464,2008,13,25.74
KMI_6464,2008,14,430.29
KMI_6464,2008,15,114.78
KMI_6464,2008,16,47.74
KMI_6464,2008,17,31.48
KMI_6464,2008,18,58.69
KMI_6464,2008,19,226.26
KMI_6464,2008,20,8.02
KMI_6464,2008,21,20.15
KMI_6464,2008,22,6.86
KMI_6464,2008,23,1.21
KMI_6464,2008,24,0.65
KMI_6464,2009,1,1.54
KMI_6464,2009,2,11.13
KMI_6464,2009,3,8.1
KMI_6464,2009,4,0.44
KMI_6464,2009,5,1.57
KMI_6464,2009,6,14.31
KMI_6464,2009,7,0.22
KMI_6464,2009,8,22.93
KMI_6464,2009,9,16.75
KMI_6464,2009,10,69.91
KMI_6464,2009,11,97.1
KMI_6464,2009,12,1.2
KMI_6464,2009,13,51.83
KMI_6464,2009,14,178.6
KMI_6464,2009,15,14.42
KMI_6464,2009,16,14.68
KMI_6464,2009,17,10.97
KMI_6464,2009,18,3.82
KMI_6464,2009,19,107.48
KMI_6464,2009,20,1.99
KMI_6464,2009,21,19.05
KMI_6464,2009,22,53.65
KMI_6464,2009,23,21.33
KMI_6464,2009,24,4.97
KMI_6464,2010,1,0.2
KMI_6464,2010,2,2.12
KMI_6464,2010,3,3.04
KMI_6464,2010,4,8.9
KMI_6464,2010,5,0.92
KMI_6464,2010,6,72.75
KMI_6464,2010,7,18.45
KMI_6464,2010,8,18.87
KMI_6464,2010,9,19.59
KMI_6464,2010,10,16.48
KMI_6464,2010,11,2.52
KMI_6464,2010,12,0.24
KMI_6464,2010,13,142.85
KMI_6464,2010,14,62.0
KMI_6464,2010,15,60.55
KMI_6464,2010,16,209.44
KMI_6464,2010,17,77.52
KMI_6464,2010,18,12.27
KMI_6464,2010,19,7.92
KMI_6464,2010,20,13.25
KMI_6464,2010,21,202.44
KMI_6464,2010,22,1.49
KMI_6464,2010,23,2.24
KMI_6464,2010,24,3.19
KMI_6464,2011,1,8.42
KMI_6464,2011,2,15.24
KMI_6464,2011,3,7.57
KMI_6464,2011,4,3.84
KMI_6464,2011,5,0.1
KMI_6464,2011,6,3.77
KMI_6464,2011,7,2.28
KMI_6464,2011,8,0.0
KMI_6464,2011,9,1.63
KMI_6464,2011,10,2.94
KMI_6464,2011,11,25.34
KMI_6464,2011,12,955.54
KMI_6464,2011,13,7.4
KMI_6464,2011,14,22.32
KMI_6464,2011,15,96.27
KMI_6464,2011,16,1564.79
KMI_6464,2011,17,61.34
KMI_6464,2011,18,13.28
KMI_6464,2011,19,82.92
KMI_6464,2011,20,1.06
KMI_6464,2011,21,3.34
KMI_6464,2011,22,0.0
KMI_6464,2011,23,21.36
KMI_6464,2011,24,23.51
KMI_6464,2012,1,9.57
KMI_6464,2012,2,5.49
KMI_6464,2012,3,0.32
KMI_6464,2012,4,1.28
KMI_6464,2012,5,1.42
KMI_6464,2012,6,0.0
KMI_6464,2012,7,4.63
KMI_6464,2012,8,7.05
KMI_6464,2012,9,8.6
KMI_6464,2012,10,204.61
KMI_6464,2012,11,157.01
KMI_6464,2012,12,46.4
KMI_6464,2012,13,148.08
KMI_6464,2012,14,80.67
KMI_6464,2012,15,35.66
KMI_6464,2012,16,14.25
KMI_6464,2012,17,12.81
KMI_6464,2012,18,82.03
KMI_6464,2012,19,128.51
KMI_6464,2012,20,2.31
KMI_6464,2012,21,7.19
KMI_6464,2012,22,1.91
KMI_6464,2012,23,36.66
KMI_6464,2012,24,53.66
KMI_6464,2013,1,4.94
KMI_6464,2013,2,13.04
KMI_6464,2013,3,26.48
KMI_6464,2013,4,0.44
KMI_6464,2013,5,4.93
KMI_6464,2013,6,3.24
KMI_6464,2013,7,16.48
KMI_6464,2013,8,0.0
KMI_6464,2013,9,0.0
KMI_6464,2013,10,55.0
KMI_6464,2013,11,0.0
KMI_6464,2013,12,21.06
KMI_6464,2013,13,1.49
KMI_6464,2013,14,751.29
KMI_6464,2013,15,7.43
KMI_6464,2013,16,5.53
KMI_6464,2013,17,40.47
KMI_6464,2013,18,2.11
KMI_6464,2013,19,48.37
KMI_6464,2013,20,73.3
KMI_6464,2013,21,129.38
KMI_6464,2013,22,1.3
KMI_6464,2013,23,0.71
KMI_6464,2013,24,46.71
KMI_6464,2014,1,12.56
KMI_6464,2014,2,9.53
KMI_6464,2014,3,17.36
KMI_6464,2014,4,2.35
KMI_6464,2014,5,0.0
KMI_6464,2014,6,5.18
KMI_6464,2014,7,14.29
KMI_6464,2014,8,6.03
KMI_6464,2014,9,42.73
KMI_6464,2014,10,36.34
KMI_6464,2014,11,34.82
KMI_6464,2014,12,1.54
KMI_6464,2014,13,57.13
KMI_6464,2014,14,12.94
KMI_6464,2014,15,212.48
KMI_6464,2014,16,114.79
KMI_6464,2014,17,0.0
KMI_6464,2014,18,4.14
KMI_6464,2014,19,12.3
KMI_6464,2014,20,9.78
KMI_6464,2014,21,30.74
KMI_6464,2014,22,17.4
KMI_6464,2014,23,14.43
KMI_6464,2014,24,36.3
KMI_6464,2016,1,32.33
KMI_6464,2016,2,47.88
KMI_6464,2016,3,44.27
KMI_6464,2016,4,16.57
KMI_6464,2016,5,21.36
KMI_6464,2016,6,10.99
KMI_6464,2016,7,16.01
KMI_6464,2016,8,18.77
KMI_6464,2016,9,1.53
KMI_6464,2016,10,909.23
KMI_6464,2016,11,557.83
KMI_6464,2016,12,526.93
KMI_6464,2016,13,23.21
KMI_6464,2016,14,4.74
KMI_6464,2016,15,115.43
KMI_6464,2016,16,4.09
KMI_6464,2016,17,23.95
KMI_6464,2016,18,0.6
KMI_6464,2016,19,20.12
KMI_6464,2016,20,10.47
KMI_6464,2016,21,25.37
KMI_6464,2016,22,58.41
KMI_6464,2016,23,4.43
KMI_6464,2016,24,4.8
KMI_6464,2017,1,19.98
KMI_6464,2017,2,2.18
KMI_6464,2017,3,0.95
KMI_6464,2017,4,24.79
KMI_6464,2017,5,20.79
KMI_6464,2017,6,37.48
KMI_6464,2017,7,0.52
KMI_6464,2017,8,4.92
KMI_6464,2017,9,13.69
KMI_6464,2017,10,8.84
KMI_6464,2017,11,20.02
KMI_6464,2017,12,57.14
KMI_6464,2017,13,42.15
KMI_6464,2017,14,104.37
KMI_6464,2017,15,25.6
KMI_6464,2017,16,93.22
KMI_6464,2017,17,36.53
KMI_6464,2017,18,41.66
KMI_6464,2017,19,65.61
KMI_6464,2017,20,16.23
KMI_6464,2017,21,12.89
KMI_6464,2017,22,27.33
KMI_6464,2017,23,90.39
KMI_6464,2017,24,20.98
KMI_6464,2018,1,46.95
KMI_6464,2018,2,19.3
KMI_6464,2018,3,7.63
KMI_6464,2018,4,0.0
KMI_6464,2018,5,9.41
KMI_6464,2018,6,6.38
KMI_6464,2018,7,66.92
KMI_6464,2018,8,99.86
KMI_6464,2018,9,0.0
KMI_6464,2018,10,231.97
KMI_6464,2018,11,26.76
KMI_6464,2018,12,0.0
KMI_6464,2018,13,0.0
KMI_6464,2018,14,10.65
KMI_6464,2018,15,155.76
KMI_6464,2018,16,70.52
KMI_6464,2018,17,23.59
KMI_6464,2018,18,37.39
KMI_6464,2018,19,1.18
KMI_6464,2018,20,35.6
KMI_6464,2018,21,11.26
KMI_6464,2018,22,1.01
KMI_6464,2018,23,41.66
KMI_6464,2018,24,19.5
KMI_6464,2019,1,6.02
KMI_6464,2019,2,14.38
KMI_6464,2019,3,19.4
KMI_6464,2019,4,7.9
KMI_6464,2019,5,90.05
KMI_6464,2019,6,1.36
KMI_6464,2019,7,6.3
KMI_6464,2019,8,4.35
KMI_6464,2019,9,5.31
KMI_6464,2019,10,31.06
KMI_6464,2019,11,190.19
KMI_6464,2019,12,3.47
KMI_6464,2019,13,29.24
KMI_6464,2019,14,132.51
KMI_6464,2019,15,94.68
KMI_6464,2019,16,15.59
KMI_6464,2019,17,13.3
KMI_6464,2019,18,83.56
KMI_6464,2019,19,11.17
KMI_6464,2019,20,9.88
KMI_6464,2019,21,29.0
KMI_6464,2019,22,10.22
KMI_6464,2019,23,27.15
KMI_6464,2019,24,9.52
KMI_6464,2020,1,8.28
KMI_6464,2020,2,6.53
KMI_6464,2020,3,40.81
KMI_6464,2020,4,79.51
KMI_6464,2020,5,25.51
KMI_6464,2020,6,0.14
KMI_6464,2020,7,0.29
KMI_6464,2020,8,10.99
KMI_6464,2020,9,20.58
KMI_6464,2020,10,0.0
KMI_6464,2020,11,74.0
KMI_6464,2020,12,128.06
KMI_6464,2020,13,23.05
KMI_6464,2020,14,3.25
KMI_6464,2020,15,496.64
KMI_6464,2020,16,30.5
KMI_6464,2020,17,0.9
KMI_6464,2020,18,35.6
KMI_6464,2020,19,25.17
KMI_6464,2020,20,51.56
KMI_6464,2020,21,9.79
KMI_6464,2020,22,7.09
KMI_6464,2020,23,5.5
KMI_6464,2020,24,10.9
KMI_6464,2021,1,9.89
KMI_6464,2021,2,40.77
KMI_6464,2021,3,39.16
KMI_6464,2021,4,6.75
KMI_6464,2021,5,14.02
KMI_6464,2021,6,0.7
KMI_6464,2021,7,21.27
KMI_6464,2021,8,0.0
KMI_6464,2021,9,292.17
KMI_6464,2021,10,45.78
KMI_6464,2021,11,126.7
KMI_6464,2021,12,409.88
KMI_6464,2021,13,409.55
KMI_6464,2021,14,10.92
KMI_6464,2021,15,18.47
KMI_6464,2021,16,165.6
KMI_6464,2021,17,13.92
KMI_6464,2021,18,4.79
KMI_6464,2021,19,210.7
KMI_6464,2021,20,34.99
KMI_6464,2021,21,3.37
KMI_6464,2021,22,8.39
KMI_6464,2021,23,8.47
KMI_6464,2021,24,17.65
KMI_6464,2022,1,28.93
KMI_6464,2022,2,1.78
KMI_6464,2022,3,32.48
KMI_6464,2022,4,24.21
KMI_6464,2022,5,0.0
KMI_6464,2022,6,0.47
KMI_6464,2022,7,20.23
KMI_6464,2022,8,0.0
KMI_6464,2022,9,0.55
KMI_6464,2022,10,136.78
KMI_6464,2022,11,66.37
KMI_6464,2022,12,174.08
KMI_6464,2022,13,0.0
KMI_6464,2022,14,15.18
KMI_6464,2022,15,1.22
KMI_6464,2022,16,18.2
KMI_6464,2022,17,52.13
KMI_6464,2022,18,213.07
KMI_6464,2022,19,4.23
KMI_6464,2022,20,48.35
KMI_6464,2022,21,4.47
KMI_6464,2022,22,14.56
KMI_6464,2022,23,0.2
KMI_6464,2022,24,54.14
KMI_6464,2023,1,37.81
KMI_6464,2023,2,16.97
KMI_6464,2023,3,0.68
KMI_6464,2023,4,0.38
KMI_6464,2023,5,38.89
KMI_6464,2023,6,23.26
KMI_6464,2023,7,6.31
KMI_6464,2023,8,11.83
KMI_6464,2023,9,37.49
KMI_6464,2023,10,0.0
KMI_6464,2023,11,0.0
KMI_6464,2023,12,92.02
KMI_6464,2023,13,62.55
KMI_6464,2023,14,199.4
KMI_6464,2023,15,105.71
KMI_6464,2023,16,155.65
KMI_6464,2023,17,25.95
KMI_6464,2023,18,63.27
KMI_6464,2023,19,46.58
KMI_6464,2023,20,227.48
KMI_6464,2023,21,65.6
KMI_6464,2023,22,23.19
KMI_6464,2023,23,13.64
KMI_6464,2023,24,24.66
KMI_6464,2024,1,53.71
KMI_6464,2024,2,3.54
KMI_6464,2024,3,47.87
KMI_6464,2024,4,22.82
KMI_6464,2024,5,16.08
KMI_6464,2024,6,20.28
KMI_6464,2024,7,63.53
KMI_6464,2024,8,8.71
KMI_6464,2024,9,81.18
KMI_6464,2024,10,42.18
KMI_6464,2024,11,13.21
KMI_6464,2024,12,187.95
KMI_6464,2024,13,313.56
KMI_6464,2024,14,31.04
KMI_6464,2024,15,498.77
KMI_6464,2024,16,32.24
KMI_6464,2024,17,19.15
KMI_6464,2024,18,19.16
KMI_6464,2024,19,37.05
KMI_6464,2024,20,15.95
KMI_6464,2024,21,0.37
KMI_6464,2024,22,66.87
KMI_6464,2024,23,21.16
KMI_6464,2024,24,35.25
KMI_6477,2005,1,1.55
KMI_6477,2005,2,27.16
KMI_6477,2005,3,19.71
KMI_6477,2005,4,1.88
KMI_6477,2005,5,4.72
KMI_6477,2005,6,8.58
KMI_6477,2005,7,1.54
KMI_6477,2005,8,94.15
KMI_6477,2005,9,43.02
KMI_6477,2005,10,25.29
KMI_6477,2005,11,9.52
KMI_6477,2005,12,124.8
KMI_6477,2005,13,85.05
KMI_6477,2005,14,78.64
KMI_6477,2005,15,209.32
KMI_6477,2005,16,3.43
KMI_6477,2005,17,51.06
KMI_6477,2005,18,15.04
KMI_6477,2005,19,0.0
KMI_6477,2005,20,120.29
KMI_6477,2005,21,7.56
KMI_6477,2005,22,15.33
KMI_6477,2005,23,2.6
KMI_6477,2005,24,6.34
KMI_6477,2006,1,0.58
KMI_6477,2006,2,4.89
KMI_6477,2006,3,14.05
KMI_6477,2006,4,10.03
KMI_6477,2006,5,11.27
KMI_6477,2006,6,20.33
KMI_6477,2006,7,11.27
KMI_6477,2006,8,1.32
KMI_6477,2006,9,75.18
KMI_6477,2006,10,94.47
KMI_6477,2006,11,19.42
KMI_6477,2006,12,1.25
KMI_6477,2006,13,12.15
KMI_6477,2006,14,48.22
KMI_6477,2006,15,466.35
KMI_6477,2006,16,483.58
KMI_6477,2006,17,1.13
KMI_6477,2006,18,98.79
KMI_6477,2006,19,27.56
KMI_6477,2006,20,50.64
KMI_6477,2006,21,9.95
KMI_6477,2006,22,12.14
KMI_6477,2006,23,21.72
KMI_6477,2006,24,3.66
KMI_6477,2007,1,18.86
KMI_6477,2007,2,18.78
KMI_6477,2007,3,11.05
KMI_6477,2007,4,26.17
KMI_6477,2007,5,12.65
KMI_6477,2007,6,8.78
KMI_6477,2007,7,0.0
KMI_6477,2007,8,0.0
KMI_6477,2007,9,50.23
KMI_6477,2007,10,66.6
KMI_6477,2007,11,1227.79
KMI_6477,2007,12,44.03
KMI_6477,2007,13,231.58
KMI_6477,2007,14,66.48
KMI_6477,2007,15,121.93
KMI_6477,2007,16,118.59
KMI_6477,2007,17,6.67
KMI_6477,2007,18,10.47
KMI_6477,2007,19,15.4
KMI_6477,2007,20,12.93
KMI_6477,2007,21,41.16
KMI_6477,2007,22,7.2
KMI_6477,2007,23,17.87
KMI_6477,2007,24,0.62
KMI_6477,2008,1,10.03
KMI_6477,2008,2,16.05
KMI_6477,2008,3,6.93
KMI_6477,2008,4,13.58
KMI_6477,2008,5,8.52
KMI_6477,2008,6,35.35
KMI_6477,2008,7,20.72
KMI_6477,2008,8,92.64
KMI_6477,2008,9,181.0
KMI_6477,2008,10,286.86
KMI_6477,2008,11,159.07
KMI_6477,2008,12,22.31
KMI_6477,2008,13,69.24
KMI_6477,2008,14,346.98
KMI_6477,2008,15,250.46
KMI_6477,2008,16,16.61
KMI_6477,2008,17,44.76
KMI_6477,2008,18,17.39
KMI_6477,2008,19,17.75
KMI_6477,2008,20,5.29
KMI_6477,2008,21,13.89
KMI_6477,2008,22,10.97
KMI_6477,2008,23,8.08
KMI_6477,2008,24,3.73
KMI_6477,2009,1,0.62
KMI_6477,2009,2,15.17
KMI_6477,2009,3,20.09
KMI_6477,2009,4,2.77
KMI_6477,2009,5,9.19
KMI_6477,2009,6,23.6
KMI_6477,2009,7,1.8
KMI_6477,2009,8,6.92
KMI_6477,2009,9,126.91
KMI_6477,2009,10,1.9
KMI_6477,2009,11,162.71
KMI_6477,2009,12,12.14
KMI_6477,2009,13,89.34
KMI_6477,2009,14,100.59
KMI_6477,2009,15,29.51
KMI_6477,2009,16,7.26
KMI_6477,2009,17,24.44
KMI_6477,2009,18,0.73
KMI_6477,2009,19,310.97
KMI_6477,2009,20,0.38
KMI_6477,2009,21,58.57
KMI_6477,2009,22,42.64
KMI_6477,2009,23,16.05
KMI_6477,2009,24,12.47
KMI_6477,2010,1,0.35
KMI_6477,2010,2,9.32
KMI_6477,2010,3,7.24
KMI_6477,2010,4,17.83
KMI_6477,2010,5,1.34
KMI_6477,2010,6,28.1
KMI_6477,2010,7,15.88
KMI_6477,2010,8,0.0
KMI_6477,2010,9,205.24
KMI_6477,2010,10,104.86
KMI_6477,2010,11,7.24
KMI_6477,2010,12,0.0
KMI_6477,2010,13,124.16
KMI_6477,2010,14,152.55
KMI_6477,2010,15,76.29
KMI_6477,2010,16,130.9
KMI_6477,2010,17,31.94
KMI_6477,2010,18,38.22
KMI_6477,2010,19,10.56
KMI_6477,2010,20,0.96
KMI_6477,2010,21,214.18
KMI_6477,2010,22,2.0
KMI_6477,2010,23,7.27
KMI_6477,2010,24,9.37
KMI_6477,2011,1,31.44
KMI_6477,2011,2,4.0
KMI_6477,2011,3,16.94
KMI_6477,2011,4,3.24
KMI_6477,2011,5,1.76
KMI_6477,2011,6,5.18
KMI_6477,2011,7,2.58
KMI_6477,2011,8,10.86
KMI_6477,2011,9,8.93
KMI_6477,2011,10,11.52
KMI_6477,2011,11,74.66
KMI_6477,2011,12,88.76
KMI_6477,2011,13,13.32
KMI_6477,2011,14,27.26
KMI_6477,2011,15,41.5
KMI_6477,2011,16,698.13
KMI_6477,2011,17,21.84
KMI_6477,2011,18,0.98
KMI_6477,2011,19,32.96
KMI_6477,2011,20,2.62
KMI_6477,2011,21,0.0
KMI_6477,2011,22,0.0
KMI_6477,2011,23,58.88
KMI_6477,2011,24,38.28
KMI_6477,2012,1,60.28
KMI_6477,2012,2,22.9
KMI_6477,2012,3,1.92
KMI_6477,2012,4,3.04
KMI_6477,2012,5,1.57
KMI_6477,2012,6,0.0
KMI_6477,2012,7,21.42
KMI_6477,2012,8,30.46
KMI_6477,2012,9,19.85
KMI_6477,2012,10,9.45
KMI_6477,2012,11,195.14
KMI_6477,2012,12,47.39
KMI_6477,2012,13,43.23
KMI_6477,2012,14,134.11
KMI_6477,2012,15,1.21
KMI_6477,2012,16,41.85
KMI_6477,2012,17,6.12
KMI_6477,2012,18,10.68
KMI_6477,2012,19,120.05
KMI_6477,2012,20,5.92
KMI_6477,2012,21,4.23
KMI_6477,2012,22,2.94
KMI_6477,2012,23,19.5
KMI_6477,2012,24,34.95
KMI_6477,2013,1,3.59
KMI_6477,2013,2,6.77
KMI_6477,2013,3,9.03
KMI_6477,2013,4,1.67
KMI_6477,2013,5,2.48
KMI_6477,2013,6,15.87
KMI_6477,2013,7,11.41
KMI_6477,2013,8,0.92
KMI_6477,2013,9,8.44
KMI_6477,2013,10,1.72
KMI_6477,2013,11,0.0
KMI_6477,2013,12,1.11
KMI_6477,2013,13,0.27
KMI_6477,2013,14,0.0
KMI_6477,2013,15,0.29
KMI_6477,2013,16,0.61
KMI_6477,2013,17,41.78
KMI_6477,2013,18,2.74
KMI_6477,2013,19,29.62
KMI_6477,2013,20,67.91
KMI_6477,2013,21,44.03
KMI_6477,2013,22,2.39
KMI_6477,2013,23,1.92
KMI_6477,2013,24,49.49
KMI_6477,2014,1,10.32
KMI_6477,2014,2,6.44
KMI_6477,2014,3,8.24
KMI_6477,2014,4,2.61
KMI_6477,2014,5,0.0
KMI_6477,2014,6,1.24
KMI_6477,2014,7,8.46
KMI_6477,2014,8,36.99
KMI_6477,2014,9,86.48
KMI_6477,2014,10,38.82
KMI_6477,2014,11,150.86
KMI_6477,2014,12,36.12
KMI_6477,2014,13,164.82
KMI_6477,2014,14,180.81
KMI_6477,2014,15,208.58
KMI_6477,2014,16,75.81
KMI_6477,2014,17,0.0
KMI_6477,2014,18,70.12
KMI_6477,2014,19,23.0
KMI_6477,2014,20,5.07
KMI_6477,2014,21,7.55
KMI_6477,2014,22,2.28
KMI_6477,2014,23,28.17
KMI_6477,2014,24,21.82
KMI_6477,2015,1,44.61
KMI_6477,2015,2,10.79
KMI_6477,2015,3,0.88
KMI_6477,2015,4,10.34
KMI_6477,2015,5,10.79
KMI_6477,2015,6,83.53
KMI_6477,2015,7,3.23
KMI_6477,2015,8,16.55
KMI_6477,2015,9,8.45
KMI_6477,2015,10,9.13
KMI_6477,2015,11,9.3
KMI_6477,2015,12,7.9
KMI_6477,2015,13,2.55
KMI_6477,2015,14,63.49
KMI_6477,2015,15,984.88
KMI_6477,2015,16,134.21
KMI_6477,2015,17,28.16
KMI_6477,2015,18,52.84
KMI_6477,2015,19,9.22
KMI_6477,2015,20,1.04
KMI_6477,2015,21,1.35
KMI_6477,2015,22,45.28
KMI_6477,2015,23,8.37
KMI_6477,2015,24,4.16
KMI_6477,2016,1,13.81
KMI_6477,2016,2,31.96
KMI_6477,2016,3,40.05
KMI_6477,2016,4,12.6
KMI_6477,2016,5,4.89
KMI_6477,2016,6,5.8
KMI_6477,2016,7,6.11
KMI_6477,2016,8,26.9
KMI_6477,2016,9,2.69
KMI_6477,2016,10,819.08
KMI_6477,2016,11,808.68
KMI_6477,2016,12,1062.01
KMI_6477,2016,13,23.42
KMI_6477,2016,14,1.9
KMI_6477,2016,15,42.49
KMI_6477,2016,16,35.4
KMI_6477,2016,17,17.32
KMI_6477,2016,18,0.0
KMI_6477,2016,19,5.75
KMI_6477,2016,20,13.54
KMI_6477,2016,21,22.13
KMI_6477,2016,22,42.9
KMI_6477,2016,23,1.07
KMI_6477,2016,24,2.78
KMI_6477,2017,1,9.3
KMI_6477,2017,2,0.97
KMI_6477,2017,3,1.31
KMI_6477,2017,4,22.95
KMI_6477,2017,5,22.93
KMI_6477,2017,6,6.06
KMI_6477,2017,7,1.4
KMI_6477,2017,8,5.62
KMI_6477,2017,9,11.56
KMI_6477,2017,10,5.81
KMI_6477,2017,11,5.51
KMI_6477,2017,12,9.69
KMI_6477,2017,13,151.88
KMI_6477,2017,14,24.32
KMI_6477,2017,15,68.27
KMI_6477,2017,16,58.05
KMI_6477,2017,17,56.42
KMI_6477,2017,18,21.86
KMI_6477,2017,19,9.82
KMI_6477,2017,20,18.07
KMI_6477,2017,21,3.43
KMI_6477,2017,22,22.26
KMI_6477,2017,23,57.93
KMI_6477,2017,24,16.55
KMI_6477,2018,1,26.55
KMI_6477,2018,2,22.05
KMI_6477,2018,3,4.47
KMI_6477,2018,4,0.0
KMI_6477,2018,5,13.11
KMI_6477,2018,6,6.35
KMI_6477,2018,7,1.67
KMI_6477,2018,8,48.18
KMI_6477,2018,9,11.38
KMI_6477,2018,10,102.06
KMI_6477,2018,11,69.94
KMI_6477,2018,12,0.0
KMI_6477,2018,13,0.0
KMI_6477,2018,14,0.0
KMI_6477,2018,15,140.2
KMI_6477,2018,16,57.13
KMI_6477,2018,17,1118.36
KMI_6477,2018,18,32.93
KMI_6477,2018,19,0.54
KMI_6477,2018,20,33.42
KMI_6477,2018,21,1.88
KMI_6477,2018,22,1.31
KMI_6477,2018,23,34.46
KMI_6477,2018,24,23.91
KMI_6477,2019,1,19.84
KMI_6477,2019,2,7.66
KMI_6477,2019,3,17.09
KMI_6477,2019,4,3.34
KMI_6477,2019,5,168.87
KMI_6477,2019,6,0.26
KMI_6477,2019,7,3.52
KMI_6477,2019,8,3.29
KMI_6477,2019,9,9.23
KMI_6477,2019,10,71.54
KMI_6477,2019,11,280.07
KMI_6477,2019,12,54.57
KMI_6477,2019,13,0.0
KMI_6477,2019,14,44.15
KMI_6477,2019,15,73.71
KMI_6477,2019,16,53.28
KMI_6477,2019,17,2.85
KMI_6477,2019,18,109.78
KMI_6477,2019,19,37.45
KMI_6477,2019,20,14.57
KMI_6477,2019,21,6.49
KMI_6477,2019,22,14.29
KMI_6477,2019,23,17.7
KMI_6477,2019,24,11.75
KMI_6477,2020,1,10.51
KMI_6477,2020,2,10.29
KMI_6477,2020,3,70.42
KMI_6477,2020,4,51.71
KMI_6477,2020,5,52.74
KMI_6477,2020,6,0.04
KMI_6477,2020,7,0.0
KMI_6477,2020,8,1.37
KMI_6477,2020,9,8.6
KMI_6477,2020,10,0.0
KMI_6477,2020,11,44.88
KMI_6477,2020,12,97.75
KMI_6477,2020,13,10.95
KMI_6477,2020,14,5.71
KMI_6477,2020,15,39.58
KMI_6477,2020,16,172.93
KMI_6477,2020,17,2.81
KMI_6477,2020,18,38.75
KMI_6477,2020,19,21.44
KMI_6477,2020,20,11.58
KMI_6477,2020,21,6.16
KMI_6477,2020,22,3.23
KMI_6477,2020,23,7.0
KMI_6477,2020,24,17.67
KMI_6477,2021,1,10.84
KMI_6477,2021,2,67.53
KMI_6477,2021,3,27.24
KMI_6477,2021,4,4.68
KMI_6477,2021,5,45.12
KMI_6477,2021,6,1.03
KMI_6477,2021,7,14.69
KMI_6477,2021,8,0.0
KMI_6477,2021,9,26.66
KMI_6477,2021,10,47.36
KMI_6477,2021,11,54.42
KMI_6477,2021,12,730.18
KMI_6477,2021,13,609.8
KMI_6477,2021,14,92.89
KMI_6477,2021,15,187.29
KMI_6477,2021,16,149.99
KMI_6477,2021,17,0.88
KMI_6477,2021,18,7.65
KMI_6477,2021,19,94.8
KMI_6477,2021,20,54.65
KMI_6477,2021,21,1.46
KMI_6477,2021,22,3.13
KMI_6477,2021,23,5.76
KMI_6477,2021,24,21.91
KMI_6477,2022,1,46.75
KMI_6477,2022,2,2.18
KMI_6477,2022,3,36.82
KMI_6477,2022,4,28.11
KMI_6477,2022,5,0.0
KMI_6477,2022,6,0.26
KMI_6477,2022,7,16.94
KMI_6477,2022,8,0.0
KMI_6477,2022,9,0.45
KMI_6477,2022,10,100.0
KMI_6477,2022,11,79.02
KMI_6477,2022,12,171.51
KMI_6477,2022,13,0.0
KMI_6477,2022,14,10.21
KMI_6477,2022,15,0.96
KMI_6477,2022,16,4.31
KMI_6477,2022,17,108.0
KMI_6477,2022,18,79.2
KMI_6477,2022,19,8.5
KMI_6477,2022,20,25.84
KMI_6477,2022,21,6.91
KMI_6477,2022,22,25.41
KMI_6477,2022,23,1.32
KMI_6477,2022,24,54.71
KMI_6477,2023,1,53.52
KMI_6477,2023,2,19.42
KMI_6477,2023,3,0.16
KMI_6477,2023,4,0.68
KMI_6477,2023,5,37.99
KMI_6477,2023,6,39.81
KMI_6477,2023,7,14.49
KMI_6477,2023,8,5.56
KMI_6477,2023,9,97.93
KMI_6477,2023,10,0.0
KMI_6477,2023,11,0.0
KMI_6477,2023,12,319.7
KMI_6477,2023,13,65.54
KMI_6477,2023,14,122.32
KMI_6477,2023,15,64.12
KMI_6477,2023,16,712.66
KMI_6477,2023,17,427.49
KMI_6477,2023,18,27.81
KMI_6477,2023,19,24.32
KMI_6477,2023,20,63.61
KMI_6477,2023,21,68.13
KMI_6477,2023,22,19.57
KMI_6477,2023,23,13.71
KMI_6477,2023,24,17.67
KMI_6477,2024,1,32.67
KMI_6477,2024,2,8.58
KMI_6477,2024,3,31.73
KMI_6477,2024,4,33.16
KMI_6477,2024,5,42.42
KMI_6477,2024,6,8.08
KMI_6477,2024,7,70.35
KMI_6477,2024,8,40.45
KMI_6477,2024,9,640.01
KMI_6477,2024,10,63.41
KMI_6477,2024,11,48.88
KMI_6477,2024,12,63.15
KMI_6477,2024,13,48.35
KMI_6477,2024,14,38.31
KMI_6477,2024,15,97.37
KMI_6477,2024,16,35.62
KMI_6477,2024,17,29.41
KMI_6477,2024,18,18.9
KMI_6477,2024,19,48.15
KMI_6477,2024,20,6.38
KMI_6477,2024,21,2.33
KMI_6477,2024,22,62.8
KMI_6477,2024,23,15.58
KMI_6477,2024,24,60.0
VMM_P01_003,2005,1,3.47
VMM_P01_003,2005,2,13.2
VMM_P01_003,2005,3,19.0
VMM_P01_003,2005,4,16.39
VMM_P01_003,2005,5,16.05
VMM_P01_003,2005,6,9.42
VMM_P01_003,2005,7,9.48
VMM_P01_003,2005,8,24.3
VMM_P01_003,2005,9,78.89
VMM_P01_003,2005,10,26.52
VMM_P01_003,2005,11,221.37
VMM_P01_003,2005,12,25.19
VMM_P01_003,2005,13,1136.63
VMM_P01_003,2005,14,136.88
VMM_P01_003,2005,15,5.09
VMM_P01_003,2005,16,59.55
VMM_P01_003,2005,17,38.62
VMM_P01_003,2005,18,6.29
VMM_P01_003,2005,19,17.43
VMM_P01_003,2005,20,56.11
VMM_P01_003,2005,21,20.3
VMM_P01_003,2005,22,124.12
VMM_P01_003,2005,23,37.11
VMM_P01_003,2005,24,9.64
VMM_P01_003,2006,1,1.49
VMM_P01_003,2006,2,2.9
VMM_P01_003,2006,3,14.07
VMM_P01_003,2006,4,9.96
VMM_P01_003,2006,5,3.08
VMM_P01_003,2006,6,14.61
VMM_P01_003,2006,7,20.91
VMM_P01_003,2006,8,1.0
VMM_P01_003,2006,9,45.16
VMM_P01_003,2006,10,61.08
VMM_P01_003,2006,11,22.16
VMM_P01_003,2006,12,1.1
VMM_P01_003,2006,13,0.0
VMM_P01_003,2006,14,8.68
VMM_P01_003,2006,15,240.67
VMM_P01_003,2006,16,152.93
VMM_P01_003,2006,17,0.0
VMM_P01_003,2006,18,4.2
VMM_P01_003,2006,19,77.75
VMM_P01_003,2006,20,29.45
VMM_P01_003,2006,21,31.85
VMM_P01_003,2006,22,19.07
VMM_P01_003,2006,23,29.77
VMM_P01_003,2006,24,9.71
VMM_P01_003,2007,1,9.03
VMM_P01_003,2007,2,27.39
VMM_P01_003,2007,3,18.95
VMM_P01_003,2007,4,11.17
VMM_P01_003,2007,5,6.34
VMM_P01_003,2007,6,24.95
VMM_P01_003,2007,7,0.0
VMM_P01_003,2007,8,0.0
VMM_P01_003,2007,9,26.72
VMM_P01_003,2007,10,40.19
VMM_P01_003,2007,11,35.36
VMM_P01_003,2007,12,328.13
VMM_P01_003,2007,13,415.42
VMM_P01_003,2007,14,377.37
VMM_P01_003,2007,15,62.38
VMM_P01_003,2007,16,100.42
VMM_P01_003,2007,17,3.93
VMM_P01_003,2007,18,151.88
VMM_P01_003,2007,19,16.31
VMM_P01_003,2007,20,19.25
VMM_P01_003,2007,21,12.55
VMM_P01_003,2007,22,9.24
VMM_P01_003,2007,23,25.75
VMM_P01_003,2007,24,1.1
VMM_P01_003,2008,1,5.83
VMM_P01_003,2008,2,7.19
VMM_P01_003,2008,3,21.5
VMM_P01_003,2008,4,9.89
VMM_P01_003,2008,5,37.82
VMM_P01_003,2008,6,20.42
VMM_P01_003,2008,7,20.82
VMM_P01_003,2008,8,7.36
VMM_P01_003,2008,9,60.07
VMM_P01_003,2008,10,21.0
VMM_P01_003,2008,11,100.93
VMM_P01_003,2008,12,0.0
VMM_P01_003,2008,13,24.58
VMM_P01_003,2008,14,2280.73
VMM_P01_003,2008,15,218.1
VMM_P01_003,2008,16,18.24
VMM_P01_003,2008,17,381.22
VMM_P01_003,2008,18,0.92
VMM_P01_003,2008,19,14.13
VMM_P01_003,2008,20,9.87
VMM_P01_003,2008,21,103.15
VMM_P01_003,2008,22,29.55
VMM_P01_003,2008,23,22.93
VMM_P01_003,2008,24,0.58
VMM_P01_003,2009,1,0.85
VMM_P01_003,2009,2,19.2
VMM_P01_003,2009,3,17.4
VMM_P01_003,2009,4,0.65
VMM_P01_003,2009,5,7.09
VMM_P01_003,2009,6,16.09
VMM_P01_003,2009,7,2.78
VMM_P01_003,2009,8,11.14
VMM_P01_003,2009,9,490.38
VMM_P01_003,2009,10,160.28
VMM_P01_003,2009,11,142.78
VMM_P01_003,2009,12,6.2
VMM_P01_003,2009,13,56.6
VMM_P01_003,2009,14,22.03
VMM_P01_003,2009,15,23.96
VMM_P01_003,2009,16,2.5
VMM_P01_003,2009,17,4.8
VMM_P01_003,2009,18,2.76
VMM_P01_003,2009,19,255.89
VMM_P01_003,2009,20,3.63
VMM_P01_003,2009,21,25.28
VMM_P01_003,2009,22,145.59
VMM_P01_003,2009,23,19.73
VMM_P01_003,2009,24,25.02
VMM_P01_003,2010,1,0.0
VMM_P01_003,2010,2,38.52
VMM_P01_003,2010,3,3.3
VMM_P01_003,2010,4,28.94
VMM_P01_003,2010,5,0.0
VMM_P01_003,2010,6,129.64
VMM_P01_003,2010,7,4.61
VMM_P01_003,2010,8,2.32
VMM_P01_003,2010,9,2.99
VMM_P01_003,2010,10,12.35
VMM_P01_003,2010,11,29.25
VMM_P01_003,2010,12,2.45
VMM_P01_003,2010,13,73.0
VMM_P01_003,2010,14,58.35
VMM_P01_003,2010,15,139.78
VMM_P01_003,2010,16,215.16
VMM_P01_003,2010,17,92.66
VMM_P01_003,2010,18,189.02
VMM_P01_003,2010,19,17.43
VMM_P01_003,2010,20,18.33
VMM_P01_003,2010,21,65.33
VMM_P01_003,2010,22,36.04
VMM_P01_003,2010,23,3.54
VMM_P01_003,2010,24,14.77
VMM_P01_003,2011,1,22.06
VMM_P01_003,2011,2,7.9
VMM_P01_003,2011,3,1.5
VMM_P01_003,2011,4,7.81
VMM_P01_003,2011,5,0.0
VMM_P01_003,2011,6,5.9
VMM_P01_003,2011,7,3.09
VMM_P01_003,2011,8,2.77
VMM_P01_003,2011,9,0.74
VMM_P01_003,2011,10,12.66
VMM_P01_003,2011,11,36.88
VMM_P01_003,2011,12,12.99
VMM_P01_003,2011,13,13.94
VMM_P01_003,2011,14,17.39
VMM_P01_003,2011,15,122.34
VMM_P01_003,2011,16,150.46
VMM_P01_003,2011,17,123.17
VMM_P01_003,2011,18,0.74
VMM_P01_003,2011,19,8.83
VMM_P01_003,2011,20,17.55
VMM_P01_003,2011,21,1.69
VMM_P01_003,2011,22,0.0
VMM_P01_003,2011,23,158.22
VMM_P01_003,2011,24,19.04
VMM_P01_003,2012,1,7.15
VMM_P01_003,2012,2,10.89
VMM_P01_003,2012,3,7.04
VMM_P01_003,2012,4,4.5
VMM_P01_003,2012,5,82.18
VMM_P01_003,2012,6,0.2
VMM_P01_003,2012,7,6.69
VMM_P01_003,2012,8,54.85
VMM_P01_003,2012,9,23.15
VMM_P01_003,2012,10,0.61
VMM_P01_003,2012,11,45.66
VMM_P01_003,2012,12,69.59
VMM_P01_003,2012,13,172.79
VMM_P01_003,2012,14,9.89
VMM_P01_003,2012,15,59.27
VMM_P01_003,2012,16,7.17
VMM_P01_003,2012,17,70.68
VMM_P01_003,2012,18,75.61
VMM_P01_003,2012,19,49.8
VMM_P01_003,2012,20,48.67
VMM_P01_003,2012,21,61.78
VMM_P01_003,2012,22,5.08
VMM_P01_003,2012,23,19.11
VMM_P01_003,2012,24,57.79
VMM_P01_003,2013,1,3.54
VMM_P01_003,2013,2,21.52
VMM_P01_003,2013,3,20.22
VMM_P01_003,2013,4,0.59
VMM_P01_003,2013,5,36.22
VMM_P01_003,2013,6,3.77
VMM_P01_003,2013,7,2.32
VMM_P01_003,2013,8,14.5
VMM_P01_003,2013,9,31.38
VMM_P01_003,2013,10,15.54
VMM_P01_003,2013,11,0.0
VMM_P01_003,2013,12,35.23
VMM_P01_003,2013,13,161.76
VMM_P01_003,2013,14,213.89
VMM_P01_003,2013,15,1.22
VMM_P01_003,2013,16,4.9
VMM_P01_003,2013,17,292.04
VMM_P01_003,2013,18,6.79
VMM_P01_003,2013,19,266.41
VMM_P01_003,2013,20,163.07
VMM_P01_003,2013,21,57.93
VMM_P01_003,2013,22,9.39
VMM_P01_003,2013,23,2.0
VMM_P01_003,2013,24,29.95
VMM_P01_003,2014,1,8.8
VMM_P01_003,2014,2,23.95
VMM_P01_003,2014,3,35.84
VMM_P01_003,2014,4,4.13
VMM_P01_003,2014,5,6.1
VMM_P01_003,2014,6,6.83
VMM_P01_003,2014,7,55.09
VMM_P01_003,2014,8,4.04
VMM_P01_003,2014,9,27.75
VMM_P01_003,2014,10,59.03
VMM_P01_003,2014,11,148.46
VMM_P01_003,2014,12,13.43
VMM_P01_003,2014,13,330.89
VMM_P01_003,2014,14,253.04
VMM_P01_003,2014,15,27.1
VMM_P01_003,2014,16,113.31
VMM_P01_003,2014,17,0.0
VMM_P01_003,2014,18,0.0
VMM_P01_003,2014,19,23.17
VMM_P01_003,2014,20,14.48
VMM_P01_003,2014,21,29.2
VMM_P01_003,2014,22,8.63
VMM_P01_003,2014,23,2.89
VMM_P01_003,2014,24,34.45
VMM_P01_003,2015,1,68.43
VMM_P01_003,2015,2,19.43
VMM_P01_003,2015,3,5.18
VMM_P01_003,2015,4,14.77
VMM_P01_003,2015,5,7.02
VMM_P01_003,2015,6,8.88
VMM_P01_003,2015,7,2.61
VMM_P01_003,2015,8,0.33
VMM_P01_003,2015,9,79.16
VMM_P01_003,2015,10,14.53
VMM_P01_003,2015,11,25.95
VMM_P01_003,2015,12,17.36
VMM_P01_003,2015,13,56.29
VMM_P01_003,2015,14,10.49
VMM_P01_003,2015,15,43.72
VMM_P01_003,2015,16,1442.83
VMM_P01_003,2015,17,80.87
VMM_P01_003,2015,18,39.63
VMM_P01_003,2015,19,5.39
VMM_P01_003,2015,20,2.67
VMM_P01_003,2015,21,21.16
VMM_P01_003,2015,22,152.32
VMM_P01_003,2015,23,5.11
VMM_P01_003,2015,24,6.34
VMM_P01_003,2016,1,27.62
VMM_P01_003,2016,2,13.94
VMM_P01_003,2016,3,24.64
VMM_P01_003,2016,4,5.88
VMM_P01_003,2016,5,20.59
VMM_P01_003,2016,6,19.6
VMM_P01_003,2016,7,23.21
VMM_P01_003,2016,8,7.83
VMM_P01_003,2016,9,1.22
VMM_P01_003,2016,10,212.12
VMM_P01_003,2016,11,65.57
VMM_P01_003,2016,12,88.18
VMM_P01_003,2016,13,13.67
VMM_P01_003,2016,14,0.32
VMM_P01_003,2016,15,40.94
VMM_P01_003,2016,16,41.93
VMM_P01_003,2016,17,0.52
VMM_P01_003,2016,18,25.99
VMM_P01_003,2016,19,5.79
VMM_P01_003,2016,20,48.11
VMM_P01_003,2016,21,29.33
VMM_P01_003,2016,22,51.69
VMM_P01_003,2016,23,0.92
VMM_P01_003,2016,24,5.72
VMM_P01_003,2017,1,41.1
VMM_P01_003,2017,2,4.83
VMM_P01_003,2017,3,9.74
VMM_P01_003,2017,4,24.24
VMM_P01_003,2017,5,11.9
VMM_P01_003,2017,6,0.79
VMM_P01_003,2017,7,0.53
VMM_P01_003,2017,8,9.58
VMM_P01_003,2017,9,26.75
VMM_P01_003,2017,10,284.66
VMM_P01_003,2017,11,3.39
VMM_P01_003,2017,12,0.0
VMM_P01_003,2017,13,22.24
VMM_P01_003,2017,14,44.82
VMM_P01_003,2017,15,208.67
VMM_P01_003,2017,16,232.16
VMM_P01_003,2017,17,135.63
VMM_P01_003,2017,18,60.7
VMM_P01_003,2017,19,3.22
VMM_P01_003,2017,20,6.82
VMM_P01_003,2017,21,17.27
VMM_P01_003,2017,22,54.04
VMM_P01_003,2017,23,55.5
VMM_P01_003,2017,24,95.52
VMM_P01_003,2018,1,34.31
VMM_P01_003,2018,2,22.54
VMM_P01_003,2018,3,14.43
VMM_P01_003,2018,4,0.07
VMM_P01_003,2018,5,29.51
VMM_P01_003,2018,6,6.14
VMM_P01_003,2018,7,66.56
VMM_P01_003,2018,8,17.99
VMM_P01_003,2018,9,0.34
VMM_P01_003,2018,10,759.53
VMM_P01_003,2018,11,6.24
VMM_P01_003,2018,12,0.0
VMM_P01_003,2018,13,0.0
VMM_P01_003,2018,14,5.86
VMM_P01_003,2018,15,297.48
VMM_P01_003,2018,16,29.23
VMM_P01_003,2018,17,12.5
VMM_P01_003,2018,18,37.15
VMM_P01_003,2018,19,2.99
VMM_P01_003,2018,20,43.54
VMM_P01_003,2018,21,4.32
VMM_P01_003,2018,22,1.91
VMM_P01_003,2018,23,29.03
VMM_P01_003,2018,24,10.4
VMM_P01_003,2019,1,2.96
VMM_P01_003,2019,2,16.38
VMM_P01_003,2019,3,10.91
VMM_P01_003,2019,4,7.09
VMM_P01_003,2019,5,22.71
VMM_P01_003,2019,6,2.73
VMM_P01_003,2019,7,4.74
VMM_P01_003,2019,8,3.06
VMM_P01_003,2019,9,9.67
VMM_P01_003,2019,10,16.56
VMM_P01_003,2019,11,102.51
VMM_P01_003,2019,12,3.53
VMM_P01_003,2019,13,0.0
VMM_P01_003,2019,14,46.49
VMM_P01_003,2019,15,10.55
VMM_P01_003,2019,16,0.79
VMM_P01_003,2019,17,12.19
VMM_P01_003,2019,18,91.14
VMM_P01_003,2019,19,68.08
VMM_P01_003,2019,20,15.07
VMM_P01_003,2019,21,37.3
VMM_P01_003,2019,22,13.22
VMM_P01_003,2019,23,30.41
VMM_P01_003,2019,24,15.08
VMM_P01_003,2020,1,4.96
VMM_P01_003,2020,2,4.72
VMM_P01_003,2020,3,15.08
VMM_P01_003,2020,4,33.85
VMM_P01_003,2020,5,44.49
VMM_P01_003,2020,6,0.42
VMM_P01_003,2020,7,0.0
VMM_P01_003,2020,8,15.72
VMM_P01_003,2020,9,8.17
VMM_P01_003,2020,10,0.0
VMM_P01_003,2020,11,15.47
VMM_P01_003,2020,12,128.72
VMM_P01_003,2020,13,4.99
VMM_P01_003,2020,14,11.56
VMM_P01_003,2020,15,6.53
VMM_P01_003,2020,16,138.62
VMM_P01_003,2020,17,0.0
VMM_P01_003,2020,18,57.83
VMM_P01_003,2020,19,21.28
VMM_P01_003,2020,20,29.79
VMM_P01_003,2020,21,16.47
VMM_P01_003,2020,22,5.49
VMM_P01_003,2020,23,4.87
VMM_P01_003,2020,24,39.82
VMM_P01_003,2021,1,17.56
VMM_P01_003,2021,2,36.24
VMM_P01_003,2021,3,7.62
VMM_P01_003,2021,4,0.64
VMM_P01_003,2021,5,3.52
VMM_P01_003,2021,6,9.98
VMM_P01_003,2021,7,3.66
VMM_P01_003,2021,8,3.97
VMM_P01_003,2021,9,13.06
VMM_P01_003,2021,10,30.23
VMM_P01_003,2021,11,9.84
VMM_P01_003,2021,12,76.62
VMM_P01_003,2021,13,40.98
VMM_P01_003,2021,14,191.2
VMM_P01_003,2021,15,22.32
VMM_P01_003,2021,16,48.89
VMM_P01_003,2021,17,47.78
VMM_P01_003,2021,18,5.89
VMM_P01_003,2021,19,38.6
VMM_P01_003,2021,20,11.89
VMM_P01_003,2021,21,36.92
VMM_P01_003,2021,22,55.45
VMM_P01_003,2021,23,27.8
VMM_P01_003,2021,24,14.58
VMM_P01_003,2022,1,20.04
VMM_P01_003,2022,2,1.06
VMM_P01_003,2022,3,8.93
VMM_P01_003,2022,4,6.83
VMM_P01_003,2022,5,0.69
VMM_P01_003,2022,6,3.41
VMM_P01_003,2022,7,8.42
VMM_P01_003,2022,8,0.0
VMM_P01_003,2022,9,0.0
VMM_P01_003,2022,10,149.96
VMM_P01_003,2022,11,46.55
VMM_P01_003,2022,12,17.74
VMM_P01_003,2022,13,0.0
VMM_P01_003,2022,14,2.34
VMM_P01_003,2022,15,0.0
VMM_P01_003,2022,16,540.76
VMM_P01_003,2022,17,68.16
VMM_P01_003,2022,18,111.16
VMM_P01_003,2022,19,3.46
VMM_P01_003,2022,20,13.41
VMM_P01_003,2022,21,38.75
VMM_P01_003,2022,22,64.72
VMM_P01_003,2022,23,6.43
VMM_P01_003,2022,24,73.71
VMM_P01_003,2023,1,59.96
VMM_P01_003,2023,2,2.42
VMM_P01_003,2023,3,0.59
VMM_P01_003,2023,4,0.41
VMM_P01_003,2023,5,16.22
VMM_P01_003,2023,6,13.26
VMM_P01_003,2023,7,9.86
VMM_P01_003,2023,8,142.2
VMM_P01_003,2023,9,91.61
VMM_P01_003,2023,10,0.0
VMM_P01_003,2023,11,0.0
VMM_P01_003,2023,12,116.82
VMM_P01_003,2023,13,4.88
VMM_P01_003,2023,14,80.19
VMM_P01_003,2023,15,32.77
VMM_P01_003,2023,16,47.43
VMM_P01_003,2023,17,21.59
VMM_P01_003,2023,18,20.35
VMM_P01_003,2023,19,19.96
VMM_P01_003,2023,20,286.74
VMM_P01_003,2023,21,195.5
VMM_P01_003,2023,22,46.52
VMM_P01_003,2023,23,29.8
VMM_P01_003,2023,24,21.53
VMM_P01_003,2024,1,34.19
VMM_P01_003,2024,2,3.98
VMM_P01_003,2024,3,29.38
VMM_P01_003,2024,4,18.42
VMM_P01_003,2024,5,19.66
VMM_P01_003,2024,6,7.05
VMM_P01_003,2024,7,65.03
VMM_P01_003,2024,8,17.77
VMM_P01_003,2024,9,34.95
VMM_P01_003,2024,10,46.5
VMM_P01_003,2024,11,4.08
VMM_P01_003,2024,12,4.03
VMM_P01_003,2024,13,72.65
VMM_P01_003,2024,14,11.61
VMM_P01_003,2024,15,157.77
VMM_P01_003,2024,16,20.26
VMM_P01_003,2024,17,80.14
VMM_P01_003,2024,18,25.49
VMM_P01_003,2024,19,15.77
VMM_P01_003,2024,20,23.81
VMM_P01_003,2024,21,3.87
VMM_P01_003,2024,22,114.59
VMM_P01_003,2024,23,23.33
VMM_P01_003,2024,24,3.28
VMM_P01_010,2005,1,2.42
VMM_P01_010,2005,2,36.92
VMM_P01_010,2005,3,21.06
VMM_P01_010,2005,4,31.29
VMM_P01_010,2005,5,2.23
VMM_P01_010,2005,6,6.25
VMM_P01_010,2005,7,12.31
VMM_P01_010,2005,8,9.78
VMM_P01_010,2005,9,154.55
VMM_P01_010,2005,10,21.64
VMM_P01_010,2005,11,16.47
VMM_P01_010,2005,12,1.21
VMM_P01_010,2005,13,732.55
VMM_P01_010,2005,14,56.54
VMM_P01_010,2005,15,11.26
VMM_P01_010,2005,16,183.27
VMM_P01_010,2005,17,89.23
VMM_P01_010,2005,18,15.14
VMM_P01_010,2005,19,16.43
VMM_P01_010,2005,20,50.26
VMM_P01_010,2005,21,4.1
VMM_P01_010,2005,22,99.99
VMM_P01_010,2005,23,13.04
VMM_P01_010,2005,24,8.6
VMM_P01_010,2006,1,0.82
VMM_P01_010,2006,2,2.64
VMM_P01_010,2006,3,10.06
VMM_P01_010,2006,4,9.39
VMM_P01_010,2006,5,3.54
VMM_P01_010,2006,6,47.79
VMM_P01_010,2006,7,6.56
VMM_P01_010,2006,8,2.17
VMM_P01_010,2006,9,139.59
VMM_P01_010,2006,10,64.21
VMM_P01_010,2006,11,21.78
VMM_P01_010,2006,12,0.81
VMM_P01_010,2006,13,0.0
VMM_P01_010,2006,14,19.48
VMM_P01_010,2006,15,131.76
VMM_P01_010,2006,16,262.99
VMM_P01_010,2006,17,15.96
VMM_P01_010,2006,18,15.29
VMM_P01_010,2006,19,20.47
VMM_P01_010,2006,20,62.06
VMM_P01_010,2006,21,29.41
VMM_P01_010,2006,22,8.71
VMM_P01_010,2006,23,43.91
VMM_P01_010,2006,24,4.24
VMM_P01_010,2007,1,16.19
VMM_P01_010,2007,2,23.02
VMM_P01_010,2007,3,36.47
VMM_P01_010,2007,4,7.55
VMM_P01_010,2007,5,13.53
VMM_P01_010,2007,6,13.38
VMM_P01_010,2007,7,0.0
VMM_P01_010,2007,8,0.0
VMM_P01_010,2007,9,12.81
VMM_P01_010,2007,10,20.84
VMM_P01_010,2007,11,17.54
VMM_P01_010,2007,12,284.43
VMM_P01_010,2007,13,20.32
VMM_P01_010,2007,14,628.15
VMM_P01_010,2007,15,6.6
VMM_P01_010,2007,16,120.29
VMM_P01_010,2007,17,2.61
VMM_P01_010,2007,18,53.74
VMM_P01_010,2007,19,66.91
VMM_P01_010,2007,20,6.64
VMM_P01_010,2007,21,9.25
VMM_P01_010,2007,22,10.12
VMM_P01_010,2007,23,48.94
VMM_P01_010,2007,24,3.53
VMM_P01_010,2008,1,13.58
VMM_P01_010,2008,2,7.83
VMM_P01_010,2008,3,52.16
VMM_P01_010,2008,4,4.51
VMM_P01_010,2008,5,26.57
VMM_P01_010,2008,6,21.13
VMM_P01_010,2008,7,0.43
VMM_P01_010,2008,8,8.06
VMM_P01_010,2008,9,124.16
VMM_P01_010,2008,10,41.88
VMM_P01_010,2008,11,198.59
VMM_P01_010,2008,12,0.0
VMM_P01_010,2008,13,20.63
VMM_P01_010,2008,14,417.39
VMM_P01_010,2008,15,232.7
VMM_P01_010,2008,16,45.54
VMM_P01_010,2008,17,269.82
VMM_P01_010,2008,18,20.39
VMM_P01_010,2008,19,25.61
VMM_P01_010,2008,20,8.47
VMM_P01_010,2008,21,135.76
VMM_P01_010,2008,22,17.92
VMM_P01_010,2008,23,22.57
VMM_P01_010,2008,24,0.3
VMM_P01_010,2009,1,0.51
VMM_P01_010,2009,2,30.57
VMM_P01_010,2009,3,33.29
VMM_P01_010,2009,4,0.58
VMM_P01_010,2009,5,9.0
VMM_P01_010,2009,6,37.04
VMM_P01_010,2009,7,3.33
VMM_P01_010,2009,8,44.56
VMM_P01_010,2009,9,3.29
VMM_P01_010,2009,10,11.19
VMM_P01_010,2009,11,281.37
VMM_P01_010,2009,12,0.12
VMM_P01_010,2009,13,26.28
VMM_P01_010,2009,14,50.92
VMM_P01_010,2009,15,4.56
VMM_P01_010,2009,16,0.0
VMM_P01_010,2009,17,12.17
VMM_P01_010,2009,18,0.0
VMM_P01_010,2009,19,54.59
VMM_P01_010,2009,20,1.36
VMM_P01_010,2009,21,67.13
VMM_P01_010,2009,22,88.29
VMM_P01_010,2009,23,13.19
VMM_P01_010,2009,24,19.56
VMM_P01_010,2010,1,0.09
VMM_P01_010,2010,2,17.7
VMM_P01_010,2010,3,4.68
VMM_P01_010,2010,4,27.29
VMM_P01_010,2010,5,0.0
VMM_P01_010,2010,6,128.7
VMM_P01_010,2010,7,6.73
VMM_P01_010,2010,8,3.06
VMM_P01_010,2010,9,1.02
VMM_P01_010,2010,10,30.36
VMM_P01_010,2010,11,13.95
VMM_P01_010,2010,12,1.39
VMM_P01_010,2010,13,124.92
VMM_P01_010,2010,14,120.81
VMM_P01_010,2010,15,275.19
VMM_P01_010,2010,16,342.63
VMM_P01_010,2010,17,48.85
VMM_P01_010,2010,18,51.46
VMM_P01_010,2010,19,49.47
VMM_P01_010,2010,20,21.2
VMM_P01_010,2010,21,177.48
VMM_P01_010,2010,22,24.65
VMM_P01_010,2010,23,9.07
VMM_P01_010,2010,24,0.88
VMM_P01_010,2011,1,21.45
VMM_P01_010,2011,2,3.11
VMM_P01_010,2011,3,1.16
VMM_P01_010,2011,4,8.22
VMM_P01_010,2011,5,0.0
VMM_P01_010,2011,6,2.49
VMM_P01_010,2011,7,5.97
VMM_P01_010,2011,8,44.36
VMM_P01_010,2011,9,0.45
VMM_P01_010,2011,10,0.21
VMM_P01_010,2011,11,30.28
VMM_P01_010,2011,12,14.85
VMM_P01_010,2011,13,17.48
VMM_P01_010,2011,14,67.87
VMM_P01_010,2011,15,784.3
VMM_P01_010,2011,16,228.43
VMM_P01_010,2011,17,111.01
VMM_P01_010,2011,18,3.61
VMM_P01_010,2011,19,40.41
VMM_P01_010,2011,20,12.94
VMM_P01_010,2011,21,2.82
VMM_P01_010,2011,22,0.0
VMM_P01_010,2011,23,208.31
VMM_P01_010,2011,24,15.33
VMM_P01_010,2012,1,15.03
VMM_P01_010,2012,2,7.3
VMM_P01_010,2012,3,4.56
VMM_P01_010,2012,4,3.31
VMM_P01_010,2012,5,61.33
VMM_P01_010,2012,6,0.0
VMM_P01_010,2012,7,1.26
VMM_P01_010,2012,8,72.76
VMM_P01_010,2012,9,83.72
VMM_P01_010,2012,10,14.85
VMM_P01_010,2012,11,67.38
VMM_P01_010,2012,12,70.04
VMM_P01_010,2012,13,1280.06
VMM_P01_010,2012,14,20.85
VMM_P01_010,2012,15,2.85
VMM_P01_010,2012,16,3.2
VMM_P01_010,2012,17,4.61
VMM_P01_010,2012,18,54.17
VMM_P01_010,2012,19,116.86
VMM_P01_010,2012,20,81.94
VMM_P01_010,2012,21,57.08
VMM_P01_010,2012,22,4.35
VMM_P01_010,2012,23,37.79
VMM_P01_010,2012,24,48.22
VMM_P01_010,2015,1,67.27
VMM_P01_010,2015,2,12.65
VMM_P01_010,2015,3,8.43
VMM_P01_010,2015,4,14.27
VMM_P01_010,2015,5,15.63
VMM_P01_010,2015,6,10.76
VMM_P01_010,2015,7,6.22
VMM_P01_010,2015,8,0.25
VMM_P01_010,2015,9,137.2
VMM_P01_010,2015,10,36.71
VMM_P01_010,2015,11,0.14
VMM_P01_010,2015,12,31.05
VMM_P01_010,2015,13,20.84
VMM_P01_010,2015,14,37.52
VMM_P01_010,2015,15,103.06
VMM_P01_010,2015,16,89.29
VMM_P01_010,2015,17,76.8
VMM_P01_010,2015,18,33.83
VMM_P01_010,2015,19,7.25
VMM_P01_010,2015,20,1.66
VMM_P01_010,2015,21,3.96
VMM_P01_010,2015,22,75.14
VMM_P01_010,2015,23,4.23
VMM_P01_010,2015,24,6.99
VMM_P01_010,2016,1,34.4
VMM_P01_010,2016,2,23.04
VMM_P01_010,2016,3,30.38
VMM_P01_010,2016,4,4.81
VMM_P01_010,2016,5,29.23
VMM_P01_010,2016,6,14.04
VMM_P01_010,2016,7,14.91
VMM_P01_010,2016,8,15.66
VMM_P01_010,2016,9,38.34
VMM_P01_010,2016,10,442.78
VMM_P01_010,2016,11,72.45
VMM_P01_010,2016,12,34.13
VMM_P01_010,2016,13,47.57
VMM_P01_010,2016,14,0.0
VMM_P01_010,2016,15,31.61
VMM_P01_010,2016,16,5.57
VMM_P01_010,2016,17,0.42
VMM_P01_010,2016,18,72.57
VMM_P01_010,2016,19,12.7
VMM_P01_010,2016,20,102.36
VMM_P01_010,2016,21,27.27
VMM_P01_010,2016,22,98.57
VMM_P01_010,2016,23,1.12
VMM_P01_010,2016,24,5.45
VMM_P01_010,2017,1,28.43
VMM_P01_010,2017,2,3.64
VMM_P01_010,2017,3,11.04
VMM_P01_010,2017,4,17.18
VMM_P01_010,2017,5,18.71
VMM_P01_010,2017,6,2.02
VMM_P01_010,2017,7,0.0
VMM_P01_010,2017,8,4.44
VMM_P01_010,2017,9,65.32
VMM_P01_010,2017,10,255.95
VMM_P01_010,2017,11,1.18
VMM_P01_010,2017,12,0.0
VMM_P01_010,2017,13,21.03
VMM_P01_010,2017,14,6.26
VMM_P01_010,2017,15,232.07
VMM_P01_010,2017,16,88.01
VMM_P01_010,2017,17,19.72
VMM_P01_010,2017,18,44.13
VMM_P01_010,2017,19,7.56
VMM_P01_010,2017,20,19.16
VMM_P01_010,2017,21,24.17
VMM_P01_010,2017,22,84.91
VMM_P01_010,2017,23,75.79
VMM_P01_010,2017,24,16.35
VMM_P01_010,2018,1,61.32
VMM_P01_010,2018,2,32.39
VMM_P01_010,2018,3,16.54
VMM_P01_010,2018,4,0.1
VMM_P01_010,2018,5,31.14
VMM_P01_010,2018,6,6.58
VMM_P01_010,2018,7,57.01
VMM_P01_010,2018,8,20.84
VMM_P01_010,2018,9,0.0
VMM_P01_010,2018,10,145.55
VMM_P01_010,2018,11,68.05
VMM_P01_010,2018,12,0.0
VMM_P01_010,2018,13,0.0
VMM_P01_010,2018,14,72.09
VMM_P01_010,2018,15,125.49
VMM_P01_010,2018,16,51.74
VMM_P01_010,2018,17,0.93
VMM_P01_010,2018,18,68.44
VMM_P01_010,2018,19,5.75
VMM_P01_010,2018,20,42.21
VMM_P01_010,2018,21,7.64
VMM_P01_010,2018,22,3.46
VMM_P01_010,2018,23,60.27
VMM_P01_010,2018,24,10.19
VMM_P01_010,2019,1,1.35
VMM_P01_010,2019,2,14.58
VMM_P01_010,2019,3,14.09
VMM_P01_010,2019,4,2.0
VMM_P01_010,2019,5,35.29
VMM_P01_010,2019,6,1.99
VMM_P01_010,2019,7,1.7
VMM_P01_010,2019,8,12.46
VMM_P01_010,2019,9,3.55
VMM_P01_010,2019,10,19.33
VMM_P01_010,2019,11,254.75
VMM_P01_010,2019,12,1.03
VMM_P01_010,2019,13,0.0
VMM_P01_010,2019,14,66.82
VMM_P01_010,2019,15,4.94
VMM_P01_010,2019,16,4.64
VMM_P01_010,2019,17,1.91
VMM_P01_010,2019,18,226.95
VMM_P01_010,2019,19,78.6
VMM_P01_010,2019,20,17.72
VMM_P01_010,2019,21,41.74
VMM_P01_010,2019,22,12.62
VMM_P01_010,2019,23,35.63
VMM_P01_010,2019,24,17.92
VMM_P01_010,2020,1,11.54
VMM_P01_010,2020,2,10.33
VMM_P01_010,2020,3,59.05
VMM_P01_010,2020,4,23.21
VMM_P01_010,2020,5,36.61
VMM_P01_010,2020,6,0.95
VMM_P01_010,2020,7,0.0
VMM_P01_010,2020,8,140.05
VMM_P01_010,2020,9,0.0
VMM_P01_010,2020,10,0.0
VMM_P01_010,2020,11,31.37
VMM_P01_010,2020,12,226.6
VMM_P01_010,2020,13,2.52
VMM_P01_010,2020,14,2.94
VMM_P01_010,2020,15,152.27
VMM_P01_010,2020,16,354.17
VMM_P01_010,2020,17,0.0
VMM_P01_010,2020,18,240.76
VMM_P01_010,2020,19,64.79
VMM_P01_010,2020,20,23.28
VMM_P01_010,2020,21,7.9
VMM_P01_010,2020,22,6.08
VMM_P01_010,2020,23,4.65
VMM_P01_010,2020,24,21.36
VMM_P01_010,2021,1,17.74
VMM_P01_010,2021,2,40.61
VMM_P01_010,2021,3,9.77
VMM_P01_010,2021,4,0.69
VMM_P01_010,2021,5,9.01
VMM_P01_010,2021,6,7.4
VMM_P01_010,2021,7,4.36
VMM_P01_010,2021,8,11.14
VMM_P01_010,2021,9,22.46
VMM_P01_010,2021,10,42.27
VMM_P01_010,2021,11,19.02
VMM_P01_010,2021,12,60.37
VMM_P01_010,2021,13,28.85
VMM_P01_010,2021,14,308.94
VMM_P01_010,2021,15,300.94
VMM_P01_010,2021,16,112.72
VMM_P01_010,2021,17,2.34
VMM_P01_010,2021,18,513.51
VMM_P01_010,2021,19,41.78
VMM_P01_010,2021,20,15.88
VMM_P01_010,2021,21,21.45
VMM_P01_010,2021,22,61.5
VMM_P01_010,2021,23,29.28
VMM_P01_010,2021,24,12.49
VMM_P01_010,2022,1,35.8
VMM_P01_010,2022,2,0.36
VMM_P01_010,2022,3,14.74
VMM_P01_010,2022,4,11.15
VMM_P01_010,2022,5,0.66
VMM_P01_010,2022,6,6.1
VMM_P01_010,2022,7,17.34
VMM_P01_010,2022,8,0.0
VMM_P01_010,2022,9,0.0
VMM_P01_010,2022,10,78.3
VMM_P01_010,2022,11,22.35
VMM_P01_010,2022,12,13.43
VMM_P01_010,2022,13,0.0
VMM_P01_010,2022,14,0.27
VMM_P01_010,2022,15,0.0
VMM_P01_010,2022,16,2.03
VMM_P01_010,2022,17,137.97
VMM_P01_010,2022,18,50.74
VMM_P01_010,2022,19,3.43
VMM_P01_010,2022,20,17.27
VMM_P01_010,2022,21,31.96
VMM_P01_010,2022,22,47.13
VMM_P01_010,2022,23,3.08
VMM_P01_010,2022,24,33.61
VMM_P01_010,2023,1,52.11
VMM_P01_010,2023,2,10.9
VMM_P01_010,2023,3,0.63
VMM_P01_010,2023,4,1.25
VMM_P01_010,2023,5,96.74
VMM_P01_010,2023,6,13.09
VMM_P01_010,2023,7,7.25
VMM_P01_010,2023,8,40.2
VMM_P01_010,2023,9,37.9
VMM_P01_010,2023,10,0.0
VMM_P01_010,2023,11,0.0
VMM_P01_010,2023,12,110.69
VMM_P01_010,2023,13,4.4
VMM_P01_010,2023,14,181.68
VMM_P01_010,2023,15,32.63
VMM_P01_010,2023,16,270.69
VMM_P01_010,2023,17,42.94
VMM_P01_010,2023,18,38.21
VMM_P01_010,2023,19,49.41
VMM_P01_010,2023,20,61.29
VMM_P01_010,2023,21,382.49
VMM_P01_010,2023,22,38.75
VMM_P01_010,2023,23,20.15
VMM_P01_010,2023,24,19.22
VMM_P01_010,2024,1,28.33
VMM_P01_010,2024,2,3.28
VMM_P01_010,2024,3,37.29
VMM_P01_010,2024,4,23.06
VMM_P01_010,2024,5,24.56
VMM_P01_010,2024,6,3.74
VMM_P01_010,2024,7,180.01
VMM_P01_010,2024,8,12.86
VMM_P01_010,2024,9,12.42
VMM_P01_010,2024,10,84.17
VMM_P01_010,2024,11,36.3
VMM_P01_010,2024,12,2.24
VMM_P01_010,2024,13,44.94
VMM_P01_010,2024,14,5.98
VMM_P01_010,2024,15,17.63
VMM_P01_010,2024,16,107.77
VMM_P01_010,2024,17,130.09
VMM_P01_010,2024,18,109.96
VMM_P01_010,2024,19,26.49
VMM_P01_010,2024,20,25.47
VMM_P01_010,2024,21,1.52
VMM_P01_010,2024,22,53.5
VMM_P01_010,2024,23,16.53
VMM_P01_010,2024,24,2.15
VMM_P01_015,2005,1,1.36
VMM_P01_015,2005,2,13.11
VMM_P01_015,2005,3,15.54
VMM_P01_015,2005,4,8.87
VMM_P01_015,2005,5,3.19
VMM_P01_015,2005,6,3.06
VMM_P01_015,2005,7,8.67
VMM_P01_015,2005,8,15.41
VMM_P01_015,2005,9,41.54
VMM_P01_015,2005,10,16.46
VMM_P01_015,2005,11,443.99
VMM_P01_015,2005,12,2.26
VMM_P01_015,2005,13,139.71
VMM_P01_015,2005,14,59.34
VMM_P01_015,2005,15,14.45
VMM_P01_015,2005,16,33.34
VMM_P01_015,2005,17,31.89
VMM_P01_015,2005,18,13.34
VMM_P01_015,2005,19,32.59
VMM_P01_015,2005,20,25.76
VMM_P01_015,2005,21,3.99
VMM_P01_015,2005,22,130.35
VMM_P01_015,2005,23,26.47
VMM_P01_015,2005,24,14.94
VMM_P01_015,2006,1,1.34
VMM_P01_015,2006,2,7.75
VMM_P01_015,2006,3,10.69
VMM_P01_015,2006,4,6.46
VMM_P01_015,2006,5,1.89
VMM_P01_015,2006,6,5.84
VMM_P01_015,2006,7,16.26
VMM_P01_015,2006,8,0.21
VMM_P01_015,2006,9,25.92
VMM_P01_015,2006,10,59.81
VMM_P01_015,2006,11,110.05
VMM_P01_015,2006,12,2.13
VMM_P01_015,2006,13,5.83
VMM_P01_015,2006,14,12.81
VMM_P01_015,2006,15,378.1
VMM_P01_015,2006,16,61.84
VMM_P01_015,2006,17,0.0
VMM_P01_015,2006,18,50.56
VMM_P01_015,2006,19,16.93
VMM_P01_015,2006,20,102.27
VMM_P01_015,2006,21,13.62
VMM_P01_015,2006,22,9.35
VMM_P01_015,2006,23,37.29
VMM_P01_015,2006,24,13.7
VMM_P01_015,2007,1,38.59
VMM_P01_015,2007,2,42.89
VMM_P01_015,2007,3,17.49
VMM_P01_015,2007,4,8.81
VMM_P01_015,2007,5,8.93
VMM_P01_015,2007,6,12.88
VMM_P01_015,2007,7,0.0
VMM_P01_015,2007,8,0.0
VMM_P01_015,2007,9,13.43
VMM_P01_015,2007,10,5.96
VMM_P01_015,2007,11,970.25
VMM_P01_015,2007,12,86.45
VMM_P01_015,2007,13,83.18
VMM_P01_015,2007,14,289.42
VMM_P01_015,2007,15,428.26
VMM_P01_015,2007,16,38.77
VMM_P01_015,2007,17,1.27
VMM_P01_015,2007,18,114.64
VMM_P01_015,2007,19,13.18
VMM_P01_015,2007,20,12.28
VMM_P01_015,2007,21,8.31
VMM_P01_015,2007,22,25.14
VMM_P01_015,2007,23,51.63
VMM_P01_015,2007,24,3.21
VMM_P01_015,2008,1,10.59
VMM_P01_015,2008,2,3.14
VMM_P01_015,2008,3,1.9
VMM_P01_015,2008,4,1.24
VMM_P01_015,2008,5,68.92
VMM_P01_015,2008,6,8.96
VMM_P01_015,2008,7,2.98
VMM_P01_015,2008,8,2.51
VMM_P01_015,2008,9,6.66
VMM_P01_015,2008,10,35.97
VMM_P01_015,2008,11,255.37
VMM_P01_015,2008,12,63.67
VMM_P01_015,2008,13,16.73
VMM_P01_015,2008,14,230.99
VMM_P01_015,2008,15,79.0
VMM_P01_015,2008,16,19.46
VMM_P01_015,2008,17,100.26
VMM_P01_015,2008,18,1.92
VMM_P01_015,2008,19,12.53
VMM_P01_015,2008,20,15.41
VMM_P01_015,2008,21,75.53
VMM_P01_015,2008,22,14.93
VMM_P01_015,2008,23,30.34
VMM_P01_015,2008,24,0.71
VMM_P01_015,2009,1,0.31
VMM_P01_015,2009,2,12.88
VMM_P01_015,2009,3,22.28
VMM_P01_015,2009,4,0.39
VMM_P01_015,2009,5,3.26
VMM_P01_015,2009,6,13.2
VMM_P01_015,2009,7,8.91
VMM_P01_015,2009,8,7.71
VMM_P01_015,2009,9,1.96
VMM_P01_015,2009,10,21.06
VMM_P01_015,2009,11,67.05
VMM_P01_015,2009,12,0.49
VMM_P01_015,2009,13,15.84
VMM_P01_015,2009,14,15.7
VMM_P01_015,2009,15,13.13
VMM_P01_015,2009,16,0.0
VMM_P01_015,2009,17,24.47
VMM_P01_015,2009,18,0.85
VMM_P01_015,2009,19,275.15
VMM_P01_015,2009,20,1.61
VMM_P01_015,2009,21,46.27
VMM_P01_015,2009,22,185.05
VMM_P01_015,2009,23,14.81
VMM_P01_015,2009,24,17.09
VMM_P01_015,2011,1,21.49
VMM_P01_015,2011,2,12.43
VMM_P01_015,2011,3,3.6
VMM_P01_015,2011,4,12.24
VMM_P01_015,2011,5,0.0
VMM_P01_015,2011,6,10.77
VMM_P01_015,2011,7,3.96
VMM_P01_015,2011,8,7.44
VMM_P01_015,2011,9,2.19
VMM_P01_015,2011,10,4.56
VMM_P01_015,2011,11,29.65
VMM_P01_015,2011,12,41.8
VMM_P01_015,2011,13,102.04
VMM_P01_015,2011,14,98.85
VMM_P01_015,2011,15,88.5
VMM_P01_015,2011,16,241.72
VMM_P01_015,2011,17,46.32
VMM_P01_015,2011,18,7.78
VMM_P01_015,2011,19,13.41
VMM_P01_015,2011,20,31.64
VMM_P01_015,2011,21,2.31
VMM_P01_015,2011,22,0.0
VMM_P01_015,2011,23,148.71
VMM_P01_015,2011,24,9.78
VMM_P01_015,2012,1,47.06
VMM_P01_015,2012,2,4.77
VMM_P01_015,2012,3,5.33
VMM_P01_015,2012,4,3.02
VMM_P01_015,2012,5,56.62
VMM_P01_015,2012,6,0.64
VMM_P01_015,2012,7,2.78
VMM_P01_015,2012,8,49.82
VMM_P01_015,2012,9,16.53
VMM_P01_015,2012,10,41.74
VMM_P01_015,2012,11,64.28
VMM_P01_015,2012,12,112.79
VMM_P01_015,2012,13,180.68
VMM_P01_015,2012,14,151.05
VMM_P01_015,2012,15,12.78
VMM_P01_015,2012,16,4.23
VMM_P01_015,2012,17,59.91
VMM_P01_015,2012,18,92.73
VMM_P01_015,2012,19,156.67
VMM_P01_015,2012,20,64.41
VMM_P01_015,2012,21,68.53
VMM_P01_015,2012,22,18.4
VMM_P01_015,2012,23,23.55
VMM_P01_015,2012,24,48.19
VMM_P01_015,2013,1,2.85
VMM_P01_015,2013,2,60.42
VMM_P01_015,2013,3,9.02
VMM_P01_015,2013,4,0.52
VMM_P01_015,2013,5,27.18
VMM_P01_015,2013,6,4.9
VMM_P01_015,2013,7,3.17
VMM_P01_015,2013,8,0.46
VMM_P01_015,2013,9,2.84
VMM_P01_015,2013,10,23.41
VMM_P01_015,2013,11,0.33
VMM_P01_015,2013,12,202.76
VMM_P01_015,2013,13,6.05
VMM_P01_015,2013,14,111.78
VMM_P01_015,2013,15,1.61
VMM_P01_015,2013,16,25.1
VMM_P01_015,2013,17,92.41
VMM_P01_015,2013,18,9.7
VMM_P01_015,2013,19,72.37
VMM_P01_015,2013,20,54.53
VMM_P01_015,2013,21,59.37
VMM_P01_015,2013,22,15.62
VMM_P01_015,2013,23,5.6
VMM_P01_015,2013,24,11.67
VMM_P01_015,2014,1,16.13
VMM_P01_015,2014,2,30.82
VMM_P01_015,2014,3,28.47
VMM_P01_015,2014,4,10.51
VMM_P01_015,2014,5,1.78
VMM_P01_015,2014,6,10.96
VMM_P01_015,2014,7,96.09
VMM_P01_015,2014,8,27.65
VMM_P01_015,2014,9,14.13
VMM_P01_015,2014,10,68.57
VMM_P01_015,2014,11,53.67
VMM_P01_015,2014,12,212.88
VMM_P01_015,2014,13,317.73
VMM_P01_015,2014,14,666.4
VMM_P01_015,2014,15,94.31
VMM_P01_015,2014,16,127.62
VMM_P01_015,2014,17,2.34
VMM_P01_015,2014,18,6.5
VMM_P01_015,2014,19,22.88
VMM_P01_015,2014,20,9.74
VMM_P01_015,2014,21,27.05
VMM_P01_015,2014,22,1.78
VMM_P01_015,2014,23,5.62
VMM_P01_015,2014,24,31.28
VMM_P01_015,2015,1,75.16
VMM_P01_015,2015,2,16.52
VMM_P01_015,2015,3,6.18
VMM_P01_015,2015,4,16.35
VMM_P01_015,2015,5,3.27
VMM_P01_015,2015,6,7.02
VMM_P01_015,2015,7,4.34
VMM_P01_015,2015,8,0.28
VMM_P01_015,2015,9,12.12
VMM_P01_015,2015,10,8.22
VMM_P01_015,2015,11,23.78
VMM_P01_015,2015,12,42.1
VMM_P01_015,2015,13,47.87
VMM_P01_015,2015,14,72.39
VMM_P01_015,2015,15,34.77
VMM_P01_015,2015,16,174.84
VMM_P01_015,2015,17,71.35
VMM_P01_015,2015,18,42.4
VMM_P01_015,2015,19,11.16
VMM_P01_015,2015,20,1.71
VMM_P01_015,2015,21,13.51
VMM_P01_015,2015,22,80.07
VMM_P01_015,2015,23,4.86
VMM_P01_015,2015,24,12.24
VMM_P01_015,2016,1,33.27
VMM_P01_015,2016,2,24.36
VMM_P01_015,2016,3,24.49
VMM_P01_015,2016,4,1.6
VMM_P01_015,2016,5,36.98
VMM_P01_015,2016,6,12.18
VMM_P01_015,2016,7,15.91
VMM_P01_015,2016,8,12.33
VMM_P01_015,2016,9,1.02
VMM_P01_015,2016,10,29.18
VMM_P01_015,2016,11,28.44
VMM_P01_015,2016,12,170.26
VMM_P01_015,2016,13,18.29
VMM_P01_015,2016,14,3.41
VMM_P01_015,2016,15,19.44
VMM_P01_015,2016,16,17.87
VMM_P01_015,2016,17,4.13
VMM_P01_015,2016,18,11.36
VMM_P01_015,2016,19,19.64
VMM_P01_015,2016,20,36.11
VMM_P01_015,2016,21,72.29
VMM_P01_015,2016,22,44.08
VMM_P01_015,2016,23,2.49
VMM_P01_015,2016,24,1.4
VMM_P01_015,2017,1,34.51
VMM_P01_015,2017,2,5.26
VMM_P01_015,2017,3,7.11
VMM_P01_015,2017,4,13.57
VMM_P01_015,2017,5,9.05
VMM_P01_015,2017,6,0.33
VMM_P01_015,2017,7,0.0
VMM_P01_015,2017,8,6.35
VMM_P01_015,2017,9,9.28
VMM_P01_015,2017,10,26.85
VMM_P01_015,2017,11,1.4
VMM_P01_015,2017,12,0.0
VMM_P01_015,2017,13,98.89
VMM_P01_015,2017,14,61.42
VMM_P01_015,2017,15,157.55
VMM_P01_015,2017,16,188.6
VMM_P01_015,2017,17,126.54
VMM_P01_015,2017,18,104.07
VMM_P01_015,2017,19,5.5
VMM_P01_015,2017,20,5.27
VMM_P01_015,2017,21,29.73
VMM_P01_015,2017,22,38.2
VMM_P01_015,2017,23,64.33
VMM_P01_015,2017,24,21.03
VMM_P01_015,2018,1,21.72
VMM_P01_015,2018,2,34.74
VMM_P01_015,2018,3,8.79
VMM_P01_015,2018,4,0.57
VMM_P01_015,2018,5,36.89
VMM_P01_015,2018,6,14.38
VMM_P01_015,2018,7,34.6
VMM_P01_015,2018,8,44.71
VMM_P01_015,2018,9,0.0
VMM_P01_015,2018,10,268.91
VMM_P01_015,2018,11,0.0
VMM_P01_015,2018,12,0.0
VMM_P01_015,2018,13,0.0
VMM_P01_015,2018,14,50.9
VMM_P01_015,2018,15,92.01
VMM_P01_015,2018,16,37.31
VMM_P01_015,2018,17,7.11
VMM_P01_015,2018,18,22.46
VMM_P01_015,2018,19,4.52
VMM_P01_015,2018,20,87.32
VMM_P01_015,2018,21,3.6
VMM_P01_015,2018,22,1.37
VMM_P01_015,2018,23,25.9
VMM_P01_015,2018,24,27.24
VMM_P01_015,2019,1,4.47
VMM_P01_015,2019,2,6.01
VMM_P01_015,2019,3,24.47
VMM_P01_015,2019,4,1.31
VMM_P01_015,2019,5,23.53
VMM_P01_015,2019,6,10.88
VMM_P01_015,2019,7,6.03
VMM_P01_015,2019,8,4.81
VMM_P01_015,2019,9,18.5
VMM_P01_015,2019,10,80.81
VMM_P01_015,2019,11,129.78
VMM_P01_015,2019,12,12.35
VMM_P01_015,2019,13,0.0
VMM_P01_015,2019,14,65.02
VMM_P01_015,2019,15,30.91
VMM_P01_015,2019,16,31.38
VMM_P01_015,2019,17,5.72
VMM_P01_015,2019,18,92.72
VMM_P01_015,2019,19,27.93
VMM_P01_015,2019,20,21.56
VMM_P01_015,2019,21,33.77
VMM_P01_015,2019,22,14.25
VMM_P01_015,2019,23,34.08
VMM_P01_015,2019,24,15.19
VMM_P01_015,2020,1,4.54
VMM_P01_015,2020,2,22.14
VMM_P01_015,2020,3,12.6
VMM_P01_015,2020,4,36.79
VMM_P01_015,2020,5,36.22
VMM_P01_015,2020,6,0.16
VMM_P01_015,2020,7,0.0
VMM_P01_015,2020,8,5.29
VMM_P01_015,2020,9,0.0
VMM_P01_015,2020,10,0.0
VMM_P01_015,2020,11,10.79
VMM_P01_015,2020,12,116.01
VMM_P01_015,2020,13,4.43
VMM_P01_015,2020,14,74.65
VMM_P01_015,2020,15,19.03
VMM_P01_015,2020,16,676.61
VMM_P01_015,2020,17,0.12
VMM_P01_015,2020,18,147.75
VMM_P01_015,2020,19,41.08
VMM_P01_015,2020,20,32.88
VMM_P01_015,2020,21,9.68
VMM_P01_015,2020,22,3.81
VMM_P01_015,2020,23,3.52
VMM_P01_015,2020,24,46.95
VMM_P01_015,2021,1,15.12
VMM_P01_015,2021,2,35.61
VMM_P01_015,2021,3,23.5
VMM_P01_015,2021,4,0.77
VMM_P01_015,2021,5,9.51
VMM_P01_015,2021,6,7.07
VMM_P01_015,2021,7,1.81
VMM_P01_015,2021,8,22.45
VMM_P01_015,2021,9,7.27
VMM_P01_015,2021,10,32.71
VMM_P01_015,2021,11,4.68
VMM_P01_015,2021,12,321.74
VMM_P01_015,2021,13,4.85
VMM_P01_015,2021,14,1500.69
VMM_P01_015,2021,15,52.4
VMM_P01_015,2021,16,37.44
VMM_P01_015,2021,17,19.25
VMM_P01_015,2021,18,16.23
VMM_P01_015,2021,19,41.99
VMM_P01_015,2021,20,139.81
VMM_P01_015,2021,21,103.34
VMM_P01_015,2021,22,104.55
VMM_P01_015,2021,23,25.27
VMM_P01_015,2021,24,24.04
VMM_P01_015,2022,1,24.39
VMM_P01_015,2022,2,0.0
VMM_P01_015,2022,3,8.35
VMM_P01_015,2022,4,7.92
VMM_P01_015,2022,5,0.44
VMM_P01_015,2022,6,7.63
VMM_P01_015,2022,7,103.28
VMM_P01_015,2022,8,0.0
VMM_P01_015,2022,9,0.0
VMM_P01_015,2022,10,25.57
VMM_P01_015,2022,11,4.95
VMM_P01_015,2022,12,13.08
VMM_P01_015,2022,13,0.0
VMM_P01_015,2022,14,13.02
VMM_P01_015,2022,15,0.0
VMM_P01_015,2022,16,149.56
VMM_P01_015,2022,17,94.28
VMM_P01_015,2022,18,120.99
VMM_P01_015,2022,19,5.61
VMM_P01_015,2022,20,141.19
VMM_P01_015,2022,21,58.4
VMM_P01_015,2022,22,58.74
VMM_P01_015,2022,23,11.26
VMM_P01_015,2022,24,75.3
VMM_P01_015,2023,1,53.43
VMM_P01_015,2023,2,33.27
VMM_P01_015,2023,3,0.24
VMM_P01_015,2023,4,0.14
VMM_P01_015,2023,5,22.02
VMM_P01_015,2023,6,10.78
VMM_P01_015,2023,7,13.61
VMM_P01_015,2023,8,95.63
VMM_P01_015,2023,9,5.17
VMM_P01_015,2023,10,0.0
VMM_P01_015,2023,11,79.36
VMM_P01_015,2023,12,55.5
VMM_P01_015,2023,13,46.13
VMM_P01_015,2023,14,32.49
VMM_P01_015,2023,15,61.1
VMM_P01_015,2023,16,156.66
VMM_P01_015,2023,17,0.0
VMM_P01_015,2023,18,64.94
VMM_P01_015,2023,19,58.27
VMM_P01_015,2023,20,59.91
VMM_P01_015,2023,21,212.19
VMM_P01_015,2023,22,57.5
VMM_P01_015,2023,23,46.2
VMM_P01_015,2023,24,35.24
VMM_P01_015,2024,1,51.03
VMM_P01_015,2024,2,1.7
VMM_P01_015,2024,3,28.7
VMM_P01_015,2024,4,45.29
VMM_P01_015,2024,5,29.05
VMM_P01_015,2024,6,16.16
VMM_P01_015,2024,7,26.0
VMM_P01_015,2024,8,18.56
VMM_P01_015,2024,9,74.62
VMM_P01_015,2024,10,67.12
VMM_P01_015,2024,11,13.13
VMM_P01_015,2024,12,1.3
VMM_P01_015,2024,13,45.75
VMM_P01_015,2024,14,16.1
VMM_P01_015,2024,15,25.64
VMM_P01_015,2024,16,58.86
VMM_P01_015,2024,17,56.6
VMM_P01_015,2024,18,43.0
VMM_P01_015,2024,19,19.59
VMM_P01_015,2024,20,14.01
VMM_P01_015,2024,21,1.3
VMM_P01_015,2024,22,51.62
VMM_P01_015,2024,23,15.97
VMM_P01_015,2024,24,4.5
VMM_P01_029,2009,1,0.6
VMM_P01_029,2009,2,15.96
VMM_P01_029,2009,3,21.17
VMM_P01_029,2009,4,0.1
VMM_P01_029,2009,5,11.23
VMM_P01_029,2009,6,56.1
VMM_P01_029,2009,7,1.95
VMM_P01_029,2009,8,13.95
VMM_P01_029,2009,9,9.43
VMM_P01_029,2009,10,19.29
VMM_P01_029,2009,11,61.73
VMM_P01_029,2009,12,0.0
VMM_P01_029,2009,13,6.46
VMM_P01_029,2009,14,16.14
VMM_P01_029,2009,15,5.27
VMM_P01_029,2009,16,0.0
VMM_P01_029,2009,17,33.47
VMM_P01_029,2009,18,0.0
VMM_P01_029,2009,19,292.51
VMM_P01_029,2009,20,1.55
VMM_P01_029,2009,21,45.17
VMM_P01_029,2009,22,154.35
VMM_P01_029,2009,23,11.3
VMM_P01_029,2009,24,29.4
VMM_P01_029,2010,1,0.19
VMM_P01_029,2010,2,9.74
VMM_P01_029,2010,3,5.99
VMM_P01_029,2010,4,28.39
VMM_P01_029,2010,5,0.0
VMM_P01_029,2010,6,18.61
VMM_P01_029,2010,7,1.72
VMM_P01_029,2010,8,3.32
VMM_P01_029,2010,9,96.57
VMM_P01_029,2010,10,10.1
VMM_P01_029,2010,11,106.28
VMM_P01_029,2010,12,0.0
VMM_P01_029,2010,13,58.77
VMM_P01_029,2010,14,32.46
VMM_P01_029,2010,15,135.64
VMM_P01_029,2010,16,397.49
VMM_P01_029,2010,17,29.49
VMM_P01_029,2010,18,29.47
VMM_P01_029,2010,19,81.21
VMM_P01_029,2010,20,5.67
VMM_P01_029,2010,21,53.45
VMM_P01_029,2010,22,73.57
VMM_P01_029,2010,23,17.43
VMM_P01_029,2010,24,1.86
VMM_P01_029,2014,1,38.6
VMM_P01_029,2014,2,11.33
VMM_P01_029,2014,3,37.11
VMM_P01_029,2014,4,22.58
VMM_P01_029,2014,5,3.37
VMM_P01_029,2014,6,10.19
VMM_P01_029,2014,7,29.8
VMM_P01_029,2014,8,40.3
VMM_P01_029,2014,9,11.12
VMM_P01_029,2014,10,97.26
VMM_P01_029,2014,11,13.61
VMM_P01_029,2014,12,11.58
VMM_P01_029,2014,13,17.43
VMM_P01_029,2014,14,780.88
VMM_P01_029,2014,15,276.56
VMM_P01_029,2014,16,278.31
VMM_P01_029,2014,17,0.0
VMM_P01_029,2014,18,329.34
VMM_P01_029,2014,19,301.29
VMM_P01_029,2014,20,14.34
VMM_P01_029,2014,21,324.14
VMM_P01_029,2014,22,0.0
VMM_P01_029,2014,23,4.29
VMM_P01_029,2014,24,23.83
VMM_P01_029,2015,1,80.3
VMM_P01_029,2015,2,18.41
VMM_P01_029,2015,3,1.87
VMM_P01_029,2015,4,18.93
VMM_P01_029,2015,5,1.08
VMM_P01_029,2015,6,7.5
VMM_P01_029,2015,7,3.25
VMM_P01_029,2015,8,0.0
VMM_P01_029,2015,9,14.78
VMM_P01_029,2015,10,6.19
VMM_P01_029,2015,11,0.0
VMM_P01_029,2015,12,27.86
VMM_P01_029,2015,13,18.64
VMM_P01_029,2015,14,187.13
VMM_P01_029,2015,15,22.49
VMM_P01_029,2015,16,571.75
VMM_P01_029,2015,17,98.23
VMM_P01_029,2015,18,91.69
VMM_P01_029,2015,19,7.23
VMM_P01_029,2015,20,7.28
VMM_P01_029,2015,21,9.29
VMM_P01_029,2015,22,58.01
VMM_P01_029,2015,23,11.19
VMM_P01_029,2015,24,11.88
VMM_P01_029,2016,1,37.94
VMM_P01_029,2016,2,30.39
VMM_P01_029,2016,3,41.49
VMM_P01_029,2016,4,3.87
VMM_P01_029,2016,5,18.15
VMM_P01_029,2016,6,12.89
VMM_P01_029,2016,7,21.49
VMM_P01_029,2016,8,11.06
VMM_P01_029,2016,9,198.86
VMM_P01_029,2016,10,53.47
VMM_P01_029,2016,11,12.08
VMM_P01_029,2016,12,303.3
VMM_P01_029,2016,13,39.43
VMM_P01_029,2016,14,0.61
VMM_P01_029,2016,15,60.04
VMM_P01_029,2016,16,9.79
VMM_P01_029,2016,17,0.0
VMM_P01_029,2016,18,47.03
VMM_P01_029,2016,19,23.39
VMM_P01_029,2016,20,24.73
VMM_P01_029,2016,21,49.84
VMM_P01_029,2016,22,81.8
VMM_P01_029,2016,23,1.69
VMM_P01_029,2016,24,1.55
VMM_P01_029,2017,1,33.11
VMM_P01_029,2017,2,8.56
VMM_P01_029,2017,3,5.33
VMM_P01_029,2017,4,19.5
VMM_P01_029,2017,5,10.42
VMM_P01_029,2017,6,0.37
VMM_P01_029,2017,7,0.0
VMM_P01_029,2017,8,4.8
VMM_P01_029,2017,9,3.03
VMM_P01_029,2017,10,7.2
VMM_P01_029,2017,11,1.8
VMM_P01_029,2017,12,0.0
VMM_P01_029,2017,13,85.68
VMM_P01_029,2017,14,147.1
VMM_P01_029,2017,15,2900.48
VMM_P01_029,2017,16,212.85
VMM_P01_029,2017,17,72.23
VMM_P01_029,2017,18,443.27
VMM_P01_029,2017,19,4.21
VMM_P01_029,2017,20,6.79
VMM_P01_029,2017,21,19.75
VMM_P01_029,2017,22,67.26
VMM_P01_029,2017,23,91.12
VMM_P01_029,2017,24,45.97
VMM_P01_029,2018,1,32.34
VMM_P01_029,2018,2,20.02
VMM_P01_029,2018,3,14.18
VMM_P01_029,2018,4,0.71
VMM_P01_029,2018,5,25.09
VMM_P01_029,2018,6,10.12
VMM_P01_029,2018,7,29.87
VMM_P01_029,2018,8,115.02
VMM_P01_029,2018,9,0.39
VMM_P01_029,2018,10,54.62
VMM_P01_029,2018,11,0.56
VMM_P01_029,2018,12,0.0
VMM_P01_029,2018,13,0.0
VMM_P01_029,2018,14,57.25
VMM_P01_029,2018,15,85.53
VMM_P01_029,2018,16,84.04
VMM_P01_029,2018,17,21.48
VMM_P01_029,2018,18,26.32
VMM_P01_029,2018,19,0.54
VMM_P01_029,2018,20,78.9
VMM_P01_029,2018,21,4.86
VMM_P01_029,2018,22,3.15
VMM_P01_029,2018,23,31.22
VMM_P01_029,2018,24,34.08
VMM_P01_029,2019,1,4.08
VMM_P01_029,2019,2,13.09
VMM_P01_029,2019,3,23.29
VMM_P01_029,2019,4,1.62
VMM_P01_029,2019,5,31.51
VMM_P01_029,2019,6,5.47
VMM_P01_029,2019,7,1.67
VMM_P01_029,2019,8,6.18
VMM_P01_029,2019,9,15.23
VMM_P01_029,2019,10,62.35
VMM_P01_029,2019,11,253.99
VMM_P01_029,2019,12,26.11
VMM_P01_029,2019,13,0.0
VMM_P01_029,2019,14,37.95
VMM_P01_029,2019,15,7.96
VMM_P01_029,2019,16,9.54
VMM_P01_029,2019,17,2.97
VMM_P01_029,2019,18,94.97
VMM_P01_029,2019,19,79.97
VMM_P01_029,2019,20,65.61
VMM_P01_029,2019,21,37.0
VMM_P01_029,2019,22,25.48
VMM_P01_029,2019,23,30.45
VMM_P01_029,2019,24,14.13
VMM_P01_029,2020,1,5.71
VMM_P01_029,2020,2,14.39
VMM_P01_029,2020,3,32.1
VMM_P01_029,2020,4,37.4
VMM_P01_029,2020,5,33.28
VMM_P01_029,2020,6,0.59
VMM_P01_029,2020,7,0.0
VMM_P01_029,2020,8,24.39
VMM_P01_029,2020,9,0.0
VMM_P01_029,2020,10,0.0
VMM_P01_029,2020,11,7.66
VMM_P01_029,2020,12,169.79
VMM_P01_029,2020,13,180.95
VMM_P01_029,2020,14,87.92
VMM_P01_029,2020,15,2.65
VMM_P01_029,2020,16,236.13
VMM_P01_029,2020,17,0.0
VMM_P01_029,2020,18,201.85
VMM_P01_029,2020,19,48.43
VMM_P01_029,2020,20,33.09
VMM_P01_029,2020,21,44.35
VMM_P01_029,2020,22,6.49
VMM_P01_029,2020,23,4.13
VMM_P01_029,2020,24,50.33
VMM_P01_029,2021,1,20.31
VMM_P01_029,2021,2,35.38
VMM_P01_029,2021,3,15.07
VMM_P01_029,2021,4,1.96
VMM_P01_029,2021,5,7.28
VMM_P01_029,2021,6,4.41
VMM_P01_029,2021,7,2.91
VMM_P01_029,2021,8,6.68
VMM_P01_029,2021,9,39.89
VMM_P01_029,2021,10,24.85
VMM_P01_029,2021,11,1.4
VMM_P01_029,2021,12,142.69
VMM_P01_029,2021,13,363.06
VMM_P01_029,2021,14,80.05
VMM_P01_029,2021,15,65.02
VMM_P01_029,2021,16,24.02
VMM_P01_029,2021,17,0.72
VMM_P01_029,2021,18,16.16
VMM_P01_029,2021,19,54.65
VMM_P01_029,2021,20,48.46
VMM_P01_029,2021,21,99.48
VMM_P01_029,2021,22,115.58
VMM_P01_029,2021,23,36.13
VMM_P01_029,2021,24,10.45
VMM_P01_029,2022,1,10.11
VMM_P01_029,2022,2,5.08
VMM_P01_029,2022,3,8.03
VMM_P01_029,2022,4,7.13
VMM_P01_029,2022,5,1.24
VMM_P01_029,2022,6,31.77
VMM_P01_029,2022,7,33.54
VMM_P01_029,2022,8,0.73
VMM_P01_029,2022,9,0.0
VMM_P01_029,2022,10,37.4
VMM_P01_029,2022,11,4.18
VMM_P01_029,2022,12,22.72
VMM_P01_029,2022,13,0.0
VMM_P01_029,2022,14,16.76
VMM_P01_029,2022,15,23.16
VMM_P01_029,2022,16,18.55
VMM_P01_029,2022,17,72.31
VMM_P01_029,2022,18,150.2
VMM_P01_029,2022,19,6.62
VMM_P01_029,2022,20,71.3
VMM_P01_029,2022,21,50.8
VMM_P01_029,2022,22,208.63
VMM_P01_029,2022,23,3.62
VMM_P01_029,2022,24,71.69
VMM_P01_029,2023,1,32.98
VMM_P01_029,2023,2,25.17
VMM_P01_029,2023,3,0.0
VMM_P01_029,2023,4,0.14
VMM_P01_029,2023,5,22.92
VMM_P01_029,2023,6,16.14
VMM_P01_029,2023,7,12.04
VMM_P01_029,2023,8,45.33
VMM_P01_029,2023,9,5.6
VMM_P01_029,2023,10,0.0
VMM_P01_029,2023,11,0.0
VMM_P01_029,2023,12,70.66
VMM_P01_029,2023,13,47.93
VMM_P01_029,2023,14,29.39
VMM_P01_029,2023,15,36.4
VMM_P01_029,2023,16,128.75
VMM_P01_029,2023,17,0.0
VMM_P01_029,2023,18,264.63
VMM_P01_029,2023,19,72.88
VMM_P01_029,2023,20,51.8
VMM_P01_029,2023,21,191.83
VMM_P01_029,2023,22,62.45
VMM_P01_029,2023,23,33.79
VMM_P01_029,2023,24,38.11
VMM_P01_037,2009,1,0.32
VMM_P01_037,2009,2,23.87
VMM_P01_037,2009,3,12.79
VMM_P01_037,2009,4,0.0
VMM_P01_037,2009,5,10.91
VMM_P01_037,2009,6,9.79
VMM_P01_037,2009,7,3.32
VMM_P01_037,2009,8,134.7
VMM_P01_037,2009,9,11.05
VMM_P01_037,2009,10,71.41
VMM_P01_037,2009,11,57.96
VMM_P01_037,2009,12,20.88
VMM_P01_037,2009,13,12.53
VMM_P01_037,2009,14,35.15
VMM_P01_037,2009,15,7.6
VMM_P01_037,2009,16,0.0
VMM_P01_037,2009,17,15.95
VMM_P01_037,2009,18,0.0
VMM_P01_037,2009,19,224.29
VMM_P01_037,2009,20,1.54
VMM_P01_037,2009,21,51.08
VMM_P01_037,2009,22,147.04
VMM_P01_037,2009,23,14.9
VMM_P01_037,2009,24,24.66
VMM_P01_037,2015,1,77.96
VMM_P01_037,2015,2,11.04
VMM_P01_037,2015,3,5.8
VMM_P01_037,2015,4,24.44
VMM_P01_037,2015,5,4.81
VMM_P01_037,2015,6,5.56
VMM_P01_037,2015,7,5.11
VMM_P01_037,2015,8,0.18
VMM_P01_037,2015,9,33.08
VMM_P01_037,2015,10,50.31
VMM_P01_037,2015,11,0.0
VMM_P01_037,2015,12,38.14
VMM_P01_037,2015,13,68.22
VMM_P01_037,2015,14,31.33
VMM_P01_037,2015,15,46.3
VMM_P01_037,2015,16,90.95
VMM_P01_037,2015,17,43.78
VMM_P01_037,2015,18,19.56
VMM_P01_037,2015,19,6.42
VMM_P01_037,2015,20,10.27
VMM_P01_037,2015,21,7.02
VMM_P01_037,2015,22,88.33
VMM_P01_037,2015,23,5.82
VMM_P01_037,2015,24,6.41
VMM_P01_037,2016,1,41.76
VMM_P01_037,2016,2,10.46
VMM_P01_037,2016,3,33.78
VMM_P01_037,2016,4,3.82
VMM_P01_037,2016,5,19.46
VMM_P01_037,2016,6,22.97
VMM_P01_037,2016,7,21.9
VMM_P01_037,2016,8,7.83
VMM_P01_037,2016,9,33.12
VMM_P01_037,2016,10,339.72
VMM_P01_037,2016,11,111.92
VMM_P01_037,2016,12,60.61
VMM_P01_037,2016,13,32.16
VMM_P01_037,2016,14,0.0
VMM_P01_037,2016,15,23.64
VMM_P01_037,2016,16,1.73
VMM_P01_037,2016,17,1.65
VMM_P01_037,2016,18,74.95
VMM_P01_037,2016,19,40.22
VMM_P01_037,2016,20,49.57
VMM_P01_037,2016,21,26.75
VMM_P01_037,2016,22,127.57
VMM_P01_037,2016,23,1.23
VMM_P01_037,2016,24,6.3
VMM_P01_037,2017,1,49.09
VMM_P01_037,2017,2,5.06
VMM_P01_037,2017,3,16.77
VMM_P01_037,2017,4,18.98
VMM_P01_037,2017,5,22.97
VMM_P01_037,2017,6,1.16
VMM_P01_037,2017,7,0.0
VMM_P01_037,2017,8,9.32
VMM_P01_037,2017,9,11.14
VMM_P01_037,2017,10,104.53
VMM_P01_037,2017,11,0.35
VMM_P01_037,2017,12,0.0
VMM_P01_037,2017,13,7.15
VMM_P01_037,2017,14,23.54
VMM_P01_037,2017,15,377.38
VMM_P01_037,2017,16,262.31
VMM_P01_037,2017,17,47.5
VMM_P01_037,2017,18,54.77
VMM_P01_037,2017,19,7.06
VMM_P01_037,2017,20,18.4
VMM_P01_037,2017,21,15.15
VMM_P01_037,2017,22,110.08
VMM_P01_037,2017,23,57.99
VMM_P01_037,2017,24,14.44
VMM_P01_037,2018,1,35.78
VMM_P01_037,2018,2,25.58
VMM_P01_037,2018,3,8.76
VMM_P01_037,2018,4,0.74
VMM_P01_037,2018,5,34.84
VMM_P01_037,2018,6,5.15
VMM_P01_037,2018,7,34.75
VMM_P01_037,2018,8,20.75
VMM_P01_037,2018,9,2.15
VMM_P01_037,2018,10,179.37
VMM_P01_037,2018,11,0.0
VMM_P01_037,2018,12,0.0
VMM_P01_037,2018,13,0.0
VMM_P01_037,2018,14,591.94
VMM_P01_037,2018,15,164.28
VMM_P01_037,2018,16,39.3
VMM_P01_037,2018,17,2.9
VMM_P01_037,2018,18,56.63
VMM_P01_037,2018,19,0.81
VMM_P01_037,2018,20,59.54
VMM_P01_037,2018,21,9.51
VMM_P01_037,2018,22,2.48
VMM_P01_037,2018,23,47.27
VMM_P01_037,2018,24,7.82
VMM_P01_037,2019,1,3.39
VMM_P01_037,2019,2,18.23
VMM_P01_037,2019,3,30.77
VMM_P01_037,2019,4,2.15
VMM_P01_037,2019,5,20.7
VMM_P01_037,2019,6,2.25
VMM_P01_037,2019,7,12.37
VMM_P01_037,2019,8,0.94
VMM_P01_037,2019,9,2.55
VMM_P01_037,2019,10,7.72
VMM_P01_037,2019,11,227.49
VMM_P01_037,2019,12,4.74
VMM_P01_037,2019,13,0.0
VMM_P01_037,2019,14,43.32
VMM_P01_037,2019,15,3.94
VMM_P01_037,2019,16,3.02
VMM_P01_037,2019,17,1.32
VMM_P01_037,2019,18,191.24
VMM_P01_037,2019,19,32.07
VMM_P01_037,2019,20,30.49
VMM_P01_037,2019,21,37.04
VMM_P01_037,2019,22,13.14
VMM_P01_037,2019,23,45.92
VMM_P01_037,2019,24,14.94
VMM_P01_037,2020,1,2.57
VMM_P01_037,2020,2,8.78
VMM_P01_037,2020,3,30.91
VMM_P01_037,2020,4,22.53
VMM_P01_037,2020,5,47.34
VMM_P01_037,2020,6,0.93
VMM_P01_037,2020,7,0.0
VMM_P01_037,2020,8,30.08
VMM_P01_037,2020,9,0.19
VMM_P01_037,2020,10,0.0
VMM_P01_037,2020,11,32.64
VMM_P01_037,2020,12,42.66
VMM_P01_037,2020,13,4.33
VMM_P01_037,2020,14,2.28
VMM_P01_037,2020,15,256.36
VMM_P01_037,2020,16,162.39
VMM_P01_037,2020,17,0.0
VMM_P01_037,2020,18,172.54
VMM_P01_037,2020,19,88.64
VMM_P01_037,2020,20,39.44
VMM_P01_037,2020,21,22.25
VMM_P01_037,2020,22,6.39
VMM_P01_037,2020,23,6.31
VMM_P01_037,2020,24,29.32
VMM_P01_037,2021,1,22.57
VMM_P01_037,2021,2,47.21
VMM_P01_037,2021,3,11.1
VMM_P01_037,2021,4,0.0
VMM_P01_037,2021,5,3.76
VMM_P01_037,2021,6,9.55
VMM_P01_037,2021,7,4.5
VMM_P01_037,2021,8,11.3
VMM_P01_037,2021,9,3.06
VMM_P01_037,2021,10,29.31
VMM_P01_037,2021,11,70.56
VMM_P01_037,2021,12,204.59
VMM_P01_037,2021,13,22.98
VMM_P01_037,2021,14,358.48
VMM_P01_037,2021,15,79.82
VMM_P01_037,2021,16,393.04
VMM_P01_037,2021,17,292.11
VMM_P01_037,2021,18,4.07
VMM_P01_037,2021,19,40.31
VMM_P01_037,2021,20,19.69
VMM_P01_037,2021,21,53.54
VMM_P01_037,2021,22,134.05
VMM_P01_037,2021,23,64.48
VMM_P01_037,2021,24,11.08
VMM_P01_037,2022,1,36.29
VMM_P01_037,2022,2,1.56
VMM_P01_037,2022,3,8.89
VMM_P01_037,2022,4,5.18
VMM_P01_037,2022,5,1.21
VMM_P01_037,2022,6,17.39
VMM_P01_037,2022,7,9.1
VMM_P01_037,2022,8,0.0
VMM_P01_037,2022,9,0.0
VMM_P01_037,2022,10,110.9
VMM_P01_037,2022,11,12.36
VMM_P01_037,2022,12,12.42
VMM_P01_037,2022,13,0.0
VMM_P01_037,2022,14,361.9
VMM_P01_037,2022,15,0.0
VMM_P01_037,2022,16,7.32
VMM_P01_037,2022,17,69.73
VMM_P01_037,2022,18,116.39
VMM_P01_037,2022,19,4.61
VMM_P01_037,2022,20,33.81
VMM_P01_037,2022,21,37.1
VMM_P01_037,2022,22,41.31
VMM_P01_037,2022,23,1.9
VMM_P01_037,2022,24,43.64
VMM_P01_037,2023,1,73.19
VMM_P01_037,2023,2,5.41
VMM_P01_037,2023,3,0.27
VMM_P01_037,2023,4,0.42
VMM_P01_037,2023,5,37.45
VMM_P01_037,2023,6,26.68
VMM_P01_037,2023,7,8.06
VMM_P01_037,2023,8,66.62
VMM_P01_037,2023,9,15.36
VMM_P01_037,2023,10,0.0
VMM_P01_037,2023,11,0.0
VMM_P01_037,2023,12,84.7
VMM_P01_037,2023,13,29.09
VMM_P01_037,2023,14,24.17
VMM_P01_037,2023,15,25.72
VMM_P01_037,2023,16,527.77
VMM_P01_037,2023,17,3.25
VMM_P01_037,2023,18,44.39
VMM_P01_037,2023,19,102.4
VMM_P01_037,2023,20,139.41
VMM_P01_037,2023,21,332.51
VMM_P01_037,2023,22,31.03
VMM_P01_037,2023,23,32.68
VMM_P01_037,2023,24,24.5
VMM_P01_037,2024,1,31.61
VMM_P01_037,2024,2,3.38
VMM_P01_037,2024,3,35.85
VMM_P01_037,2024,4,25.08
VMM_P01_037,2024,5,41.17
VMM_P01_037,2024,6,3.59
VMM_P01_037,2024,7,28.22
VMM_P01_037,2024,8,10.84
VMM_P01_037,2024,9,41.95
VMM_P01_037,2024,10,72.44
VMM_P01_037,2024,11,31.13
VMM_P01_037,2024,12,54.02
VMM_P01_037,2024,13,147.58
VMM_P01_037,2024,14,7.28
VMM_P01_037,2024,15,111.42
VMM_P01_037,2024,16,36.63
VMM_P01_037,2024,17,100.01
VMM_P01_037,2024,18,26.46
VMM_P01_037,2024,19,22.51
VMM_P01_037,2024,20,23.15
VMM_P01_037,2024,21,6.85
VMM_P01_037,2024,22,49.98
VMM_P01_037,2024,23,16.56
VMM_P01_037,2024,24,2.85
VMM_P02_004,2005,1,9.44
VMM_P02_004,2005,2,10.18
VMM_P02_004,2005,3,24.16
VMM_P02_004,2005,4,13.74
VMM_P02_004,2005,5,8.73
VMM_P02_004,2005,6,1.3
VMM_P02_004,2005,7,11.4
VMM_P02_004,2005,8,21.91
VMM_P02_004,2005,9,99.24
VMM_P02_004,2005,10,18.11
VMM_P02_004,2005,11,46.19
VMM_P02_004,2005,12,3.82
VMM_P02_004,2005,13,3113.51
VMM_P02_004,2005,14,61.18
VMM_P02_004,2005,15,20.75
VMM_P02_004,2005,16,255.25
VMM_P02_004,2005,17,45.73
VMM_P02_004,2005,18,10.78
VMM_P02_004,2005,19,13.48
VMM_P02_004,2005,20,32.57
VMM_P02_004,2005,21,12.66
VMM_P02_004,2005,22,138.69
VMM_P02_004,2005,23,28.13
VMM_P02_004,2005,24,10.03
VMM_P02_004,2006,1,0.57
VMM_P02_004,2006,2,2.82
VMM_P02_004,2006,3,20.03
VMM_P02_004,2006,4,18.97
VMM_P02_004,2006,5,8.27
VMM_P02_004,2006,6,113.64
VMM_P02_004,2006,7,21.03
VMM_P02_004,2006,8,7.7
VMM_P02_004,2006,9,13.51
VMM_P02_004,2006,10,79.73
VMM_P02_004,2006,11,14.92
VMM_P02_004,2006,12,1.63
VMM_P02_004,2006,13,111.92
VMM_P02_004,2006,14,1.67
VMM_P02_004,2006,15,418.21
VMM_P02_004,2006,16,122.31
VMM_P02_004,2006,17,0.56
VMM_P02_004,2006,18,7.98
VMM_P02_004,2006,19,63.23
VMM_P02_004,2006,20,62.32
VMM_P02_004,2006,21,13.2
VMM_P02_004,2006,22,12.75
VMM_P02_004,2006,23,31.62
VMM_P02_004,2006,24,6.6
VMM_P02_004,2007,1,18.91
VMM_P02_004,2007,2,36.89
VMM_P02_004,2007,3,17.51
VMM_P02_004,2007,4,8.91
VMM_P02_004,2007,5,7.94
VMM_P02_004,2007,6,18.91
VMM_P02_004,2007,7,0.0
VMM_P02_004,2007,8,0.0
VMM_P02_004,2007,9,30.19
VMM_P02_004,2007,10,25.2
VMM_P02_004,2007,11,3.15
VMM_P02_004,2007,12,203.28
VMM_P02_004,2007,13,61.49
VMM_P02_004,2007,14,314.45
VMM_P02_004,2007,15,35.79
VMM_P02_004,2007,16,56.34
VMM_P02_004,2007,17,4.35
VMM_P02_004,2007,18,127.14
VMM_P02_004,2007,19,35.19
VMM_P02_004,2007,20,9.03
VMM_P02_004,2007,21,41.7
VMM_P02_004,2007,22,24.54
VMM_P02_004,2007,23,62.94
VMM_P02_004,2007,24,0.98
VMM_P02_004,2008,1,9.63
VMM_P02_004,2008,2,10.07
VMM_P02_004,2008,3,20.71
VMM_P02_004,2008,4,16.78
VMM_P02_004,2008,5,38.15
VMM_P02_004,2008,6,65.66
VMM_P02_004,2008,7,4.3
VMM_P02_004,2008,8,3.52
VMM_P02_004,2008,9,15.06
VMM_P02_004,2008,10,201.24
VMM_P02_004,2008,11,50.92
VMM_P02_004,2008,12,1.1
VMM_P02_004,2008,13,26.64
VMM_P02_004,2008,14,474.87
VMM_P02_004,2008,15,130.95
VMM_P02_004,2008,16,33.17
VMM_P02_004,2008,17,94.95
VMM_P02_004,2008,18,6.03
VMM_P02_004,2008,19,31.53
VMM_P02_004,2008,20,15.71
VMM_P02_004,2008,21,93.3
VMM_P02_004,2008,22,25.3
VMM_P02_004,2008,23,48.58
VMM_P02_004,2008,24,0.0
VMM_P02_004,2009,1,0.62
VMM_P02_004,2009,2,16.85
VMM_P02_004,2009,3,20.1
VMM_P02_004,2009,4,0.82
VMM_P02_004,2009,5,7.73
VMM_P02_004,2009,6,20.39
VMM_P02_004,2009,7,2.43
VMM_P02_004,2009,8,5.47
VMM_P02_004,2009,9,23.14
VMM_P02_004,2009,10,82.32
VMM_P02_004,2009,11,72.1
VMM_P02_004,2009,12,0.0
VMM_P02_004,2009,13,20.19
VMM_P02_004,2009,14,105.27
VMM_P02_004,2009,15,23.82
VMM_P02_004,2009,16,2.55
VMM_P02_004,2009,17,14.21
VMM_P02_004,2009,18,0.0
VMM_P02_004,2009,19,180.99
VMM_P02_004,2009,20,5.35
VMM_P02_004,2009,21,23.7
VMM_P02_004,2009,22,204.79
VMM_P02_004,2009,23,38.39
VMM_P02_004,2009,24,18.85
VMM_P02_004,2010,1,1.99
VMM_P02_004,2010,2,25.14
VMM_P02_004,2010,3,2.96
VMM_P02_004,2010,4,25.48
VMM_P02_004,2010,5,0.0
VMM_P02_004,2010,6,55.61
VMM_P02_004,2010,7,5.37
VMM_P02_004,2010,8,2.29
VMM_P02_004,2010,9,13.66
VMM_P02_004,2010,10,13.2
VMM_P02_004,2010,11,23.94
VMM_P02_004,2010,12,1.3
VMM_P02_004,2010,13,98.87
VMM_P02_004,2010,14,77.8
VMM_P02_004,2010,15,264.2
VMM_P02_004,2010,16,236.78
VMM_P02_004,2010,17,155.01
VMM_P02_004,2010,18,57.35
VMM_P02_004,2010,19,34.45
VMM_P02_004,2010,20,46.19
VMM_P02_004,2010,21,46.73
VMM_P02_004,2010,22,25.8
VMM_P02_004,2010,23,15.19
VMM_P02_004,2010,24,1.18
VMM_P02_004,2011,1,31.35
VMM_P02_004,2011,2,17.58
VMM_P02_004,2011,3,2.33
VMM_P02_004,2011,4,8.77
VMM_P02_004,2011,5,0.0
VMM_P02_004,2011,6,5.09
VMM_P02_004,2011,7,1.84
VMM_P02_004,2011,8,48.8
VMM_P02_004,2011,9,1.5
VMM_P02_004,2011,10,9.0
VMM_P02_004,2011,11,19.5
VMM_P02_004,2011,12,55.2
VMM_P02_004,2011,13,94.17
VMM_P02_004,2011,14,40.35
VMM_P02_004,2011,15,47.81
VMM_P02_004,2011,16,55.17
VMM_P02_004,2011,17,268.9
VMM_P02_004,2011,18,1.05
VMM_P02_004,2011,19,22.37
VMM_P02_004,2011,20,15.49
VMM_P02_004,2011,21,0.38
VMM_P02_004,2011,22,0.0
VMM_P02_004,2011,23,151.97
VMM_P02_004,2011,24,16.02
VMM_P02_004,2012,1,23.05
VMM_P02_004,2012,2,10.41
VMM_P02_004,2012,3,2.88
VMM_P02_004,2012,4,2.0
VMM_P02_004,2012,5,55.29
VMM_P02_004,2012,6,0.0
VMM_P02_004,2012,7,43.9
VMM_P02_004,2012,8,29.48
VMM_P02_004,2012,9,57.26
VMM_P02_004,2012,10,0.55
VMM_P02_004,2012,11,357.58
VMM_P02_004,2012,12,72.5
VMM_P02_004,2012,13,226.35
VMM_P02_004,2012,14,34.2
VMM_P02_004,2012,15,42.9
VMM_P02_004,2012,16,16.68
VMM_P02_004,2012,17,45.15
VMM_P02_004,2012,18,58.56
VMM_P02_004,2012,19,56.16
VMM_P02_004,2012,20,45.28
VMM_P02_004,2012,21,50.31
VMM_P02_004,2012,22,10.24
VMM_P02_004,2012,23,30.89
VMM_P02_004,2012,24,73.68
VMM_P02_004,2013,1,12.41
VMM_P02_004,2013,2,42.84
VMM_P02_004,2013,3,16.13
VMM_P02_004,2013,4,0.33
VMM_P02_004,2013,5,16.27
VMM_P02_004,2013,6,3.78
VMM_P02_004,2013,7,9.69
VMM_P02_004,2013,8,0.17
VMM_P02_004,2013,9,4.74
VMM_P02_004,2013,10,28.3
VMM_P02_004,2013,11,0.0
VMM_P02_004,2013,12,20.57
VMM_P02_004,2013,13,63.5
VMM_P02_004,2013,14,569.1
VMM_P02_004,2013,15,0.49
VMM_P02_004,2013,16,18.95
VMM_P02_004,2013,17,148.55
VMM_P02_004,2013,18,7.59
VMM_P02_004,2013,19,245.93
VMM_P02_004,2013,20,113.4
VMM_P02_004,2013,21,58.04
VMM_P02_004,2013,22,4.58
VMM_P02_004,2013,23,1.81
VMM_P02_004,2013,24,61.87
VMM_P02_004,2014,1,10.82
VMM_P02_004,2014,2,28.62
VMM_P02_004,2014,3,36.15
VMM_P02_004,2014,4,5.51
VMM_P02_004,2014,5,3.8
VMM_P02_004,2014,6,15.69
VMM_P02_004,2014,7,165.82
VMM_P02_004,2014,8,17.05
VMM_P02_004,2014,9,22.53
VMM_P02_004,2014,10,98.47
VMM_P02_004,2014,11,717.39
VMM_P02_004,2014,12,86.73
VMM_P02_004,2014,13,65.25
VMM_P02_004,2014,14,168.52
VMM_P02_004,2014,15,66.66
VMM_P02_004,2014,16,159.35
VMM_P02_004,2014,17,1.69
VMM_P02_004,2014,18,53.55
VMM_P02_004,2014,19,43.17
VMM_P02_004,2014,20,15.81
VMM_P02_004,2014,21,14.98
VMM_P02_004,2014,22,0.78
VMM_P02_004,2014,23,12.18
VMM_P02_004,2014,24,42.71
VMM_P02_004,2015,1,72.51
VMM_P02_004,2015,2,24.48
VMM_P02_004,2015,3,0.0
VMM_P02_004,2015,4,17.9
VMM_P02_004,2015,5,0.37
VMM_P02_004,2015,6,9.9
VMM_P02_004,2015,7,4.79
VMM_P02_004,2015,8,0.23
VMM_P02_004,2015,9,457.87
VMM_P02_004,2015,10,3.26
VMM_P02_004,2015,11,54.02
VMM_P02_004,2015,12,26.36
VMM_P02_004,2015,13,59.18
VMM_P02_004,2015,14,72.56
VMM_P02_004,2015,15,111.89
VMM_P02_004,2015,16,1708.28
VMM_P02_004,2015,17,71.99
VMM_P02_004,2015,18,33.11
VMM_P02_004,2015,19,6.49
VMM_P02_004,2015,20,2.36
VMM_P02_004,2015,21,0.0
VMM_P02_004,2015,22,112.14
VMM_P02_004,2015,23,8.36
VMM_P02_004,2015,24,4.51
VMM_P02_004,2016,1,50.72
VMM_P02_004,2016,2,63.76
VMM_P02_004,2016,3,85.15
VMM_P02_004,2016,4,11.14
VMM_P02_004,2016,5,29.77
VMM_P02_004,2016,6,20.36
VMM_P02_004,2016,7,39.26
VMM_P02_004,2016,8,10.07
VMM_P02_004,2016,9,0.65
VMM_P02_004,2016,10,263.48
VMM_P02_004,2016,11,8.06
VMM_P02_004,2016,12,67.69
VMM_P02_004,2016,13,74.66
VMM_P02_004,2016,14,1.96
VMM_P02_004,2016,15,78.06
VMM_P02_004,2016,16,4.06
VMM_P02_004,2016,17,0.0
VMM_P02_004,2016,18,63.35
VMM_P02_004,2016,19,30.05
VMM_P02_004,2016,20,87.81
VMM_P02_004,2016,21,36.49
VMM_P02_004,2016,22,48.09
VMM_P02_004,2016,23,0.89
VMM_P02_004,2016,24,5.5
VMM_P02_004,2017,1,51.36
VMM_P02_004,2017,2,5.58
VMM_P02_004,2017,3,3.33
VMM_P02_004,2017,4,28.91
VMM_P02_004,2017,5,17.64
VMM_P02_004,2017,6,2.99
VMM_P02_004,2017,7,0.28
VMM_P02_004,2017,8,8.44
VMM_P02_004,2017,9,49.93
VMM_P02_004,2017,10,42.5
VMM_P02_004,2017,11,9.29
VMM_P02_004,2017,12,0.0
VMM_P02_004,2017,13,25.75
VMM_P02_004,2017,14,51.55
VMM_P02_004,2017,15,55.4
VMM_P02_004,2017,16,133.44
VMM_P02_004,2017,17,301.52
VMM_P02_004,2017,18,105.52
VMM_P02_004,2017,19,17.06
VMM_P02_004,2017,20,9.82
VMM_P02_004,2017,21,18.68
VMM_P02_004,2017,22,55.48
VMM_P02_004,2017,23,55.32
VMM_P02_004,2017,24,97.15
VMM_P02_004,2018,1,20.6
VMM_P02_004,2018,2,24.59
VMM_P02_004,2018,3,11.87
VMM_P02_004,2018,4,0.13
VMM_P02_004,2018,5,36.29
VMM_P02_004,2018,6,13.07
VMM_P02_004,2018,7,39.43
VMM_P02_004,2018,8,20.49
VMM_P02_004,2018,9,1.12
VMM_P02_004,2018,10,64.8
VMM_P02_004,2018,11,0.0
VMM_P02_004,2018,12,0.0
VMM_P02_004,2018,13,0.23
VMM_P02_004,2018,14,27.21
VMM_P02_004,2018,15,76.84
VMM_P02_004,2018,16,74.64
VMM_P02_004,2018,17,39.38
VMM_P02_004,2018,18,38.89
VMM_P02_004,2018,19,3.89
VMM_P02_004,2018,20,50.39
VMM_P02_004,2018,21,3.73
VMM_P02_004,2018,22,2.66
VMM_P02_004,2018,23,26.19
VMM_P02_004,2018,24,36.77
VMM_P02_004,2020,1,1.72
VMM_P02_004,2020,2,5.35
VMM_P02_004,2020,3,17.23
VMM_P02_004,2020,4,58.04
VMM_P02_004,2020,5,42.82
VMM_P02_004,2020,6,0.18
VMM_P02_004,2020,7,9.59
VMM_P02_004,2020,8,7.42
VMM_P02_004,2020,9,0.0
VMM_P02_004,2020,10,0.0
VMM_P02_004,2020,11,23.37
VMM_P02_004,2020,12,74.52
VMM_P02_004,2020,13,5.28
VMM_P02_004,2020,14,6.96
VMM_P02_004,2020,15,14.41
VMM_P02_004,2020,16,59.1
VMM_P02_004,2020,17,0.0
VMM_P02_004,2020,18,36.69
VMM_P02_004,2020,19,62.62
VMM_P02_004,2020,20,36.46
VMM_P02_004,2020,21,17.46
VMM_P02_004,2020,22,8.45
VMM_P02_004,2020,23,5.47
VMM_P02_004,2020,24,24.74
VMM_P02_004,2021,1,22.19
VMM_P02_004,2021,2,27.97
VMM_P02_004,2021,3,9.2
VMM_P02_004,2021,4,1.35
VMM_P02_004,2021,5,7.92
VMM_P02_004,2021,6,2.27
VMM_P02_004,2021,7,2.31
VMM_P02_004,2021,8,21.47
VMM_P02_004,2021,9,55.02
VMM_P02_004,2021,10,16.05
VMM_P02_004,2021,11,692.05
VMM_P02_004,2021,12,22.31
VMM_P02_004,2021,13,41.05
VMM_P02_004,2021,14,179.38
VMM_P02_004,2021,15,83.38
VMM_P02_004,2021,16,67.37
VMM_P02_004,2021,17,40.37
VMM_P02_004,2021,18,21.18
VMM_P02_004,2021,19,25.2
VMM_P02_004,2021,20,24.43
VMM_P02_004,2021,21,18.76
VMM_P02_004,2021,22,56.54
VMM_P02_004,2021,23,56.01
VMM_P02_004,2021,24,7.79
VMM_P02_004,2022,1,11.65
VMM_P02_004,2022,2,0.98
VMM_P02_004,2022,3,4.5
VMM_P02_004,2022,4,18.27
VMM_P02_004,2022,5,0.0
VMM_P02_004,2022,6,11.33
VMM_P02_004,2022,7,63.23
VMM_P02_004,2022,8,4.4
VMM_P02_004,2022,9,0.0
VMM_P02_004,2022,10,93.41
VMM_P02_004,2022,11,123.85
VMM_P02_004,2022,12,18.01
VMM_P02_004,2022,13,0.0
VMM_P02_004,2022,14,14.43
VMM_P02_004,2022,15,0.0
VMM_P02_004,2022,16,29.59
VMM_P02_004,2022,17,222.01
VMM_P02_004,2022,18,110.45
VMM_P02_004,2022,19,0.77
VMM_P02_004,2022,20,46.6
VMM_P02_004,2022,21,31.14
VMM_P02_004,2022,22,63.53
VMM_P02_004,2022,23,1.83
VMM_P02_004,2022,24,67.67
VMM_P02_004,2023,1,74.32
VMM_P02_004,2023,2,1.78
VMM_P02_004,2023,3,0.0
VMM_P02_004,2023,4,1.85
VMM_P02_004,2023,5,24.17
VMM_P02_004,2023,6,35.59
VMM_P02_004,2023,7,13.07
VMM_P02_004,2023,8,52.34
VMM_P02_004,2023,9,35.76
VMM_P02_004,2023,10,0.0
VMM_P02_004,2023,11,4.54
VMM_P02_004,2023,12,101.84
VMM_P02_004,2023,13,18.81
VMM_P02_004,2023,14,39.65
VMM_P02_004,2023,15,113.97
VMM_P02_004,2023,16,159.68
VMM_P02_004,2023,17,2.12
VMM_P02_004,2023,18,46.72
VMM_P02_004,2023,19,37.04
VMM_P02_004,2023,20,70.89
VMM_P02_004,2023,21,219.2
VMM_P02_004,2023,22,53.57
VMM_P02_004,2023,23,30.4
VMM_P02_004,2023,24,42.28
VMM_P02_004,2024,1,48.67
VMM_P02_004,2024,2,6.2
VMM_P02_004,2024,3,42.24
VMM_P02_004,2024,4,12.52
VMM_P02_004,2024,5,38.83
VMM_P02_004,2024,6,5.47
VMM_P02_004,2024,7,33.86
VMM_P02_004,2024,8,8.65
VMM_P02_004,2024,9,25.85
VMM_P02_004,2024,10,17.33
VMM_P02_004,2024,11,92.81
VMM_P02_004,2024,12,4.09
VMM_P02_004,2024,13,80.17
VMM_P02_004,2024,14,27.76
VMM_P02_004,2024,15,39.58
VMM_P02_004,2024,16,41.04
VMM_P02_004,2024,17,80.81
VMM_P02_004,2024,18,17.16
VMM_P02_004,2024,19,16.95
VMM_P02_004,2024,20,18.04
VMM_P02_004,2024,21,7.95
VMM_P02_004,2024,22,71.63
VMM_P02_004,2024,23,33.73
VMM_P02_004,2024,24,9.52
VMM_P02_008,2005,1,3.24
VMM_P02_008,2005,2,10.38
VMM_P02_008,2005,3,17.37
VMM_P02_008,2005,4,9.88
VMM_P02_008,2005,5,13.27
VMM_P02_008,2005,6,4.37
VMM_P02_008,2005,7,20.93
VMM_P02_008,2005,8,11.41
VMM_P02_008,2005,9,68.49
VMM_P02_008,2005,10,41.03
VMM_P02_008,2005,11,130.52
VMM_P02_008,2005,12,22.33
VMM_P02_008,2005,13,507.33
VMM_P02_008,2005,14,13.55
VMM_P02_008,2005,15,58.59
VMM_P02_008,2005,16,49.83
VMM_P02_008,2005,17,11.87
VMM_P02_008,2005,18,52.85
VMM_P02_008,2005,19,39.16
VMM_P02_008,2005,20,36.11
VMM_P02_008,2005,21,3.03
VMM_P02_008,2005,22,60.38
VMM_P02_008,2005,23,22.88
VMM_P02_008,2005,24,15.36
VMM_P02_008,2007,1,17.53
VMM_P02_008,2007,2,66.89
VMM_P02_008,2007,3,41.03
VMM_P02_008,2007,4,12.25
VMM_P02_008,2007,5,11.9
VMM_P02_008,2007,6,22.8
VMM_P02_008,2007,7,0.0
VMM_P02_008,2007,8,0.0
VMM_P02_008,2007,9,13.84
VMM_P02_008,2007,10,8.43
VMM_P02_008,2007,11,16.1
VMM_P02_008,2007,12,836.14
VMM_P02_008,2007,13,50.7
VMM_P02_008,2007,14,179.46
VMM_P02_008,2007,15,45.04
VMM_P02_008,2007,16,33.84
VMM_P02_008,2007,17,1.07
VMM_P02_008,2007,18,64.48
VMM_P02_008,2007,19,15.67
VMM_P02_008,2007,20,24.94
VMM_P02_008,2007,21,8.69
VMM_P02_008,2007,22,8.03
VMM_P02_008,2007,23,47.74
VMM_P02_008,2007,24,6.57
VMM_P02_008,2008,1,9.99
VMM_P02_008,2008,2,0.88
VMM_P02_008,2008,3,0.0
VMM_P02_008,2008,4,1.81
VMM_P02_008,2008,5,49.01
VMM_P02_008,2008,6,13.01
VMM_P02_008,2008,7,20.46
VMM_P02_008,2008,8,20.88
VMM_P02_008,2008,9,5.68
VMM_P02_008,2008,10,37.43
VMM_P02_008,2008,11,149.63
VMM_P02_008,2008,12,0.49
VMM_P02_008,2008,13,19.94
VMM_P02_008,2008,14,127.68
VMM_P02_008,2008,15,621.86
VMM_P02_008,2008,16,54.79
VMM_P02_008,2008,17,322.07
VMM_P02_008,2008,18,8.2
VMM_P02_008,2008,19,22.21
VMM_P02_008,2008,20,14.45
VMM_P02_008,2008,21,88.1
VMM_P02_008,2008,22,19.52
VMM_P02_008,2008,23,19.47
VMM_P02_008,2008,24,0.49
VMM_P02_008,2009,1,0.66
VMM_P02_008,2009,2,15.73
VMM_P02_008,2009,3,12.79
VMM_P02_008,2009,4,0.3
VMM_P02_008,2009,5,5.94
VMM_P02_008,2009,6,29.99
VMM_P02_008,2009,7,1.82
VMM_P02_008,2009,8,5.24
VMM_P02_008,2009,9,46.2
VMM_P02_008,2009,10,40.78
VMM_P02_008,2009,11,209.84
VMM_P02_008,2009,12,0.0
VMM_P02_008,2009,13,56.53
VMM_P02_008,2009,14,5.59
VMM_P02_008,2009,15,71.43
VMM_P02_008,2009,16,22.3
VMM_P02_008,2009,17,26.87
VMM_P02_008,2009,18,0.0
VMM_P02_008,2009,19,260.21
VMM_P02_008,2009,20,1.63
VMM_P02_008,2009,21,51.58
VMM_P02_008,2009,22,139.32
VMM_P02_008,2009,23,20.84
VMM_P02_008,2009,24,14.74
VMM_P02_008,2010,1,0.63
VMM_P02_008,2010,2,9.55
VMM_P02_008,2010,3,4.54
VMM_P02_008,2010,4,31.86
VMM_P02_008,2010,5,0.0
VMM_P02_008,2010,6,15.25
VMM_P02_008,2010,7,2.44
VMM_P02_008,2010,8,2.94
VMM_P02_008,2010,9,46.03
VMM_P02_008,2010,10,4.79
VMM_P02_008,2010,11,91.41
VMM_P02_008,2010,12,0.2
VMM_P02_008,2010,13,60.12
VMM_P02_008,2010,14,25.58
VMM_P02_008,2010,15,190.33
VMM_P02_008,2010,16,556.99
VMM_P02_008,2010,17,51.16
VMM_P02_008,2010,18,26.35
VMM_P02_008,2010,19,39.43
VMM_P02_008,2010,20,112.15
VMM_P02_008,2010,21,25.17
VMM_P02_008,2010,22,29.22
VMM_P02_008,2010,23,13.95
VMM_P02_008,2010,24,0.18
VMM_P02_008,2011,1,35.4
VMM_P02_008,2011,2,8.72
VMM_P02_008,2011,3,6.35
VMM_P02_008,2011,4,11.42
VMM_P02_008,2011,5,0.0
VMM_P02_008,2011,6,4.97
VMM_P02_008,2011,7,1.97
VMM_P02_008,2011,8,8.38
VMM_P02_008,2011,9,2.73
VMM_P02_008,2011,10,12.48
VMM_P02_008,2011,11,52.17
VMM_P02_008,2011,12,3.6
VMM_P02_008,2011,13,48.17
VMM_P02_008,2011,14,27.22
VMM_P02_008,2011,15,38.44
VMM_P02_008,2011,16,154.33
VMM_P02_008,2011,17,54.68
VMM_P02_008,2011,18,2.55
VMM_P02_008,2011,19,8.9
VMM_P02_008,2011,20,22.29
VMM_P02_008,2011,21,1.11
VMM_P02_008,2011,22,0.0
VMM_P02_008,2011,23,131.59
VMM_P02_008,2011,24,10.6
VMM_P02_008,2012,1,45.14
VMM_P02_008,2012,2,18.83
VMM_P02_008,2012,3,2.04
VMM_P02_008,2012,4,2.28
VMM_P02_008,2012,5,44.65
VMM_P02_008,2012,6,0.3
VMM_P02_008,2012,7,3.19
VMM_P02_008,2012,8,72.8
VMM_P02_008,2012,9,12.38
VMM_P02_008,2012,10,3.64
VMM_P02_008,2012,11,66.01
VMM_P02_008,2012,12,247.06
VMM_P02_008,2012,13,169.1
VMM_P02_008,2012,14,39.7
VMM_P02_008,2012,15,37.34
VMM_P02_008,2012,16,27.31
VMM_P02_008,2012,17,31.78
VMM_P02_008,2012,18,133.32
VMM_P02_008,2012,19,123.87
VMM_P02_008,2012,20,126.38
VMM_P02_008,2012,21,53.24
VMM_P02_008,2012,22,12.21
VMM_P02_008,2012,23,39.01
VMM_P02_008,2012,24,37.71
VMM_P02_008,2013,1,2.1
VMM_P02_008,2013,2,18.23
VMM_P02_008,2013,3,17.43
VMM_P02_008,2013,4,0.64
VMM_P02_008,2013,5,14.73
VMM_P02_008,2013,6,1.89
VMM_P02_008,2013,7,4.68
VMM_P02_008,2013,8,0.22
VMM_P02_008,2013,9,3.59
VMM_P02_008,2013,10,42.46
VMM_P02_008,2013,11,3.42
VMM_P02_008,2013,12,75.56
VMM_P02_008,2013,13,37.63
VMM_P02_008,2013,14,14.46
VMM_P02_008,2013,15,3.52
VMM_P02_008,2013,16,3.88
VMM_P02_008,2013,17,111.19
VMM_P02_008,2013,18,5.47
VMM_P02_008,2013,19,239.84
VMM_P02_008,2013,20,27.51
VMM_P02_008,2013,21,49.29
VMM_P02_008,2013,22,19.88
VMM_P02_008,2013,23,1.47
VMM_P02_008,2013,24,20.81
VMM_P02_008,2014,1,22.44
VMM_P02_008,2014,2,15.01
VMM_P02_008,2014,3,23.39
VMM_P02_008,2014,4,5.98
VMM_P02_008,2014,5,2.72
VMM_P02_008,2014,6,6.62
VMM_P02_008,2014,7,130.02
VMM_P02_008,2014,8,24.68
VMM_P02_008,2014,9,12.48
VMM_P02_008,2014,10,27.37
VMM_P02_008,2014,11,34.21
VMM_P02_008,2014,12,15.08
VMM_P02_008,2014,13,121.58
VMM_P02_008,2014,14,17.54
VMM_P02_008,2014,15,121.93
VMM_P02_008,2014,16,78.54
VMM_P02_008,2014,17,0.24
VMM_P02_008,2014,18,3.09
VMM_P02_008,2014,19,11.4
VMM_P02_008,2014,20,15.72
VMM_P02_008,2014,21,14.65
VMM_P02_008,2014,22,5.53
VMM_P02_008,2014,23,16.42
VMM_P02_008,2014,24,32.3
VMM_P02_008,2015,1,71.8
VMM_P02_008,2015,2,16.26
VMM_P02_008,2015,3,2.92
VMM_P02_008,2015,4,19.7
VMM_P02_008,2015,5,0.29
VMM_P02_008,2015,6,10.89
VMM_P02_008,2015,7,3.87
VMM_P02_008,2015,8,0.47
VMM_P02_008,2015,9,17.84
VMM_P02_008,2015,10,3.75
VMM_P02_008,2015,11,94.2
VMM_P02_008,2015,12,31.82
VMM_P02_008,2015,13,76.37
VMM_P02_008,2015,14,43.69
VMM_P02_008,2015,15,22.93
VMM_P02_008,2015,16,123.97
VMM_P02_008,2015,17,85.21
VMM_P02_008,2015,18,44.63
VMM_P02_008,2015,19,8.0
VMM_P02_008,2015,20,5.37
VMM_P02_008,2015,21,29.26
VMM_P02_008,2015,22,106.09
VMM_P02_008,2015,23,6.66
VMM_P02_008,2015,24,22.0
VMM_P02_008,2016,1,37.46
VMM_P02_008,2016,2,25.84
VMM_P02_008,2016,3,28.63
VMM_P02_008,2016,4,7.05
VMM_P02_008,2016,5,45.77
VMM_P02_008,2016,6,18.49
VMM_P02_008,2016,7,12.73
VMM_P02_008,2016,8,7.13
VMM_P02_008,2016,9,3.35
VMM_P02_008,2016,10,23.1
VMM_P02_008,2016,11,21.06
VMM_P02_008,2016,12,169.41
VMM_P02_008,2016,13,55.17
VMM_P02_008,2016,14,6.2
VMM_P02_008,2016,15,27.7
VMM_P02_008,2016,16,8.41
VMM_P02_008,2016,17,1.16
VMM_P02_008,2016,18,29.32
VMM_P02_008,2016,19,28.62
VMM_P02_008,2016,20,83.08
VMM_P02_008,2016,21,41.83
VMM_P02_008,2016,22,70.8
VMM_P02_008,2016,23,1.59
VMM_P02_008,2016,24,3.84
VMM_P02_008,2017,1,37.49
VMM_P02_008,2017,2,5.56
VMM_P02_008,2017,3,5.58
VMM_P02_008,2017,4,23.51
VMM_P02_008,2017,5,17.07
VMM_P02_008,2017,6,2.02
VMM_P02_008,2017,7,0.11
VMM_P02_008,2017,8,2.61
VMM_P02_008,2017,9,58.77
VMM_P02_008,2017,10,55.86
VMM_P02_008,2017,11,5.94
VMM_P02_008,2017,12,0.77
VMM_P02_008,2017,13,86.24
VMM_P02_008,2017,14,193.91
VMM_P02_008,2017,15,537.12
VMM_P02_008,2017,16,283.83
VMM_P02_008,2017,17,378.42
VMM_P02_008,2017,18,267.46
VMM_P02_008,2017,19,4.89
VMM_P02_008,2017,20,2.08
VMM_P02_008,2017,21,15.13
VMM_P02_008,2017,22,74.81
VMM_P02_008,2017,23,25.79
VMM_P02_008,2017,24,33.27
VMM_P02_008,2018,1,16.63
VMM_P02_008,2018,2,62.12
VMM_P02_008,2018,3,8.96
VMM_P02_008,2018,4,0.04
VMM_P02_008,2018,5,15.67
VMM_P02_008,2018,6,11.15
VMM_P02_008,2018,7,79.97
VMM_P02_008,2018,8,24.67
VMM_P02_008,2018,9,1.32
VMM_P02_008,2018,10,410.89
VMM_P02_008,2018,11,0.0
VMM_P02_008,2018,12,0.0
VMM_P02_008,2018,13,0.0
VMM_P02_008,2018,14,5.56
VMM_P02_008,2018,15,207.69
VMM_P02_008,2018,16,52.2
VMM_P02_008,2018,17,8.57
VMM_P02_008,2018,18,21.75
VMM_P02_008,2018,19,0.0
VMM_P02_008,2018,20,55.93
VMM_P02_008,2018,21,3.69
VMM_P02_008,2018,22,2.08
VMM_P02_008,2018,23,27.42
VMM_P02_008,2018,24,25.96
VMM_P02_008,2019,1,3.95
VMM_P02_008,2019,2,8.99
VMM_P02_008,2019,3,35.2
VMM_P02_008,2019,4,8.71
VMM_P02_008,2019,5,31.95
VMM_P02_008,2019,6,1.15
VMM_P02_008,2019,7,0.64
VMM_P02_008,2019,8,3.6
VMM_P02_008,2019,9,14.83
VMM_P02_008,2019,10,56.02
VMM_P02_008,2019,11,68.14
VMM_P02_008,2019,12,44.6
VMM_P02_008,2019,13,16.17
VMM_P02_008,2019,14,86.89
VMM_P02_008,2019,15,93.4
VMM_P02_008,2019,16,25.08
VMM_P02_008,2019,17,21.96
VMM_P02_008,2019,18,43.32
VMM_P02_008,2019,19,25.08
VMM_P02_008,2019,20,38.61
VMM_P02_008,2019,21,17.41
VMM_P02_008,2019,22,8.51
VMM_P02_008,2019,23,63.01
VMM_P02_008,2019,24,14.16
VMM_P02_008,2020,1,3.19
VMM_P02_008,2020,2,14.89
VMM_P02_008,2020,3,15.39
VMM_P02_008,2020,4,44.63
VMM_P02_008,2020,5,40.06
VMM_P02_008,2020,6,0.17
VMM_P02_008,2020,7,0.0
VMM_P02_008,2020,8,12.5
VMM_P02_008,2020,9,3.17
VMM_P02_008,2020,10,0.0
VMM_P02_008,2020,11,9.58
VMM_P02_008,2020,12,96.44
VMM_P02_008,2020,13,7.46
VMM_P02_008,2020,14,141.58
VMM_P02_008,2020,15,39.79
VMM_P02_008,2020,16,234.58
VMM_P02_008,2020,17,0.0
VMM_P02_008,2020,18,114.66
VMM_P02_008,2020,19,35.08
VMM_P02_008,2020,20,40.93
VMM_P02_008,2020,21,12.21
VMM_P02_008,2020,22,5.56
VMM_P02_008,2020,23,8.74
VMM_P02_008,2020,24,38.62
VMM_P02_008,2021,1,7.86
VMM_P02_008,2021,2,29.78
VMM_P02_008,2021,3,20.77
VMM_P02_008,2021,4,1.48
VMM_P02_008,2021,5,4.52
VMM_P02_008,2021,6,3.72
VMM_P02_008,2021,7,4.42
VMM_P02_008,2021,8,20.41
VMM_P02_008,2021,9,12.29
VMM_P02_008,2021,10,39.23
VMM_P02_008,2021,11,21.57
VMM_P02_008,2021,12,696.47
VMM_P02_008,2021,13,68.93
VMM_P02_008,2021,14,105.06
VMM_P02_008,2021,15,13.28
VMM_P02_008,2021,16,37.32
VMM_P02_008,2021,17,56.42
VMM_P02_008,2021,18,4.82
VMM_P02_008,2021,19,38.63
VMM_P02_008,2021,20,17.3
VMM_P02_008,2021,21,38.85
VMM_P02_008,2021,22,46.62
VMM_P02_008,2021,23,26.33
VMM_P02_008,2021,24,7.13
VMM_P02_008,2022,1,6.98
VMM_P02_008,2022,2,0.66
VMM_P02_008,2022,3,12.91
VMM_P02_008,2022,4,11.88
VMM_P02_008,2022,5,0.0
VMM_P02_008,2022,6,8.28
VMM_P02_008,2022,7,8.62
VMM_P02_008,2022,8,0.39
VMM_P02_008,2022,9,0.0
VMM_P02_008,2022,10,43.07
VMM_P02_008,2022,11,76.85
VMM_P02_008,2022,12,9.89
VMM_P02_008,2022,13,0.0
VMM_P02_008,2022,14,1.41
VMM_P02_008,2022,15,0.0
VMM_P02_008,2022,16,38.17
VMM_P02_008,2022,17,21.74
VMM_P02_008,2022,18,71.42
VMM_P02_008,2022,19,4.02
VMM_P02_008,2022,20,27.86
VMM_P02_008,2022,21,44.84
VMM_P02_008,2022,22,51.15
VMM_P02_008,2022,23,3.74
VMM_P02_008,2022,24,51.0
VMM_P02_008,2023,1,31.14
VMM_P02_008,2023,2,23.54
VMM_P02_008,2023,3,0.22
VMM_P02_008,2023,4,0.0
VMM_P02_008,2023,5,25.15
VMM_P02_008,2023,6,9.35
VMM_P02_008,2023,7,24.37
VMM_P02_008,2023,8,48.2
VMM_P02_008,2023,9,26.6
VMM_P02_008,2023,10,0.0
VMM_P02_008,2023,11,1.33
VMM_P02_008,2023,12,224.47
VMM_P02_008,2023,13,18.91
VMM_P02_008,2023,14,27.9
VMM_P02_008,2023,15,68.15
VMM_P02_008,2023,16,26.22
VMM_P02_008,2023,17,0.0
VMM_P02_008,2023,18,91.48
VMM_P02_008,2023,19,42.47
VMM_P02_008,2023,20,52.67
VMM_P02_008,2023,21,121.23
VMM_P02_008,2023,22,48.8
VMM_P02_008,2023,23,29.38
VMM_P02_008,2023,24,22.25
VMM_P02_008,2024,1,34.33
VMM_P02_008,2024,2,3.09
VMM_P02_008,2024,3,32.63
VMM_P02_008,2024,4,22.14
VMM_P02_008,2024,5,17.91
VMM_P02_008,2024,6,2.09
VMM_P02_008,2024,7,47.67
VMM_P02_008,2024,8,48.18
VMM_P02_008,2024,9,42.32
VMM_P02_008,2024,10,29.04
VMM_P02_008,2024,11,0.85
VMM_P02_008,2024,12,2.46
VMM_P02_008,2024,13,108.84
VMM_P02_008,2024,14,1.48
VMM_P02_008,2024,15,4.2
VMM_P02_008,2024,16,5.39
VMM_P02_008,2024,17,92.15
VMM_P02_008,2024,18,20.86
VMM_P02_008,2024,19,8.39
VMM_P02_008,2024,20,13.38
VMM_P02_008,2024,21,2.31
VMM_P02_008,2024,22,31.18
VMM_P02_008,2024,23,16.61
VMM_P02_008,2024,24,10.79
VMM_P02_030,2010,1,4.09
VMM_P02_030,2010,2,7.52
VMM_P02_030,2010,3,2.63
VMM_P02_030,2010,4,22.58
VMM_P02_030,2010,5,1.03
VMM_P02_030,2010,6,9.75
VMM_P02_030,2010,7,11.73
VMM_P02_030,2010,8,3.11
VMM_P02_030,2010,9,20.19
VMM_P02_030,2010,10,1.53
VMM_P02_030,2010,11,219.74
VMM_P02_030,2010,12,1.63
VMM_P02_030,2010,13,286.62
VMM_P02_030,2010,14,9.16
VMM_P02_030,2010,15,127.32
VMM_P02_030,2010,16,235.36
VMM_P02_030,2010,17,146.17
VMM_P02_030,2010,18,24.52
VMM_P02_030,2010,19,16.5
VMM_P02_030,2010,20,47.89
VMM_P02_030,2010,21,17.9
VMM_P02_030,2010,22,18.77
VMM_P02_030,2010,23,2.43
VMM_P02_030,2010,24,13.36
VMM_P02_030,2011,1,35.07
VMM_P02_030,2011,2,5.13
VMM_P02_030,2011,3,10.64
VMM_P02_030,2011,4,11.77
VMM_P02_030,2011,5,0.0
VMM_P02_030,2011,6,6.28
VMM_P02_030,2011,7,2.15
VMM_P02_030,2011,8,5.66
VMM_P02_030,2011,9,12.32
VMM_P02_030,2011,10,1.72
VMM_P02_030,2011,11,19.0
VMM_P02_030,2011,12,47.73
VMM_P02_030,2011,13,26.77
VMM_P02_030,2011,14,34.02
VMM_P02_030,2011,15,47.52
VMM_P02_030,2011,16,50.47
VMM_P02_030,2011,17,32.24
VMM_P02_030,2011,18,1.95
VMM_P02_030,2011,19,4.91
VMM_P02_030,2011,20,21.11
VMM_P02_030,2011,21,0.52
VMM_P02_030,2011,22,0.0
VMM_P02_030,2011,23,115.05
VMM_P02_030,2011,24,29.68
VMM_P02_030,2012,1,176.99
VMM_P02_030,2012,2,4.88
VMM_P02_030,2012,3,1.2
VMM_P02_030,2012,4,3.44
VMM_P02_030,2012,5,20.74
VMM_P02_030,2012,6,0.26
VMM_P02_030,2012,7,1.0
VMM_P02_030,2012,8,59.1
VMM_P02_030,2012,9,12.42
VMM_P02_030,2012,10,1.29
VMM_P02_030,2012,11,49.24
VMM_P02_030,2012,12,109.14
VMM_P02_030,2012,13,186.28
VMM_P02_030,2012,14,19.26
VMM_P02_030,2012,15,2.41
VMM_P02_030,2012,16,27.49
VMM_P02_030,2012,17,58.16
VMM_P02_030,2012,18,109.27
VMM_P02_030,2012,19,72.13
VMM_P02_030,2012,20,28.99
VMM_P02_030,2012,21,20.43
VMM_P02_030,2012,22,14.66
VMM_P02_030,2012,23,56.26
VMM_P02_030,2012,24,33.23
VMM_P02_030,2013,1,2.02
VMM_P02_030,2013,2,29.17
VMM_P02_030,2013,3,7.99
VMM_P02_030,2013,4,0.75
VMM_P02_030,2013,5,18.17
VMM_P02_030,2013,6,3.11
VMM_P02_030,2013,7,11.63
VMM_P02_030,2013,8,0.49
VMM_P02_030,2013,9,25.43
VMM_P02_030,2013,10,37.84
VMM_P02_030,2013,11,1.18
VMM_P02_030,2013,12,15.03
VMM_P02_030,2013,13,79.92
VMM_P02_030,2013,14,215.79
VMM_P02_030,2013,15,0.73
VMM_P02_030,2013,16,83.07
VMM_P02_030,2013,17,85.97
VMM_P02_030,2013,18,7.6
VMM_P02_030,2013,19,221.27
VMM_P02_030,2013,20,61.0
VMM_P02_030,2013,21,103.85
VMM_P02_030,2013,22,85.82
VMM_P02_030,2013,23,2.59
VMM_P02_030,2013,24,29.89
VMM_P02_030,2014,1,24.27
VMM_P02_030,2014,2,13.29
VMM_P02_030,2014,3,15.01
VMM_P02_030,2014,4,4.72
VMM_P02_030,2014,5,1.93
VMM_P02_030,2014,6,0.0
VMM_P02_030,2014,7,40.52
VMM_P02_030,2014,8,9.08
VMM_P02_030,2014,9,162.02
VMM_P02_030,2014,10,65.83
VMM_P02_030,2014,11,22.63
VMM_P02_030,2014,12,11.13
VMM_P02_030,2014,13,21.76
VMM_P02_030,2014,14,386.87
VMM_P02_030,2014,15,118.41
VMM_P02_030,2014,16,77.19
VMM_P02_030,2014,17,0.0
VMM_P02_030,2014,18,10.47
VMM_P02_030,2014,19,44.73
VMM_P02_030,2014,20,25.14
VMM_P02_030,2014,21,14.33
VMM_P02_030,2014,22,0.26
VMM_P02_030,2014,23,14.96
VMM_P02_030,2014,24,34.85
VMM_P02_030,2015,1,57.13
VMM_P02_030,2015,2,15.75
VMM_P02_030,2015,3,3.14
VMM_P02_030,2015,4,9.97
VMM_P02_030,2015,5,0.43
VMM_P02_030,2015,6,8.08
VMM_P02_030,2015,7,0.95
VMM_P02_030,2015,8,1.52
VMM_P02_030,2015,9,29.27
VMM_P02_030,2015,10,5.08
VMM_P02_030,2015,11,100.67
VMM_P02_030,2015,12,13.96
VMM_P02_030,2015,13,26.34
VMM_P02_030,2015,14,40.57
VMM_P02_030,2015,15,58.16
VMM_P02_030,2015,16,469.24
VMM_P02_030,2015,17,173.47
VMM_P02_030,2015,18,59.43
VMM_P02_030,2015,19,5.43
VMM_P02_030,2015,20,4.03
VMM_P02_030,2015,21,23.03
VMM_P02_030,2015,22,79.29
VMM_P02_030,2015,23,3.68
VMM_P02_030,2015,24,6.55
VMM_P02_030,2016,1,37.4
VMM_P02_030,2016,2,23.17
VMM_P02_030,2016,3,23.9
VMM_P02_030,2016,4,3.17
VMM_P02_030,2016,5,37.88
VMM_P02_030,2016,6,17.78
VMM_P02_030,2016,7,28.81
VMM_P02_030,2016,8,15.71
VMM_P02_030,2016,9,9.65
VMM_P02_030,2016,10,57.14
VMM_P02_030,2016,11,20.7
VMM_P02_030,2016,12,530.31
VMM_P02_030,2016,13,49.34
VMM_P02_030,2016,14,7.48
VMM_P02_030,2016,15,62.18
VMM_P02_030,2016,16,13.21
VMM_P02_030,2016,17,0.16
VMM_P02_030,2016,18,15.94
VMM_P02_030,2016,19,20.68
VMM_P02_030,2016,20,41.66
VMM_P02_030,2016,21,87.43
VMM_P02_030,2016,22,58.27
VMM_P02_030,2016,23,0.39
VMM_P02_030,2016,24,4.19
VMM_P02_030,2017,1,41.86
VMM_P02_030,2017,2,3.86
VMM_P02_030,2017,3,7.39
VMM_P02_030,2017,4,20.85
VMM_P02_030,2017,5,12.05
VMM_P02_030,2017,6,1.7
VMM_P02_030,2017,7,0.51
VMM_P02_030,2017,8,10.07
VMM_P02_030,2017,9,19.03
VMM_P02_030,2017,10,71.98
VMM_P02_030,2017,11,11.32
VMM_P02_030,2017,12,16.42
VMM_P02_030,2017,13,61.54
VMM_P02_030,2017,14,126.35
VMM_P02_030,2017,15,578.44
VMM_P02_030,2017,16,199.99
VMM_P02_030,2017,17,258.44
VMM_P02_030,2017,18,64.19
VMM_P02_030,2017,19,11.66
VMM_P02_030,2017,20,2.94
VMM_P02_030,2017,21,12.95
VMM_P02_030,2017,22,79.23
VMM_P02_030,2017,23,86.24
VMM_P02_030,2017,24,30.2
VMM_P02_030,2018,1,14.03
VMM_P02_030,2018,2,17.16
VMM_P02_030,2018,3,6.24
VMM_P02_030,2018,4,0.1
VMM_P02_030,2018,5,45.77
VMM_P02_030,2018,6,6.45
VMM_P02_030,2018,7,28.61
VMM_P02_030,2018,8,42.61
VMM_P02_030,2018,9,1.36
VMM_P02_030,2018,10,34.66
VMM_P02_030,2018,11,0.0
VMM_P02_030,2018,12,0.0
VMM_P02_030,2018,13,0.0
VMM_P02_030,2018,14,4.52
VMM_P02_030,2018,15,128.92
VMM_P02_030,2018,16,114.13
VMM_P02_030,2018,17,266.73
VMM_P02_030,2018,18,31.36
VMM_P02_030,2018,19,13.18
VMM_P02_030,2018,20,69.4
VMM_P02_030,2018,21,5.64
VMM_P02_030,2018,22,1.37
VMM_P02_030,2018,23,28.5
VMM_P02_030,2018,24,20.54
VMM_P02_030,2019,1,4.29
VMM_P02_030,2019,2,24.51
VMM_P02_030,2019,3,40.27
VMM_P02_030,2019,4,0.92
VMM_P02_030,2019,5,56.06
VMM_P02_030,2019,6,2.93
VMM_P02_030,2019,7,2.87
VMM_P02_030,2019,8,6.91
VMM_P02_030,2019,9,2.16
VMM_P02_030,2019,10,13.19
VMM_P02_030,2019,11,425.43
VMM_P02_030,2019,12,39.38
VMM_P02_030,2019,13,0.15
VMM_P02_030,2019,14,34.99
VMM_P02_030,2019,15,156.95
VMM_P02_030,2019,16,8.81
VMM_P02_030,2019,17,5.48
VMM_P02_030,2019,18,67.05
VMM_P02_030,2019,19,14.52
VMM_P02_030,2019,20,27.66
VMM_P02_030,2019,21,31.57
VMM_P02_030,2019,22,8.73
VMM_P02_030,2019,23,38.13
VMM_P02_030,2019,24,14.07
VMM_P02_030,2020,1,3.16
VMM_P02_030,2020,2,14.51
VMM_P02_030,2020,3,14.45
VMM_P02_030,2020,4,62.16
VMM_P02_030,2020,5,44.03
VMM_P02_030,2020,6,0.25
VMM_P02_030,2020,7,0.0
VMM_P02_030,2020,8,12.37
VMM_P02_030,2020,9,0.73
VMM_P02_030,2020,10,0.0
VMM_P02_030,2020,11,41.32
VMM_P02_030,2020,12,160.89
VMM_P02_030,2020,13,13.72
VMM_P02_030,2020,14,48.63
VMM_P02_030,2020,15,42.94
VMM_P02_030,2020,16,181.58
VMM_P02_030,2020,17,0.0
VMM_P02_030,2020,18,135.5
VMM_P02_030,2020,19,69.62
VMM_P02_030,2020,20,31.81
VMM_P02_030,2020,21,8.9
VMM_P02_030,2020,22,9.82
VMM_P02_030,2020,23,4.02
VMM_P02_030,2020,24,31.75
VMM_P02_030,2023,1,63.81
VMM_P02_030,2023,2,33.22
VMM_P02_030,2023,3,0.0
VMM_P02_030,2023,4,0.8
VMM_P02_030,2023,5,46.04
VMM_P02_030,2023,6,16.5
VMM_P02_030,2023,7,32.79
VMM_P02_030,2023,8,139.02
VMM_P02_030,2023,9,15.88
VMM_P02_030,2023,10,0.0
VMM_P02_030,2023,11,18.92
VMM_P02_030,2023,12,56.75
VMM_P02_030,2023,13,15.37
VMM_P02_030,2023,14,88.08
VMM_P02_030,2023,15,114.86
VMM_P02_030,2023,16,16.67
VMM_P02_030,2023,17,10.77
VMM_P02_030,2023,18,312.73
VMM_P02_030,2023,19,74.12
VMM_P02_030,2023,20,74.93
VMM_P02_030,2023,21,235.57
VMM_P02_030,2023,22,98.06
VMM_P02_030,2023,23,38.72
VMM_P02_030,2023,24,63.58
VMM_P02_030,2024,1,75.34
VMM_P02_030,2024,2,9.35
VMM_P02_030,2024,3,88.98
VMM_P02_030,2024,4,33.92
VMM_P02_030,2024,5,43.97
VMM_P02_030,2024,6,8.99
VMM_P02_030,2024,7,74.78
VMM_P02_030,2024,8,89.01
VMM_P02_030,2024,9,45.38
VMM_P02_030,2024,10,80.16
VMM_P02_030,2024,11,28.67
VMM_P02_030,2024,12,3.63
VMM_P02_030,2024,13,102.13
VMM_P02_030,2024,14,6.36
VMM_P02_030,2024,15,17.56
VMM_P02_030,2024,16,16.19
VMM_P02_030,2024,17,237.74
VMM_P02_030,2024,18,94.81
VMM_P02_030,2024,19,13.44
VMM_P02_030,2024,20,40.22
VMM_P02_030,2024,21,9.84
VMM_P02_030,2024,22,71.64
VMM_P02_030,2024,23,23.25
VMM_P02_030,2024,24,4.41
VMM_P03_005,2005,1,4.42
VMM_P03_005,2005,2,10.72
VMM_P03_005,2005,3,29.42
VMM_P03_005,2005,4,15.4
VMM_P03_005,2005,5,3.87
VMM_P03_005,2005,6,2.72
VMM_P03_005,2005,7,12.23
VMM_P03_005,2005,8,17.14
VMM_P03_005,2005,9,147.47
VMM_P03_005,2005,10,58.24
VMM_P03_005,2005,11,2.63
VMM_P03_005,2005,12,41.14
VMM_P03_005,2005,13,623.57
VMM_P03_005,2005,14,44.66
VMM_P03_005,2005,15,27.51
VMM_P03_005,2005,16,889.24
VMM_P03_005,2005,17,92.57
VMM_P03_005,2005,18,11.67
VMM_P03_005,2005,19,12.44
VMM_P03_005,2005,20,31.48
VMM_P03_005,2005,21,5.55
VMM_P03_005,2005,22,70.99
VMM_P03_005,2005,23,23.11
VMM_P03_005,2005,24,25.38
VMM_P03_005,2006,1,0.37
VMM_P03_005,2006,2,2.69
VMM_P03_005,2006,3,34.44
VMM_P03_005,2006,4,15.63
VMM_P03_005,2006,5,6.52
VMM_P03_005,2006,6,29.29
VMM_P03_005,2006,7,14.32
VMM_P03_005,2006,8,9.31
VMM_P03_005,2006,9,3.1
VMM_P03_005,2006,10,49.89
VMM_P03_005,2006,11,29.44
VMM_P03_005,2006,12,11.74
VMM_P03_005,2006,13,0.22
VMM_P03_005,2006,14,9.32
VMM_P03_005,2006,15,106.82
VMM_P03_005,2006,16,398.2
VMM_P03_005,2006,17,0.69
VMM_P03_005,2006,18,4.55
VMM_P03_005,2006,19,80.71
VMM_P03_005,2006,20,60.87
VMM_P03_005,2006,21,8.77
VMM_P03_005,2006,22,17.35
VMM_P03_005,2006,23,30.22
VMM_P03_005,2006,24,9.56
VMM_P03_005,2007,1,13.68
VMM_P03_005,2007,2,44.45
VMM_P03_005,2007,3,38.82
VMM_P03_005,2007,4,10.42
VMM_P03_005,2007,5,13.52
VMM_P03_005,2007,6,10.68
VMM_P03_005,2007,7,0.0
VMM_P03_005,2007,8,0.0
VMM_P03_005,2007,9,50.85
VMM_P03_005,2007,10,17.24
VMM_P03_005,2007,11,38.78
VMM_P03_005,2007,12,437.7
VMM_P03_005,2007,13,130.85
VMM_P03_005,2007,14,283.23
VMM_P03_005,2007,15,102.58
VMM_P03_005,2007,16,20.9
VMM_P03_005,2007,17,6.44
VMM_P03_005,2007,18,72.73
VMM_P03_005,2007,19,24.15
VMM_P03_005,2007,20,6.54
VMM_P03_005,2007,21,46.84
VMM_P03_005,2007,22,15.19
VMM_P03_005,2007,23,78.0
VMM_P03_005,2007,24,1.9
VMM_P03_005,2008,1,8.74
VMM_P03_005,2008,2,8.14
VMM_P03_005,2008,3,16.58
VMM_P03_005,2008,4,13.73
VMM_P03_005,2008,5,18.58
VMM_P03_005,2008,6,30.03
VMM_P03_005,2008,7,24.33
VMM_P03_005,2008,8,19.07
VMM_P03_005,2008,9,39.44
VMM_P03_005,2008,10,111.55
VMM_P03_005,2008,11,196.15
VMM_P03_005,2008,12,0.74
VMM_P03_005,2008,13,33.14
VMM_P03_005,2008,14,21.64
VMM_P03_005,2008,15,999.33
VMM_P03_005,2008,16,19.39
VMM_P03_005,2008,17,32.48
VMM_P03_005,2008,18,7.16
VMM_P03_005,2008,19,41.81
VMM_P03_005,2008,20,17.7
VMM_P03_005,2008,21,75.67
VMM_P03_005,2008,22,48.15
VMM_P03_005,2008,23,41.94
VMM_P03_005,2008,24,0.14
VMM_P03_005,2009,1,0.87
VMM_P03_005,2009,2,21.82
VMM_P03_005,2009,3,21.24
VMM_P03_005,2009,4,0.84
VMM_P03_005,2009,5,6.76
VMM_P03_005,2009,6,19.01
VMM_P03_005,2009,7,1.61
VMM_P03_005,2009,8,5.23
VMM_P03_005,2009,9,572.35
VMM_P03_005,2009,10,81.45
VMM_P03_005,2009,11,46.07
VMM_P03_005,2009,12,0.81
VMM_P03_005,2009,13,11.49
VMM_P03_005,2009,14,127.67
VMM_P03_005,2009,15,18.97
VMM_P03_005,2009,16,0.0
VMM_P03_005,2009,17,4.97
VMM_P03_005,2009,18,0.0
VMM_P03_005,2009,19,326.25
VMM_P03_005,2009,20,2.4
VMM_P03_005,2009,21,40.2
VMM_P03_005,2009,22,126.59
VMM_P03_005,2009,23,26.44
VMM_P03_005,2009,24,20.7
VMM_P03_005,2010,1,2.13
VMM_P03_005,2010,2,13.53
VMM_P03_005,2010,3,2.46
VMM_P03_005,2010,4,29.25
VMM_P03_005,2010,5,0.62
VMM_P03_005,2010,6,89.51
VMM_P03_005,2010,7,2.3
VMM_P03_005,2010,8,6.42
VMM_P03_005,2010,9,3.84
VMM_P03_005,2010,10,19.33
VMM_P03_005,2010,11,9.04
VMM_P03_005,2010,12,2.36
VMM_P03_005,2010,13,58.15
VMM_P03_005,2010,14,94.04
VMM_P03_005,2010,15,325.44
VMM_P03_005,2010,16,722.94
VMM_P03_005,2010,17,73.79
VMM_P03_005,2010,18,52.07
VMM_P03_005,2010,19,14.54
VMM_P03_005,2010,20,52.75
VMM_P03_005,2010,21,77.57
VMM_P03_005,2010,22,11.17
VMM_P03_005,2010,23,5.7
VMM_P03_005,2010,24,18.85
VMM_P03_005,2011,1,25.75
VMM_P03_005,2011,2,7.66
VMM_P03_005,2011,3,4.13
VMM_P03_005,2011,4,18.02
VMM_P03_005,2011,5,0.0
VMM_P03_005,2011,6,13.6
VMM_P03_005,2011,7,0.74
VMM_P03_005,2011,8,14.9
VMM_P03_005,2011,9,2.46
VMM_P03_005,2011,10,48.24
VMM_P03_005,2011,11,9.73
VMM_P03_005,2011,12,58.0
VMM_P03_005,2011,13,52.55
VMM_P03_005,2011,14,164.29
VMM_P03_005,2011,15,193.82
VMM_P03_005,2011,16,88.04
VMM_P03_005,2011,17,42.75
VMM_P03_005,2011,18,6.6
VMM_P03_005,2011,19,18.09
VMM_P03_005,2011,20,11.06
VMM_P03_005,2011,21,0.37
VMM_P03_005,2011,22,0.0
VMM_P03_005,2011,23,142.86
VMM_P03_005,2011,24,17.57
VMM_P03_005,2012,1,25.74
VMM_P03_005,2012,2,12.74
VMM_P03_005,2012,3,3.74
VMM_P03_005,2012,4,3.09
VMM_P03_005,2012,5,60.68
VMM_P03_005,2012,6,0.0
VMM_P03_005,2012,7,23.15
VMM_P03_005,2012,8,55.46
VMM_P03_005,2012,9,84.03
VMM_P03_005,2012,10,1.27
VMM_P03_005,2012,11,38.5
VMM_P03_005,2012,12,73.73
VMM_P03_005,2012,13,309.83
VMM_P03_005,2012,14,219.78
VMM_P03_005,2012,15,140.81
VMM_P03_005,2012,16,64.19
VMM_P03_005,2012,17,16.43
VMM_P03_005,2012,18,34.91
VMM_P03_005,2012,19,119.51
VMM_P03_005,2012,20,39.13
VMM_P03_005,2012,21,13.86
VMM_P03_005,2012,22,4.67
VMM_P03_005,2012,23,39.36
VMM_P03_005,2012,24,53.85
VMM_P03_005,2013,1,13.9
VMM_P03_005,2013,2,45.89
VMM_P03_005,2013,3,12.74
VMM_P03_005,2013,4,0.48
VMM_P03_005,2013,5,19.61
VMM_P03_005,2013,6,8.96
VMM_P03_005,2013,7,3.9
VMM_P03_005,2013,8,2.84
VMM_P03_005,2013,9,17.06
VMM_P03_005,2013,10,123.71
VMM_P03_005,2013,11,0.19
VMM_P03_005,2013,12,20.67
VMM_P03_005,2013,13,28.89
VMM_P03_005,2013,14,349.16
VMM_P03_005,2013,15,1.12
VMM_P03_005,2013,16,3.32
VMM_P03_005,2013,17,98.04
VMM_P03_005,2013,18,4.41
VMM_P03_005,2013,19,51.63
VMM_P03_005,2013,20,13.26
VMM_P03_005,2013,21,116.17
VMM_P03_005,2013,22,6.59
VMM_P03_005,2013,23,1.75
VMM_P03_005,2013,24,26.9
VMM_P03_005,2014,1,42.32
VMM_P03_005,2014,2,13.36
VMM_P03_005,2014,3,24.11
VMM_P03_005,2014,4,21.88
VMM_P03_005,2014,5,1.22
VMM_P03_005,2014,6,8.39
VMM_P03_005,2014,7,10.16
VMM_P03_005,2014,8,4.51
VMM_P03_005,2014,9,35.62
VMM_P03_005,2014,10,8.81
VMM_P03_005,2014,11,46.26
VMM_P03_005,2014,12,97.97
VMM_P03_005,2014,13,54.58
VMM_P03_005,2014,14,136.09
VMM_P03_005,2014,15,74.04
VMM_P03_005,2014,16,141.1
VMM_P03_005,2014,17,0.0
VMM_P03_005,2014,18,36.02
VMM_P03_005,2014,19,126.89
VMM_P03_005,2014,20,10.8
VMM_P03_005,2014,21,26.94
VMM_P03_005,2014,22,0.41
VMM_P03_005,2014,23,6.31
VMM_P03_005,2014,24,42.12
VMM_P03_005,2015,1,76.81
VMM_P03_005,2015,2,19.22
VMM_P03_005,2015,3,0.0
VMM_P03_005,2015,4,14.27
VMM_P03_005,2015,5,5.32
VMM_P03_005,2015,6,7.76
VMM_P03_005,2015,7,3.26
VMM_P03_005,2015,8,0.0
VMM_P03_005,2015,9,73.3
VMM_P03_005,2015,10,23.36
VMM_P03_005,2015,11,0.22
VMM_P03_005,2015,12,12.83
VMM_P03_005,2015,13,5.06
VMM_P03_005,2015,14,25.58
VMM_P03_005,2015,15,127.37
VMM_P03_005,2015,16,256.69
VMM_P03_005,2015,17,20.02
VMM_P03_005,2015,18,14.39
VMM_P03_005,2015,19,3.59
VMM_P03_005,2015,20,0.69
VMM_P03_005,2015,21,5.3
VMM_P03_005,2015,22,115.06
VMM_P03_005,2015,23,7.25
VMM_P03_005,2015,24,2.06
VMM_P03_005,2016,1,44.63
VMM_P03_005,2016,2,18.81
VMM_P03_005,2016,3,19.16
VMM_P03_005,2016,4,9.2
VMM_P03_005,2016,5,41.13
VMM_P03_005,2016,6,18.46
VMM_P03_005,2016,7,13.16
VMM_P03_005,2016,8,15.19
VMM_P03_005,2016,9,29.3
VMM_P03_005,2016,10,544.59
VMM_P03_005,2016,11,353.11
VMM_P03_005,2016,12,46.84
VMM_P03_005,2016,13,26.01
VMM_P03_005,2016,14,0.84
VMM_P03_005,2016,15,23.46
VMM_P03_005,2016,16,9.21
VMM_P03_005,2016,17,2.27
VMM_P03_005,2016,18,20.51
VMM_P03_005,2016,19,11.31
VMM_P03_005,2016,20,76.95
VMM_P03_005,2016,21,33.75
VMM_P03_005,2016,22,29.7
VMM_P03_005,2016,23,0.38
VMM_P03_005,2016,24,5.53
VMM_P03_005,2017,1,76.51
VMM_P03_005,2017,2,2.98
VMM_P03_005,2017,3,3.98
VMM_P03_005,2017,4,27.93
VMM_P03_005,2017,5,8.0
VMM_P03_005,2017,6,1.67
VMM_P03_005,2017,7,0.71
VMM_P03_005,2017,8,8.06
VMM_P03_005,2017,9,22.37
VMM_P03_005,2017,10,3.75
VMM_P03_005,2017,11,17.71
VMM_P03_005,2017,12,0.0
VMM_P03_005,2017,13,39.38
VMM_P03_005,2017,14,75.53
VMM_P03_005,2017,15,92.72
VMM_P03_005,2017,16,124.91
VMM_P03_005,2017,17,151.56
VMM_P03_005,2017,18,6.42
VMM_P03_005,2017,19,14.46
VMM_P03_005,2017,20,10.06
VMM_P03_005,2017,21,14.2
VMM_P03_005,2017,22,80.06
VMM_P03_005,2017,23,166.27
VMM_P03_005,2017,24,29.4
VMM_P03_005,2018,1,25.8
VMM_P03_005,2018,2,27.35
VMM_P03_005,2018,3,14.23
VMM_P03_005,2018,4,0.08
VMM_P03_005,2018,5,187.14
VMM_P03_005,2018,6,10.58
VMM_P03_005,2018,7,44.22
VMM_P03_005,2018,8,13.29
VMM_P03_005,2018,9,3.98
VMM_P03_005,2018,10,14.52
VMM_P03_005,2018,11,0.22
VMM_P03_005,2018,12,0.0
VMM_P03_005,2018,13,0.0
VMM_P03_005,2018,14,0.57
VMM_P03_005,2018,15,132.6
VMM_P03_005,2018,16,16.31
VMM_P03_005,2018,17,2.92
VMM_P03_005,2018,18,44.56
VMM_P03_005,2018,19,5.58
VMM_P03_005,2018,20,36.63
VMM_P03_005,2018,21,26.12
VMM_P03_005,2018,22,1.92
VMM_P03_005,2018,23,22.45
VMM_P03_005,2018,24,24.25
VMM_P03_005,2019,1,2.67
VMM_P03_005,2019,2,20.68
VMM_P03_005,2019,3,9.92
VMM_P03_005,2019,4,2.22
VMM_P03_005,2019,5,39.02
VMM_P03_005,2019,6,1.52
VMM_P03_005,2019,7,28.94
VMM_P03_005,2019,8,63.25
VMM_P03_005,2019,9,23.68
VMM_P03_005,2019,10,0.78
VMM_P03_005,2019,11,227.71
VMM_P03_005,2019,12,61.59
VMM_P03_005,2019,13,39.91
VMM_P03_005,2019,14,22.19
VMM_P03_005,2019,15,70.94
VMM_P03_005,2019,16,3.73
VMM_P03_005,2019,17,27.6
VMM_P03_005,2019,18,283.75
VMM_P03_005,2019,19,70.05
VMM_P03_005,2019,20,17.34
VMM_P03_005,2019,21,14.52
VMM_P03_005,2019,22,11.65
VMM_P03_005,2019,23,37.06
VMM_P03_005,2019,24,12.83
VMM_P03_005,2020,1,13.46
VMM_P03_005,2020,2,4.43
VMM_P03_005,2020,3,157.59
VMM_P03_005,2020,4,67.65
VMM_P03_005,2020,5,43.97
VMM_P03_005,2020,6,0.21
VMM_P03_005,2020,7,1.18
VMM_P03_005,2020,8,155.1
VMM_P03_005,2020,9,12.49
VMM_P03_005,2020,10,0.0
VMM_P03_005,2020,11,30.1
VMM_P03_005,2020,12,51.77
VMM_P03_005,2020,13,16.78
VMM_P03_005,2020,14,7.76
VMM_P03_005,2020,15,405.5
VMM_P03_005,2020,16,29.99
VMM_P03_005,2020,17,0.17
VMM_P03_005,2020,18,411.45
VMM_P03_005,2020,19,70.24
VMM_P03_005,2020,20,10.89
VMM_P03_005,2020,21,10.84
VMM_P03_005,2020,22,34.48
VMM_P03_005,2020,23,3.18
VMM_P03_005,2020,24,39.08
VMM_P03_005,2021,1,19.2
VMM_P03_005,2021,2,32.74
VMM_P03_005,2021,3,16.03
VMM_P03_005,2021,4,1.02
VMM_P03_005,2021,5,12.14
VMM_P03_005,2021,6,1.62
VMM_P03_005,2021,7,6.78
VMM_P03_005,2021,8,11.19
VMM_P03_005,2021,9,65.88
VMM_P03_005,2021,10,73.01
VMM_P03_005,2021,11,337.95
VMM_P03_005,2021,12,366.19
VMM_P03_005,2021,13,89.26
VMM_P03_005,2021,14,255.94
VMM_P03_005,2021,15,31.16
VMM_P03_005,2021,16,53.5
VMM_P03_005,2021,17,150.75
VMM_P03_005,2021,18,5.26
VMM_P03_005,2021,19,49.13
VMM_P03_005,2021,20,26.75
VMM_P03_005,2021,21,14.55
VMM_P03_005,2021,22,53.4
VMM_P03_005,2021,23,31.61
VMM_P03_005,2021,24,17.9
VMM_P03_005,2022,1,15.13
VMM_P03_005,2022,2,2.24
VMM_P03_005,2022,3,14.34
VMM_P03_005,2022,4,14.07
VMM_P03_005,2022,5,0.0
VMM_P03_005,2022,6,0.27
VMM_P03_005,2022,7,27.37
VMM_P03_005,2022,8,30.17
VMM_P03_005,2022,9,0.0
VMM_P03_005,2022,10,21.38
VMM_P03_005,2022,11,380.43
VMM_P03_005,2022,12,174.11
VMM_P03_005,2022,13,0.0
VMM_P03_005,2022,14,0.94
VMM_P03_005,2022,15,0.0
VMM_P03_005,2022,16,631.73
VMM_P03_005,2022,17,90.84
VMM_P03_005,2022,18,82.01
VMM_P03_005,2022,19,0.13
VMM_P03_005,2022,20,18.0
VMM_P03_005,2022,21,10.64
VMM_P03_005,2022,22,31.72
VMM_P03_005,2022,23,3.42
VMM_P03_005,2022,24,47.92
VMM_P03_005,2023,1,53.8
VMM_P03_005,2023,2,2.78
VMM_P03_005,2023,3,0.0
VMM_P03_005,2023,4,0.52
VMM_P03_005,2023,5,68.6
VMM_P03_005,2023,6,16.02
VMM_P03_005,2023,7,14.62
VMM_P03_005,2023,8,5.9
VMM_P03_005,2023,9,216.49
VMM_P03_005,2023,10,0.0
VMM_P03_005,2023,11,0.0
VMM_P03_005,2023,12,3.39
VMM_P03_005,2023,13,51.25
VMM_P03_005,2023,14,192.77
VMM_P03_005,2023,15,62.08
VMM_P03_005,2023,16,190.33
VMM_P03_005,2023,17,8.04
VMM_P03_005,2023,18,107.48
VMM_P03_005,2023,19,31.12
VMM_P03_005,2023,20,67.32
VMM_P03_005,2023,21,206.98
VMM_P03_005,2023,22,43.89
VMM_P03_005,2023,23,29.75
VMM_P03_005,2023,24,39.62
VMM_P03_005,2024,1,49.94
VMM_P03_005,2024,2,8.95
VMM_P03_005,2024,3,51.8
VMM_P03_005,2024,4,8.23
VMM_P03_005,2024,5,11.32
VMM_P03_005,2024,6,15.21
VMM_P03_005,2024,7,36.35
VMM_P03_005,2024,8,21.25
VMM_P03_005,2024,9,42.45
VMM_P03_005,2024,10,90.99
VMM_P03_005,2024,11,17.18
VMM_P03_005,2024,12,17.51
VMM_P03_005,2024,13,23.46
VMM_P03_005,2024,14,5.77
VMM_P03_005,2024,15,15.6
VMM_P03_005,2024,16,54.54
VMM_P03_005,2024,17,45.98
VMM_P03_005,2024,18,35.4
VMM_P03_005,2024,19,12.66
VMM_P03_005,2024,20,18.72
VMM_P03_005,2024,21,10.82
VMM_P03_005,2024,22,84.41
VMM_P03_005,2024,23,34.81
VMM_P03_005,2024,24,12.0
VMM_P03_017,2005,1,4.12
VMM_P03_017,2005,2,10.69
VMM_P03_017,2005,3,32.7
VMM_P03_017,2005,4,16.66
VMM_P03_017,2005,5,4.7
VMM_P03_017,2005,6,2.03
VMM_P03_017,2005,7,3.96
VMM_P03_017,2005,8,8.33
VMM_P03_017,2005,9,59.23
VMM_P03_017,2005,10,24.02
VMM_P03_017,2005,11,11.36
VMM_P03_017,2005,12,4.1
VMM_P03_017,2005,13,1483.19
VMM_P03_017,2005,14,102.64
VMM_P03_017,2005,15,76.82
VMM_P03_017,2005,16,175.75
VMM_P03_017,2005,17,9.97
VMM_P03_017,2005,18,11.29
VMM_P03_017,2005,19,11.71
VMM_P03_017,2005,20,84.06
VMM_P03_017,2005,21,10.37
VMM_P03_017,2005,22,76.37
VMM_P03_017,2005,23,19.71
VMM_P03_017,2005,24,9.67
VMM_P03_017,2006,1,0.85
VMM_P03_017,2006,2,4.01
VMM_P03_017,2006,3,17.74
VMM_P03_017,2006,4,13.8
VMM_P03_017,2006,5,3.75
VMM_P03_017,2006,6,7.99
VMM_P03_017,2006,7,13.64
VMM_P03_017,2006,8,18.03
VMM_P03_017,2006,9,0.73
VMM_P03_017,2006,10,78.46
VMM_P03_017,2006,11,14.77
VMM_P03_017,2006,12,6.44
VMM_P03_017,2006,13,1.36
VMM_P03_017,2006,14,15.22
VMM_P03_017,2006,15,2234.56
VMM_P03_017,2006,16,291.24
VMM_P03_017,2006,17,0.84
VMM_P03_017,2006,18,0.97
VMM_P03_017,2006,19,11.46
VMM_P03_017,2006,20,37.84
VMM_P03_017,2006,21,11.95
VMM_P03_017,2006,22,74.35
VMM_P03_017,2006,23,29.5
VMM_P03_017,2006,24,10.81
VMM_P03_017,2007,1,55.27
VMM_P03_017,2007,2,77.4
VMM_P03_017,2007,3,17.88
VMM_P03_017,2007,4,15.78
VMM_P03_017,2007,5,16.71
VMM_P03_017,2007,6,30.66
VMM_P03_017,2007,7,0.0
VMM_P03_017,2007,8,0.0
VMM_P03_017,2007,9,19.76
VMM_P03_017,2007,10,13.39
VMM_P03_017,2007,11,115.83
VMM_P03_017,2007,12,107.27
VMM_P03_017,2007,13,52.65
VMM_P03_017,2007,14,186.4
VMM_P03_017,2007,15,13.05
VMM_P03_017,2007,16,47.56
VMM_P03_017,2007,17,0.86
VMM_P03_017,2007,18,54.03
VMM_P03_017,2007,19,88.85
VMM_P03_017,2007,20,6.43
VMM_P03_017,2007,21,32.45
VMM_P03_017,2007,22,8.19
VMM_P03_017,2007,23,39.68
VMM_P03_017,2007,24,1.29
VMM_P03_017,2008,1,9.78
VMM_P03_017,2008,2,5.37
VMM_P03_017,2008,3,18.29
VMM_P03_017,2008,4,10.15
VMM_P03_017,2008,5,178.3
VMM_P03_017,2008,6,26.48
VMM_P03_017,2008,7,4.75
VMM_P03_017,2008,8,35.22
VMM_P03_017,2008,9,41.85
VMM_P03_017,2008,10,12.37
VMM_P03_017,2008,11,197.59
VMM_P03_017,2008,12,0.28
VMM_P03_017,2008,13,32.13
VMM_P03_017,2008,14,588.28
VMM_P03_017,2008,15,381.21
VMM_P03_017,2008,16,55.37
VMM_P03_017,2008,17,87.91
VMM_P03_017,2008,18,10.43
VMM_P03_017,2008,19,35.35
VMM_P03_017,2008,20,13.07
VMM_P03_017,2008,21,88.94
VMM_P03_017,2008,22,17.81
VMM_P03_017,2008,23,30.23
VMM_P03_017,2008,24,0.84
VMM_P03_017,2009,1,1.03
VMM_P03_017,2009,2,15.47
VMM_P03_017,2009,3,17.5
VMM_P03_017,2009,4,1.16
VMM_P03_017,2009,5,4.75
VMM_P03_017,2009,6,20.95
VMM_P03_017,2009,7,1.31
VMM_P03_017,2009,8,6.77
VMM_P03_017,2009,9,211.72
VMM_P03_017,2009,10,117.88
VMM_P03_017,2009,11,129.85
VMM_P03_017,2009,12,200.86
VMM_P03_017,2009,13,53.16
VMM_P03_017,2009,14,25.0
VMM_P03_017,2009,15,7.08
VMM_P03_017,2009,16,21.13
VMM_P03_017,2009,17,8.24
VMM_P03_017,2009,18,0.0
VMM_P03_017,2009,19,231.03
VMM_P03_017,2009,20,5.24
VMM_P03_017,2009,21,31.61
VMM_P03_017,2009,22,312.37
VMM_P03_017,2009,23,30.98
VMM_P03_017,2009,24,20.92
VMM_P03_017,2010,1,4.14
VMM_P03_017,2010,2,13.15
VMM_P03_017,2010,3,2.24
VMM_P03_017,2010,4,23.19
VMM_P03_017,2010,5,0.65
VMM_P03_017,2010,6,24.94
VMM_P03_017,2010,7,8.11
VMM_P03_017,2010,8,50.26
VMM_P03_017,2010,9,8.12
VMM_P03_017,2010,10,3.51
VMM_P03_017,2010,11,128.49
VMM_P03_017,2010,12,0.82
VMM_P03_017,2010,13,144.68
VMM_P03_017,2010,14,12.7
VMM_P03_017,2010,15,486.02
VMM_P03_017,2010,16,899.86
VMM_P03_017,2010,17,72.68
VMM_P03_017,2010,18,62.02
VMM_P03_017,2010,19,15.84
VMM_P03_017,2010,20,57.55
VMM_P03_017,2010,21,25.83
VMM_P03_017,2010,22,15.54
VMM_P03_017,2010,23,2.58
VMM_P03_017,2010,24,23.31
VMM_P03_017,2014,1,9.62
VMM_P03_017,2014,2,12.83
VMM_P03_017,2014,3,21.71
VMM_P03_017,2014,4,5.33
VMM_P03_017,2014,5,0.35
VMM_P03_017,2014,6,13.88
VMM_P03_017,2014,7,31.52
VMM_P03_017,2014,8,0.81
VMM_P03_017,2014,9,50.67
VMM_P03_017,2014,10,17.81
VMM_P03_017,2014,11,466.1
VMM_P03_017,2014,12,108.12
VMM_P03_017,2014,13,106.88
VMM_P03_017,2014,14,71.68
VMM_P03_017,2014,15,267.37
VMM_P03_017,2014,16,44.29
VMM_P03_017,2014,17,0.0
VMM_P03_017,2014,18,78.62
VMM_P03_017,2014,19,174.6
VMM_P03_017,2014,20,51.57
VMM_P03_017,2014,21,10.61
VMM_P03_017,2014,22,0.12
VMM_P03_017,2014,23,12.22
VMM_P03_017,2014,24,43.72
VMM_P03_017,2015,1,41.63
VMM_P03_017,2015,2,40.57
VMM_P03_017,2015,3,0.52
VMM_P03_017,2015,4,21.28
VMM_P03_017,2015,5,1.69
VMM_P03_017,2015,6,9.76
VMM_P03_017,2015,7,1.26
VMM_P03_017,2015,8,0.0
VMM_P03_017,2015,9,89.8
VMM_P03_017,2015,10,12.94
VMM_P03_017,2015,11,9.46
VMM_P03_017,2015,12,7.08
VMM_P03_017,2015,13,18.45
VMM_P03_017,2015,14,32.03
VMM_P03_017,2015,15,27.25
VMM_P03_017,2015,16,286.07
VMM_P03_017,2015,17,122.28
VMM_P03_017,2015,18,29.55
VMM_P03_017,2015,19,3.86
VMM_P03_017,2015,20,1.14
VMM_P03_017,2015,21,7.33
VMM_P03_017,2015,22,68.3
VMM_P03_017,2015,23,4.85
VMM_P03_017,2015,24,2.46
VMM_P03_017,2017,1,71.72
VMM_P03_017,2017,2,4.28
VMM_P03_017,2017,3,1.84
VMM_P03_017,2017,4,23.75
VMM_P03_017,2017,5,8.66
VMM_P03_017,2017,6,4.33
VMM_P03_017,2017,7,1.08
VMM_P03_017,2017,8,3.39
VMM_P03_017,2017,9,21.42
VMM_P03_017,2017,10,0.12
VMM_P03_017,2017,11,26.94
VMM_P03_017,2017,12,2.03
VMM_P03_017,2017,13,72.38
VMM_P03_017,2017,14,118.68
VMM_P03_017,2017,15,24.04
VMM_P03_017,2017,16,142.94
VMM_P03_017,2017,17,83.61
VMM_P03_017,2017,18,49.39
VMM_P03_017,2017,19,21.78
VMM_P03_017,2017,20,8.37
VMM_P03_017,2017,21,13.44
VMM_P03_017,2017,22,53.79
VMM_P03_017,2017,23,38.96
VMM_P03_017,2017,24,40.17
VMM_P03_017,2018,1,18.94
VMM_P03_017,2018,2,33.18
VMM_P03_017,2018,3,13.94
VMM_P03_017,2018,4,0.13
VMM_P03_017,2018,5,84.27
VMM_P03_017,2018,6,6.71
VMM_P03_017,2018,7,28.12
VMM_P03_017,2018,8,21.36
VMM_P03_017,2018,9,1.84
VMM_P03_017,2018,10,166.59
VMM_P03_017,2018,11,0.0
VMM_P03_017,2018,12,0.0
VMM_P03_017,2018,13,0.0
VMM_P03_017,2018,14,4.86
VMM_P03_017,2018,15,31.84
VMM_P03_017,2018,16,47.78
VMM_P03_017,2018,17,4.73
VMM_P03_017,2018,18,39.56
VMM_P03_017,2018,19,0.0
VMM_P03_017,2018,20,51.07
VMM_P03_017,2018,21,4.71
VMM_P03_017,2018,22,1.45
VMM_P03_017,2018,23,43.5
VMM_P03_017,2018,24,23.05
VMM_P03_017,2019,1,3.71
VMM_P03_017,2019,2,17.86
VMM_P03_017,2019,3,11.35
VMM_P03_017,2019,4,1.52
VMM_P03_017,2019,5,52.07
VMM_P03_017,2019,6,2.59
VMM_P03_017,2019,7,1.98
VMM_P03_017,2019,8,4.46
VMM_P03_017,2019,9,7.81
VMM_P03_017,2019,10,13.01
VMM_P03_017,2019,11,119.96
VMM_P03_017,2019,12,93.45
VMM_P03_017,2019,13,0.3
VMM_P03_017,2019,14,190.52
VMM_P03_017,2019,15,22.25
VMM_P03_017,2019,16,7.21
VMM_P03_017,2019,17,10.15
VMM_P03_017,2019,18,96.98
VMM_P03_017,2019,19,25.91
VMM_P03_017,2019,20,7.95
VMM_P03_017,2019,21,31.58
VMM_P03_017,2019,22,12.17
VMM_P03_017,2019,23,33.34
VMM_P03_017,2019,24,6.61
VMM_P03_017,2020,1,3.96
VMM_P03_017,2020,2,5.77
VMM_P03_017,2020,3,39.62
VMM_P03_017,2020,4,83.99
VMM_P03_017,2020,5,31.8
VMM_P03_017,2020,6,0.16
VMM_P03_017,2020,7,0.0
VMM_P03_017,2020,8,27.35
VMM_P03_017,2020,9,29.22
VMM_P03_017,2020,10,0.0
VMM_P03_017,2020,11,23.71
VMM_P03_017,2020,12,147.41
VMM_P03_017,2020,13,9.13
VMM_P03_017,2020,14,4.81
VMM_P03_017,2020,15,241.16
VMM_P03_017,2020,16,29.0
VMM_P03_017,2020,17,0.59
VMM_P03_017,2020,18,302.39
VMM_P03_017,2020,19,118.8
VMM_P03_017,2020,20,18.45
VMM_P03_017,2020,21,23.14
VMM_P03_017,2020,22,12.69
VMM_P03_017,2020,23,3.2
VMM_P03_017,2020,24,17.89
VMM_P03_017,2021,1,8.96
VMM_P03_017,2021,2,30.07
VMM_P03_017,2021,3,27.26
VMM_P03_017,2021,4,0.93
VMM_P03_017,2021,5,12.94
VMM_P03_017,2021,6,1.5
VMM_P03_017,2021,7,6.76
VMM_P03_017,2021,8,13.92
VMM_P03_017,2021,9,60.71
VMM_P03_017,2021,10,103.2
VMM_P03_017,2021,11,61.81
VMM_P03_017,2021,12,386.84
VMM_P03_017,2021,13,297.57
VMM_P03_017,2021,14,84.92
VMM_P03_017,2021,15,20.32
VMM_P03_017,2021,16,36.39
VMM_P03_017,2021,17,261.3
VMM_P03_017,2021,18,8.56
VMM_P03_017,2021,19,69.23
VMM_P03_017,2021,20,65.81
VMM_P03_017,2021,21,10.67
VMM_P03_017,2021,22,34.5
VMM_P03_017,2021,23,27.81
VMM_P03_017,2021,24,13.43
VMM_P03_017,2022,1,10.55
VMM_P03_017,2022,2,1.23
VMM_P03_017,2022,3,17.31
VMM_P03_017,2022,4,42.73
VMM_P03_017,2022,5,0.0
VMM_P03_017,2022,6,1.18
VMM_P03_017,2022,7,10.36
VMM_P03_017,2022,8,4.4
VMM_P03_017,2022,9,0.0
VMM_P03_017,2022,10,37.42
VMM_P03_017,2022,11,124.84
VMM_P03_017,2022,12,58.18
VMM_P03_017,2022,13,6.84
VMM_P03_017,2022,14,58.23
VMM_P03_017,2022,15,0.22
VMM_P03_017,2022,16,33.32
VMM_P03_017,2022,17,361.78
VMM_P03_017,2022,18,91.38
VMM_P03_017,2022,19,0.56
VMM_P03_017,2022,20,6.55
VMM_P03_017,2022,21,12.33
VMM_P03_017,2022,22,36.89
VMM_P03_017,2022,23,12.43
VMM_P03_017,2022,24,50.62
VMM_P03_017,2023,1,39.91
VMM_P03_017,2023,2,6.78
VMM_P03_017,2023,3,0.15
VMM_P03_017,2023,4,1.25
VMM_P03_017,2023,5,18.08
VMM_P03_017,2023,6,28.63
VMM_P03_017,2023,7,13.18
VMM_P03_017,2023,8,18.55
VMM_P03_017,2023,9,107.1
VMM_P03_017,2023,10,0.0
VMM_P03_017,2023,11,0.98
VMM_P03_017,2023,12,18.28
VMM_P03_017,2023,13,11.16
VMM_P03_017,2023,14,58.4
VMM_P03_017,2023,15,68.48
VMM_P03_017,2023,16,36.89
VMM_P03_017,2023,17,24.1
VMM_P03_017,2023,18,98.23
VMM_P03_017,2023,19,82.69
VMM_P03_017,2023,20,82.13
VMM_P03_017,2023,21,214.87
VMM_P03_017,2023,22,52.1
VMM_P03_017,2023,23,10.24
VMM_P03_017,2023,24,38.67
VMM_P03_017,2024,1,53.81
VMM_P03_017,2024,2,5.13
VMM_P03_017,2024,3,44.32
VMM_P03_017,2024,4,12.87
VMM_P03_017,2024,5,9.07
VMM_P03_017,2024,6,16.88
VMM_P03_017,2024,7,31.69
VMM_P03_017,2024,8,17.14
VMM_P03_017,2024,9,92.58
VMM_P03_017,2024,10,168.7
VMM_P03_017,2024,11,47.93
VMM_P03_017,2024,12,4.94
VMM_P03_017,2024,13,53.16
VMM_P03_017,2024,14,6.16
VMM_P03_017,2024,15,4.84
VMM_P03_017,2024,16,72.26
VMM_P03_017,2024,17,147.14
VMM_P03_017,2024,18,51.32
VMM_P03_017,2024,19,10.43
VMM_P03_017,2024,20,4.72
VMM_P03_017,2024,21,11.48
VMM_P03_017,2024,22,37.58
VMM_P03_017,2024,23,29.71
VMM_P03_017,2024,24,6.38
VMM_P03_036,2009,1,0.7
VMM_P03_036,2009,2,17.92
VMM_P03_036,2009,3,14.03
VMM_P03_036,2009,4,1.58
VMM_P03_036,2009,5,2.59
VMM_P03_036,2009,6,27.72
VMM_P03_036,2009,7,0.32
VMM_P03_036,2009,8,4.15
VMM_P03_036,2009,9,1402.8
VMM_P03_036,2009,10,469.25
VMM_P03_036,2009,11,52.37
VMM_P03_036,2009,12,1.21
VMM_P03_036,2009,13,36.01
VMM_P03_036,2009,14,626.38
VMM_P03_036,2009,15,9.96
VMM_P03_036,2009,16,12.6
VMM_P03_036,2009,17,7.79
VMM_P03_036,2009,18,0.0
VMM_P03_036,2009,19,251.22
VMM_P03_036,2009,20,1.3
VMM_P03_036,2009,21,46.52
VMM_P03_036,2009,22,211.81
VMM_P03_036,2009,23,34.18
VMM_P03_036,2009,24,14.32
VMM_P03_036,2010,1,4.89
VMM_P03_036,2010,2,16.54
VMM_P03_036,2010,3,1.86
VMM_P03_036,2010,4,20.34
VMM_P03_036,2010,5,0.59
VMM_P03_036,2010,6,81.07
VMM_P03_036,2010,7,5.63
VMM_P03_036,2010,8,4.8
VMM_P03_036,2010,9,9.53
VMM_P03_036,2010,10,7.83
VMM_P03_036,2010,11,37.96
VMM_P03_036,2010,12,0.94
VMM_P03_036,2010,13,232.75
VMM_P03_036,2010,14,33.43
VMM_P03_036,2010,15,132.76
VMM_P03_036,2010,16,429.26
VMM_P03_036,2010,17,332.76
VMM_P03_036,2010,18,26.09
VMM_P03_036,2010,19,19.99
VMM_P03_036,2010,20,41.98
VMM_P03_036,2010,21,93.89
VMM_P03_036,2010,22,13.36
VMM_P03_036,2010,23,2.45
VMM_P03_036,2010,24,15.67
VMM_P03_036,2011,1,22.29
VMM_P03_036,2011,2,6.62
VMM_P03_036,2011,3,3.86
VMM_P03_036,2011,4,5.74
VMM_P03_036,2011,5,0.0
VMM_P03_036,2011,6,9.83
VMM_P03_036,2011,7,0.0
VMM_P03_036,2011,8,0.0
VMM_P03_036,2011,9,3.06
VMM_P03_036,2011,10,13.83
VMM_P03_036,2011,11,35.11
VMM_P03_036,2011,12,44.39
VMM_P03_036,2011,13,286.44
VMM_P03_036,2011,14,112.64
VMM_P03_036,2011,15,93.83
VMM_P03_036,2011,16,58.5
VMM_P03_036,2011,17,199.4
VMM_P03_036,2011,18,2.05
VMM_P03_036,2011,19,30.51
VMM_P03_036,2011,20,4.79
VMM_P03_036,2011,21,0.0
VMM_P03_036,2011,22,0.0
VMM_P03_036,2011,23,83.53
VMM_P03_036,2011,24,75.28
VMM_P03_036,2012,1,103.19
VMM_P03_036,2012,2,9.29
VMM_P03_036,2012,3,2.53
VMM_P03_036,2012,4,2.36
VMM_P03_036,2012,5,9.77
VMM_P03_036,2012,6,0.0
VMM_P03_036,2012,7,68.07
VMM_P03_036,2012,8,73.73
VMM_P03_036,2012,9,75.29
VMM_P03_036,2012,10,1.09
VMM_P03_036,2012,11,106.79
VMM_P03_036,2012,12,45.98
VMM_P03_036,2012,13,867.54
VMM_P03_036,2012,14,51.53
VMM_P03_036,2012,15,12.27
VMM_P03_036,2012,16,35.04
VMM_P03_036,2012,17,13.78
VMM_P03_036,2012,18,123.88
VMM_P03_036,2012,19,36.58
VMM_P03_036,2012,20,29.88
VMM_P03_036,2012,21,5.52
VMM_P03_036,2012,22,2.52
VMM_P03_036,2012,23,57.63
VMM_P03_036,2012,24,51.01
VMM_P03_036,2013,1,11.03
VMM_P03_036,2013,2,48.11
VMM_P03_036,2013,3,10.24
VMM_P03_036,2013,4,0.46
VMM_P03_036,2013,5,0.0
VMM_P03_036,2013,6,0.0
VMM_P03_036,2013,7,2.19
VMM_P03_036,2013,8,0.0
VMM_P03_036,2013,9,4.39
VMM_P03_036,2013,10,67.36
VMM_P03_036,2013,11,0.0
VMM_P03_036,2013,12,73.01
VMM_P03_036,2013,13,9.76
VMM_P03_036,2013,14,547.68
VMM_P03_036,2013,15,13.18
VMM_P03_036,2013,16,3.72
VMM_P03_036,2013,17,124.96
VMM_P03_036,2013,18,6.46
VMM_P03_036,2013,19,74.14
VMM_P03_036,2013,20,13.05
VMM_P03_036,2013,21,98.71
VMM_P03_036,2013,22,7.84
VMM_P03_036,2013,23,1.52
VMM_P03_036,2013,24,26.06
VMM_P03_036,2014,1,23.72
VMM_P03_036,2014,2,17.02
VMM_P03_036,2014,3,22.44
VMM_P03_036,2014,4,4.42
VMM_P03_036,2014,5,0.31
VMM_P03_036,2014,6,15.16
VMM_P03_036,2014,7,6.28
VMM_P03_036,2014,8,0.18
VMM_P03_036,2014,9,10.97
VMM_P03_036,2014,10,258.48
VMM_P03_036,2014,11,221.02
VMM_P03_036,2014,12,6.93
VMM_P03_036,2014,13,61.25
VMM_P03_036,2014,14,64.74
VMM_P03_036,2014,15,142.03
VMM_P03_036,2014,16,166.48
VMM_P03_036,2014,17,0.0
VMM_P03_036,2014,18,218.96
VMM_P03_036,2014,19,22.91
VMM_P03_036,2014,20,29.93
VMM_P03_036,2014,21,36.1
VMM_P03_036,2014,22,0.68
VMM_P03_036,2014,23,14.2
VMM_P03_036,2014,24,67.78
VMM_P03_036,2015,1,59.6
VMM_P03_036,2015,2,16.0
VMM_P03_036,2015,3,19.16
VMM_P03_036,2015,4,13.4
VMM_P03_036,2015,5,9.99
VMM_P03_036,2015,6,9.8
VMM_P03_036,2015,7,1.8
VMM_P03_036,2015,8,1.54
VMM_P03_036,2015,9,37.89
VMM_P03_036,2015,10,29.57
VMM_P03_036,2015,11,0.25
VMM_P03_036,2015,12,13.09
VMM_P03_036,2015,13,4.27
VMM_P03_036,2015,14,47.06
VMM_P03_036,2015,15,93.24
VMM_P03_036,2015,16,160.54
VMM_P03_036,2015,17,14.51
VMM_P03_036,2015,18,137.34
VMM_P03_036,2015,19,10.39
VMM_P03_036,2015,20,1.45
VMM_P03_036,2015,21,5.1
VMM_P03_036,2015,22,66.37
VMM_P03_036,2015,23,10.57
VMM_P03_036,2015,24,2.39
VMM_P03_036,2016,1,94.22
VMM_P03_036,2016,2,22.06
VMM_P03_036,2016,3,18.52
VMM_P03_036,2016,4,18.86
VMM_P03_036,2016,5,24.9
VMM_P03_036,2016,6,16.13
VMM_P03_036,2016,7,20.22
VMM_P03_036,2016,8,26.1
VMM_P03_036,2016,9,23.48
VMM_P03_036,2016,10,1793.28
VMM_P03_036,2016,11,433.3
VMM_P03_036,2016,12,141.9
VMM_P03_036,2016,13,139.72
VMM_P03_036,2016,14,0.73
VMM_P03_036,2016,15,44.14
VMM_P03_036,2016,16,3.31
VMM_P03_036,2016,17,3.65
VMM_P03_036,2016,18,0.6
VMM_P03_036,2016,19,44.84
VMM_P03_036,2016,20,17.78
VMM_P03_036,2016,21,41.84
VMM_P03_036,2016,22,37.14
VMM_P03_036,2016,23,0.49
VMM_P03_036,2016,24,7.27
VMM_P03_036,2017,1,54.02
VMM_P03_036,2017,2,2.42
VMM_P03_036,2017,3,1.7
VMM_P03_036,2017,4,55.73
VMM_P03_036,2017,5,13.1
VMM_P03_036,2017,6,4.78
VMM_P03_036,2017,7,2.02
VMM_P03_036,2017,8,16.13
VMM_P03_036,2017,9,4.08
VMM_P03_036,2017,10,60.62
VMM_P03_036,2017,11,27.84
VMM_P03_036,2017,12,25.07
VMM_P03_036,2017,13,38.38
VMM_P03_036,2017,14,32.06
VMM_P03_036,2017,15,53.02
VMM_P03_036,2017,16,107.61
VMM_P03_036,2017,17,340.09
VMM_P03_036,2017,18,23.53
VMM_P03_036,2017,19,69.31
VMM_P03_036,2017,20,7.89
VMM_P03_036,2017,21,33.12
VMM_P03_036,2017,22,45.04
VMM_P03_036,2017,23,53.45
VMM_P03_036,2017,24,22.63
VMM_P03_036,2018,1,34.86
VMM_P03_036,2018,2,24.85
VMM_P03_036,2018,3,8.77
VMM_P03_036,2018,4,0.0
VMM_P03_036,2018,5,68.52
VMM_P03_036,2018,6,26.32
VMM_P03_036,2018,7,30.65
VMM_P03_036,2018,8,39.39
VMM_P03_036,2018,9,0.0
VMM_P03_036,2018,10,18.72
VMM_P03_036,2018,11,7.76
VMM_P03_036,2018,12,0.0
VMM_P03_036,2018,13,0.0
VMM_P03_036,2018,14,14.64
VMM_P03_036,2018,15,50.35
VMM_P03_036,2018,16,121.18
VMM_P03_036,2018,17,2.04
VMM_P03_036,2018,18,43.99
VMM_P03_036,2018,19,19.76
VMM_P03_036,2018,20,28.58
VMM_P03_036,2018,21,41.39
VMM_P03_036,2018,22,2.24
VMM_P03_036,2018,23,28.17
VMM_P03_036,2018,24,20.1
VMM_P03_036,2019,1,4.14
VMM_P03_036,2019,2,18.37
VMM_P03_036,2019,3,10.83
VMM_P03_036,2019,4,4.7
VMM_P03_036,2019,5,74.63
VMM_P03_036,2019,6,2.38
VMM_P03_036,2019,7,18.55
VMM_P03_036,2019,8,6.68
VMM_P03_036,2019,9,10.77
VMM_P03_036,2019,10,54.32
VMM_P03_036,2019,11,209.08
VMM_P03_036,2019,12,58.41
VMM_P03_036,2019,13,0.0
VMM_P03_036,2019,14,46.96
VMM_P03_036,2019,15,30.12
VMM_P03_036,2019,16,14.62
VMM_P03_036,2019,17,38.47
VMM_P03_036,2019,18,131.79
VMM_P03_036,2019,19,40.08
VMM_P03_036,2019,20,37.68
VMM_P03_036,2019,21,15.78
VMM_P03_036,2019,22,8.47
VMM_P03_036,2019,23,29.11
VMM_P03_036,2019,24,13.29
VMM_P03_036,2020,1,11.6
VMM_P03_036,2020,2,4.0
VMM_P03_036,2020,3,60.21
VMM_P03_036,2020,4,83.6
VMM_P03_036,2020,5,37.26
VMM_P03_036,2020,6,0.21
VMM_P03_036,2020,7,0.0
VMM_P03_036,2020,8,7.3
VMM_P03_036,2020,9,3.7
VMM_P03_036,2020,10,0.0
VMM_P03_036,2020,11,73.05
VMM_P03_036,2020,12,95.59
VMM_P03_036,2020,13,5.84
VMM_P03_036,2020,14,3.58
VMM_P03_036,2020,15,248.33
VMM_P03_036,2020,16,6.69
VMM_P03_036,2020,17,0.0
VMM_P03_036,2020,18,131.18
VMM_P03_036,2020,19,39.68
VMM_P03_036,2020,20,9.47
VMM_P03_036,2020,21,19.0
VMM_P03_036,2020,22,8.8
VMM_P03_036,2020,23,5.27
VMM_P03_036,2020,24,13.61
VMM_P03_036,2021,1,13.29
VMM_P03_036,2021,2,35.1
VMM_P03_036,2021,3,17.76
VMM_P03_036,2021,4,2.06
VMM_P03_036,2021,5,16.43
VMM_P03_036,2021,6,1.42
VMM_P03_036,2021,7,8.76
VMM_P03_036,2021,8,5.41
VMM_P03_036,2021,9,276.17
VMM_P03_036,2021,10,97.4
VMM_P03_036,2021,11,257.31
VMM_P03_036,2021,12,357.96
VMM_P03_036,2021,13,153.67
VMM_P03_036,2021,14,107.11
VMM_P03_036,2021,15,21.33
VMM_P03_036,2021,16,45.59
VMM_P03_036,2021,17,1.24
VMM_P03_036,2021,18,11.67
VMM_P03_036,2021,19,31.08
VMM_P03_036,2021,20,91.23
VMM_P03_036,2021,21,14.41
VMM_P03_036,2021,22,43.58
VMM_P03_036,2021,23,11.3
VMM_P03_036,2021,24,13.24
VMM_P03_036,2022,1,19.75
VMM_P03_036,2022,2,2.22
VMM_P03_036,2022,3,20.4
VMM_P03_036,2022,4,44.12
VMM_P03_036,2022,5,0.0
VMM_P03_036,2022,6,0.11
VMM_P03_036,2022,7,37.48
VMM_P03_036,2022,8,0.0
VMM_P03_036,2022,9,0.0
VMM_P03_036,2022,10,75.66
VMM_P03_036,2022,11,17.01
VMM_P03_036,2022,12,93.11
VMM_P03_036,2022,13,0.0
VMM_P03_036,2022,14,5.48
VMM_P03_036,2022,15,0.97
VMM_P03_036,2022,16,37.77
VMM_P03_036,2022,17,575.23
VMM_P03_036,2022,18,118.74
VMM_P03_036,2022,19,1.03
VMM_P03_036,2022,20,12.42
VMM_P03_036,2022,21,10.72
VMM_P03_036,2022,22,44.5
VMM_P03_036,2022,23,2.25
VMM_P03_036,2022,24,56.2
VMM_P03_036,2023,1,34.41
VMM_P03_036,2023,2,6.41
VMM_P03_036,2023,3,0.5
VMM_P03_036,2023,4,0.16
VMM_P03_036,2023,5,52.53
VMM_P03_036,2023,6,29.18
VMM_P03_036,2023,7,9.82
VMM_P03_036,2023,8,90.33
VMM_P03_036,2023,9,18.56
VMM_P03_036,2023,10,0.0
VMM_P03_036,2023,11,0.0
VMM_P03_036,2023,12,91.62
VMM_P03_036,2023,13,44.32
VMM_P03_036,2023,14,168.86
VMM_P03_036,2023,15,129.63
VMM_P03_036,2023,16,59.23
VMM_P03_036,2023,17,2.25
VMM_P03_036,2023,18,59.9
VMM_P03_036,2023,19,23.5
VMM_P03_036,2023,20,51.9
VMM_P03_036,2023,21,157.37
VMM_P03_036,2023,22,35.83
VMM_P03_036,2023,23,24.11
VMM_P03_036,2023,24,26.03
VMM_P03_036,2024,1,90.16
VMM_P03_036,2024,2,6.67
VMM_P03_036,2024,3,40.13
VMM_P03_036,2024,4,9.74
VMM_P03_036,2024,5,17.97
VMM_P03_036,2024,6,15.27
VMM_P03_036,2024,7,29.83
VMM_P03_036,2024,8,22.05
VMM_P03_036,2024,9,132.54
VMM_P03_036,2024,10,139.74
VMM_P03_036,2024,11,124.48
VMM_P03_036,2024,12,17.57
VMM_P03_036,2024,13,49.5
VMM_P03_036,2024,14,9.18
VMM_P03_036,2024,15,7.76
VMM_P03_036,2024,16,84.84
VMM_P03_036,2024,17,157.85
VMM_P03_036,2024,18,20.07
VMM_P03_036,2024,19,12.66
VMM_P03_036,2024,20,12.96
VMM_P03_036,2024,21,2.47
VMM_P03_036,2024,22,55.41
VMM_P03_036,2024,23,20.06
VMM_P03_036,2024,24,20.11
VMM_P03_041,2009,1,1.19
VMM_P03_041,2009,2,16.49
VMM_P03_041,2009,3,23.1
VMM_P03_041,2009,4,1.54
VMM_P03_041,2009,5,3.27
VMM_P03_041,2009,6,31.71
VMM_P03_041,2009,7,2.46
VMM_P03_041,2009,8,3.93
VMM_P03_041,2009,9,100.87
VMM_P03_041,2009,10,131.51
VMM_P03_041,2009,11,82.9
VMM_P03_041,2009,12,7.06
VMM_P03_041,2009,13,109.41
VMM_P03_041,2009,14,84.77
VMM_P03_041,2009,15,7.14
VMM_P03_041,2009,16,4.53
VMM_P03_041,2009,17,8.55
VMM_P03_041,2009,18,0.0
VMM_P03_041,2009,19,333.17
VMM_P03_041,2009,20,0.81
VMM_P03_041,2009,21,32.24
VMM_P03_041,2009,22,95.83
VMM_P03_041,2009,23,27.28
VMM_P03_041,2009,24,17.36
VMM_P03_041,2010,1,3.05
VMM_P03_041,2010,2,14.91
VMM_P03_041,2010,3,1.58
VMM_P03_041,2010,4,26.2
VMM_P03_041,2010,5,0.6
VMM_P03_041,2010,6,163.72
VMM_P03_041,2010,7,4.29
VMM_P03_041,2010,8,3.43
VMM_P03_041,2010,9,4.89
VMM_P03_041,2010,10,8.65
VMM_P03_041,2010,11,33.99
VMM_P03_041,2010,12,1.23
VMM_P03_041,2010,13,74.96
VMM_P03_041,2010,14,31.43
VMM_P03_041,2010,15,239.57
VMM_P03_041,2010,16,563.33
VMM_P03_041,2010,17,114.25
VMM_P03_041,2010,18,21.24
VMM_P03_041,2010,19,10.25
VMM_P03_041,2010,20,44.19
VMM_P03_041,2010,21,59.13
VMM_P03_041,2010,22,7.15
VMM_P03_041,2010,23,3.04
VMM_P03_041,2010,24,14.31
VMM_P03_041,2011,1,21.67
VMM_P03_041,2011,2,11.05
VMM_P03_041,2011,3,3.14
VMM_P03_041,2011,4,10.39
VMM_P03_041,2011,5,0.0
VMM_P03_041,2011,6,7.52
VMM_P03_041,2011,7,0.78
VMM_P03_041,2011,8,0.0
VMM_P03_041,2011,9,2.0
VMM_P03_041,2011,10,8.02
VMM_P03_041,2011,11,3.43
VMM_P03_041,2011,12,44.02
VMM_P03_041,2011,13,70.06
VMM_P03_041,2011,14,28.75
VMM_P03_041,2011,15,32.73
VMM_P03_041,2011,16,16.95
VMM_P03_041,2011,17,23.22
VMM_P03_041,2011,18,3.76
VMM_P03_041,2011,19,4.26
VMM_P03_041,2011,20,8.78
VMM_P03_041,2011,21,0.42
VMM_P03_041,2011,22,0.0
VMM_P03_041,2011,23,78.36
VMM_P03_041,2011,24,38.15
VMM_P03_041,2012,1,73.1
VMM_P03_041,2012,2,9.0
VMM_P03_041,2012,3,1.47
VMM_P03_041,2012,4,1.91
VMM_P03_041,2012,5,43.42
VMM_P03_041,2012,6,0.0
VMM_P03_041,2012,7,9.32
VMM_P03_041,2012,8,42.67
VMM_P03_041,2012,9,155.78
VMM_P03_041,2012,10,19.53
VMM_P03_041,2012,11,120.81
VMM_P03_041,2012,12,80.99
VMM_P03_041,2012,13,158.45
VMM_P03_041,2012,14,72.39
VMM_P03_041,2012,15,748.24
VMM_P03_041,2012,16,35.83
VMM_P03_041,2012,17,6.6
VMM_P03_041,2012,18,20.36
VMM_P03_041,2012,19,46.52
VMM_P03_041,2012,20,31.17
VMM_P03_041,2012,21,10.99
VMM_P03_041,2012,22,5.39
VMM_P03_041,2012,23,40.75
VMM_P03_041,2012,24,44.61
VMM_P03_041,2013,1,4.28
VMM_P03_041,2013,2,51.31
VMM_P03_041,2013,3,11.86
VMM_P03_041,2013,4,0.32
VMM_P03_041,2013,5,7.97
VMM_P03_041,2013,6,2.76
VMM_P03_041,2013,7,4.3
VMM_P03_041,2013,8,2.25
VMM_P03_041,2013,9,11.92
VMM_P03_041,2013,10,58.37
VMM_P03_041,2013,11,0.0
VMM_P03_041,2013,12,31.37
VMM_P03_041,2013,13,37.37
VMM_P03_041,2013,14,238.95
VMM_P03_041,2013,15,17.57
VMM_P03_041,2013,16,2.03
VMM_P03_041,2013,17,110.24
VMM_P03_041,2013,18,9.99
VMM_P03_041,2013,19,73.95
VMM_P03_041,2013,20,31.48
VMM_P03_041,2013,21,71.64
VMM_P03_041,2013,22,5.97
VMM_P03_041,2013,23,3.39
VMM_P03_041,2013,24,28.2
VMM_P03_041,2014,1,109.34
VMM_P03_041,2014,2,11.45
VMM_P03_041,2014,3,20.78
VMM_P03_041,2014,4,7.79
VMM_P03_041,2014,5,0.41
VMM_P03_041,2014,6,12.35
VMM_P03_041,2014,7,23.44
VMM_P03_041,2014,8,0.29
VMM_P03_041,2014,9,23.33
VMM_P03_041,2014,10,83.06
VMM_P03_041,2014,11,371.22
VMM_P03_041,2014,12,16.34
VMM_P03_041,2014,13,181.68
VMM_P03_041,2014,14,71.3
VMM_P03_041,2014,15,82.97
VMM_P03_041,2014,16,64.76
VMM_P03_041,2014,17,0.0
VMM_P03_041,2014,18,29.1
VMM_P03_041,2014,19,72.58
VMM_P03_041,2014,20,15.74
VMM_P03_041,2014,21,22.8
VMM_P03_041,2014,22,0.86
VMM_P03_041,2014,23,8.84
VMM_P03_041,2014,24,50.49
VMM_P03_041,2015,1,61.39
VMM_P03_041,2015,2,20.19
VMM_P03_041,2015,3,1.31
VMM_P03_041,2015,4,15.35
VMM_P03_041,2015,5,32.21
VMM_P03_041,2015,6,13.58
VMM_P03_041,2015,7,2.36
VMM_P03_041,2015,8,0.0
VMM_P03_041,2015,9,136.53
VMM_P03_041,2015,10,17.97
VMM_P03_041,2015,11,0.0
VMM_P03_041,2015,12,14.29
VMM_P03_041,2015,13,6.66
VMM_P03_041,2015,14,23.61
VMM_P03_041,2015,15,127.38
VMM_P03_041,2015,16,273.79
VMM_P03_041,2015,17,36.37
VMM_P03_041,2015,18,63.01
VMM_P03_041,2015,19,4.17
VMM_P03_041,2015,20,0.3
VMM_P03_041,2015,21,4.56
VMM_P03_041,2015,22,78.05
VMM_P03_041,2015,23,8.53
VMM_P03_041,2015,24,1.85
VMM_P03_041,2016,1,88.13
VMM_P03_041,2016,2,56.48
VMM_P03_041,2016,3,22.92
VMM_P03_041,2016,4,10.87
VMM_P03_041,2016,5,24.02
VMM_P03_041,2016,6,12.39
VMM_P03_041,2016,7,45.14
VMM_P03_041,2016,8,11.38
VMM_P03_041,2016,9,2.41
VMM_P03_041,2016,10,590.35
VMM_P03_041,2016,11,99.66
VMM_P03_041,2016,12,144.34
VMM_P03_041,2016,13,27.87
VMM_P03_041,2016,14,24.05
VMM_P03_041,2016,15,36.44
VMM_P03_041,2016,16,2.63
VMM_P03_041,2016,17,0.48
VMM_P03_041,2016,18,2.36
VMM_P03_041,2016,19,8.43
VMM_P03_041,2016,20,46.75
VMM_P03_041,2016,21,35.48
VMM_P03_041,2016,22,34.6
VMM_P03_041,2016,23,0.0
VMM_P03_041,2016,24,6.21
VMM_P03_041,2017,1,75.97
VMM_P03_041,2017,2,2.71
VMM_P03_041,2017,3,1.44
VMM_P03_041,2017,4,28.91
VMM_P03_041,2017,5,10.77
VMM_P03_041,2017,6,3.21
VMM_P03_041,2017,7,0.59
VMM_P03_041,2017,8,4.24
VMM_P03_041,2017,9,59.41
VMM_P03_041,2017,10,0.41
VMM_P03_041,2017,11,30.93
VMM_P03_041,2017,12,0.0
VMM_P03_041,2017,13,56.65
VMM_P03_041,2017,14,60.29
VMM_P03_041,2017,15,48.81
VMM_P03_041,2017,16,36.17
VMM_P03_041,2017,17,148.92
VMM_P03_041,2017,18,9.74
VMM_P03_041,2017,19,16.35
VMM_P03_041,2017,20,17.6
VMM_P03_041,2017,21,18.93
VMM_P03_041,2017,22,61.55
VMM_P03_041,2017,23,58.46
VMM_P03_041,2017,24,26.12
VMM_P03_041,2018,1,26.03
VMM_P03_041,2018,2,62.93
VMM_P03_041,2018,3,11.51
VMM_P03_041,2018,4,0.0
VMM_P03_041,2018,5,107.72
VMM_P03_041,2018,6,7.52
VMM_P03_041,2018,7,40.73
VMM_P03_041,2018,8,19.11
VMM_P03_041,2018,9,0.47
VMM_P03_041,2018,10,144.43
VMM_P03_041,2018,11,82.59
VMM_P03_041,2018,12,0.0
VMM_P03_041,2018,13,0.0
VMM_P03_041,2018,14,0.22
VMM_P03_041,2018,15,71.34
VMM_P03_041,2018,16,24.97
VMM_P03_041,2018,17,19.05
VMM_P03_041,2018,18,55.41
VMM_P03_041,2018,19,5.42
VMM_P03_041,2018,20,76.4
VMM_P03_041,2018,21,19.83
VMM_P03_041,2018,22,2.56
VMM_P03_041,2018,23,34.32
VMM_P03_041,2018,24,15.49
VMM_P03_041,2019,1,4.11
VMM_P03_041,2019,2,24.45
VMM_P03_041,2019,3,18.24
VMM_P03_041,2019,4,8.74
VMM_P03_041,2019,5,61.79
VMM_P03_041,2019,6,0.2
VMM_P03_041,2019,7,5.71
VMM_P03_041,2019,8,17.21
VMM_P03_041,2019,9,28.4
VMM_P03_041,2019,10,10.44
VMM_P03_041,2019,11,461.36
VMM_P03_041,2019,12,208.5
VMM_P03_041,2019,13,1.38
VMM_P03_041,2019,14,36.14
VMM_P03_041,2019,15,8.87
VMM_P03_041,2019,16,4.22
VMM_P03_041,2019,17,11.83
VMM_P03_041,2019,18,74.46
VMM_P03_041,2019,19,35.93
VMM_P03_041,2019,20,15.42
VMM_P03_041,2019,21,23.07
VMM_P03_041,2019,22,9.99
VMM_P03_041,2019,23,25.6
VMM_P03_041,2019,24,11.56
VMM_P03_041,2020,1,4.45
VMM_P03_041,2020,2,3.66
VMM_P03_041,2020,3,23.37
VMM_P03_041,2020,4,41.65
VMM_P03_041,2020,5,35.6
VMM_P03_041,2020,6,0.18
VMM_P03_041,2020,7,0.0
VMM_P03_041,2020,8,47.92
VMM_P03_041,2020,9,4.54
VMM_P03_041,2020,10,0.0
VMM_P03_041,2020,11,80.03
VMM_P03_041,2020,12,322.35
VMM_P03_041,2020,13,5.63
VMM_P03_041,2020,14,4.4
VMM_P03_041,2020,15,11.6
VMM_P03_041,2020,16,15.92
VMM_P03_041,2020,17,0.0
VMM_P03_041,2020,18,236.51
VMM_P03_041,2020,19,28.36
VMM_P03_041,2020,20,12.84
VMM_P03_041,2020,21,11.22
VMM_P03_041,2020,22,11.04
VMM_P03_041,2020,23,5.85
VMM_P03_041,2020,24,14.38
VMM_P03_041,2021,1,11.31
VMM_P03_041,2021,2,33.98
VMM_P03_041,2021,3,12.12
VMM_P03_041,2021,4,1.57
VMM_P03_041,2021,5,16.99
VMM_P03_041,2021,6,2.15
VMM_P03_041,2021,7,8.65
VMM_P03_041,2021,8,6.21
VMM_P03_041,2021,9,37.92
VMM_P03_041,2021,10,63.36
VMM_P03_041,2021,11,0.6
VMM_P03_041,2021,12,618.9
VMM_P03_041,2021,13,28.21
VMM_P03_041,2021,14,204.01
VMM_P03_041,2021,15,10.86
VMM_P03_041,2021,16,74.59
VMM_P03_041,2021,17,151.48
VMM_P03_041,2021,18,3.7
VMM_P03_041,2021,19,64.57
VMM_P03_041,2021,20,76.25
VMM_P03_041,2021,21,7.34
VMM_P03_041,2021,22,46.11
VMM_P03_041,2021,23,26.55
VMM_P03_041,2021,24,12.41
VMM_P03_041,2022,1,21.12
VMM_P03_041,2022,2,1.3
VMM_P03_041,2022,3,21.59
VMM_P03_041,2022,4,20.15
VMM_P03_041,2022,5,0.0
VMM_P03_041,2022,6,1.29
VMM_P03_041,2022,7,36.79
VMM_P03_041,2022,8,0.0
VMM_P03_041,2022,9,0.0
VMM_P03_041,2022,10,34.86
VMM_P03_041,2022,11,81.17
VMM_P03_041,2022,12,221.59
VMM_P03_041,2022,13,0.7
VMM_P03_041,2022,14,265.87
VMM_P03_041,2022,15,0.0
VMM_P03_041,2022,16,13.81
VMM_P03_041,2022,17,124.77
VMM_P03_041,2022,18,104.0
VMM_P03_041,2022,19,0.0
VMM_P03_041,2022,20,14.59
VMM_P03_041,2022,21,10.11
VMM_P03_041,2022,22,38.88
VMM_P03_041,2022,23,5.31
VMM_P03_041,2022,24,61.12
VMM_P03_041,2023,1,51.9
VMM_P03_041,2023,2,11.36
VMM_P03_041,2023,3,0.07
VMM_P03_041,2023,4,0.0
VMM_P03_041,2023,5,61.04
VMM_P03_041,2023,6,16.8
VMM_P03_041,2023,7,14.19
VMM_P03_041,2023,8,12.16
VMM_P03_041,2023,9,98.49
VMM_P03_041,2023,10,0.0
VMM_P03_041,2023,11,0.0
VMM_P03_041,2023,12,38.15
VMM_P03_041,2023,13,27.23
VMM_P03_041,2023,14,58.59
VMM_P03_041,2023,15,58.64
VMM_P03_041,2023,16,62.94
VMM_P03_041,2023,17,4.91
VMM_P03_041,2023,18,76.02
VMM_P03_041,2023,19,27.67
VMM_P03_041,2023,20,75.34
VMM_P03_041,2023,21,66.17
VMM_P03_041,2023,22,41.8
VMM_P03_041,2023,23,25.26
VMM_P03_041,2023,24,37.43
VMM_P03_041,2024,1,72.3
VMM_P03_041,2024,2,4.86
VMM_P03_041,2024,3,43.01
VMM_P03_041,2024,4,6.6
VMM_P03_041,2024,5,10.24
VMM_P03_041,2024,6,13.52
VMM_P03_041,2024,7,12.64
VMM_P03_041,2024,8,17.2
VMM_P03_041,2024,9,59.31
VMM_P03_041,2024,10,383.21
VMM_P03_041,2024,11,11.99
VMM_P03_041,2024,12,14.48
VMM_P03_041,2024,13,25.35
VMM_P03_041,2024,14,14.72
VMM_P03_041,2024,15,6.3
VMM_P03_041,2024,16,30.67
VMM_P03_041,2024,17,145.25
VMM_P03_041,2024,18,30.14
VMM_P03_041,2024,19,7.51
VMM_P03_041,2024,20,13.93
VMM_P03_041,2024,21,12.94
VMM_P03_041,2024,22,52.61
VMM_P03_041,2024,23,20.75
VMM_P03_041,2024,24,13.9
VMM_P04_001,2005,1,1.47
VMM_P04_001,2005,2,23.45
VMM_P04_001,2005,3,17.8
VMM_P04_001,2005,4,5.09
VMM_P04_001,2005,5,1.21
VMM_P04_001,2005,6,5.11
VMM_P04_001,2005,7,11.34
VMM_P04_001,2005,8,12.35
VMM_P04_001,2005,9,91.45
VMM_P04_001,2005,10,103.71
VMM_P04_001,2005,11,11.76
VMM_P04_001,2005,12,56.07
VMM_P04_001,2005,13,266.95
VMM_P04_001,2005,14,435.23
VMM_P04_001,2005,15,528.42
VMM_P04_001,2005,16,42.75
VMM_P04_001,2005,17,415.46
VMM_P04_001,2005,18,10.31
VMM_P04_001,2005,19,0.0
VMM_P04_001,2005,20,12.81
VMM_P04_001,2005,21,4.83
VMM_P04_001,2005,22,27.88
VMM_P04_001,2005,23,4.09
VMM_P04_001,2005,24,11.15
VMM_P04_001,2006,1,0.18
VMM_P04_001,2006,2,1.49
VMM_P04_001,2006,3,22.22
VMM_P04_001,2006,4,16.61
VMM_P04_001,2006,5,7.06
VMM_P04_001,2006,6,6.85
VMM_P04_001,2006,7,20.86
VMM_P04_001,2006,8,6.5
VMM_P04_001,2006,9,0.25
VMM_P04_001,2006,10,158.36
VMM_P04_001,2006,11,150.73
VMM_P04_001,2006,12,13.28
VMM_P04_001,2006,13,58.33
VMM_P04_001,2006,14,12.89
VMM_P04_001,2006,15,687.58
VMM_P04_001,2006,16,13.64
VMM_P04_001,2006,17,0.0
VMM_P04_001,2006,18,0.37
VMM_P04_001,2006,19,90.16
VMM_P04_001,2006,20,97.81
VMM_P04_001,2006,21,10.27
VMM_P04_001,2006,22,23.49
VMM_P04_001,2006,23,20.61
VMM_P04_001,2006,24,7.26
VMM_P04_001,2007,1,57.48
VMM_P04_001,2007,2,12.66
VMM_P04_001,2007,3,14.95
VMM_P04_001,2007,4,13.01
VMM_P04_001,2007,5,20.83
VMM_P04_001,2007,6,6.15
VMM_P04_001,2007,7,0.0
VMM_P04_001,2007,8,0.0
VMM_P04_001,2007,9,30.51
VMM_P04_001,2007,10,26.51
VMM_P04_001,2007,11,147.56
VMM_P04_001,2007,12,165.51
VMM_P04_001,2007,13,150.42
VMM_P04_001,2007,14,582.36
VMM_P04_001,2007,15,63.72
VMM_P04_001,2007,16,168.86
VMM_P04_001,2007,17,2.64
VMM_P04_001,2007,18,17.41
VMM_P04_001,2007,19,10.94
VMM_P04_001,2007,20,8.56
VMM_P04_001,2007,21,16.11
VMM_P04_001,2007,22,7.21
VMM_P04_001,2007,23,15.79
VMM_P04_001,2007,24,0.46
VMM_P04_001,2008,1,4.99
VMM_P04_001,2008,2,6.37
VMM_P04_001,2008,3,75.09
VMM_P04_001,2008,4,19.74
VMM_P04_001,2008,5,36.1
VMM_P04_001,2008,6,20.56
VMM_P04_001,2008,7,3.77
VMM_P04_001,2008,8,14.09
VMM_P04_001,2008,9,76.23
VMM_P04_001,2008,10,242.75
VMM_P04_001,2008,11,447.0
VMM_P04_001,2008,12,1.53
VMM_P04_001,2008,13,828.81
VMM_P04_001,2008,14,587.0
VMM_P04_001,2008,15,169.29
VMM_P04_001,2008,16,46.55
VMM_P04_001,2008,17,67.64
VMM_P04_001,2008,18,18.84
VMM_P04_001,2008,19,15.67
VMM_P04_001,2008,20,12.99
VMM_P04_001,2008,21,12.98
VMM_P04_001,2008,22,8.78
VMM_P04_001,2008,23,12.23
VMM_P04_001,2008,24,1.31
VMM_P04_001,2009,1,1.29
VMM_P04_001,2009,2,15.78
VMM_P04_001,2009,3,13.3
VMM_P04_001,2009,4,1.41
VMM_P04_001,2009,5,3.11
VMM_P04_001,2009,6,22.49
VMM_P04_001,2009,7,7.89
VMM_P04_001,2009,8,4.99
VMM_P04_001,2009,9,225.48
VMM_P04_001,2009,10,33.39
VMM_P04_001,2009,11,67.15
VMM_P04_001,2009,12,13.96
VMM_P04_001,2009,13,667.03
VMM_P04_001,2009,14,78.05
VMM_P04_001,2009,15,8.41
VMM_P04_001,2009,16,11.02
VMM_P04_001,2009,17,6.33
VMM_P04_001,2009,18,0.0
VMM_P04_001,2009,19,310.88
VMM_P04_001,2009,20,1.82
VMM_P04_001,2009,21,27.31
VMM_P04_001,2009,22,105.78
VMM_P04_001,2009,23,27.91
VMM_P04_001,2009,24,16.79
VMM_P04_001,2010,1,0.69
VMM_P04_001,2010,2,13.0
VMM_P04_001,2010,3,3.13
VMM_P04_001,2010,4,16.56
VMM_P04_001,2010,5,1.03
VMM_P04_001,2010,6,112.84
VMM_P04_001,2010,7,11.02
VMM_P04_001,2010,8,16.9
VMM_P04_001,2010,9,24.34
VMM_P04_001,2010,10,8.16
VMM_P04_001,2010,11,6.9
VMM_P04_001,2010,12,2.84
VMM_P04_001,2010,13,318.85
VMM_P04_001,2010,14,14.69
VMM_P04_001,2010,15,102.41
VMM_P04_001,2010,16,519.61
VMM_P04_001,2010,17,362.75
VMM_P04_001,2010,18,397.24
VMM_P04_001,2010,19,7.12
VMM_P04_001,2010,20,49.37
VMM_P04_001,2010,21,296.05
VMM_P04_001,2010,22,34.69
VMM_P04_001,2010,23,3.99
VMM_P04_001,2010,24,7.72
VMM_P04_001,2011,1,13.13
VMM_P04_001,2011,2,8.7
VMM_P04_001,2011,3,4.0
VMM_P04_001,2011,4,5.93
VMM_P04_001,2011,5,0.0
VMM_P04_001,2011,6,10.24
VMM_P04_001,2011,7,0.53
VMM_P04_001,2011,8,0.17
VMM_P04_001,2011,9,0.14
VMM_P04_001,2011,10,35.59
VMM_P04_001,2011,11,248.65
VMM_P04_001,2011,12,404.23
VMM_P04_001,2011,13,117.15
VMM_P04_001,2011,14,148.52
VMM_P04_001,2011,15,87.44
VMM_P04_001,2011,16,128.3
VMM_P04_001,2011,17,83.33
VMM_P04_001,2011,18,9.74
VMM_P04_001,2011,19,23.68
VMM_P04_001,2011,20,4.91
VMM_P04_001,2011,21,1.62
VMM_P04_001,2011,22,0.0
VMM_P04_001,2011,23,76.58
VMM_P04_001,2011,24,73.35
VMM_P04_001,2012,1,22.9
VMM_P04_001,2012,2,9.38
VMM_P04_001,2012,3,3.3
VMM_P04_001,2012,4,1.76
VMM_P04_001,2012,5,2.15
VMM_P04_001,2012,6,0.0
VMM_P04_001,2012,7,10.3
VMM_P04_001,2012,8,46.54
VMM_P04_001,2012,9,59.26
VMM_P04_001,2012,10,1.75
VMM_P04_001,2012,11,75.15
VMM_P04_001,2012,12,25.35
VMM_P04_001,2012,13,370.06
VMM_P04_001,2012,14,83.65
VMM_P04_001,2012,15,0.98
VMM_P04_001,2012,16,46.35
VMM_P04_001,2012,17,13.46
VMM_P04_001,2012,18,96.86
VMM_P04_001,2012,19,48.41
VMM_P04_001,2012,20,16.71
VMM_P04_001,2012,21,7.91
VMM_P04_001,2012,22,1.55
VMM_P04_001,2012,23,36.75
VMM_P04_001,2012,24,36.71
VMM_P04_001,2015,1,0.0
VMM_P04_001,2015,2,12.1
VMM_P04_001,2015,3,8.17
VMM_P04_001,2015,4,12.71
VMM_P04_001,2015,5,3.62
VMM_P04_001,2015,6,51.27
VMM_P04_001,2015,7,2.28
VMM_P04_001,2015,8,3.21
VMM_P04_001,2015,9,42.42
VMM_P04_001,2015,10,28.82
VMM_P04_001,2015,11,2.49
VMM_P04_001,2015,12,28.34
VMM_P04_001,2015,13,1.25
VMM_P04_001,2015,14,32.85
VMM_P04_001,2015,15,206.79
VMM_P04_001,2015,16,77.67
VMM_P04_001,2015,17,50.52
VMM_P04_001,2015,18,63.91
VMM_P04_001,2015,19,10.26
VMM_P04_001,2015,20,1.46
VMM_P04_001,2015,21,2.08
VMM_P04_001,2015,22,42.74
VMM_P04_001,2015,23,9.5
VMM_P04_001,2015,24,1.07
VMM_P04_001,2016,1,104.35
VMM_P04_001,2016,2,23.77
VMM_P04_001,2016,3,13.24
VMM_P04_001,2016,4,14.98
VMM_P04_001,2016,5,15.58
VMM_P04_001,2016,6,14.85
VMM_P04_001,2016,7,55.94
VMM_P04_001,2016,8,11.58
VMM_P04_001,2016,9,58.34
VMM_P04_001,2016,10,653.22
VMM_P04_001,2016,11,137.53
VMM_P04_001,2016,12,176.17
VMM_P04_001,2016,13,38.74
VMM_P04_001,2016,14,17.89
VMM_P04_001,2016,15,22.97
VMM_P04_001,2016,16,1.75
VMM_P04_001,2016,17,1.45
VMM_P04_001,2016,18,12.11
VMM_P04_001,2016,19,11.23
VMM_P04_001,2016,20,16.58
VMM_P04_001,2016,21,52.82
VMM_P04_001,2016,22,29.49
VMM_P04_001,2016,23,1.27
VMM_P04_001,2016,24,6.04
VMM_P04_001,2017,1,31.83
VMM_P04_001,2017,2,1.68
VMM_P04_001,2017,3,1.08
VMM_P04_001,2017,4,46.57
VMM_P04_001,2017,5,6.52
VMM_P04_001,2017,6,2.38
VMM_P04_001,2017,7,0.72
VMM_P04_001,2017,8,2.75
VMM_P04_001,2017,9,34.66
VMM_P04_001,2017,10,7.66
VMM_P04_001,2017,11,106.14
VMM_P04_001,2017,12,27.54
VMM_P04_001,2017,13,79.41
VMM_P04_001,2017,14,31.84
VMM_P04_001,2017,15,43.31
VMM_P04_001,2017,16,80.17
VMM_P04_001,2017,17,46.5
VMM_P04_001,2017,18,30.15
VMM_P04_001,2017,19,37.29
VMM_P04_001,2017,20,8.3
VMM_P04_001,2017,21,33.92
VMM_P04_001,2017,22,91.97
VMM_P04_001,2017,23,51.04
VMM_P04_001,2017,24,13.51
VMM_P04_001,2019,1,1.84
VMM_P04_001,2019,2,15.06
VMM_P04_001,2019,3,6.86
VMM_P04_001,2019,4,1.59
VMM_P04_001,2019,5,59.34
VMM_P04_001,2019,6,0.0
VMM_P04_001,2019,7,16.46
VMM_P04_001,2019,8,6.57
VMM_P04_001,2019,9,11.05
VMM_P04_001,2019,10,0.89
VMM_P04_001,2019,11,98.22
VMM_P04_001,2019,12,69.62
VMM_P04_001,2019,13,20.49
VMM_P04_001,2019,14,37.3
VMM_P04_001,2019,15,33.26
VMM_P04_001,2019,16,2.83
VMM_P04_001,2019,17,5.01
VMM_P04_001,2019,18,77.38
VMM_P04_001,2019,19,53.29
VMM_P04_001,2019,20,21.72
VMM_P04_001,2019,21,19.88
VMM_P04_001,2019,22,5.95
VMM_P04_001,2019,23,17.73
VMM_P04_001,2019,24,8.31
VMM_P04_001,2020,1,15.43
VMM_P04_001,2020,2,4.07
VMM_P04_001,2020,3,88.07
VMM_P04_001,2020,4,71.7
VMM_P04_001,2020,5,29.09
VMM_P04_001,2020,6,0.17
VMM_P04_001,2020,7,0.0
VMM_P04_001,2020,8,17.3
VMM_P04_001,2020,9,9.03
VMM_P04_001,2020,10,0.0
VMM_P04_001,2020,11,67.08
VMM_P04_001,2020,12,599.35
VMM_P04_001,2020,13,6.18
VMM_P04_001,2020,14,19.33
VMM_P04_001,2020,15,424.73
VMM_P04_001,2020,16,32.56
VMM_P04_001,2020,17,0.0
VMM_P04_001,2020,18,147.21
VMM_P04_001,2020,19,21.64
VMM_P04_001,2020,20,7.46
VMM_P04_001,2020,21,17.8
VMM_P04_001,2020,22,3.89
VMM_P04_001,2020,23,2.5
VMM_P04_001,2020,24,15.23
VMM_P04_001,2021,1,9.48
VMM_P04_001,2021,2,34.53
VMM_P04_001,2021,3,12.57
VMM_P04_001,2021,4,1.31
VMM_P04_001,2021,5,7.61
VMM_P04_001,2021,6,1.3
VMM_P04_001,2021,7,12.29
VMM_P04_001,2021,8,7.37
VMM_P04_001,2021,9,40.12
VMM_P04_001,2021,10,96.21
VMM_P04_001,2021,11,3.39
VMM_P04_001,2021,12,521.51
VMM_P04_001,2021,13,305.89
VMM_P04_001,2021,14,53.55
VMM_P04_001,2021,15,40.98
VMM_P04_001,2021,16,99.9
VMM_P04_001,2021,17,4.76
VMM_P04_001,2021,18,10.66
VMM_P04_001,2021,19,73.36
VMM_P04_001,2021,20,30.69
VMM_P04_001,2021,21,31.71
VMM_P04_001,2021,22,35.63
VMM_P04_001,2021,23,6.22
VMM_P04_001,2021,24,10.34
VMM_P04_001,2022,1,23.28
VMM_P04_001,2022,2,2.63
VMM_P04_001,2022,3,14.78
VMM_P04_001,2022,4,31.44
VMM_P04_001,2022,5,0.0
VMM_P04_001,2022,6,0.26
VMM_P04_001,2022,7,10.53
VMM_P04_001,2022,8,0.0
VMM_P04_001,2022,9,0.0
VMM_P04_001,2022,10,206.4
VMM_P04_001,2022,11,44.21
VMM_P04_001,2022,12,49.49
VMM_P04_001,2022,13,0.0
VMM_P04_001,2022,14,4.0
VMM_P04_001,2022,15,26.48
VMM_P04_001,2022,16,303.6
VMM_P04_001,2022,17,137.49
VMM_P04_001,2022,18,150.5
VMM_P04_001,2022,19,1.1
VMM_P04_001,2022,20,14.8
VMM_P04_001,2022,21,6.67
VMM_P04_001,2022,22,29.91
VMM_P04_001,2022,23,3.14
VMM_P04_001,2022,24,50.85
VMM_P04_001,2023,1,31.16
VMM_P04_001,2023,2,15.25
VMM_P04_001,2023,3,0.41
VMM_P04_001,2023,4,0.1
VMM_P04_001,2023,5,52.44
VMM_P04_001,2023,6,23.34
VMM_P04_001,2023,7,14.78
VMM_P04_001,2023,8,6.61
VMM_P04_001,2023,9,34.59
VMM_P04_001,2023,10,0.0
VMM_P04_001,2023,11,0.0
VMM_P04_001,2023,12,86.11
VMM_P04_001,2023,13,17.77
VMM_P04_001,2023,14,102.95
VMM_P04_001,2023,15,119.92
VMM_P04_001,2023,16,54.59
VMM_P04_001,2023,17,1.14
VMM_P04_001,2023,18,47.61
VMM_P04_001,2023,19,43.38
VMM_P04_001,2023,20,73.51
VMM_P04_001,2023,21,151.11
VMM_P04_001,2023,22,25.49
VMM_P04_001,2023,23,15.53
VMM_P04_001,2023,24,15.44
VMM_P04_001,2024,1,77.22
VMM_P04_001,2024,2,5.69
VMM_P04_001,2024,3,44.83
VMM_P04_001,2024,4,9.53
VMM_P04_001,2024,5,11.48
VMM_P04_001,2024,6,27.8
VMM_P04_001,2024,7,39.87
VMM_P04_001,2024,8,32.01
VMM_P04_001,2024,9,41.99
VMM_P04_001,2024,10,277.69
VMM_P04_001,2024,11,8.63
VMM_P04_001,2024,12,24.0
VMM_P04_001,2024,13,50.29
VMM_P04_001,2024,14,9.91
VMM_P04_001,2024,15,7.04
VMM_P04_001,2024,16,168.76
VMM_P04_001,2024,17,126.33
VMM_P04_001,2024,18,75.84
VMM_P04_001,2024,19,14.7
VMM_P04_001,2024,20,6.72
VMM_P04_001,2024,21,1.4
VMM_P04_001,2024,22,52.22
VMM_P04_001,2024,23,10.19
VMM_P04_001,2024,24,9.12
VMM_P04_020,2007,1,14.79
VMM_P04_020,2007,2,13.75
VMM_P04_020,2007,3,23.76
VMM_P04_020,2007,4,44.79
VMM_P04_020,2007,5,26.11
VMM_P04_020,2007,6,6.8
VMM_P04_020,2007,7,0.0
VMM_P04_020,2007,8,0.0
VMM_P04_020,2007,9,177.49
VMM_P04_020,2007,10,98.7
VMM_P04_020,2007,11,206.53
VMM_P04_020,2007,12,222.67
VMM_P04_020,2007,13,15.66
VMM_P04_020,2007,14,658.11
VMM_P04_020,2007,15,133.41
VMM_P04_020,2007,16,23.91
VMM_P04_020,2007,17,8.01
VMM_P04_020,2007,18,48.06
VMM_P04_020,2007,19,32.62
VMM_P04_020,2007,20,8.38
VMM_P04_020,2007,21,58.13
VMM_P04_020,2007,22,5.37
VMM_P04_020,2007,23,32.91
VMM_P04_020,2007,24,0.35
VMM_P04_020,2010,1,1.61
VMM_P04_020,2010,2,8.64
VMM_P04_020,2010,3,4.09
VMM_P04_020,2010,4,22.93
VMM_P04_020,2010,5,1.14
VMM_P04_020,2010,6,53.03
VMM_P04_020,2010,7,10.83
VMM_P04_020,2010,8,4.83
VMM_P04_020,2010,9,5.35
VMM_P04_020,2010,10,26.61
VMM_P04_020,2010,11,25.89
VMM_P04_020,2010,12,0.43
VMM_P04_020,2010,13,241.67
VMM_P04_020,2010,14,7.37
VMM_P04_020,2010,15,187.15
VMM_P04_020,2010,16,56.93
VMM_P04_020,2010,17,126.68
VMM_P04_020,2010,18,34.37
VMM_P04_020,2010,19,12.11
VMM_P04_020,2010,20,25.89
VMM_P04_020,2010,21,97.34
VMM_P04_020,2010,22,3.31
VMM_P04_020,2010,23,4.41
VMM_P04_020,2010,24,14.07
VMM_P04_020,2011,1,18.43
VMM_P04_020,2011,2,2.47
VMM_P04_020,2011,3,2.31
VMM_P04_020,2011,4,10.07
VMM_P04_020,2011,5,0.0
VMM_P04_020,2011,6,3.85
VMM_P04_020,2011,7,19.82
VMM_P04_020,2011,8,13.67
VMM_P04_020,2011,9,4.28
VMM_P04_020,2011,10,20.4
VMM_P04_020,2011,11,187.8
VMM_P04_020,2011,12,128.79
VMM_P04_020,2011,13,201.5
VMM_P04_020,2011,14,106.31
VMM_P04_020,2011,15,33.02
VMM_P04_020,2011,16,151.08
VMM_P04_020,2011,17,363.55
VMM_P04_020,2011,18,8.7
VMM_P04_020,2011,19,11.39
VMM_P04_020,2011,20,7.75
VMM_P04_020,2011,21,0.52
VMM_P04_020,2011,22,0.0
VMM_P04_020,2011,23,79.98
VMM_P04_020,2011,24,20.63
VMM_P04_020,2012,1,23.83
VMM_P04_020,2012,2,7.06
VMM_P04_020,2012,3,3.37
VMM_P04_020,2012,4,1.91
VMM_P04_020,2012,5,41.4
VMM_P04_020,2012,6,0.0
VMM_P04_020,2012,7,6.59
VMM_P04_020,2012,8,55.61
VMM_P04_020,2012,9,32.53
VMM_P04_020,2012,10,1.81
VMM_P04_020,2012,11,99.32
VMM_P04_020,2012,12,73.79
VMM_P04_020,2012,13,230.62
VMM_P04_020,2012,14,13.51
VMM_P04_020,2012,15,4.34
VMM_P04_020,2012,16,15.35
VMM_P04_020,2012,17,28.07
VMM_P04_020,2012,18,30.04
VMM_P04_020,2012,19,31.61
VMM_P04_020,2012,20,29.23
VMM_P04_020,2012,21,3.09
VMM_P04_020,2012,22,3.64
VMM_P04_020,2012,23,24.95
VMM_P04_020,2012,24,59.17
VMM_P04_020,2013,1,6.04
VMM_P04_020,2013,2,27.2
VMM_P04_020,2013,3,18.8
VMM_P04_020,2013,4,0.41
VMM_P04_020,2013,5,9.95
VMM_P04_020,2013,6,8.37
VMM_P04_020,2013,7,5.87
VMM_P04_020,2013,8,1.17
VMM_P04_020,2013,9,45.37
VMM_P04_020,2013,10,26.65
VMM_P04_020,2013,11,0.38
VMM_P04_020,2013,12,72.76
VMM_P04_020,2013,13,10.92
VMM_P04_020,2013,14,352.52
VMM_P04_020,2013,15,10.59
VMM_P04_020,2013,16,2.16
VMM_P04_020,2013,17,101.98
VMM_P04_020,2013,18,3.53
VMM_P04_020,2013,19,63.66
VMM_P04_020,2013,20,43.02
VMM_P04_020,2013,21,111.12
VMM_P04_020,2013,22,5.31
VMM_P04_020,2013,23,1.17
VMM_P04_020,2013,24,53.32
VMM_P04_020,2014,1,16.88
VMM_P04_020,2014,2,16.59
VMM_P04_020,2014,3,21.64
VMM_P04_020,2014,4,17.33
VMM_P04_020,2014,5,0.5
VMM_P04_020,2014,6,9.33
VMM_P04_020,2014,7,16.57
VMM_P04_020,2014,8,0.17
VMM_P04_020,2014,9,53.39
VMM_P04_020,2014,10,5.57
VMM_P04_020,2014,11,47.48
VMM_P04_020,2014,12,8.83
VMM_P04_020,2014,13,188.14
VMM_P04_020,2014,14,19.28
VMM_P04_020,2014,15,586.83
VMM_P04_020,2014,16,226.05
VMM_P04_020,2014,17,0.0
VMM_P04_020,2014,18,17.39
VMM_P04_020,2014,19,28.38
VMM_P04_020,2014,20,24.76
VMM_P04_020,2014,21,38.77
VMM_P04_020,2014,22,0.69
VMM_P04_020,2014,23,3.92
VMM_P04_020,2014,24,54.42
VMM_P04_020,2016,1,46.99
VMM_P04_020,2016,2,9.79
VMM_P04_020,2016,3,18.62
VMM_P04_020,2016,4,4.27
VMM_P04_020,2016,5,29.43
VMM_P04_020,2016,6,10.44
VMM_P04_020,2016,7,31.12
VMM_P04_020,2016,8,14.97
VMM_P04_020,2016,9,46.34
VMM_P04_020,2016,10,268.19
VMM_P04_020,2016,11,5.15
VMM_P04_020,2016,12,521.21
VMM_P04_020,2016,13,107.76
VMM_P04_020,2016,14,3.62
VMM_P04_020,2016,15,19.11
VMM_P04_020,2016,16,3.89
VMM_P04_020,2016,17,30.57
VMM_P04_020,2016,18,9.89
VMM_P04_020,2016,19,5.63
VMM_P04_020,2016,20,42.54
VMM_P04_020,2016,21,23.73
VMM_P04_020,2016,22,146.4
VMM_P04_020,2016,23,1.3
VMM_P04_020,2016,24,4.76
VMM_P04_020,2017,1,58.71
VMM_P04_020,2017,2,2.75
VMM_P04_020,2017,3,2.48
VMM_P04_020,2017,4,36.24
VMM_P04_020,2017,5,13.48
VMM_P04_020,2017,6,1.52
VMM_P04_020,2017,7,0.75
VMM_P04_020,2017,8,6.56
VMM_P04_020,2017,9,10.98
VMM_P04_020,2017,10,3.09
VMM_P04_020,2017,11,21.6
VMM_P04_020,2017,12,0.0
VMM_P04_020,2017,13,45.59
VMM_P04_020,2017,14,157.72
VMM_P04_020,2017,15,39.05
VMM_P04_020,2017,16,149.25
VMM_P04_020,2017,17,24.8
VMM_P04_020,2017,18,4.02
VMM_P04_020,2017,19,9.06
VMM_P04_020,2017,20,8.21
VMM_P04_020,2017,21,15.19
VMM_P04_020,2017,22,57.75
VMM_P04_020,2017,23,135.7
VMM_P04_020,2017,24,16.36
VMM_P04_020,2018,1,22.54
VMM_P04_020,2018,2,20.89
VMM_P04_020,2018,3,9.74
VMM_P04_020,2018,4,0.0
VMM_P04_020,2018,5,74.65
VMM_P04_020,2018,6,5.79
VMM_P04_020,2018,7,31.99
VMM_P04_020,2018,8,10.61
VMM_P04_020,2018,9,1.99
VMM_P04_020,2018,10,56.45
VMM_P04_020,2018,11,0.65
VMM_P04_020,2018,12,0.0
VMM_P04_020,2018,13,0.0
VMM_P04_020,2018,14,100.45
VMM_P04_020,2018,15,62.04
VMM_P04_020,2018,16,68.93
VMM_P04_020,2018,17,0.0
VMM_P04_020,2018,18,60.53
VMM_P04_020,2018,19,14.16
VMM_P04_020,2018,20,35.28
VMM_P04_020,2018,21,5.9
VMM_P04_020,2018,22,0.99
VMM_P04_020,2018,23,25.16
VMM_P04_020,2018,24,19.65
VMM_P04_020,2019,1,6.74
VMM_P04_020,2019,2,11.8
VMM_P04_020,2019,3,11.87
VMM_P04_020,2019,4,1.87
VMM_P04_020,2019,5,47.98
VMM_P04_020,2019,6,0.0
VMM_P04_020,2019,7,22.01
VMM_P04_020,2019,8,1.18
VMM_P04_020,2019,9,7.14
VMM_P04_020,2019,10,265.69
VMM_P04_020,2019,11,139.84
VMM_P04_020,2019,12,32.68
VMM_P04_020,2019,13,0.54
VMM_P04_020,2019,14,56.11
VMM_P04_020,2019,15,11.0
VMM_P04_020,2019,16,34.47
VMM_P04_020,2019,17,8.4
VMM_P04_020,2019,18,64.04
VMM_P04_020,2019,19,50.49
VMM_P04_020,2019,20,13.58
VMM_P04_020,2019,21,20.93
VMM_P04_020,2019,22,7.71
VMM_P04_020,2019,23,23.36
VMM_P04_020,2019,24,9.07
VMM_P04_020,2020,1,12.47
VMM_P04_020,2020,2,5.02
VMM_P04_020,2020,3,23.24
VMM_P04_020,2020,4,36.89
VMM_P04_020,2020,5,20.75
VMM_P04_020,2020,6,0.26
VMM_P04_020,2020,7,0.0
VMM_P04_020,2020,8,26.3
VMM_P04_020,2020,9,9.11
VMM_P04_020,2020,10,0.0
VMM_P04_020,2020,11,28.79
VMM_P04_020,2020,12,366.26
VMM_P04_020,2020,13,3.72
VMM_P04_020,2020,14,6.66
VMM_P04_020,2020,15,1596.31
VMM_P04_020,2020,16,15.11
VMM_P04_020,2020,17,0.0
VMM_P04_020,2020,18,379.23
VMM_P04_020,2020,19,24.97
VMM_P04_020,2020,20,25.2
VMM_P04_020,2020,21,19.12
VMM_P04_020,2020,22,9.73
VMM_P04_020,2020,23,4.56
VMM_P04_020,2020,24,15.27
VMM_P04_020,2021,1,15.24
VMM_P04_020,2021,2,21.26
VMM_P04_020,2021,3,65.43
VMM_P04_020,2021,4,0.9
VMM_P04_020,2021,5,5.21
VMM_P04_020,2021,6,1.43
VMM_P04_020,2021,7,4.24
VMM_P04_020,2021,8,5.71
VMM_P04_020,2021,9,24.16
VMM_P04_020,2021,10,56.83
VMM_P04_020,2021,11,70.67
VMM_P04_020,2021,12,1071.56
VMM_P04_020,2021,13,189.85
VMM_P04_020,2021,14,9.33
VMM_P04_020,2021,15,115.12
VMM_P04_020,2021,16,1071.84
VMM_P04_020,2021,17,99.44
VMM_P04_020,2021,18,7.29
VMM_P04_020,2021,19,148.29
VMM_P04_020,2021,20,37.73
VMM_P04_020,2021,21,34.37
VMM_P04_020,2021,22,15.04
VMM_P04_020,2021,23,38.63
VMM_P04_020,2021,24,37.86
VMM_P04_020,2022,1,14.55
VMM_P04_020,2022,2,4.77
VMM_P04_020,2022,3,13.06
VMM_P04_020,2022,4,12.91
VMM_P04_020,2022,5,0.0
VMM_P04_020,2022,6,0.0
VMM_P04_020,2022,7,5.47
VMM_P04_020,2022,8,14.06
VMM_P04_020,2022,9,0.0
VMM_P04_020,2022,10,302.28
VMM_P04_020,2022,11,14.88
VMM_P04_020,2022,12,461.37
VMM_P04_020,2022,13,0.0
VMM_P04_020,2022,14,4.23
VMM_P04_020,2022,15,0.0
VMM_P04_020,2022,16,16.9
VMM_P04_020,2022,17,303.51
VMM_P04_020,2022,18,44.27
VMM_P04_020,2022,19,0.39
VMM_P04_020,2022,20,32.87
VMM_P04_020,2022,21,7.17
VMM_P04_020,2022,22,23.09
VMM_P04_020,2022,23,1.73
VMM_P04_020,2022,24,47.91
VMM_P04_020,2023,1,32.63
VMM_P04_020,2023,2,4.06
VMM_P04_020,2023,3,0.16
VMM_P04_020,2023,4,0.04
VMM_P04_020,2023,5,41.17
VMM_P04_020,2023,6,16.33
VMM_P04_020,2023,7,44.53
VMM_P04_020,2023,8,15.55
VMM_P04_020,2023,9,16.42
VMM_P04_020,2023,10,0.0
VMM_P04_020,2023,11,1.04
VMM_P04_020,2023,12,138.62
VMM_P04_020,2023,13,3.29
VMM_P04_020,2023,14,130.72
VMM_P04_020,2023,15,120.26
VMM_P04_020,2023,16,159.33
VMM_P04_020,2023,17,55.22
VMM_P04_020,2023,18,74.77
VMM_P04_020,2023,19,21.55
VMM_P04_020,2023,20,47.86
VMM_P04_020,2023,21,136.5
VMM_P04_020,2023,22,26.22
VMM_P04_020,2023,23,15.3
VMM_P04_020,2023,24,37.66
VMM_P04_020,2024,1,25.32
VMM_P04_020,2024,2,3.5
VMM_P04_020,2024,3,28.92
VMM_P04_020,2024,4,7.12
VMM_P04_020,2024,5,16.25
VMM_P04_020,2024,6,9.47
VMM_P04_020,2024,7,12.28
VMM_P04_020,2024,8,31.54
VMM_P04_020,2024,9,12.05
VMM_P04_020,2024,10,35.41
VMM_P04_020,2024,11,15.91
VMM_P04_020,2024,12,62.4
VMM_P04_020,2024,13,85.25
VMM_P04_020,2024,14,6.4
VMM_P04_020,2024,15,107.99
VMM_P04_020,2024,16,127.75
VMM_P04_020,2024,17,57.5
VMM_P04_020,2024,18,57.45
VMM_P04_020,2024,19,40.82
VMM_P04_020,2024,20,5.62
VMM_P04_020,2024,21,3.11
VMM_P04_020,2024,22,31.27
VMM_P04_020,2024,23,22.96
VMM_P04_020,2024,24,14.54
VMM_P04_027,2009,1,1.95
VMM_P04_027,2009,2,27.2
VMM_P04_027,2009,3,25.31
VMM_P04_027,2009,4,1.98
VMM_P04_027,2009,5,2.93
VMM_P04_027,2009,6,36.56
VMM_P04_027,2009,7,1.19
VMM_P04_027,2009,8,6.5
VMM_P04_027,2009,9,56.96
VMM_P04_027,2009,10,48.95
VMM_P04_027,2009,11,101.64
VMM_P04_027,2009,12,0.0
VMM_P04_027,2009,13,77.79
VMM_P04_027,2009,14,221.41
VMM_P04_027,2009,15,19.99
VMM_P04_027,2009,16,15.36
VMM_P04_027,2009,17,3.69
VMM_P04_027,2009,18,0.2
VMM_P04_027,2009,19,157.42
VMM_P04_027,2009,20,1.43
VMM_P04_027,2009,21,23.34
VMM_P04_027,2009,22,97.51
VMM_P04_027,2009,23,21.89
VMM_P04_027,2009,24,16.62
VMM_P04_027,2010,1,4.47
VMM_P04_027,2010,2,7.79
VMM_P04_027,2010,3,4.11
VMM_P04_027,2010,4,24.79
VMM_P04_027,2010,5,1.73
VMM_P04_027,2010,6,30.45
VMM_P04_027,2010,7,2.55
VMM_P04_027,2010,8,7.51
VMM_P04_027,2010,9,21.72
VMM_P04_027,2010,10,23.51
VMM_P04_027,2010,11,338.14
VMM_P04_027,2010,12,4.01
VMM_P04_027,2010,13,87.86
VMM_P04_027,2010,14,2.43
VMM_P04_027,2010,15,74.42
VMM_P04_027,2010,16,190.56
VMM_P04_027,2010,17,61.8
VMM_P04_027,2010,18,33.14
VMM_P04_027,2010,19,12.55
VMM_P04_027,2010,20,45.69
VMM_P04_027,2010,21,246.51
VMM_P04_027,2010,22,8.3
VMM_P04_027,2010,23,7.6
VMM_P04_027,2010,24,9.48
VMM_P04_027,2011,1,17.63
VMM_P04_027,2011,2,9.24
VMM_P04_027,2011,3,6.75
VMM_P04_027,2011,4,10.33
VMM_P04_027,2011,5,0.7
VMM_P04_027,2011,6,9.1
VMM_P04_027,2011,7,1.13
VMM_P04_027,2011,8,0.42
VMM_P04_027,2011,9,0.89
VMM_P04_027,2011,10,5.07
VMM_P04_027,2011,11,22.75
VMM_P04_027,2011,12,1155.92
VMM_P04_027,2011,13,88.37
VMM_P04_027,2011,14,128.78
VMM_P04_027,2011,15,81.76
VMM_P04_027,2011,16,133.84
VMM_P04_027,2011,17,57.85
VMM_P04_027,2011,18,9.96
VMM_P04_027,2011,19,11.99
VMM_P04_027,2011,20,5.87
VMM_P04_027,2011,21,2.5
VMM_P04_027,2011,22,0.0
VMM_P04_027,2011,23,57.96
VMM_P04_027,2011,24,83.63
VMM_P04_027,2012,1,54.89
VMM_P04_027,2012,2,19.68
VMM_P04_027,2012,3,4.15
VMM_P04_027,2012,4,2.87
VMM_P04_027,2012,5,9.84
VMM_P04_027,2012,6,0.0
VMM_P04_027,2012,7,13.08
VMM_P04_027,2012,8,43.01
VMM_P04_027,2012,9,15.92
VMM_P04_027,2012,10,19.32
VMM_P04_027,2012,11,88.0
VMM_P04_027,2012,12,45.13
VMM_P04_027,2012,13,137.1
VMM_P04_027,2012,14,86.35
VMM_P04_027,2012,15,14.36
VMM_P04_027,2012,16,22.57
VMM_P04_027,2012,17,11.92
VMM_P04_027,2012,18,22.61
VMM_P04_027,2012,19,82.5
VMM_P04_027,2012,20,23.34
VMM_P04_027,2012,21,7.03
VMM_P04_027,2012,22,0.96
VMM_P04_027,2012,23,61.98
VMM_P04_027,2012,24,53.1
VMM_P04_027,2013,1,3.45
VMM_P04_027,2013,2,37.68
VMM_P04_027,2013,3,12.69
VMM_P04_027,2013,4,0.18
VMM_P04_027,2013,5,3.09
VMM_P04_027,2013,6,1.87
VMM_P04_027,2013,7,5.94
VMM_P04_027,2013,8,0.24
VMM_P04_027,2013,9,4.62
VMM_P04_027,2013,10,41.27
VMM_P04_027,2013,11,0.18
VMM_P04_027,2013,12,298.62
VMM_P04_027,2013,13,99.41
VMM_P04_027,2013,14,42.25
VMM_P04_027,2013,15,28.83
VMM_P04_027,2013,16,3.7
VMM_P04_027,2013,17,142.91
VMM_P04_027,2013,18,2.8
VMM_P04_027,2013,19,45.8
VMM_P04_027,2013,20,17.26
VMM_P04_027,2013,21,136.46
VMM_P04_027,2013,22,6.2
VMM_P04_027,2013,23,0.95
VMM_P04_027,2013,24,81.94
VMM_P04_027,2014,1,7.92
VMM_P04_027,2014,2,18.02
VMM_P04_027,2014,3,17.03
VMM_P04_027,2014,4,8.13
VMM_P04_027,2014,5,0.44
VMM_P04_027,2014,6,7.98
VMM_P04_027,2014,7,18.29
VMM_P04_027,2014,8,0.19
VMM_P04_027,2014,9,18.8
VMM_P04_027,2014,10,96.78
VMM_P04_027,2014,11,65.54
VMM_P04_027,2014,12,2.37
VMM_P04_027,2014,13,418.3
VMM_P04_027,2014,14,68.22
VMM_P04_027,2014,15,139.34
VMM_P04_027,2014,16,282.24
VMM_P04_027,2014,17,0.0
VMM_P04_027,2014,18,18.96
VMM_P04_027,2014,19,49.22
VMM_P04_027,2014,20,12.78
VMM_P04_027,2014,21,33.14
VMM_P04_027,2014,22,0.0
VMM_P04_027,2014,23,37.55
VMM_P04_027,2014,24,46.25
VMM_P04_027,2015,1,56.13
VMM_P04_027,2015,2,14.68
VMM_P04_027,2015,3,8.15
VMM_P04_027,2015,4,11.13
VMM_P04_027,2015,5,18.03
VMM_P04_027,2015,6,18.09
VMM_P04_027,2015,7,4.43
VMM_P04_027,2015,8,1.35
VMM_P04_027,2015,9,36.26
VMM_P04_027,2015,10,15.65
VMM_P04_027,2015,11,120.06
VMM_P04_027,2015,12,19.89
VMM_P04_027,2015,13,2.59
VMM_P04_027,2015,14,24.68
VMM_P04_027,2015,15,191.43
VMM_P04_027,2015,16,259.89
VMM_P04_027,2015,17,20.65
VMM_P04_027,2015,18,53.32
VMM_P04_027,2015,19,5.4
VMM_P04_027,2015,20,1.7
VMM_P04_027,2015,21,1.44
VMM_P04_027,2015,22,62.26
VMM_P04_027,2015,23,8.13
VMM_P04_027,2015,24,1.52
VMM_P04_027,2016,1,101.42
VMM_P04_027,2016,2,48.57
VMM_P04_027,2016,3,18.83
VMM_P04_027,2016,4,11.87
VMM_P04_027,2016,5,20.59
VMM_P04_027,2016,6,8.83
VMM_P04_027,2016,7,8.93
VMM_P04_027,2016,8,44.94
VMM_P04_027,2016,9,87.1
VMM_P04_027,2016,10,435.4
VMM_P04_027,2016,11,32.69
VMM_P04_027,2016,12,180.05
VMM_P04_027,2016,13,71.83
VMM_P04_027,2016,14,1.05
VMM_P04_027,2016,15,53.75
VMM_P04_027,2016,16,2.02
VMM_P04_027,2016,17,22.26
VMM_P04_027,2016,18,2.63
VMM_P04_027,2016,19,12.44
VMM_P04_027,2016,20,20.06
VMM_P04_027,2016,21,29.24
VMM_P04_027,2016,22,107.64
VMM_P04_027,2016,23,1.42
VMM_P04_027,2016,24,6.35
VMM_P04_027,2017,1,39.69
VMM_P04_027,2017,2,2.31
VMM_P04_027,2017,3,2.63
VMM_P04_027,2017,4,35.5
VMM_P04_027,2017,5,16.09
VMM_P04_027,2017,6,3.79
VMM_P04_027,2017,7,1.23
VMM_P04_027,2017,8,3.13
VMM_P04_027,2017,9,132.79
VMM_P04_027,2017,10,37.16
VMM_P04_027,2017,11,80.82
VMM_P04_027,2017,12,14.76
VMM_P04_027,2017,13,25.65
VMM_P04_027,2017,14,26.71
VMM_P04_027,2017,15,27.22
VMM_P04_027,2017,16,103.58
VMM_P04_027,2017,17,65.63
VMM_P04_027,2017,18,51.81
VMM_P04_027,2017,19,11.75
VMM_P04_027,2017,20,6.18
VMM_P04_027,2017,21,15.16
VMM_P04_027,2017,22,46.82
VMM_P04_027,2017,23,81.1
VMM_P04_027,2017,24,14.69
VMM_P04_027,2018,1,37.27
VMM_P04_027,2018,2,47.65
VMM_P04_027,2018,3,13.69
VMM_P04_027,2018,4,0.0
VMM_P04_027,2018,5,19.03
VMM_P04_027,2018,6,29.42
VMM_P04_027,2018,7,7.91
VMM_P04_027,2018,8,38.44
VMM_P04_027,2018,9,0.0
VMM_P04_027,2018,10,30.12
VMM_P04_027,2018,11,10.33
VMM_P04_027,2018,12,0.0
VMM_P04_027,2018,13,0.0
VMM_P04_027,2018,14,3.32
VMM_P04_027,2018,15,81.16
VMM_P04_027,2018,16,66.79
VMM_P04_027,2018,17,1542.34
VMM_P04_027,2018,18,39.79
VMM_P04_027,2018,19,7.39
VMM_P04_027,2018,20,23.64
VMM_P04_027,2018,21,5.38
VMM_P04_027,2018,22,1.68
VMM_P04_027,2018,23,17.53
VMM_P04_027,2018,24,26.2
VMM_P04_027,2019,1,2.95
VMM_P04_027,2019,2,17.14
VMM_P04_027,2019,3,10.64
VMM_P04_027,2019,4,4.48
VMM_P04_027,2019,5,57.18
VMM_P04_027,2019,6,0.0
VMM_P04_027,2019,7,20.98
VMM_P04_027,2019,8,5.81
VMM_P04_027,2019,9,24.17
VMM_P04_027,2019,10,1.73
VMM_P04_027,2019,11,304.49
VMM_P04_027,2019,12,6.79
VMM_P04_027,2019,13,24.49
VMM_P04_027,2019,14,54.63
VMM_P04_027,2019,15,52.53
VMM_P04_027,2019,16,13.36
VMM_P04_027,2019,17,39.14
VMM_P04_027,2019,18,134.9
VMM_P04_027,2019,19,14.38
VMM_P04_027,2019,20,40.44
VMM_P04_027,2019,21,15.25
VMM_P04_027,2019,22,5.91
VMM_P04_027,2019,23,34.89
VMM_P04_027,2019,24,8.24
VMM_P04_027,2020,1,7.23
VMM_P04_027,2020,2,2.75
VMM_P04_027,2020,3,47.39
VMM_P04_027,2020,4,80.59
VMM_P04_027,2020,5,27.13
VMM_P04_027,2020,6,0.17
VMM_P04_027,2020,7,1.41
VMM_P04_027,2020,8,11.4
VMM_P04_027,2020,9,122.11
VMM_P04_027,2020,10,0.0
VMM_P04_027,2020,11,78.15
VMM_P04_027,2020,12,63.88
VMM_P04_027,2020,13,13.68
VMM_P04_027,2020,14,2.74
VMM_P04_027,2020,15,0.43
VMM_P04_027,2020,16,125.25
VMM_P04_027,2020,17,0.0
VMM_P04_027,2020,18,330.14
VMM_P04_027,2020,19,16.11
VMM_P04_027,2020,20,10.92
VMM_P04_027,2020,21,14.0
VMM_P04_027,2020,22,5.15
VMM_P04_027,2020,23,5.02
VMM_P04_027,2020,24,24.2
VMM_P04_027,2022,1,29.12
VMM_P04_027,2022,2,1.53
VMM_P04_027,2022,3,27.07
VMM_P04_027,2022,4,42.76
VMM_P04_027,2022,5,0.0
VMM_P04_027,2022,6,1.19
VMM_P04_027,2022,7,32.19
VMM_P04_027,2022,8,0.0
VMM_P04_027,2022,9,0.0
VMM_P04_027,2022,10,486.49
VMM_P04_027,2022,11,22.64
VMM_P04_027,2022,12,14.98
VMM_P04_027,2022,13,0.0
VMM_P04_027,2022,14,12.48
VMM_P04_027,2022,15,8.85
VMM_P04_027,2022,16,7.14
VMM_P04_027,2022,17,427.97
VMM_P04_027,2022,18,306.68
VMM_P04_027,2022,19,0.66
VMM_P04_027,2022,20,55.12
VMM_P04_027,2022,21,3.48
VMM_P04_027,2022,22,24.73
VMM_P04_027,2022,23,1.09
VMM_P04_027,2022,24,43.0
VMM_P04_027,2023,1,46.31
VMM_P04_027,2023,2,6.9
VMM_P04_027,2023,3,0.43
VMM_P04_027,2023,4,0.11
VMM_P04_027,2023,5,80.06
VMM_P04_027,2023,6,37.21
VMM_P04_027,2023,7,4.76
VMM_P04_027,2023,8,12.63
VMM_P04_027,2023,9,64.54
VMM_P04_027,2023,10,0.0
VMM_P04_027,2023,11,0.0
VMM_P04_027,2023,12,40.12
VMM_P04_027,2023,13,12.56
VMM_P04_027,2023,14,147.99
VMM_P04_027,2023,15,152.23
VMM_P04_027,2023,16,43.67
VMM_P04_027,2023,17,1.84
VMM_P04_027,2023,18,30.48
VMM_P04_027,2023,19,40.99
VMM_P04_027,2023,20,72.32
VMM_P04_027,2023,21,54.53
VMM_P04_027,2023,22,23.56
VMM_P04_027,2023,23,12.27
VMM_P04_027,2023,24,27.92
VMM_P04_027,2024,1,37.44
VMM_P04_027,2024,2,13.18
VMM_P04_027,2024,3,39.75
VMM_P04_027,2024,4,14.31
VMM_P04_027,2024,5,20.06
VMM_P04_027,2024,6,11.83
VMM_P04_027,2024,7,15.68
VMM_P04_027,2024,8,24.27
VMM_P04_027,2024,9,25.06
VMM_P04_027,2024,10,129.93
VMM_P04_027,2024,11,28.06
VMM_P04_027,2024,12,93.52
VMM_P04_027,2024,13,134.66
VMM_P04_027,2024,14,35.66
VMM_P04_027,2024,15,1449.54
VMM_P04_027,2024,16,137.19
VMM_P04_027,2024,17,373.82
VMM_P04_027,2024,18,14.93
VMM_P04_027,2024,19,12.35
VMM_P04_027,2024,20,14.26
VMM_P04_027,2024,21,0.94
VMM_P04_027,2024,22,62.94
VMM_P04_027,2024,23,27.31
VMM_P04_027,2024,24,18.93
VMM_P05_019,2007,1,25.6
VMM_P05_019,2007,2,23.82
VMM_P05_019,2007,3,32.18
VMM_P05_019,2007,4,19.06
VMM_P05_019,2007,5,18.76
VMM_P05_019,2007,6,9.58
VMM_P05_019,2007,7,0.0
VMM_P05_019,2007,8,0.0
VMM_P05_019,2007,9,132.6
VMM_P05_019,2007,10,7.75
VMM_P05_019,2007,11,36.38
VMM_P05_019,2007,12,150.66
VMM_P05_019,2007,13,18.71
VMM_P05_019,2007,14,409.39
VMM_P05_019,2007,15,24.86
VMM_P05_019,2007,16,7.27
VMM_P05_019,2007,17,6.6
VMM_P05_019,2007,18,60.8
VMM_P05_019,2007,19,27.79
VMM_P05_019,2007,20,11.38
VMM_P05_019,2007,21,26.7
VMM_P05_019,2007,22,11.56
VMM_P05_019,2007,23,12.57
VMM_P05_019,2007,24,1.72
VMM_P05_019,2008,1,12.59
VMM_P05_019,2008,2,3.97
VMM_P05_019,2008,3,15.42
VMM_P05_019,2008,4,25.45
VMM_P05_019,2008,5,36.44
VMM_P05_019,2008,6,23.22
VMM_P05_019,2008,7,2.83
VMM_P05_019,2008,8,50.95
VMM_P05_019,2008,9,2.12
VMM_P05_019,2008,10,104.02
VMM_P05_019,2008,11,102.85
VMM_P05_019,2008,12,0.0
VMM_P05_019,2008,13,83.0
VMM_P05_019,2008,14,19.79
VMM_P05_019,2008,15,180.56
VMM_P05_019,2008,16,31.4
VMM_P05_019,2008,17,62.98
VMM_P05_019,2008,18,8.78
VMM_P05_019,2008,19,48.7
VMM_P05_019,2008,20,8.89
VMM_P05_019,2008,21,62.72
VMM_P05_019,2008,22,40.55
VMM_P05_019,2008,23,32.13
VMM_P05_019,2008,24,0.0
VMM_P05_019,2009,1,1.5
VMM_P05_019,2009,2,34.15
VMM_P05_019,2009,3,20.04
VMM_P05_019,2009,4,0.5
VMM_P05_019,2009,5,14.02
VMM_P05_019,2009,6,33.49
VMM_P05_019,2009,7,3.56
VMM_P05_019,2009,8,4.84
VMM_P05_019,2009,9,9.35
VMM_P05_019,2009,10,280.63
VMM_P05_019,2009,11,57.56
VMM_P05_019,2009,12,1.74
VMM_P05_019,2009,13,14.17
VMM_P05_019,2009,14,115.38
VMM_P05_019,2009,15,44.55
VMM_P05_019,2009,16,5.57
VMM_P05_019,2009,17,5.52
VMM_P05_019,2009,18,0.0
VMM_P05_019,2009,19,194.55
VMM_P05_019,2009,20,2.14
VMM_P05_019,2009,21,27.29
VMM_P05_019,2009,22,67.31
VMM_P05_019,2009,23,19.22
VMM_P05_019,2009,24,22.5
VMM_P05_019,2010,1,1.3
VMM_P05_019,2010,2,9.54
VMM_P05_019,2010,3,1.81
VMM_P05_019,2010,4,27.04
VMM_P05_019,2010,5,0.23
VMM_P05_019,2010,6,30.48
VMM_P05_019,2010,7,3.68
VMM_P05_019,2010,8,0.89
VMM_P05_019,2010,9,1.66
VMM_P05_019,2010,10,82.79
VMM_P05_019,2010,11,13.38
VMM_P05_019,2010,12,0.27
VMM_P05_019,2010,13,50.88
VMM_P05_019,2010,14,49.84
VMM_P05_019,2010,15,184.8
VMM_P05_019,2010,16,212.69
VMM_P05_019,2010,17,132.97
VMM_P05_019,2010,18,36.91
VMM_P05_019,2010,19,15.4
VMM_P05_019,2010,20,37.58
VMM_P05_019,2010,21,40.19
VMM_P05_019,2010,22,13.03
VMM_P05_019,2010,23,2.38
VMM_P05_019,2010,24,5.06
VMM_P05_019,2012,1,18.39
VMM_P05_019,2012,2,11.71
VMM_P05_019,2012,3,0.85
VMM_P05_019,2012,4,2.78
VMM_P05_019,2012,5,37.55
VMM_P05_019,2012,6,0.43
VMM_P05_019,2012,7,7.97
VMM_P05_019,2012,8,45.09
VMM_P05_019,2012,9,103.86
VMM_P05_019,2012,10,0.0
VMM_P05_019,2012,11,103.63
VMM_P05_019,2012,12,51.19
VMM_P05_019,2012,13,82.35
VMM_P05_019,2012,14,23.59
VMM_P05_019,2012,15,24.34
VMM_P05_019,2012,16,5.37
VMM_P05_019,2012,17,4.86
VMM_P05_019,2012,18,20.72
VMM_P05_019,2012,19,41.28
VMM_P05_019,2012,20,68.0
VMM_P05_019,2012,21,11.04
VMM_P05_019,2012,22,2.65
VMM_P05_019,2012,23,34.69
VMM_P05_019,2012,24,52.54
VMM_P05_019,2013,1,4.83
VMM_P05_019,2013,2,37.52
VMM_P05_019,2013,3,15.41
VMM_P05_019,2013,4,0.25
VMM_P05_019,2013,5,16.87
VMM_P05_019,2013,6,5.23
VMM_P05_019,2013,7,2.65
VMM_P05_019,2013,8,1.15
VMM_P05_019,2013,9,13.53
VMM_P05_019,2013,10,58.55
VMM_P05_019,2013,11,0.27
VMM_P05_019,2013,12,78.21
VMM_P05_019,2013,13,18.68
VMM_P05_019,2013,14,391.89
VMM_P05_019,2013,15,3.54
VMM_P05_019,2013,16,6.35
VMM_P05_019,2013,17,74.14
VMM_P05_019,2013,18,17.8
VMM_P05_019,2013,19,54.87
VMM_P05_019,2013,20,13.31
VMM_P05_019,2013,21,72.57
VMM_P05_019,2013,22,8.16
VMM_P05_019,2013,23,1.97
VMM_P05_019,2013,24,53.12
VMM_P05_019,2016,1,56.95
VMM_P05_019,2016,2,11.25
VMM_P05_019,2016,3,23.38
VMM_P05_019,2016,4,5.04
VMM_P05_019,2016,5,33.15
VMM_P05_019,2016,6,12.89
VMM_P05_019,2016,7,14.73
VMM_P05_019,2016,8,7.34
VMM_P05_019,2016,9,12.63
VMM_P05_019,2016,10,150.45
VMM_P05_019,2016,11,7.9
VMM_P05_019,2016,12,203.89
VMM_P05_019,2016,13,2.68
VMM_P05_019,2016,14,17.69
VMM_P05_019,2016,15,37.98
VMM_P05_019,2016,16,4.56
VMM_P05_019,2016,17,3.56
VMM_P05_019,2016,18,15.48
VMM_P05_019,2016,19,23.95
VMM_P05_019,2016,20,62.56
VMM_P05_019,2016,21,27.28
VMM_P05_019,2016,22,70.48
VMM_P05_019,2016,23,2.27
VMM_P05_019,2016,24,3.41
VMM_P05_019,2017,1,42.92
VMM_P05_019,2017,2,1.67
VMM_P05_019,2017,3,9.61
VMM_P05_019,2017,4,20.1
VMM_P05_019,2017,5,14.09
VMM_P05_019,2017,6,3.09
VMM_P05_019,2017,7,0.0
VMM_P05_019,2017,8,5.26
VMM_P05_019,2017,9,11.14
VMM_P05_019,2017,10,12.44
VMM_P05_019,2017,11,23.15
VMM_P05_019,2017,12,1.43
VMM_P05_019,2017,13,26.24
VMM_P05_019,2017,14,67.51
VMM_P05_019,2017,15,62.16
VMM_P05_019,2017,16,66.04
VMM_P05_019,2017,17,29.05
VMM_P05_019,2017,18,40.17
VMM_P05_019,2017,19,3.77
VMM_P05_019,2017,20,29.23
VMM_P05_019,2017,21,30.8
VMM_P05_019,2017,22,62.74
VMM_P05_019,2017,23,57.67
VMM_P05_019,2017,24,47.86
VMM_P05_019,2018,1,30.07
VMM_P05_019,2018,2,16.61
VMM_P05_019,2018,3,8.38
VMM_P05_019,2018,4,0.08
VMM_P05_019,2018,5,63.6
VMM_P05_019,2018,6,6.37
VMM_P05_019,2018,7,39.34
VMM_P05_019,2018,8,9.39
VMM_P05_019,2018,9,5.31
VMM_P05_019,2018,10,87.51
VMM_P05_019,2018,11,0.0
VMM_P05_019,2018,12,0.0
VMM_P05_019,2018,13,0.38
VMM_P05_019,2018,14,10.04
VMM_P05_019,2018,15,82.89
VMM_P05_019,2018,16,11.6
VMM_P05_019,2018,17,21.33
VMM_P05_019,2018,18,65.64
VMM_P05_019,2018,19,7.37
VMM_P05_019,2018,20,22.58
VMM_P05_019,2018,21,30.21
VMM_P05_019,2018,22,2.18
VMM_P05_019,2018,23,22.88
VMM_P05_019,2018,24,18.52
VMM_P05_019,2019,1,2.12
VMM_P05_019,2019,2,11.85
VMM_P05_019,2019,3,10.48
VMM_P05_019,2019,4,4.87
VMM_P05_019,2019,5,57.1
VMM_P05_019,2019,6,3.31
VMM_P05_019,2019,7,3.09
VMM_P05_019,2019,8,2.77
VMM_P05_019,2019,9,8.48
VMM_P05_019,2019,10,4.79
VMM_P05_019,2019,11,204.88
VMM_P05_019,2019,12,6.03
VMM_P05_019,2019,13,0.0
VMM_P05_019,2019,14,62.13
VMM_P05_019,2019,15,33.19
VMM_P05_019,2019,16,4.45
VMM_P05_019,2019,17,8.95
VMM_P05_019,2019,18,97.09
VMM_P05_019,2019,19,54.62
VMM_P05_019,2019,20,29.45
VMM_P05_019,2019,21,24.31
VMM_P05_019,2019,22,18.68
VMM_P05_019,2019,23,13.46
VMM_P05_019,2019,24,10.67
VMM_P05_019,2020,1,9.76
VMM_P05_019,2020,2,6.71
VMM_P05_019,2020,3,39.65
VMM_P05_019,2020,4,32.71
VMM_P05_019,2020,5,30.51
VMM_P05_019,2020,6,0.42
VMM_P05_019,2020,7,0.0
VMM_P05_019,2020,8,27.62
VMM_P05_019,2020,9,6.66
VMM_P05_019,2020,10,0.0
VMM_P05_019,2020,11,16.63
VMM_P05_019,2020,12,101.15
VMM_P05_019,2020,13,3.41
VMM_P05_019,2020,14,2.32
VMM_P05_019,2020,15,12.39
VMM_P05_019,2020,16,11.73
VMM_P05_019,2020,17,0.0
VMM_P05_019,2020,18,37.77
VMM_P05_019,2020,19,82.29
VMM_P05_019,2020,20,40.1
VMM_P05_019,2020,21,9.64
VMM_P05_019,2020,22,8.52
VMM_P05_019,2020,23,2.82
VMM_P05_019,2020,24,28.62
VMM_P05_019,2021,1,15.24
VMM_P05_019,2021,2,68.05
VMM_P05_019,2021,3,22.19
VMM_P05_019,2021,4,0.39
VMM_P05_019,2021,5,6.97
VMM_P05_019,2021,6,2.72
VMM_P05_019,2021,7,4.99
VMM_P05_019,2021,8,4.41
VMM_P05_019,2021,9,590.06
VMM_P05_019,2021,10,79.83
VMM_P05_019,2021,11,6.75
VMM_P05_019,2021,12,198.9
VMM_P05_019,2021,13,14.67
VMM_P05_019,2021,14,192.27
VMM_P05_019,2021,15,126.04
VMM_P05_019,2021,16,8.79
VMM_P05_019,2021,17,1.02
VMM_P05_019,2021,18,10.98
VMM_P05_019,2021,19,51.29
VMM_P05_019,2021,20,46.98
VMM_P05_019,2021,21,17.58
VMM_P05_019,2021,22,17.15
VMM_P05_019,2021,23,42.62
VMM_P05_019,2021,24,75.34
VMM_P05_019,2022,1,125.74
VMM_P05_019,2022,2,4.68
VMM_P05_019,2022,3,14.32
VMM_P05_019,2022,4,25.15
VMM_P05_019,2022,5,0.0
VMM_P05_019,2022,6,1.17
VMM_P05_019,2022,7,12.09
VMM_P05_019,2022,8,22.29
VMM_P05_019,2022,9,120.96
VMM_P05_019,2022,10,210.86
VMM_P05_019,2022,11,223.51
VMM_P05_019,2022,12,590.06
VMM_P05_019,2022,13,0.0
VMM_P05_019,2022,14,0.0
VMM_P05_019,2022,15,0.0
VMM_P05_019,2022,16,18.76
VMM_P05_019,2022,17,31.31
VMM_P05_019,2022,18,84.79
VMM_P05_019,2022,19,3.74
VMM_P05_019,2022,20,224.2
VMM_P05_019,2022,21,9.91
VMM_P05_019,2022,22,26.33
VMM_P05_019,2022,23,1.01
VMM_P05_019,2022,24,35.75
VMM_P05_019,2023,1,423.85
VMM_P05_019,2023,2,3.19
VMM_P05_019,2023,3,0.0
VMM_P05_019,2023,4,1.14
VMM_P05_019,2023,5,55.52
VMM_P05_019,2023,6,23.69
VMM_P05_019,2023,7,8.18
VMM_P05_019,2023,8,13.08
VMM_P05_019,2023,9,34.36
VMM_P05_019,2023,10,0.0
VMM_P05_019,2023,11,0.0
VMM_P05_019,2023,12,36.17
VMM_P05_019,2023,13,51.61
VMM_P05_019,2023,14,121.79
VMM_P05_019,2023,15,50.07
VMM_P05_019,2023,16,490.39
VMM_P05_019,2023,17,3.96
VMM_P05_019,2023,18,93.38
VMM_P05_019,2023,19,50.74
VMM_P05_019,2023,20,85.33
VMM_P05_019,2023,21,193.5
VMM_P05_019,2023,22,51.97
VMM_P05_019,2023,23,28.08
VMM_P05_019,2023,24,62.19
VMM_P05_019,2024,1,104.91
VMM_P05_019,2024,2,13.19
VMM_P05_019,2024,3,57.66
VMM_P05_019,2024,4,19.52
VMM_P05_019,2024,5,58.43
VMM_P05_019,2024,6,10.52
VMM_P05_019,2024,7,31.54
VMM_P05_019,2024,8,15.12
VMM_P05_019,2024,9,13.89
VMM_P05_019,2024,10,253.46
VMM_P05_019,2024,11,85.07
VMM_P05_019,2024,12,17.84
VMM_P05_019,2024,13,35.41
VMM_P05_019,2024,14,14.36
VMM_P05_019,2024,15,34.15
VMM_P05_019,2024,16,162.78
VMM_P05_019,2024,17,177.31
VMM_P05_019,2024,18,23.96
VMM_P05_019,2024,19,8.19
VMM_P05_019,2024,20,14.36
VMM_P05_019,2024,21,2.08
VMM_P05_019,2024,22,58.84
VMM_P05_019,2024,23,51.07
VMM_P05_019,2024,24,4.22
VMM_P05_038,2010,1,0.0
VMM_P05_038,2010,2,10.89
VMM_P05_038,2010,3,2.14
VMM_P05_038,2010,4,21.09
VMM_P05_038,2010,5,0.0
VMM_P05_038,2010,6,13.35
VMM_P05_038,2010,7,9.79
VMM_P05_038,2010,8,10.8
VMM_P05_038,2010,9,0.29
VMM_P05_038,2010,10,139.56
VMM_P05_038,2010,11,11.71
VMM_P05_038,2010,12,0.95
VMM_P05_038,2010,13,336.44
VMM_P05_038,2010,14,31.3
VMM_P05_038,2010,15,92.0
VMM_P05_038,2010,16,50.11
VMM_P05_038,2010,17,106.85
VMM_P05_038,2010,18,45.15
VMM_P05_038,2010,19,18.29
VMM_P05_038,2010,20,14.56
VMM_P05_038,2010,21,38.97
VMM_P05_038,2010,22,10.98
VMM_P05_038,2010,23,1.29
VMM_P05_038,2010,24,12.98
VMM_P05_038,2011,1,17.6
VMM_P05_038,2011,2,6.75
VMM_P05_038,2011,3,0.89
VMM_P05_038,2011,4,8.39
VMM_P05_038,2011,5,0.0
VMM_P05_038,2011,6,2.02
VMM_P05_038,2011,7,2.79
VMM_P05_038,2011,8,49.79
VMM_P05_038,2011,9,0.43
VMM_P05_038,2011,10,5.04
VMM_P05_038,2011,11,18.96
VMM_P05_038,2011,12,52.61
VMM_P05_038,2011,13,16.81
VMM_P05_038,2011,14,117.13
VMM_P05_038,2011,15,67.55
VMM_P05_038,2011,16,58.51
VMM_P05_038,2011,17,141.27
VMM_P05_038,2011,18,13.32
VMM_P05_038,2011,19,10.98
VMM_P05_038,2011,20,7.07
VMM_P05_038,2011,21,1.84
VMM_P05_038,2011,22,8.49
VMM_P05_038,2011,23,86.2
VMM_P05_038,2011,24,10.41
VMM_P05_038,2012,1,92.83
VMM_P05_038,2012,2,10.77
VMM_P05_038,2012,3,2.9
VMM_P05_038,2012,4,2.56
VMM_P05_038,2012,5,44.16
VMM_P05_038,2012,6,0.65
VMM_P05_038,2012,7,3.28
VMM_P05_038,2012,8,81.3
VMM_P05_038,2012,9,30.14
VMM_P05_038,2012,10,0.0
VMM_P05_038,2012,11,75.21
VMM_P05_038,2012,12,32.67
VMM_P05_038,2012,13,485.09
VMM_P05_038,2012,14,224.89
VMM_P05_038,2012,15,3.66
VMM_P05_038,2012,16,6.57
VMM_P05_038,2012,17,5.47
VMM_P05_038,2012,18,33.77
VMM_P05_038,2012,19,55.85
VMM_P05_038,2012,20,65.39
VMM_P05_038,2012,21,16.0
VMM_P05_038,2012,22,2.83
VMM_P05_038,2012,23,21.38
VMM_P05_038,2012,24,37.43
VMM_P05_038,2013,1,4.6
VMM_P05_038,2013,2,39.7
VMM_P05_038,2013,3,8.77
VMM_P05_038,2013,4,0.14
VMM_P05_038,2013,5,76.72
VMM_P05_038,2013,6,6.87
VMM_P05_038,2013,7,8.54
VMM_P05_038,2013,8,1.84
VMM_P05_038,2013,9,66.95
VMM_P05_038,2013,10,41.25
VMM_P05_038,2013,11,0.0
VMM_P05_038,2013,12,22.96
VMM_P05_038,2013,13,49.44
VMM_P05_038,2013,14,495.47
VMM_P05_038,2013,15,1.28
VMM_P05_038,2013,16,13.65
VMM_P05_038,2013,17,124.41
VMM_P05_038,2013,18,8.07
VMM_P05_038,2013,19,350.65
VMM_P05_038,2013,20,72.15
VMM_P05_038,2013,21,99.54
VMM_P05_038,2013,22,10.58
VMM_P05_038,2013,23,1.21
VMM_P05_038,2013,24,19.97
VMM_P05_038,2015,1,63.84
VMM_P05_038,2015,2,14.69
VMM_P05_038,2015,3,4.18
VMM_P05_038,2015,4,10.63
VMM_P05_038,2015,5,0.0
VMM_P05_038,2015,6,10.23
VMM_P05_038,2015,7,7.83
VMM_P05_038,2015,8,0.21
VMM_P05_038,2015,9,23.85
VMM_P05_038,2015,10,22.82
VMM_P05_038,2015,11,18.13
VMM_P05_038,2015,12,29.81
VMM_P05_038,2015,13,20.96
VMM_P05_038,2015,14,42.2
VMM_P05_038,2015,15,262.82
VMM_P05_038,2015,16,254.39
VMM_P05_038,2015,17,79.35
VMM_P05_038,2015,18,6.79
VMM_P05_038,2015,19,8.83
VMM_P05_038,2015,20,3.4
VMM_P05_038,2015,21,4.37
VMM_P05_038,2015,22,75.43
VMM_P05_038,2015,23,5.04
VMM_P05_038,2015,24,2.87
VMM_P05_038,2016,1,45.86
VMM_P05_038,2016,2,15.42
VMM_P05_038,2016,3,19.66
VMM_P05_038,2016,4,5.18
VMM_P05_038,2016,5,19.33
VMM_P05_038,2016,6,27.92
VMM_P05_038,2016,7,50.55
VMM_P05_038,2016,8,12.81
VMM_P05_038,2016,9,20.48
VMM_P05_038,2016,10,292.26
VMM_P05_038,2016,11,4.88
VMM_P05_038,2016,12,64.41
VMM_P05_038,2016,13,43.38
VMM_P05_038,2016,14,0.0
VMM_P05_038,2016,15,25.35
VMM_P05_038,2016,16,4.58
VMM_P05_038,2016,17,0.58
VMM_P05_038,2016,18,40.98
VMM_P05_038,2016,19,8.4
VMM_P05_038,2016,20,86.62
VMM_P05_038,2016,21,20.49
VMM_P05_038,2016,22,95.53
VMM_P05_038,2016,23,2.78
VMM_P05_038,2016,24,5.4
VMM_P05_038,2017,1,24.38
VMM_P05_038,2017,2,3.23
VMM_P05_038,2017,3,13.8
VMM_P05_038,2017,4,17.3
VMM_P05_038,2017,5,12.67
VMM_P05_038,2017,6,2.95
VMM_P05_038,2017,7,0.0
VMM_P05_038,2017,8,2.08
VMM_P05_038,2017,9,2.93
VMM_P05_038,2017,10,381.81
VMM_P05_038,2017,11,1.79
VMM_P05_038,2017,12,0.0
VMM_P05_038,2017,13,11.87
VMM_P05_038,2017,14,12.77
VMM_P05_038,2017,15,110.81
VMM_P05_038,2017,16,64.67
VMM_P05_038,2017,17,18.89
VMM_P05_038,2017,18,20.62
VMM_P05_038,2017,19,5.54
VMM_P05_038,2017,20,26.03
VMM_P05_038,2017,21,13.27
VMM_P05_038,2017,22,119.44
VMM_P05_038,2017,23,70.27
VMM_P05_038,2017,24,19.53
VMM_P05_038,2018,1,25.72
VMM_P05_038,2018,2,21.85
VMM_P05_038,2018,3,10.21
VMM_P05_038,2018,4,0.13
VMM_P05_038,2018,5,33.98
VMM_P05_038,2018,6,6.39
VMM_P05_038,2018,7,29.06
VMM_P05_038,2018,8,11.84
VMM_P05_038,2018,9,0.46
VMM_P05_038,2018,10,369.48
VMM_P05_038,2018,11,121.26
VMM_P05_038,2018,12,0.0
VMM_P05_038,2018,13,0.0
VMM_P05_038,2018,14,0.46
VMM_P05_038,2018,15,197.47
VMM_P05_038,2018,16,38.22
VMM_P05_038,2018,17,18.51
VMM_P05_038,2018,18,42.49
VMM_P05_038,2018,19,5.05
VMM_P05_038,2018,20,30.34
VMM_P05_038,2018,21,6.13
VMM_P05_038,2018,22,2.9
VMM_P05_038,2018,23,33.23
VMM_P05_038,2018,24,16.92
VMM_P05_038,2019,1,2.58
VMM_P05_038,2019,2,15.38
VMM_P05_038,2019,3,36.58
VMM_P05_038,2019,4,2.94
VMM_P05_038,2019,5,24.17
VMM_P05_038,2019,6,1.82
VMM_P05_038,2019,7,1.59
VMM_P05_038,2019,8,1.43
VMM_P05_038,2019,9,1.89
VMM_P05_038,2019,10,12.59
VMM_P05_038,2019,11,159.26
VMM_P05_038,2019,12,18.17
VMM_P05_038,2019,13,1.3
VMM_P05_038,2019,14,65.97
VMM_P05_038,2019,15,12.61
VMM_P05_038,2019,16,3.88
VMM_P05_038,2019,17,8.91
VMM_P05_038,2019,18,169.81
VMM_P05_038,2019,19,141.71
VMM_P05_038,2019,20,10.64
VMM_P05_038,2019,21,86.17
VMM_P05_038,2019,22,14.9
VMM_P05_038,2019,23,24.7
VMM_P05_038,2019,24,16.94
VMM_P05_038,2020,1,5.51
VMM_P05_038,2020,2,7.34
VMM_P05_038,2020,3,32.01
VMM_P05_038,2020,4,25.46
VMM_P05_038,2020,5,48.3
VMM_P05_038,2020,6,0.67
VMM_P05_038,2020,7,0.0
VMM_P05_038,2020,8,41.15
VMM_P05_038,2020,9,0.0
VMM_P05_038,2020,10,0.0
VMM_P05_038,2020,11,45.94
VMM_P05_038,2020,12,48.75
VMM_P05_038,2020,13,3.5
VMM_P05_038,2020,14,1.78
VMM_P05_038,2020,15,28.58
VMM_P05_038,2020,16,153.84
VMM_P05_038,2020,17,0.0
VMM_P05_038,2020,18,26.23
VMM_P05_038,2020,19,29.45
VMM_P05_038,2020,20,47.89
VMM_P05_038,2020,21,14.5
VMM_P05_038,2020,22,5.46
VMM_P05_038,2020,23,2.66
VMM_P05_038,2020,24,25.06
VMM_P05_038,2021,1,18.96
VMM_P05_038,2021,2,46.13
VMM_P05_038,2021,3,6.75
VMM_P05_038,2021,4,0.6
VMM_P05_038,2021,5,7.85
VMM_P05_038,2021,6,4.89
VMM_P05_038,2021,7,4.77
VMM_P05_038,2021,8,25.35
VMM_P05_038,2021,9,125.65
VMM_P05_038,2021,10,82.18
VMM_P05_038,2021,11,182.31
VMM_P05_038,2021,12,93.79
VMM_P05_038,2021,13,65.89
VMM_P05_038,2021,14,43.99
VMM_P05_038,2021,15,50.52
VMM_P05_038,2021,16,417.95
VMM_P05_038,2021,17,11.19
VMM_P05_038,2021,18,5.42
VMM_P05_038,2021,19,71.31
VMM_P05_038,2021,20,24.24
VMM_P05_038,2021,21,20.57
VMM_P05_038,2021,22,37.29
VMM_P05_038,2021,23,18.4
VMM_P05_038,2021,24,12.98
VMM_P05_038,2022,1,32.59
VMM_P05_038,2022,2,0.87
VMM_P05_038,2022,3,11.21
VMM_P05_038,2022,4,8.86
VMM_P05_038,2022,5,0.1
VMM_P05_038,2022,6,1.61
VMM_P05_038,2022,7,6.41
VMM_P05_038,2022,8,31.23
VMM_P05_038,2022,9,0.0
VMM_P05_038,2022,10,23.68
VMM_P05_038,2022,11,25.3
VMM_P05_038,2022,12,23.69
VMM_P05_038,2022,13,0.61
VMM_P05_038,2022,14,0.21
VMM_P05_038,2022,15,0.0
VMM_P05_038,2022,16,25.03
VMM_P05_038,2022,17,169.29
VMM_P05_038,2022,18,73.9
VMM_P05_038,2022,19,4.47
VMM_P05_038,2022,20,120.23
VMM_P05_038,2022,21,27.82
VMM_P05_038,2022,22,45.96
VMM_P05_038,2022,23,0.38
VMM_P05_038,2022,24,44.03
VMM_P05_038,2023,1,69.82
VMM_P05_038,2023,2,3.03
VMM_P05_038,2023,3,0.41
VMM_P05_038,2023,4,2.58
VMM_P05_038,2023,5,39.41
VMM_P05_038,2023,6,24.64
VMM_P05_038,2023,7,8.25
VMM_P05_038,2023,8,10.71
VMM_P05_038,2023,9,76.97
VMM_P05_038,2023,10,0.0
VMM_P05_038,2023,11,0.0
VMM_P05_038,2023,12,490.38
VMM_P05_038,2023,13,16.39
VMM_P05_038,2023,14,48.32
VMM_P05_038,2023,15,106.09
VMM_P05_038,2023,16,670.08
VMM_P05_038,2023,17,21.96
VMM_P05_038,2023,18,96.69
VMM_P05_038,2023,19,52.01
VMM_P05_038,2023,20,78.55
VMM_P05_038,2023,21,115.91
VMM_P05_038,2023,22,23.29
VMM_P05_038,2023,23,42.29
VMM_P05_038,2023,24,31.89
VMM_P05_038,2024,1,43.92
VMM_P05_038,2024,2,8.88
VMM_P05_038,2024,3,24.62
VMM_P05_038,2024,4,26.38
VMM_P05_038,2024,5,28.37
VMM_P05_038,2024,6,5.13
VMM_P05_038,2024,7,128.18
VMM_P05_038,2024,8,12.71
VMM_P05_038,2024,9,14.21
VMM_P05_038,2024,10,118.23
VMM_P05_038,2024,11,100.28
VMM_P05_038,2024,12,12.99
VMM_P05_038,2024,13,17.03
VMM_P05_038,2024,14,10.91
VMM_P05_038,2024,15,21.79
VMM_P05_038,2024,16,84.99
VMM_P05_038,2024,17,88.72
VMM_P05_038,2024,18,15.35
VMM_P05_038,2024,19,14.13
VMM_P05_038,2024,20,2.27
VMM_P05_038,2024,21,1.1
VMM_P05_038,2024,22,46.8
VMM_P05_038,2024,23,30.74
VMM_P05_038,2024,24,4.17
VMM_P05_039,2009,1,1.37
VMM_P05_039,2009,2,25.73
VMM_P05_039,2009,3,34.96
VMM_P05_039,2009,4,0.56
VMM_P05_039,2009,5,17.57
VMM_P05_039,2009,6,19.76
VMM_P05_039,2009,7,7.86
VMM_P05_039,2009,8,4.92
VMM_P05_039,2009,9,473.08
VMM_P05_039,2009,10,21.72
VMM_P05_039,2009,11,57.83
VMM_P05_039,2009,12,0.0
VMM_P05_039,2009,13,93.48
VMM_P05_039,2009,14,279.19
VMM_P05_039,2009,15,2.69
VMM_P05_039,2009,16,0.0
VMM_P05_039,2009,17,6.54
VMM_P05_039,2009,18,0.0
VMM_P05_039,2009,19,408.59
VMM_P05_039,2009,20,3.29
VMM_P05_039,2009,21,59.75
VMM_P05_039,2009,22,143.45
VMM_P05_039,2009,23,13.92
VMM_P05_039,2009,24,24.08
VMM_P05_039,2010,1,0.9
VMM_P05_039,2010,2,22.24
VMM_P05_039,2010,3,3.72
VMM_P05_039,2010,4,28.98
VMM_P05_039,2010,5,0.0
VMM_P05_039,2010,6,125.14
VMM_P05_039,2010,7,22.05
VMM_P05_039,2010,8,8.32
VMM_P05_039,2010,9,9.33
VMM_P05_039,2010,10,41.9
VMM_P05_039,2010,11,21.08
VMM_P05_039,2010,12,0.36
VMM_P05_039,2010,13,229.63
VMM_P05_039,2010,14,23.09
VMM_P05_039,2010,15,248.11
VMM_P05_039,2010,16,433.21
VMM_P05_039,2010,17,116.59
VMM_P05_039,2010,18,33.46
VMM_P05_039,2010,19,24.07
VMM_P05_039,2010,20,29.74
VMM_P05_039,2010,21,82.04
VMM_P05_039,2010,22,10.7
VMM_P05_039,2010,23,7.83
VMM_P05_039,2010,24,1.44
VMM_P05_039,2011,1,25.75
VMM_P05_039,2011,2,5.78
VMM_P05_039,2011,3,1.73
VMM_P05_039,2011,4,13.36
VMM_P05_039,2011,5,0.0
VMM_P05_039,2011,6,3.39
VMM_P05_039,2011,7,4.66
VMM_P05_039,2011,8,8.16
VMM_P05_039,2011,9,0.95
VMM_P05_039,2011,10,9.11
VMM_P05_039,2011,11,6.18
VMM_P05_039,2011,12,108.13
VMM_P05_039,2011,13,12.78
VMM_P05_039,2011,14,40.26
VMM_P05_039,2011,15,205.6
VMM_P05_039,2011,16,32.44
VMM_P05_039,2011,17,109.56
VMM_P05_039,2011,18,4.78
VMM_P05_039,2011,19,11.93
VMM_P05_039,2011,20,8.94
VMM_P05_039,2011,21,1.74
VMM_P05_039,2011,22,1.64
VMM_P05_039,2011,23,127.57
VMM_P05_039,2011,24,28.13
VMM_P05_039,2012,1,13.81
VMM_P05_039,2012,2,13.66
VMM_P05_039,2012,3,2.57
VMM_P05_039,2012,4,3.46
VMM_P05_039,2012,5,45.91
VMM_P05_039,2012,6,0.0
VMM_P05_039,2012,7,5.4
VMM_P05_039,2012,8,63.56
VMM_P05_039,2012,9,117.75
VMM_P05_039,2012,10,1.34
VMM_P05_039,2012,11,50.34
VMM_P05_039,2012,12,101.96
VMM_P05_039,2012,13,217.63
VMM_P05_039,2012,14,1046.05
VMM_P05_039,2012,15,7.05
VMM_P05_039,2012,16,5.3
VMM_P05_039,2012,17,4.36
VMM_P05_039,2012,18,62.41
VMM_P05_039,2012,19,164.99
VMM_P05_039,2012,20,53.33
VMM_P05_039,2012,21,38.65
VMM_P05_039,2012,22,5.52
VMM_P05_039,2012,23,41.69
VMM_P05_039,2012,24,53.07
VMM_P05_039,2013,1,8.15
VMM_P05_039,2013,2,50.08
VMM_P05_039,2013,3,32.41
VMM_P05_039,2013,4,0.31
VMM_P05_039,2013,5,20.64
VMM_P05_039,2013,6,9.44
VMM_P05_039,2013,7,4.0
VMM_P05_039,2013,8,0.42
VMM_P05_039,2013,9,83.06
VMM_P05_039,2013,10,48.3
VMM_P05_039,2013,11,0.0
VMM_P05_039,2013,12,36.75
VMM_P05_039,2013,13,21.54
VMM_P05_039,2013,14,306.47
VMM_P05_039,2013,15,0.63
VMM_P05_039,2013,16,128.67
VMM_P05_039,2013,17,96.35
VMM_P05_039,2013,18,24.21
VMM_P05_039,2013,19,106.97
VMM_P05_039,2013,20,69.55
VMM_P05_039,2013,21,68.07
VMM_P05_039,2013,22,8.28
VMM_P05_039,2013,23,2.1
VMM_P05_039,2013,24,21.77
VMM_P05_039,2014,1,21.2
VMM_P05_039,2014,2,26.75
VMM_P05_039,2014,3,31.66
VMM_P05_039,2014,4,6.7
VMM_P05_039,2014,5,7.99
VMM_P05_039,2014,6,13.47
VMM_P05_039,2014,7,40.4
VMM_P05_039,2014,8,5.56
VMM_P05_039,2014,9,28.64
VMM_P05_039,2014,10,59.91
VMM_P05_039,2014,11,370.02
VMM_P05_039,2014,12,3.68
VMM_P05_039,2014,13,158.27
VMM_P05_039,2014,14,1792.79
VMM_P05_039,2014,15,47.29
VMM_P05_039,2014,16,46.71
VMM_P05_039,2014,17,0.0
VMM_P05_039,2014,18,21.93
VMM_P05_039,2014,19,74.17
VMM_P05_039,2014,20,15.03
VMM_P05_039,2014,21,77.18
VMM_P05_039,2014,22,1.2
VMM_P05_039,2014,23,39.09
VMM_P05_039,2014,24,36.26
VMM_P05_039,2015,1,69.87
VMM_P05_039,2015,2,24.11
VMM_P05_039,2015,3,0.0
VMM_P05_039,2015,4,16.83
VMM_P05_039,2015,5,0.37
VMM_P05_039,2015,6,7.16
VMM_P05_039,2015,7,3.91
VMM_P05_039,2015,8,0.67
VMM_P05_039,2015,9,25.44
VMM_P05_039,2015,10,13.17
VMM_P05_039,2015,11,9.8
VMM_P05_039,2015,12,21.03
VMM_P05_039,2015,13,38.52
VMM_P05_039,2015,14,35.56
VMM_P05_039,2015,15,944.13
VMM_P05_039,2015,16,153.6
VMM_P05_039,2015,17,73.95
VMM_P05_039,2015,18,29.23
VMM_P05_039,2015,19,10.67
VMM_P05_039,2015,20,0.75
VMM_P05_039,2015,21,8.02
VMM_P05_039,2015,22,75.71
VMM_P05_039,2015,23,14.11
VMM_P05_039,2015,24,6.26
VMM_P05_039,2016,1,49.59
VMM_P05_039,2016,2,18.36
VMM_P05_039,2016,3,22.15
VMM_P05_039,2016,4,10.51
VMM_P05_039,2016,5,48.01
VMM_P05_039,2016,6,16.85
VMM_P05_039,2016,7,20.46
VMM_P05_039,2016,8,7.29
VMM_P05_039,2016,9,8.31
VMM_P05_039,2016,10,538.37
VMM_P05_039,2016,11,12.9
VMM_P05_039,2016,12,55.27
VMM_P05_039,2016,13,51.35
VMM_P05_039,2016,14,0.26
VMM_P05_039,2016,15,47.14
VMM_P05_039,2016,16,4.09
VMM_P05_039,2016,17,1.24
VMM_P05_039,2016,18,23.33
VMM_P05_039,2016,19,4.79
VMM_P05_039,2016,20,84.84
VMM_P05_039,2016,21,29.2
VMM_P05_039,2016,22,87.39
VMM_P05_039,2016,23,1.18
VMM_P05_039,2016,24,4.4
VMM_P05_039,2017,1,30.13
VMM_P05_039,2017,2,4.28
VMM_P05_039,2017,3,8.29
VMM_P05_039,2017,4,19.21
VMM_P05_039,2017,5,30.99
VMM_P05_039,2017,6,2.11
VMM_P05_039,2017,7,0.96
VMM_P05_039,2017,8,2.04
VMM_P05_039,2017,9,5.95
VMM_P05_039,2017,10,104.07
VMM_P05_039,2017,11,3.02
VMM_P05_039,2017,12,0.72
VMM_P05_039,2017,13,13.77
VMM_P05_039,2017,14,13.66
VMM_P05_039,2017,15,61.89
VMM_P05_039,2017,16,31.39
VMM_P05_039,2017,17,42.19
VMM_P05_039,2017,18,80.91
VMM_P05_039,2017,19,7.75
VMM_P05_039,2017,20,35.19
VMM_P05_039,2017,21,50.49
VMM_P05_039,2017,22,77.65
VMM_P05_039,2017,23,118.23
VMM_P05_039,2017,24,28.82
VMM_P05_039,2018,1,27.11
VMM_P05_039,2018,2,27.45
VMM_P05_039,2018,3,7.61
VMM_P05_039,2018,4,0.24
VMM_P05_039,2018,5,39.25
VMM_P05_039,2018,6,5.37
VMM_P05_039,2018,7,55.71
VMM_P05_039,2018,8,13.63
VMM_P05_039,2018,9,1.79
VMM_P05_039,2018,10,283.17
VMM_P05_039,2018,11,0.7
VMM_P05_039,2018,12,0.0
VMM_P05_039,2018,13,0.0
VMM_P05_039,2018,14,1.79
VMM_P05_039,2018,15,217.49
VMM_P05_039,2018,16,26.1
VMM_P05_039,2018,17,0.9
VMM_P05_039,2018,18,59.65
VMM_P05_039,2018,19,1.01
VMM_P05_039,2018,20,30.46
VMM_P05_039,2018,21,3.61
VMM_P05_039,2018,22,2.03
VMM_P05_039,2018,23,24.31
VMM_P05_039,2018,24,10.47
VMM_P05_039,2019,1,4.03
VMM_P05_039,2019,2,28.2
VMM_P05_039,2019,3,13.35
VMM_P05_039,2019,4,5.47
VMM_P05_039,2019,5,34.58
VMM_P05_039,2019,6,2.53
VMM_P05_039,2019,7,5.46
VMM_P05_039,2019,8,1.35
VMM_P05_039,2019,9,16.88
VMM_P05_039,2019,10,15.77
VMM_P05_039,2019,11,52.51
VMM_P05_039,2019,12,136.75
VMM_P05_039,2019,13,0.0
VMM_P05_039,2019,14,50.06
VMM_P05_039,2019,15,111.19
VMM_P05_039,2019,16,2.7
VMM_P05_039,2019,17,10.28
VMM_P05_039,2019,18,327.95
VMM_P05_039,2019,19,45.49
VMM_P05_039,2019,20,76.57
VMM_P05_039,2019,21,29.17
VMM_P05_039,2019,22,9.19
VMM_P05_039,2019,23,34.37
VMM_P05_039,2019,24,9.99
VMM_P05_039,2020,1,5.06
VMM_P05_039,2020,2,6.67
VMM_P05_039,2020,3,80.08
VMM_P05_039,2020,4,22.23
VMM_P05_039,2020,5,48.63
VMM_P05_039,2020,6,0.61
VMM_P05_039,2020,7,0.0
VMM_P05_039,2020,8,21.25
VMM_P05_039,2020,9,0.54
VMM_P05_039,2020,10,0.0
VMM_P05_039,2020,11,2.85
VMM_P05_039,2020,12,256.4
VMM_P05_039,2020,13,4.88
VMM_P05_039,2020,14,4.56
VMM_P05_039,2020,15,7.19
VMM_P05_039,2020,16,57.71
VMM_P05_039,2020,17,0.0
VMM_P05_039,2020,18,70.54
VMM_P05_039,2020,19,27.92
VMM_P05_039,2020,20,22.47
VMM_P05_039,2020,21,7.4
VMM_P05_039,2020,22,12.19
VMM_P05_039,2020,23,2.99
VMM_P05_039,2020,24,31.13
VMM_P05_039,2021,1,19.7
VMM_P05_039,2021,2,44.95
VMM_P05_039,2021,3,9.56
VMM_P05_039,2021,4,0.14
VMM_P05_039,2021,5,8.28
VMM_P05_039,2021,6,3.68
VMM_P05_039,2021,7,2.39
VMM_P05_039,2021,8,18.94
VMM_P05_039,2021,9,68.29
VMM_P05_039,2021,10,27.5
VMM_P05_039,2021,11,112.91
VMM_P05_039,2021,12,78.98
VMM_P05_039,2021,13,78.41
VMM_P05_039,2021,14,330.7
VMM_P05_039,2021,15,152.13
VMM_P05_039,2021,16,127.95
VMM_P05_039,2021,17,61.36
VMM_P05_039,2021,18,2.94
VMM_P05_039,2021,19,33.9
VMM_P05_039,2021,20,65.0
VMM_P05_039,2021,21,13.75
VMM_P05_039,2021,22,43.08
VMM_P05_039,2021,23,17.15
VMM_P05_039,2021,24,37.17
VMM_P05_039,2022,1,22.49
VMM_P05_039,2022,2,1.81
VMM_P05_039,2022,3,15.82
VMM_P05_039,2022,4,11.41
VMM_P05_039,2022,5,0.0
VMM_P05_039,2022,6,4.13
VMM_P05_039,2022,7,12.29
VMM_P05_039,2022,8,3.29
VMM_P05_039,2022,9,0.0
VMM_P05_039,2022,10,24.56
VMM_P05_039,2022,11,30.83
VMM_P05_039,2022,12,10.96
VMM_P05_039,2022,13,0.6
VMM_P05_039,2022,14,3.75
VMM_P05_039,2022,15,0.0
VMM_P05_039,2022,16,8.29
VMM_P05_039,2022,17,162.23
VMM_P05_039,2022,18,97.85
VMM_P05_039,2022,19,5.84
VMM_P05_039,2022,20,12.11
VMM_P05_039,2022,21,25.06
VMM_P05_039,2022,22,48.71
VMM_P05_039,2022,23,3.13
VMM_P05_039,2022,24,50.4
VMM_P05_039,2023,1,49.47
VMM_P05_039,2023,2,11.24
VMM_P05_039,2023,3,0.21
VMM_P05_039,2023,4,3.16
VMM_P05_039,2023,5,40.92
VMM_P05_039,2023,6,16.39
VMM_P05_039,2023,7,7.91
VMM_P05_039,2023,8,20.28
VMM_P05_039,2023,9,221.54
VMM_P05_039,2023,10,0.0
VMM_P05_039,2023,11,9.08
VMM_P05_039,2023,12,99.33
VMM_P05_039,2023,13,5.5
VMM_P05_039,2023,14,290.85
VMM_P05_039,2023,15,49.77
VMM_P05_039,2023,16,129.84
VMM_P05_039,2023,17,3.71
VMM_P05_039,2023,18,38.43
VMM_P05_039,2023,19,24.58
VMM_P05_039,2023,20,91.17
VMM_P05_039,2023,21,138.7
VMM_P05_039,2023,22,59.46
VMM_P05_039,2023,23,24.56
VMM_P05_039,2023,24,21.28
VMM_P06_014,2006,1,0.84
VMM_P06_014,2006,2,2.19
VMM_P06_014,2006,3,17.44
VMM_P06_014,2006,4,13.31
VMM_P06_014,2006,5,7.2
VMM_P06_014,2006,6,36.17
VMM_P06_014,2006,7,17.4
VMM_P06_014,2006,8,0.21
VMM_P06_014,2006,9,13.49
VMM_P06_014,2006,10,102.59
VMM_P06_014,2006,11,157.66
VMM_P06_014,2006,12,10.77
VMM_P06_014,2006,13,1.3
VMM_P06_014,2006,14,68.85
VMM_P06_014,2006,15,242.45
VMM_P06_014,2006,16,484.7
VMM_P06_014,2006,17,0.0
VMM_P06_014,2006,18,1.12
VMM_P06_014,2006,19,24.46
VMM_P06_014,2006,20,46.36
VMM_P06_014,2006,21,12.73
VMM_P06_014,2006,22,9.99
VMM_P06_014,2006,23,35.97
VMM_P06_014,2006,24,7.64
VMM_P06_014,2007,1,9.48
VMM_P06_014,2007,2,6.4
VMM_P06_014,2007,3,22.06
VMM_P06_014,2007,4,27.28
VMM_P06_014,2007,5,17.32
VMM_P06_014,2007,6,15.77
VMM_P06_014,2007,7,0.0
VMM_P06_014,2007,8,0.0
VMM_P06_014,2007,9,111.96
VMM_P06_014,2007,10,38.64
VMM_P06_014,2007,11,58.02
VMM_P06_014,2007,12,52.35
VMM_P06_014,2007,13,0.2
VMM_P06_014,2007,14,285.49
VMM_P06_014,2007,15,26.91
VMM_P06_014,2007,16,9.99
VMM_P06_014,2007,17,7.51
VMM_P06_014,2007,18,84.99
VMM_P06_014,2007,19,59.87
VMM_P06_014,2007,20,29.33
VMM_P06_014,2007,21,15.43
VMM_P06_014,2007,22,8.77
VMM_P06_014,2007,23,44.18
VMM_P06_014,2007,24,1.08
VMM_P06_014,2008,1,11.69
VMM_P06_014,2008,2,3.13
VMM_P06_014,2008,3,4.33
VMM_P06_014,2008,4,7.34
VMM_P06_014,2008,5,29.94
VMM_P06_014,2008,6,51.45
VMM_P06_014,2008,7,6.79
VMM_P06_014,2008,8,24.86
VMM_P06_014,2008,9,4.73
VMM_P06_014,2008,10,8.08
VMM_P06_014,2008,11,252.72
VMM_P06_014,2008,12,0.26
VMM_P06_014,2008,13,76.19
VMM_P06_014,2008,14,77.08
VMM_P06_014,2008,15,79.87
VMM_P06_014,2008,16,38.27
VMM_P06_014,2008,17,87.91
VMM_P06_014,2008,18,13.62
VMM_P06_014,2008,19,64.14
VMM_P06_014,2008,20,9.12
VMM_P06_014,2008,21,21.89
VMM_P06_014,2008,22,27.39
VMM_P06_014,2008,23,18.61
VMM_P06_014,2008,24,0.0
VMM_P06_014,2009,1,1.89
VMM_P06_014,2009,2,25.22
VMM_P06_014,2009,3,22.11
VMM_P06_014,2009,4,1.0
VMM_P06_014,2009,5,26.2
VMM_P06_014,2009,6,28.23
VMM_P06_014,2009,7,0.71
VMM_P06_014,2009,8,7.53
VMM_P06_014,2009,9,38.43
VMM_P06_014,2009,10,371.36
VMM_P06_014,2009,11,143.99
VMM_P06_014,2009,12,8.75
VMM_P06_014,2009,13,30.13
VMM_P06_014,2009,14,57.97
VMM_P06_014,2009,15,38.87
VMM_P06_014,2009,16,1.1
VMM_P06_014,2009,17,6.16
VMM_P06_014,2009,18,0.0
VMM_P06_014,2009,19,48.95
VMM_P06_014,2009,20,1.61
VMM_P06_014,2009,21,27.94
VMM_P06_014,2009,22,40.7
VMM_P06_014,2009,23,10.5
VMM_P06_014,2009,24,18.62
VMM_P06_014,2010,1,1.1
VMM_P06_014,2010,2,7.75
VMM_P06_014,2010,3,4.22
VMM_P06_014,2010,4,24.01
VMM_P06_014,2010,5,0.14
VMM_P06_014,2010,6,52.21
VMM_P06_014,2010,7,7.45
VMM_P06_014,2010,8,1.39
VMM_P06_014,2010,9,3.54
VMM_P06_014,2010,10,50.65
VMM_P06_014,2010,11,33.46
VMM_P06_014,2010,12,0.13
VMM_P06_014,2010,13,172.08
VMM_P06_014,2010,14,2.97
VMM_P06_014,2010,15,258.82
VMM_P06_014,2010,16,55.27
VMM_P06_014,2010,17,123.1
VMM_P06_014,2010,18,95.66
VMM_P06_014,2010,19,11.2
VMM_P06_014,2010,20,36.42
VMM_P06_014,2010,21,143.68
VMM_P06_014,2010,22,9.15
VMM_P06_014,2010,23,4.27
VMM_P06_014,2010,24,6.77
VMM_P06_014,2011,1,16.62
VMM_P06_014,2011,2,6.09
VMM_P06_014,2011,3,1.63
VMM_P06_014,2011,4,14.68
VMM_P06_014,2011,5,0.0
VMM_P06_014,2011,6,2.71
VMM_P06_014,2011,7,0.53
VMM_P06_014,2011,8,10.61
VMM_P06_014,2011,9,2.75
VMM_P06_014,2011,10,0.36
VMM_P06_014,2011,11,270.54
VMM_P06_014,2011,12,110.5
VMM_P06_014,2011,13,127.65
VMM_P06_014,2011,14,128.27
VMM_P06_014,2011,15,23.33
VMM_P06_014,2011,16,315.9
VMM_P06_014,2011,17,16.89
VMM_P06_014,2011,18,6.05
VMM_P06_014,2011,19,3.37
VMM_P06_014,2011,20,9.32
VMM_P06_014,2011,21,0.74
VMM_P06_014,2011,22,0.0
VMM_P06_014,2011,23,137.73
VMM_P06_014,2011,24,7.09
VMM_P06_014,2012,1,31.25
VMM_P06_014,2012,2,8.75
VMM_P06_014,2012,3,2.85
VMM_P06_014,2012,4,2.13
VMM_P06_014,2012,5,16.72
VMM_P06_014,2012,6,0.0
VMM_P06_014,2012,7,13.76
VMM_P06_014,2012,8,18.9
VMM_P06_014,2012,9,196.42
VMM_P06_014,2012,10,0.36
VMM_P06_014,2012,11,62.65
VMM_P06_014,2012,12,49.92
VMM_P06_014,2012,13,200.7
VMM_P06_014,2012,14,20.75
VMM_P06_014,2012,15,2.71
VMM_P06_014,2012,16,7.46
VMM_P06_014,2012,17,18.75
VMM_P06_014,2012,18,47.17
VMM_P06_014,2012,19,47.83
VMM_P06_014,2012,20,55.37
VMM_P06_014,2012,21,6.74
VMM_P06_014,2012,22,2.36
VMM_P06_014,2012,23,24.49
VMM_P06_014,2012,24,47.2
VMM_P06_014,2013,1,3.87
VMM_P06_014,2013,2,21.91
VMM_P06_014,2013,3,20.31
VMM_P06_014,2013,4,0.43
VMM_P06_014,2013,5,15.24
VMM_P06_014,2013,6,2.41
VMM_P06_014,2013,7,45.2
VMM_P06_014,2013,8,1.01
VMM_P06_014,2013,9,30.42
VMM_P06_014,2013,10,34.07
VMM_P06_014,2013,11,0.45
VMM_P06_014,2013,12,30.97
VMM_P06_014,2013,13,6.29
VMM_P06_014,2013,14,401.67
VMM_P06_014,2013,15,6.23
VMM_P06_014,2013,16,3.87
VMM_P06_014,2013,17,86.75
VMM_P06_014,2013,18,13.02
VMM_P06_014,2013,19,103.7
VMM_P06_014,2013,20,24.86
VMM_P06_014,2013,21,190.77
VMM_P06_014,2013,22,7.35
VMM_P06_014,2013,23,202.55
VMM_P06_014,2013,24,40.5
VMM_P06_014,2014,1,7.32
VMM_P06_014,2014,2,19.46
VMM_P06_014,2014,3,27.54
VMM_P06_014,2014,4,8.0
VMM_P06_014,2014,5,1.81
VMM_P06_014,2014,6,6.05
VMM_P06_014,2014,7,13.0
VMM_P06_014,2014,8,10.49
VMM_P06_014,2014,9,43.35
VMM_P06_014,2014,10,183.12
VMM_P06_014,2014,11,45.43
VMM_P06_014,2014,12,25.31
VMM_P06_014,2014,13,85.89
VMM_P06_014,2014,14,6.7
VMM_P06_014,2014,15,99.96
VMM_P06_014,2014,16,130.94
VMM_P06_014,2014,17,0.0
VMM_P06_014,2014,18,114.53
VMM_P06_014,2014,19,58.59
VMM_P06_014,2014,20,10.95
VMM_P06_014,2014,21,52.72
VMM_P06_014,2014,22,0.11
VMM_P06_014,2014,23,10.26
VMM_P06_014,2014,24,34.13
VMM_P06_014,2015,1,50.5
VMM_P06_014,2015,2,18.91
VMM_P06_014,2015,3,4.89
VMM_P06_014,2015,4,14.26
VMM_P06_014,2015,5,0.6
VMM_P06_014,2015,6,9.53
VMM_P06_014,2015,7,8.06
VMM_P06_014,2015,8,2.09
VMM_P06_014,2015,9,81.66
VMM_P06_014,2015,10,11.48
VMM_P06_014,2015,11,12.49
VMM_P06_014,2015,12,23.39
VMM_P06_014,2015,13,6.74
VMM_P06_014,2015,14,19.93
VMM_P06_014,2015,15,579.17
VMM_P06_014,2015,16,231.61
VMM_P06_014,2015,17,15.68
VMM_P06_014,2015,18,42.93
VMM_P06_014,2015,19,8.19
VMM_P06_014,2015,20,2.33
VMM_P06_014,2015,21,3.53
VMM_P06_014,2015,22,49.84
VMM_P06_014,2015,23,7.74
VMM_P06_014,2015,24,3.31
VMM_P06_014,2016,1,71.65
VMM_P06_014,2016,2,11.12
VMM_P06_014,2016,3,26.91
VMM_P06_014,2016,4,7.44
VMM_P06_014,2016,5,33.38
VMM_P06_014,2016,6,14.75
VMM_P06_014,2016,7,2.78
VMM_P06_014,2016,8,6.12
VMM_P06_014,2016,9,0.6
VMM_P06_014,2016,10,169.58
VMM_P06_014,2016,11,11.5
VMM_P06_014,2016,12,135.26
VMM_P06_014,2016,13,10.88
VMM_P06_014,2016,14,1.02
VMM_P06_014,2016,15,20.27
VMM_P06_014,2016,16,5.66
VMM_P06_014,2016,17,5.27
VMM_P06_014,2016,18,1.67
VMM_P06_014,2016,19,10.71
VMM_P06_014,2016,20,42.4
VMM_P06_014,2016,21,23.69
VMM_P06_014,2016,22,51.4
VMM_P06_014,2016,23,1.61
VMM_P06_014,2016,24,3.05
VMM_P06_014,2017,1,38.53
VMM_P06_014,2017,2,5.02
VMM_P06_014,2017,3,6.55
VMM_P06_014,2017,4,56.0
VMM_P06_014,2017,5,12.15
VMM_P06_014,2017,6,2.57
VMM_P06_014,2017,7,0.32
VMM_P06_014,2017,8,1.63
VMM_P06_014,2017,9,2.31
VMM_P06_014,2017,10,3.53
VMM_P06_014,2017,11,15.5
VMM_P06_014,2017,12,0.0
VMM_P06_014,2017,13,22.58
VMM_P06_014,2017,14,7.33
VMM_P06_014,2017,15,29.09
VMM_P06_014,2017,16,171.1
VMM_P06_014,2017,17,364.87
VMM_P06_014,2017,18,22.24
VMM_P06_014,2017,19,4.05
VMM_P06_014,2017,20,13.3
VMM_P06_014,2017,21,13.43
VMM_P06_014,2017,22,50.03
VMM_P06_014,2017,23,67.57
VMM_P06_014,2017,24,23.23
VMM_P06_014,2019,1,2.54
VMM_P06_014,2019,2,36.43
VMM_P06_014,2019,3,16.78
VMM_P06_014,2019,4,11.53
VMM_P06_014,2019,5,80.97
VMM_P06_014,2019,6,1.39
VMM_P06_014,2019,7,48.74
VMM_P06_014,2019,8,17.46
VMM_P06_014,2019,9,7.42
VMM_P06_014,2019,10,4.42
VMM_P06_014,2019,11,134.97
VMM_P06_014,2019,12,43.8
VMM_P06_014,2019,13,0.0
VMM_P06_014,2019,14,102.28
VMM_P06_014,2019,15,21.21
VMM_P06_014,2019,16,32.58
VMM_P06_014,2019,17,9.54
VMM_P06_014,2019,18,62.93
VMM_P06_014,2019,19,18.24
VMM_P06_014,2019,20,18.77
VMM_P06_014,2019,21,20.21
VMM_P06_014,2019,22,11.04
VMM_P06_014,2019,23,36.98
VMM_P06_014,2019,24,9.93
VMM_P06_014,2021,1,16.62
VMM_P06_014,2021,2,40.26
VMM_P06_014,2021,3,58.13
VMM_P06_014,2021,4,5.22
VMM_P06_014,2021,5,8.28
VMM_P06_014,2021,6,2.25
VMM_P06_014,2021,7,7.09
VMM_P06_014,2021,8,2.67
VMM_P06_014,2021,9,31.07
VMM_P06_014,2021,10,69.1
VMM_P06_014,2021,11,278.91
VMM_P06_014,2021,12,7.76
VMM_P06_014,2021,13,726.16
VMM_P06_014,2021,14,135.22
VMM_P06_014,2021,15,68.2
VMM_P06_014,2021,16,9.86
VMM_P06_014,2021,17,10.33
VMM_P06_014,2021,18,11.12
VMM_P06_014,2021,19,95.78
VMM_P06_014,2021,20,17.07
VMM_P06_014,2021,21,9.57
VMM_P06_014,2021,22,14.65
VMM_P06_014,2021,23,22.68
VMM_P06_014,2021,24,19.23
VMM_P06_014,2022,1,24.1
VMM_P06_014,2022,2,1.79
VMM_P06_014,2022,3,29.81
VMM_P06_014,2022,4,14.18
VMM_P06_014,2022,5,0.72
VMM_P06_014,2022,6,0.5
VMM_P06_014,2022,7,3.91
VMM_P06_014,2022,8,0.0
VMM_P06_014,2022,9,0.63
VMM_P06_014,2022,10,349.45
VMM_P06_014,2022,11,134.87
VMM_P06_014,2022,12,34.86
VMM_P06_014,2022,13,0.4
VMM_P06_014,2022,14,1.96
VMM_P06_014,2022,15,0.0
VMM_P06_014,2022,16,19.44
VMM_P06_014,2022,17,47.29
VMM_P06_014,2022,18,90.92
VMM_P06_014,2022,19,15.14
VMM_P06_014,2022,20,50.21
VMM_P06_014,2022,21,6.12
VMM_P06_014,2022,22,28.35
VMM_P06_014,2022,23,1.21
VMM_P06_014,2022,24,84.29
VMM_P06_014,2023,1,61.92
VMM_P06_014,2023,2,1.0
VMM_P06_014,2023,3,0.0
VMM_P06_014,2023,4,0.49
VMM_P06_014,2023,5,68.73
VMM_P06_014,2023,6,45.79
VMM_P06_014,2023,7,11.12
VMM_P06_014,2023,8,22.11
VMM_P06_014,2023,9,52.76
VMM_P06_014,2023,10,0.0
VMM_P06_014,2023,11,0.0
VMM_P06_014,2023,12,223.61
VMM_P06_014,2023,13,6.89
VMM_P06_014,2023,14,284.54
VMM_P06_014,2023,15,87.05
VMM_P06_014,2023,16,164.27
VMM_P06_014,2023,17,6.84
VMM_P06_014,2023,18,93.83
VMM_P06_014,2023,19,39.22
VMM_P06_014,2023,20,70.81
VMM_P06_014,2023,21,54.93
VMM_P06_014,2023,22,31.53
VMM_P06_014,2023,23,23.58
VMM_P06_014,2023,24,37.63
VMM_P06_014,2024,1,48.57
VMM_P06_014,2024,2,9.42
VMM_P06_014,2024,3,62.41
VMM_P06_014,2024,4,24.4
VMM_P06_014,2024,5,28.63
VMM_P06_014,2024,6,8.85
VMM_P06_014,2024,7,15.0
VMM_P06_014,2024,8,12.95
VMM_P06_014,2024,9,23.56
VMM_P06_014,2024,10,135.93
VMM_P06_014,2024,11,31.83
VMM_P06_014,2024,12,107.91
VMM_P06_014,2024,13,189.39
VMM_P06_014,2024,14,11.66
VMM_P06_014,2024,15,46.35
VMM_P06_014,2024,16,38.96
VMM_P06_014,2024,17,183.91
VMM_P06_014,2024,18,37.24
VMM_P06_014,2024,19,15.79
VMM_P06_014,2024,20,14.7
VMM_P06_014,2024,21,5.11
VMM_P06_014,2024,22,54.58
VMM_P06_014,2024,23,13.88
VMM_P06_014,2024,24,1.9
VMM_P06_040,2009,1,1.69
VMM_P06_040,2009,2,21.52
VMM_P06_040,2009,3,20.0
VMM_P06_040,2009,4,1.22
VMM_P06_040,2009,5,14.11
VMM_P06_040,2009,6,35.54
VMM_P06_040,2009,7,1.52
VMM_P06_040,2009,8,3.8
VMM_P06_040,2009,9,762.95
VMM_P06_040,2009,10,266.75
VMM_P06_040,2009,11,74.75
VMM_P06_040,2009,12,2.09
VMM_P06_040,2009,13,16.43
VMM_P06_040,2009,14,120.3
VMM_P06_040,2009,15,8.32
VMM_P06_040,2009,16,7.69
VMM_P06_040,2009,17,7.48
VMM_P06_040,2009,18,0.0
VMM_P06_040,2009,19,203.59
VMM_P06_040,2009,20,1.19
VMM_P06_040,2009,21,19.9
VMM_P06_040,2009,22,235.29
VMM_P06_040,2009,23,16.26
VMM_P06_040,2009,24,20.75
VMM_P06_040,2010,1,1.39
VMM_P06_040,2010,2,9.14
VMM_P06_040,2010,3,2.51
VMM_P06_040,2010,4,30.2
VMM_P06_040,2010,5,0.22
VMM_P06_040,2010,6,91.03
VMM_P06_040,2010,7,3.16
VMM_P06_040,2010,8,1.49
VMM_P06_040,2010,9,2.16
VMM_P06_040,2010,10,70.25
VMM_P06_040,2010,11,17.34
VMM_P06_040,2010,12,0.26
VMM_P06_040,2010,13,151.29
VMM_P06_040,2010,14,34.78
VMM_P06_040,2010,15,331.72
VMM_P06_040,2010,16,51.39
VMM_P06_040,2010,17,233.09
VMM_P06_040,2010,18,113.3
VMM_P06_040,2010,19,10.54
VMM_P06_040,2010,20,56.73
VMM_P06_040,2010,21,63.56
VMM_P06_040,2010,22,11.71
VMM_P06_040,2010,23,3.19
VMM_P06_040,2010,24,7.46
VMM_P06_040,2011,1,18.74
VMM_P06_040,2011,2,2.07
VMM_P06_040,2011,3,2.35
VMM_P06_040,2011,4,11.92
VMM_P06_040,2011,5,0.0
VMM_P06_040,2011,6,5.34
VMM_P06_040,2011,7,1.45
VMM_P06_040,2011,8,2.73
VMM_P06_040,2011,9,7.52
VMM_P06_040,2011,10,20.0
VMM_P06_040,2011,11,4.5
VMM_P06_040,2011,12,46.84
VMM_P06_040,2011,13,89.4
VMM_P06_040,2011,14,67.34
VMM_P06_040,2011,15,37.83
VMM_P06_040,2011,16,158.54
VMM_P06_040,2011,17,10.56
VMM_P06_040,2011,18,13.06
VMM_P06_040,2011,19,16.1
VMM_P06_040,2011,20,12.72
VMM_P06_040,2011,21,0.27
VMM_P06_040,2011,22,2.93
VMM_P06_040,2011,23,92.52
VMM_P06_040,2011,24,28.64
VMM_P06_040,2012,1,37.57
VMM_P06_040,2012,2,15.22
VMM_P06_040,2012,3,2.25
VMM_P06_040,2012,4,4.01
VMM_P06_040,2012,5,18.45
VMM_P06_040,2012,6,0.48
VMM_P06_040,2012,7,7.87
VMM_P06_040,2012,8,68.1
VMM_P06_040,2012,9,38.18
VMM_P06_040,2012,10,0.33
VMM_P06_040,2012,11,226.0
VMM_P06_040,2012,12,60.11
VMM_P06_040,2012,13,148.54
VMM_P06_040,2012,14,9.4
VMM_P06_040,2012,15,6.79
VMM_P06_040,2012,16,166.02
VMM_P06_040,2012,17,7.15
VMM_P06_040,2012,18,32.13
VMM_P06_040,2012,19,46.67
VMM_P06_040,2012,20,31.56
VMM_P06_040,2012,21,5.32
VMM_P06_040,2012,22,2.32
VMM_P06_040,2012,23,31.55
VMM_P06_040,2012,24,57.45
VMM_P06_040,2013,1,4.15
VMM_P06_040,2013,2,38.62
VMM_P06_040,2013,3,13.91
VMM_P06_040,2013,4,0.46
VMM_P06_040,2013,5,0.0
VMM_P06_040,2013,6,0.0
VMM_P06_040,2013,7,3.61
VMM_P06_040,2013,8,0.25
VMM_P06_040,2013,9,6.61
VMM_P06_040,2013,10,3.38
VMM_P06_040,2013,11,0.45
VMM_P06_040,2013,12,123.66
VMM_P06_040,2013,13,11.06
VMM_P06_040,2013,14,497.1
VMM_P06_040,2013,15,4.77
VMM_P06_040,2013,16,6.11
VMM_P06_040,2013,17,56.56
VMM_P06_040,2013,18,7.19
VMM_P06_040,2013,19,116.08
VMM_P06_040,2013,20,50.08
VMM_P06_040,2013,21,210.85
VMM_P06_040,2013,22,8.04
VMM_P06_040,2013,23,3.42
VMM_P06_040,2013,24,67.55
VMM_P06_040,2014,1,32.85
VMM_P06_040,2014,2,23.62
VMM_P06_040,2014,3,31.08
VMM_P06_040,2014,4,31.5
VMM_P06_040,2014,5,1.24
VMM_P06_040,2014,6,11.13
VMM_P06_040,2014,7,18.29
VMM_P06_040,2014,8,1.72
VMM_P06_040,2014,9,72.3
VMM_P06_040,2014,10,18.19
VMM_P06_040,2014,11,71.7
VMM_P06_040,2014,12,9.21
VMM_P06_040,2014,13,85.92
VMM_P06_040,2014,14,12.64
VMM_P06_040,2014,15,227.13
VMM_P06_040,2014,16,89.75
VMM_P06_040,2014,17,0.0
VMM_P06_040,2014,18,11.01
VMM_P06_040,2014,19,37.96
VMM_P06_040,2014,20,21.92
VMM_P06_040,2014,21,76.76
VMM_P06_040,2014,22,0.31
VMM_P06_040,2014,23,12.21
VMM_P06_040,2014,24,34.45
VMM_P06_040,2015,1,69.26
VMM_P06_040,2015,2,15.14
VMM_P06_040,2015,3,9.37
VMM_P06_040,2015,4,16.23
VMM_P06_040,2015,5,9.21
VMM_P06_040,2015,6,13.55
VMM_P06_040,2015,7,4.2
VMM_P06_040,2015,8,9.12
VMM_P06_040,2015,9,56.92
VMM_P06_040,2015,10,12.29
VMM_P06_040,2015,11,0.27
VMM_P06_040,2015,12,20.42
VMM_P06_040,2015,13,0.52
VMM_P06_040,2015,14,47.95
VMM_P06_040,2015,15,148.28
VMM_P06_040,2015,16,259.19
VMM_P06_040,2015,17,27.27
VMM_P06_040,2015,18,18.92
VMM_P06_040,2015,19,7.1
VMM_P06_040,2015,20,2.17
VMM_P06_040,2015,21,2.37
VMM_P06_040,2015,22,68.42
VMM_P06_040,2015,23,9.82
VMM_P06_040,2015,24,2.93
VMM_P06_040,2016,1,59.36
VMM_P06_040,2016,2,12.35
VMM_P06_040,2016,3,23.01
VMM_P06_040,2016,4,8.38
VMM_P06_040,2016,5,31.54
VMM_P06_040,2016,6,13.99
VMM_P06_040,2016,7,10.02
VMM_P06_040,2016,8,10.0
VMM_P06_040,2016,9,2.15
VMM_P06_040,2016,10,185.86
VMM_P06_040,2016,11,123.68
VMM_P06_040,2016,12,382.64
VMM_P06_040,2016,13,23.01
VMM_P06_040,2016,14,0.2
VMM_P06_040,2016,15,30.08
VMM_P06_040,2016,16,14.47
VMM_P06_040,2016,17,19.65
VMM_P06_040,2016,18,1.99
VMM_P06_040,2016,19,12.92
VMM_P06_040,2016,20,41.23
VMM_P06_040,2016,21,18.65
VMM_P06_040,2016,22,114.8
VMM_P06_040,2016,23,1.99
VMM_P06_040,2016,24,6.2
VMM_P06_040,2017,1,36.08
VMM_P06_040,2017,2,3.39
VMM_P06_040,2017,3,4.43
VMM_P06_040,2017,4,39.36
VMM_P06_040,2017,5,15.1
VMM_P06_040,2017,6,2.15
VMM_P06_040,2017,7,0.51
VMM_P06_040,2017,8,0.84
VMM_P06_040,2017,9,2.36
VMM_P06_040,2017,10,1.0
VMM_P06_040,2017,11,26.78
VMM_P06_040,2017,12,0.0
VMM_P06_040,2017,13,43.61
VMM_P06_040,2017,14,23.57
VMM_P06_040,2017,15,24.99
VMM_P06_040,2017,16,189.13
VMM_P06_040,2017,17,32.51
VMM_P06_040,2017,18,193.0
VMM_P06_040,2017,19,16.08
VMM_P06_040,2017,20,23.66
VMM_P06_040,2017,21,25.14
VMM_P06_040,2017,22,56.69
VMM_P06_040,2017,23,87.78
VMM_P06_040,2017,24,22.79
VMM_P06_040,2018,1,132.1
VMM_P06_040,2018,2,19.94
VMM_P06_040,2018,3,8.4
VMM_P06_040,2018,4,0.06
VMM_P06_040,2018,5,131.64
VMM_P06_040,2018,6,6.47
VMM_P06_040,2018,7,39.31
VMM_P06_040,2018,8,7.87
VMM_P06_040,2018,9,1.96
VMM_P06_040,2018,10,419.73
VMM_P06_040,2018,11,0.23
VMM_P06_040,2018,12,0.0
VMM_P06_040,2018,13,0.0
VMM_P06_040,2018,14,0.54
VMM_P06_040,2018,15,36.67
VMM_P06_040,2018,16,39.36
VMM_P06_040,2018,17,0.0
VMM_P06_040,2018,18,57.92
VMM_P06_040,2018,19,10.8
VMM_P06_040,2018,20,22.57
VMM_P06_040,2018,21,7.75
VMM_P06_040,2018,22,1.51
VMM_P06_040,2018,23,42.27
VMM_P06_040,2018,24,23.73
VMM_P06_040,2019,1,5.64
VMM_P06_040,2019,2,16.58
VMM_P06_040,2019,3,11.65
VMM_P06_040,2019,4,2.93
VMM_P06_040,2019,5,68.16
VMM_P06_040,2019,6,0.22
VMM_P06_040,2019,7,10.72
VMM_P06_040,2019,8,6.4
VMM_P06_040,2019,9,10.2
VMM_P06_040,2019,10,12.86
VMM_P06_040,2019,11,326.45
VMM_P06_040,2019,12,22.18
VMM_P06_040,2019,13,0.0
VMM_P06_040,2019,14,16.31
VMM_P06_040,2019,15,47.38
VMM_P06_040,2019,16,5.8
VMM_P06_040,2019,17,7.47
VMM_P06_040,2019,18,107.92
VMM_P06_040,2019,19,44.09
VMM_P06_040,2019,20,10.91
VMM_P06_040,2019,21,28.48
VMM_P06_040,2019,22,16.99
VMM_P06_040,2019,23,55.34
VMM_P06_040,2019,24,11.56
VMM_P06_040,2020,1,17.94
VMM_P06_040,2020,2,5.23
VMM_P06_040,2020,3,47.48
VMM_P06_040,2020,4,45.66
VMM_P06_040,2020,5,34.84
VMM_P06_040,2020,6,0.16
VMM_P06_040,2020,7,0.0
VMM_P06_040,2020,8,27.35
VMM_P06_040,2020,9,5.52
VMM_P06_040,2020,10,0.0
VMM_P06_040,2020,11,22.8
VMM_P06_040,2020,12,69.06
VMM_P06_040,2020,13,2.6
VMM_P06_040,2020,14,1.56
VMM_P06_040,2020,15,448.94
VMM_P06_040,2020,16,41.16
VMM_P06_040,2020,17,0.0
VMM_P06_040,2020,18,173.74
VMM_P06_040,2020,19,51.81
VMM_P06_040,2020,20,43.57
VMM_P06_040,2020,21,32.19
VMM_P06_040,2020,22,32.55
VMM_P06_040,2020,23,3.75
VMM_P06_040,2020,24,25.77
VMM_P06_040,2021,1,22.34
VMM_P06_040,2021,2,38.17
VMM_P06_040,2021,3,27.84
VMM_P06_040,2021,4,0.0
VMM_P06_040,2021,5,7.19
VMM_P06_040,2021,6,1.69
VMM_P06_040,2021,7,4.18
VMM_P06_040,2021,8,5.04
VMM_P06_040,2021,9,28.39
VMM_P06_040,2021,10,70.74
VMM_P06_040,2021,11,12.37
VMM_P06_040,2021,12,56.37
VMM_P06_040,2021,13,80.99
VMM_P06_040,2021,14,190.88
VMM_P06_040,2021,15,150.02
VMM_P06_040,2021,16,66.25
VMM_P06_040,2021,17,0.18
VMM_P06_040,2021,18,8.92
VMM_P06_040,2021,19,54.28
VMM_P06_040,2021,20,52.25
VMM_P06_040,2021,21,2.65
VMM_P06_040,2021,22,16.64
VMM_P06_040,2021,23,40.74
VMM_P06_040,2021,24,33.91
VMM_P06_040,2022,1,29.63
VMM_P06_040,2022,2,2.93
VMM_P06_040,2022,3,18.6
VMM_P06_040,2022,4,13.94
VMM_P06_040,2022,5,0.0
VMM_P06_040,2022,6,0.0
VMM_P06_040,2022,7,10.98
VMM_P06_040,2022,8,4.33
VMM_P06_040,2022,9,2.58
VMM_P06_040,2022,10,28.68
VMM_P06_040,2022,11,116.15
VMM_P06_040,2022,12,41.83
VMM_P06_040,2022,13,2.44
VMM_P06_040,2022,14,1.36
VMM_P06_040,2022,15,0.0
VMM_P06_040,2022,16,17.83
VMM_P06_040,2022,17,158.12
VMM_P06_040,2022,18,169.83
VMM_P06_040,2022,19,5.67
VMM_P06_040,2022,20,91.82
VMM_P06_040,2022,21,10.41
VMM_P06_040,2022,22,23.29
VMM_P06_040,2022,23,4.06
VMM_P06_040,2022,24,55.18
VMM_P06_040,2023,1,80.6
VMM_P06_040,2023,2,1.42
VMM_P06_040,2023,3,0.0
VMM_P06_040,2023,4,0.47
VMM_P06_040,2023,5,41.89
VMM_P06_040,2023,6,28.66
VMM_P06_040,2023,7,5.76
VMM_P06_040,2023,8,16.52
VMM_P06_040,2023,9,28.17
VMM_P06_040,2023,10,0.0
VMM_P06_040,2023,11,0.0
VMM_P06_040,2023,12,23.81
VMM_P06_040,2023,13,10.81
VMM_P06_040,2023,14,162.98
VMM_P06_040,2023,15,42.99
VMM_P06_040,2023,16,488.4
VMM_P06_040,2023,17,2.21
VMM_P06_040,2023,18,105.14
VMM_P06_040,2023,19,24.69
VMM_P06_040,2023,20,70.36
VMM_P06_040,2023,21,113.41
VMM_P06_040,2023,22,38.0
VMM_P06_040,2023,23,19.55
VMM_P06_040,2023,24,63.01
VMM_P06_040,2024,1,64.78
VMM_P06_040,2024,2,9.89
VMM_P06_040,2024,3,40.33
VMM_P06_040,2024,4,15.2
VMM_P06_040,2024,5,38.1
VMM_P06_040,2024,6,9.07
VMM_P06_040,2024,7,30.25
VMM_P06_040,2024,8,24.25
VMM_P06_040,2024,9,34.35
VMM_P06_040,2024,10,84.67
VMM_P06_040,2024,11,31.0
VMM_P06_040,2024,12,48.0
VMM_P06_040,2024,13,74.61
VMM_P06_040,2024,14,7.2
VMM_P06_040,2024,15,52.59
VMM_P06_040,2024,16,116.16
VMM_P06_040,2024,17,96.67
VMM_P06_040,2024,18,18.73
VMM_P06_040,2024,19,5.37
VMM_P06_040,2024,20,39.59
VMM_P06_040,2024,21,5.31
VMM_P06_040,2024,22,31.43
VMM_P06_040,2024,23,27.48
VMM_P06_040,2024,24,4.24
VMM_P07_006,2005,1,1.35
VMM_P07_006,2005,2,12.71
VMM_P07_006,2005,3,21.36
VMM_P07_006,2005,4,7.28
VMM_P07_006,2005,5,6.61
VMM_P07_006,2005,6,0.42
VMM_P07_006,2005,7,16.73
VMM_P07_006,2005,8,16.4
VMM_P07_006,2005,9,20.71
VMM_P07_006,2005,10,44.81
VMM_P07_006,2005,11,25.42
VMM_P07_006,2005,12,519.81
VMM_P07_006,2005,13,227.5
VMM_P07_006,2005,14,65.22
VMM_P07_006,2005,15,39.02
VMM_P07_006,2005,16,53.35
VMM_P07_006,2005,17,17.41
VMM_P07_006,2005,18,16.22
VMM_P07_006,2005,19,0.0
VMM_P07_006,2005,20,136.93
VMM_P07_006,2005,21,6.05
VMM_P07_006,2005,22,35.4
VMM_P07_006,2005,23,2.18
VMM_P07_006,2005,24,13.35
VMM_P07_006,2006,1,0.71
VMM_P07_006,2006,2,4.58
VMM_P07_006,2006,3,24.43
VMM_P07_006,2006,4,11.12
VMM_P07_006,2006,5,3.55
VMM_P07_006,2006,6,23.66
VMM_P07_006,2006,7,31.26
VMM_P07_006,2006,8,0.83
VMM_P07_006,2006,9,168.08
VMM_P07_006,2006,10,39.94
VMM_P07_006,2006,11,116.25
VMM_P07_006,2006,12,5.09
VMM_P07_006,2006,13,38.73
VMM_P07_006,2006,14,29.48
VMM_P07_006,2006,15,161.32
VMM_P07_006,2006,16,150.01
VMM_P07_006,2006,17,0.0
VMM_P07_006,2006,18,7.08
VMM_P07_006,2006,19,20.93
VMM_P07_006,2006,20,8.76
VMM_P07_006,2006,21,11.69
VMM_P07_006,2006,22,17.55
VMM_P07_006,2006,23,60.62
VMM_P07_006,2006,24,0.52
VMM_P07_006,2007,1,18.34
VMM_P07_006,2007,2,12.54
VMM_P07_006,2007,3,11.58
VMM_P07_006,2007,4,66.58
VMM_P07_006,2007,5,24.96
VMM_P07_006,2007,6,9.44
VMM_P07_006,2007,7,0.0
VMM_P07_006,2007,8,0.0
VMM_P07_006,2007,9,47.39
VMM_P07_006,2007,10,35.23
VMM_P07_006,2007,11,122.89
VMM_P07_006,2007,12,92.83
VMM_P07_006,2007,13,81.8
VMM_P07_006,2007,14,248.7
VMM_P07_006,2007,15,12.58
VMM_P07_006,2007,16,65.21
VMM_P07_006,2007,17,7.28
VMM_P07_006,2007,18,31.1
VMM_P07_006,2007,19,22.12
VMM_P07_006,2007,20,32.18
VMM_P07_006,2007,21,28.57
VMM_P07_006,2007,22,11.79
VMM_P07_006,2007,23,53.17
VMM_P07_006,2007,24,1.07
VMM_P07_006,2008,1,16.72
VMM_P07_006,2008,2,11.12
VMM_P07_006,2008,3,3.09
VMM_P07_006,2008,4,12.23
VMM_P07_006,2008,5,35.41
VMM_P07_006,2008,6,42.51
VMM_P07_006,2008,7,10.3
VMM_P07_006,2008,8,17.03
VMM_P07_006,2008,9,890.84
VMM_P07_006,2008,10,14.33
VMM_P07_006,2008,11,41.74
VMM_P07_006,2008,12,25.05
VMM_P07_006,2008,13,45.24
VMM_P07_006,2008,14,26.44
VMM_P07_006,2008,15,652.27
VMM_P07_006,2008,16,9.09
VMM_P07_006,2008,17,9.15
VMM_P07_006,2008,18,14.8
VMM_P07_006,2008,19,30.68
VMM_P07_006,2008,20,3.86
VMM_P07_006,2008,21,13.8
VMM_P07_006,2008,22,29.49
VMM_P07_006,2008,23,10.07
VMM_P07_006,2008,24,0.12
VMM_P07_006,2009,1,2.84
VMM_P07_006,2009,2,28.39
VMM_P07_006,2009,3,18.52
VMM_P07_006,2009,4,0.75
VMM_P07_006,2009,5,16.42
VMM_P07_006,2009,6,32.57
VMM_P07_006,2009,7,10.84
VMM_P07_006,2009,8,8.39
VMM_P07_006,2009,9,153.55
VMM_P07_006,2009,10,79.03
VMM_P07_006,2009,11,54.0
VMM_P07_006,2009,12,1.34
VMM_P07_006,2009,13,31.49
VMM_P07_006,2009,14,115.9
VMM_P07_006,2009,15,5.48
VMM_P07_006,2009,16,13.0
VMM_P07_006,2009,17,3.95
VMM_P07_006,2009,18,0.0
VMM_P07_006,2009,19,63.42
VMM_P07_006,2009,20,1.0
VMM_P07_006,2009,21,24.33
VMM_P07_006,2009,22,70.94
VMM_P07_006,2009,23,12.54
VMM_P07_006,2009,24,21.77
VMM_P07_006,2010,1,2.09
VMM_P07_006,2010,2,8.09
VMM_P07_006,2010,3,3.64
VMM_P07_006,2010,4,21.41
VMM_P07_006,2010,5,1.28
VMM_P07_006,2010,6,52.25
VMM_P07_006,2010,7,5.04
VMM_P07_006,2010,8,1.02
VMM_P07_006,2010,9,3.71
VMM_P07_006,2010,10,17.67
VMM_P07_006,2010,11,53.55
VMM_P07_006,2010,12,0.0
VMM_P07_006,2010,13,94.02
VMM_P07_006,2010,14,14.01
VMM_P07_006,2010,15,274.3
VMM_P07_006,2010,16,65.29
VMM_P07_006,2010,17,57.93
VMM_P07_006,2010,18,20.17
VMM_P07_006,2010,19,15.36
VMM_P07_006,2010,20,27.18
VMM_P07_006,2010,21,153.22
VMM_P07_006,2010,22,2.5
VMM_P07_006,2010,23,5.23
VMM_P07_006,2010,24,11.75
VMM_P07_006,2011,1,21.17
VMM_P07_006,2011,2,3.63
VMM_P07_006,2011,3,4.08
VMM_P07_006,2011,4,16.09
VMM_P07_006,2011,5,0.0
VMM_P07_006,2011,6,6.09
VMM_P07_006,2011,7,1.21
VMM_P07_006,2011,8,0.3
VMM_P07_006,2011,9,1.63
VMM_P07_006,2011,10,5.99
VMM_P07_006,2011,11,11.23
VMM_P07_006,2011,12,134.24
VMM_P07_006,2011,13,16.82
VMM_P07_006,2011,14,95.76
VMM_P07_006,2011,15,38.79
VMM_P07_006,2011,16,520.3
VMM_P07_006,2011,17,49.39
VMM_P07_006,2011,18,8.89
VMM_P07_006,2011,19,10.28
VMM_P07_006,2011,20,5.63
VMM_P07_006,2011,21,2.13
VMM_P07_006,2011,22,0.0
VMM_P07_006,2011,23,100.9
VMM_P07_006,2011,24,10.49
VMM_P07_006,2012,1,16.53
VMM_P07_006,2012,2,18.15
VMM_P07_006,2012,3,7.19
VMM_P07_006,2012,4,1.71
VMM_P07_006,2012,5,24.52
VMM_P07_006,2012,6,1.95
VMM_P07_006,2012,7,18.89
VMM_P07_006,2012,8,110.61
VMM_P07_006,2012,9,32.26
VMM_P07_006,2012,10,0.0
VMM_P07_006,2012,11,103.53
VMM_P07_006,2012,12,58.4
VMM_P07_006,2012,13,491.7
VMM_P07_006,2012,14,86.8
VMM_P07_006,2012,15,1.01
VMM_P07_006,2012,16,9.89
VMM_P07_006,2012,17,9.6
VMM_P07_006,2012,18,37.64
VMM_P07_006,2012,19,40.86
VMM_P07_006,2012,20,11.6
VMM_P07_006,2012,21,8.08
VMM_P07_006,2012,22,1.28
VMM_P07_006,2012,23,29.58
VMM_P07_006,2012,24,50.6
VMM_P07_006,2013,1,5.46
VMM_P07_006,2013,2,17.16
VMM_P07_006,2013,3,10.14
VMM_P07_006,2013,4,0.34
VMM_P07_006,2013,5,10.09
VMM_P07_006,2013,6,4.33
VMM_P07_006,2013,7,8.67
VMM_P07_006,2013,8,2.95
VMM_P07_006,2013,9,34.98
VMM_P07_006,2013,10,76.56
VMM_P07_006,2013,11,0.28
VMM_P07_006,2013,12,59.35
VMM_P07_006,2013,13,23.16
VMM_P07_006,2013,14,655.58
VMM_P07_006,2013,15,36.46
VMM_P07_006,2013,16,3.19
VMM_P07_006,2013,17,117.94
VMM_P07_006,2013,18,7.58
VMM_P07_006,2013,19,54.48
VMM_P07_006,2013,20,13.55
VMM_P07_006,2013,21,86.67
VMM_P07_006,2013,22,12.48
VMM_P07_006,2013,23,1.25
VMM_P07_006,2013,24,88.17
VMM_P07_006,2014,1,12.76
VMM_P07_006,2014,2,16.55
VMM_P07_006,2014,3,35.17
VMM_P07_006,2014,4,4.11
VMM_P07_006,2014,5,0.38
VMM_P07_006,2014,6,7.15
VMM_P07_006,2014,7,10.47
VMM_P07_006,2014,8,0.06
VMM_P07_006,2014,9,63.02
VMM_P07_006,2014,10,31.81
VMM_P07_006,2014,11,131.2
VMM_P07_006,2014,12,6.92
VMM_P07_006,2014,13,174.52
VMM_P07_006,2014,14,55.84
VMM_P07_006,2014,15,33.19
VMM_P07_006,2014,16,280.54
VMM_P07_006,2014,17,0.0
VMM_P07_006,2014,18,5.68
VMM_P07_006,2014,19,122.74
VMM_P07_006,2014,20,13.94
VMM_P07_006,2014,21,97.08
VMM_P07_006,2014,22,0.0
VMM_P07_006,2014,23,8.47
VMM_P07_006,2014,24,46.26
VMM_P07_006,2015,1,74.21
VMM_P07_006,2015,2,14.84
VMM_P07_006,2015,3,6.06
VMM_P07_006,2015,4,12.69
VMM_P07_006,2015,5,3.06
VMM_P07_006,2015,6,42.82
VMM_P07_006,2015,7,2.25
VMM_P07_006,2015,8,2.24
VMM_P07_006,2015,9,75.04
VMM_P07_006,2015,10,11.69
VMM_P07_006,2015,11,53.37
VMM_P07_006,2015,12,7.47
VMM_P07_006,2015,13,0.38
VMM_P07_006,2015,14,21.65
VMM_P07_006,2015,15,480.63
VMM_P07_006,2015,16,16.96
VMM_P07_006,2015,17,35.99
VMM_P07_006,2015,18,19.47
VMM_P07_006,2015,19,12.25
VMM_P07_006,2015,20,0.4
VMM_P07_006,2015,21,1.97
VMM_P07_006,2015,22,68.92
VMM_P07_006,2015,23,7.41
VMM_P07_006,2015,24,5.89
VMM_P07_006,2016,1,97.5
VMM_P07_006,2016,2,17.11
VMM_P07_006,2016,3,36.17
VMM_P07_006,2016,4,6.26
VMM_P07_006,2016,5,34.13
VMM_P07_006,2016,6,25.86
VMM_P07_006,2016,7,50.9
VMM_P07_006,2016,8,34.94
VMM_P07_006,2016,9,7.64
VMM_P07_006,2016,10,193.75
VMM_P07_006,2016,11,72.74
VMM_P07_006,2016,12,146.59
VMM_P07_006,2016,13,80.57
VMM_P07_006,2016,14,479.95
VMM_P07_006,2016,15,43.3
VMM_P07_006,2016,16,11.2
VMM_P07_006,2016,17,1.0
VMM_P07_006,2016,18,1.32
VMM_P07_006,2016,19,20.65
VMM_P07_006,2016,20,17.57
VMM_P07_006,2016,21,31.38
VMM_P07_006,2016,22,54.03
VMM_P07_006,2016,23,0.9
VMM_P07_006,2016,24,6.07
VMM_P07_006,2019,1,2.0
VMM_P07_006,2019,2,30.18
VMM_P07_006,2019,3,17.25
VMM_P07_006,2019,4,5.69
VMM_P07_006,2019,5,24.1
VMM_P07_006,2019,6,1.82
VMM_P07_006,2019,7,2.93
VMM_P07_006,2019,8,0.24
VMM_P07_006,2019,9,14.73
VMM_P07_006,2019,10,102.3
VMM_P07_006,2019,11,291.58
VMM_P07_006,2019,12,1.12
VMM_P07_006,2019,13,0.0
VMM_P07_006,2019,14,30.29
VMM_P07_006,2019,15,55.03
VMM_P07_006,2019,16,4.47
VMM_P07_006,2019,17,6.21
VMM_P07_006,2019,18,66.36
VMM_P07_006,2019,19,17.43
VMM_P07_006,2019,20,28.85
VMM_P07_006,2019,21,20.51
VMM_P07_006,2019,22,7.72
VMM_P07_006,2019,23,12.5
VMM_P07_006,2019,24,10.88
VMM_P07_006,2020,1,6.65
VMM_P07_006,2020,2,12.19
VMM_P07_006,2020,3,11.57
VMM_P07_006,2020,4,31.17
VMM_P07_006,2020,5,24.57
VMM_P07_006,2020,6,0.43
VMM_P07_006,2020,7,0.0
VMM_P07_006,2020,8,32.33
VMM_P07_006,2020,9,34.64
VMM_P07_006,2020,10,0.0
VMM_P07_006,2020,11,14.35
VMM_P07_006,2020,12,136.98
VMM_P07_006,2020,13,4.29
VMM_P07_006,2020,14,13.61
VMM_P07_006,2020,15,13.87
VMM_P07_006,2020,16,203.76
VMM_P07_006,2020,17,0.0
VMM_P07_006,2020,18,188.59
VMM_P07_006,2020,19,21.75
VMM_P07_006,2020,20,55.86
VMM_P07_006,2020,21,16.0
VMM_P07_006,2020,22,16.09
VMM_P07_006,2020,23,3.29
VMM_P07_006,2020,24,25.55
VMM_P07_006,2021,1,19.53
VMM_P07_006,2021,2,25.56
VMM_P07_006,2021,3,28.76
VMM_P07_006,2021,4,3.54
VMM_P07_006,2021,5,12.11
VMM_P07_006,2021,6,1.08
VMM_P07_006,2021,7,8.47
VMM_P07_006,2021,8,0.0
VMM_P07_006,2021,9,16.41
VMM_P07_006,2021,10,31.63
VMM_P07_006,2021,11,7.9
VMM_P07_006,2021,12,319.19
VMM_P07_006,2021,13,84.55
VMM_P07_006,2021,14,24.33
VMM_P07_006,2021,15,52.58
VMM_P07_006,2021,16,146.41
VMM_P07_006,2021,17,41.57
VMM_P07_006,2021,18,2.94
VMM_P07_006,2021,19,62.88
VMM_P07_006,2021,20,67.56
VMM_P07_006,2021,21,4.8
VMM_P07_006,2021,22,31.48
VMM_P07_006,2021,23,29.89
VMM_P07_006,2021,24,25.41
VMM_P07_006,2022,1,16.52
VMM_P07_006,2022,2,6.83
VMM_P07_006,2022,3,29.45
VMM_P07_006,2022,4,10.04
VMM_P07_006,2022,5,0.0
VMM_P07_006,2022,6,0.0
VMM_P07_006,2022,7,4.1
VMM_P07_006,2022,8,58.44
VMM_P07_006,2022,9,0.0
VMM_P07_006,2022,10,149.66
VMM_P07_006,2022,11,43.99
VMM_P07_006,2022,12,35.31
VMM_P07_006,2022,13,0.75
VMM_P07_006,2022,14,0.6
VMM_P07_006,2022,15,0.0
VMM_P07_006,2022,16,3.64
VMM_P07_006,2022,17,99.38
VMM_P07_006,2022,18,57.84
VMM_P07_006,2022,19,1.68
VMM_P07_006,2022,20,40.72
VMM_P07_006,2022,21,2.79
VMM_P07_006,2022,22,27.07
VMM_P07_006,2022,23,0.37
VMM_P07_006,2022,24,54.97
VMM_P07_006,2023,1,38.59
VMM_P07_006,2023,2,1.13
VMM_P07_006,2023,3,0.34
VMM_P07_006,2023,4,0.0
VMM_P07_006,2023,5,30.62
VMM_P07_006,2023,6,58.61
VMM_P07_006,2023,7,13.65
VMM_P07_006,2023,8,4.26
VMM_P07_006,2023,9,47.7
VMM_P07_006,2023,10,0.0
VMM_P07_006,2023,11,0.0
VMM_P07_006,2023,12,84.41
VMM_P07_006,2023,13,4.43
VMM_P07_006,2023,14,194.41
VMM_P07_006,2023,15,51.37
VMM_P07_006,2023,16,245.87
VMM_P07_006,2023,17,11.03
VMM_P07_006,2023,18,16.99
VMM_P07_006,2023,19,50.26
VMM_P07_006,2023,20,77.59
VMM_P07_006,2023,21,86.84
VMM_P07_006,2023,22,37.02
VMM_P07_006,2023,23,11.74
VMM_P07_006,2023,24,51.38
VMM_P07_006,2024,1,61.37
VMM_P07_006,2024,2,5.48
VMM_P07_006,2024,3,43.99
VMM_P07_006,2024,4,18.51
VMM_P07_006,2024,5,38.59
VMM_P07_006,2024,6,6.26
VMM_P07_006,2024,7,19.3
VMM_P07_006,2024,8,8.31
VMM_P07_006,2024,9,12.76
VMM_P07_006,2024,10,76.26
VMM_P07_006,2024,11,45.51
VMM_P07_006,2024,12,63.53
VMM_P07_006,2024,13,154.2
VMM_P07_006,2024,14,2.58
VMM_P07_006,2024,15,133.66
VMM_P07_006,2024,16,24.03
VMM_P07_006,2024,17,56.01
VMM_P07_006,2024,18,14.01
VMM_P07_006,2024,19,18.21
VMM_P07_006,2024,20,26.87
VMM_P07_006,2024,21,0.5
VMM_P07_006,2024,22,56.49
VMM_P07_006,2024,23,34.67
VMM_P07_006,2024,24,10.66
VMM_P07_021,2009,1,4.08
VMM_P07_021,2009,2,21.64
VMM_P07_021,2009,3,20.61
VMM_P07_021,2009,4,0.74
VMM_P07_021,2009,5,7.99
VMM_P07_021,2009,6,30.57
VMM_P07_021,2009,7,2.46
VMM_P07_021,2009,8,10.14
VMM_P07_021,2009,9,211.48
VMM_P07_021,2009,10,88.21
VMM_P07_021,2009,11,47.42
VMM_P07_021,2009,12,53.41
VMM_P07_021,2009,13,32.95
VMM_P07_021,2009,14,57.47
VMM_P07_021,2009,15,57.58
VMM_P07_021,2009,16,26.14
VMM_P07_021,2009,17,12.76
VMM_P07_021,2009,18,0.0
VMM_P07_021,2009,19,67.51
VMM_P07_021,2009,20,0.74
VMM_P07_021,2009,21,26.26
VMM_P07_021,2009,22,25.39
VMM_P07_021,2009,23,7.35
VMM_P07_021,2009,24,21.51
VMM_P07_021,2010,1,0.31
VMM_P07_021,2010,2,7.73
VMM_P07_021,2010,3,4.2
VMM_P07_021,2010,4,25.35
VMM_P07_021,2010,5,0.33
VMM_P07_021,2010,6,26.77
VMM_P07_021,2010,7,11.41
VMM_P07_021,2010,8,4.57
VMM_P07_021,2010,9,5.65
VMM_P07_021,2010,10,46.26
VMM_P07_021,2010,11,17.68
VMM_P07_021,2010,12,0.18
VMM_P07_021,2010,13,146.35
VMM_P07_021,2010,14,2.48
VMM_P07_021,2010,15,129.45
VMM_P07_021,2010,16,59.56
VMM_P07_021,2010,17,104.81
VMM_P07_021,2010,18,103.13
VMM_P07_021,2010,19,10.55
VMM_P07_021,2010,20,31.68
VMM_P07_021,2010,21,97.57
VMM_P07_021,2010,22,3.13
VMM_P07_021,2010,23,19.8
VMM_P07_021,2010,24,9.51
VMM_P07_021,2011,1,20.6
VMM_P07_021,2011,2,2.83
VMM_P07_021,2011,3,5.3
VMM_P07_021,2011,4,8.79
VMM_P07_021,2011,5,0.0
VMM_P07_021,2011,6,11.63
VMM_P07_021,2011,7,0.0
VMM_P07_021,2011,8,130.82
VMM_P07_021,2011,9,1.13
VMM_P07_021,2011,10,0.8
VMM_P07_021,2011,11,2.9
VMM_P07_021,2011,12,42.2
VMM_P07_021,2011,13,164.32
VMM_P07_021,2011,14,181.07
VMM_P07_021,2011,15,50.14
VMM_P07_021,2011,16,577.24
VMM_P07_021,2011,17,110.46
VMM_P07_021,2011,18,8.46
VMM_P07_021,2011,19,11.31
VMM_P07_021,2011,20,27.58
VMM_P07_021,2011,21,1.16
VMM_P07_021,2011,22,0.0
VMM_P07_021,2011,23,84.08
VMM_P07_021,2011,24,24.7
VMM_P07_021,2012,1,16.35
VMM_P07_021,2012,2,15.05
VMM_P07_021,2012,3,3.08
VMM_P07_021,2012,4,0.71
VMM_P07_021,2012,5,15.12
VMM_P07_021,2012,6,0.0
VMM_P07_021,2012,7,12.47
VMM_P07_021,2012,8,17.45
VMM_P07_021,2012,9,59.8
VMM_P07_021,2012,10,0.0
VMM_P07_021,2012,11,120.73
VMM_P07_021,2012,12,55.19
VMM_P07_021,2012,13,469.12
VMM_P07_021,2012,14,55.38
VMM_P07_021,2012,15,0.75
VMM_P07_021,2012,16,20.22
VMM_P07_021,2012,17,6.07
VMM_P07_021,2012,18,18.72
VMM_P07_021,2012,19,116.45
VMM_P07_021,2012,20,15.96
VMM_P07_021,2012,21,7.7
VMM_P07_021,2012,22,2.48
VMM_P07_021,2012,23,28.78
VMM_P07_021,2012,24,40.85
VMM_P07_021,2013,1,6.27
VMM_P07_021,2013,2,12.24
VMM_P07_021,2013,3,18.64
VMM_P07_021,2013,4,0.2
VMM_P07_021,2013,5,8.09
VMM_P07_021,2013,6,3.71
VMM_P07_021,2013,7,8.15
VMM_P07_021,2013,8,0.65
VMM_P07_021,2013,9,92.92
VMM_P07_021,2013,10,9.48
VMM_P07_021,2013,11,0.36
VMM_P07_021,2013,12,683.23
VMM_P07_021,2013,13,14.01
VMM_P07_021,2013,14,409.12
VMM_P07_021,2013,15,22.92
VMM_P07_021,2013,16,53.02
VMM_P07_021,2013,17,97.54
VMM_P07_021,2013,18,26.46
VMM_P07_021,2013,19,42.21
VMM_P07_021,2013,20,4.11
VMM_P07_021,2013,21,60.18
VMM_P07_021,2013,22,9.24
VMM_P07_021,2013,23,0.91
VMM_P07_021,2013,24,44.19
VMM_P07_021,2014,1,44.65
VMM_P07_021,2014,2,16.76
VMM_P07_021,2014,3,18.37
VMM_P07_021,2014,4,3.16
VMM_P07_021,2014,5,1.37
VMM_P07_021,2014,6,5.33
VMM_P07_021,2014,7,12.45
VMM_P07_021,2014,8,3.74
VMM_P07_021,2014,9,73.93
VMM_P07_021,2014,10,41.77
VMM_P07_021,2014,11,115.34
VMM_P07_021,2014,12,22.31
VMM_P07_021,2014,13,23.14
VMM_P07_021,2014,14,153.82
VMM_P07_021,2014,15,46.36
VMM_P07_021,2014,16,112.6
VMM_P07_021,2014,17,2.87
VMM_P07_021,2014,18,364.84
VMM_P07_021,2014,19,79.97
VMM_P07_021,2014,20,2.22
VMM_P07_021,2014,21,117.48
VMM_P07_021,2014,22,0.06
VMM_P07_021,2014,23,19.47
VMM_P07_021,2014,24,34.45
VMM_P07_021,2015,1,60.55
VMM_P07_021,2015,2,13.18
VMM_P07_021,2015,3,9.31
VMM_P07_021,2015,4,14.68
VMM_P07_021,2015,5,0.0
VMM_P07_021,2015,6,22.28
VMM_P07_021,2015,7,7.51
VMM_P07_021,2015,8,7.48
VMM_P07_021,2015,9,35.2
VMM_P07_021,2015,10,22.93
VMM_P07_021,2015,11,93.77
VMM_P07_021,2015,12,16.96
VMM_P07_021,2015,13,0.99
VMM_P07_021,2015,14,54.42
VMM_P07_021,2015,15,74.96
VMM_P07_021,2015,16,56.99
VMM_P07_021,2015,17,4.61
VMM_P07_021,2015,18,25.33
VMM_P07_021,2015,19,7.62
VMM_P07_021,2015,20,1.05
VMM_P07_021,2015,21,2.45
VMM_P07_021,2015,22,19.0
VMM_P07_021,2015,23,9.66
VMM_P07_021,2015,24,8.69
VMM_P07_021,2016,1,44.08
VMM_P07_021,2016,2,11.08
VMM_P07_021,2016,3,47.38
VMM_P07_021,2016,4,8.65
VMM_P07_021,2016,5,26.92
VMM_P07_021,2016,6,21.78
VMM_P07_021,2016,7,6.54
VMM_P07_021,2016,8,9.75
VMM_P07_021,2016,9,2.26
VMM_P07_021,2016,10,734.87
VMM_P07_021,2016,11,1040.1
VMM_P07_021,2016,12,14.01
VMM_P07_021,2016,13,30.36
VMM_P07_021,2016,14,396.9
VMM_P07_021,2016,15,29.48
VMM_P07_021,2016,16,1.8
VMM_P07_021,2016,17,18.48
VMM_P07_021,2016,18,0.78
VMM_P07_021,2016,19,13.66
VMM_P07_021,2016,20,4.84
VMM_P07_021,2016,21,21.94
VMM_P07_021,2016,22,23.88
VMM_P07_021,2016,23,0.7
VMM_P07_021,2016,24,3.57
VMM_P07_021,2017,1,23.86
VMM_P07_021,2017,2,4.93
VMM_P07_021,2017,3,3.1
VMM_P07_021,2017,4,25.03
VMM_P07_021,2017,5,12.06
VMM_P07_021,2017,6,2.27
VMM_P07_021,2017,7,0.38
VMM_P07_021,2017,8,0.0
VMM_P07_021,2017,9,1.48
VMM_P07_021,2017,10,20.58
VMM_P07_021,2017,11,32.67
VMM_P07_021,2017,12,10.16
VMM_P07_021,2017,13,19.28
VMM_P07_021,2017,14,46.58
VMM_P07_021,2017,15,72.54
VMM_P07_021,2017,16,159.53
VMM_P07_021,2017,17,29.91
VMM_P07_021,2017,18,7.77
VMM_P07_021,2017,19,4.46
VMM_P07_021,2017,20,18.41
VMM_P07_021,2017,21,11.93
VMM_P07_021,2017,22,60.55
VMM_P07_021,2017,23,39.64
VMM_P07_021,2017,24,24.37
VMM_P07_021,2019,1,2.02
VMM_P07_021,2019,2,22.54
VMM_P07_021,2019,3,22.38
VMM_P07_021,2019,4,9.52
VMM_P07_021,2019,5,63.88
VMM_P07_021,2019,6,2.7
VMM_P07_021,2019,7,31.13
VMM_P07_021,2019,8,2.55
VMM_P07_021,2019,9,6.26
VMM_P07_021,2019,10,3.91
VMM_P07_021,2019,11,259.53
VMM_P07_021,2019,12,4.28
VMM_P07_021,2019,13,0.0
VMM_P07_021,2019,14,34.73
VMM_P07_021,2019,15,39.98
VMM_P07_021,2019,16,21.87
VMM_P07_021,2019,17,13.17
VMM_P07_021,2019,18,244.94
VMM_P07_021,2019,19,23.23
VMM_P07_021,2019,20,16.78
VMM_P07_021,2019,21,12.81
VMM_P07_021,2019,22,6.3
VMM_P07_021,2019,23,16.04
VMM_P07_021,2019,24,18.44
VMM_P07_021,2020,1,4.8
VMM_P07_021,2020,2,7.86
VMM_P07_021,2020,3,17.91
VMM_P07_021,2020,4,41.8
VMM_P07_021,2020,5,51.39
VMM_P07_021,2020,6,0.63
VMM_P07_021,2020,7,0.0
VMM_P07_021,2020,8,83.45
VMM_P07_021,2020,9,4.52
VMM_P07_021,2020,10,0.0
VMM_P07_021,2020,11,30.91
VMM_P07_021,2020,12,107.78
VMM_P07_021,2020,13,1.83
VMM_P07_021,2020,14,1.99
VMM_P07_021,2020,15,0.0
VMM_P07_021,2020,16,5.84
VMM_P07_021,2020,17,0.0
VMM_P07_021,2020,18,210.32
VMM_P07_021,2020,19,25.63
VMM_P07_021,2020,20,24.15
VMM_P07_021,2020,21,24.72
VMM_P07_021,2020,22,10.47
VMM_P07_021,2020,23,2.73
VMM_P07_021,2020,24,29.3
VMM_P07_021,2021,1,22.19
VMM_P07_021,2021,2,43.79
VMM_P07_021,2021,3,21.99
VMM_P07_021,2021,4,5.3
VMM_P07_021,2021,5,20.43
VMM_P07_021,2021,6,4.27
VMM_P07_021,2021,7,12.48
VMM_P07_021,2021,8,1.28
VMM_P07_021,2021,9,11.51
VMM_P07_021,2021,10,46.43
VMM_P07_021,2021,11,33.83
VMM_P07_021,2021,12,717.47
VMM_P07_021,2021,13,40.06
VMM_P07_021,2021,14,47.15
VMM_P07_021,2021,15,155.59
VMM_P07_021,2021,16,116.77
VMM_P07_021,2021,17,250.87
VMM_P07_021,2021,18,5.07
VMM_P07_021,2021,19,75.3
VMM_P07_021,2021,20,50.69
VMM_P07_021,2021,21,9.03
VMM_P07_021,2021,22,15.37
VMM_P07_021,2021,23,24.98
VMM_P07_021,2021,24,26.34
VMM_P07_021,2022,1,126.93
VMM_P07_021,2022,2,1.33
VMM_P07_021,2022,3,25.49
VMM_P07_021,2022,4,10.52
VMM_P07_021,2022,5,0.12
VMM_P07_021,2022,6,0.0
VMM_P07_021,2022,7,4.42
VMM_P07_021,2022,8,0.0
VMM_P07_021,2022,9,0.0
VMM_P07_021,2022,10,92.26
VMM_P07_021,2022,11,27.85
VMM_P07_021,2022,12,87.62
VMM_P07_021,2022,13,0.0
VMM_P07_021,2022,14,0.89
VMM_P07_021,2022,15,0.0
VMM_P07_021,2022,16,0.62
VMM_P07_021,2022,17,136.63
VMM_P07_021,2022,18,78.33
VMM_P07_021,2022,19,4.48
VMM_P07_021,2022,20,142.97
VMM_P07_021,2022,21,6.21
VMM_P07_021,2022,22,29.59
VMM_P07_021,2022,23,1.79
VMM_P07_021,2022,24,63.63
VMM_P07_021,2023,1,22.55
VMM_P07_021,2023,2,2.81
VMM_P07_021,2023,3,0.0
VMM_P07_021,2023,4,0.13
VMM_P07_021,2023,5,35.13
VMM_P07_021,2023,6,31.44
VMM_P07_021,2023,7,13.66
VMM_P07_021,2023,8,17.75
VMM_P07_021,2023,9,32.28
VMM_P07_021,2023,10,0.0
VMM_P07_021,2023,11,1.39
VMM_P07_021,2023,12,369.53
VMM_P07_021,2023,13,9.19
VMM_P07_021,2023,14,121.75
VMM_P07_021,2023,15,60.48
VMM_P07_021,2023,16,148.62
VMM_P07_021,2023,17,0.0
VMM_P07_021,2023,18,53.66
VMM_P07_021,2023,19,7.81
VMM_P07_021,2023,20,47.86
VMM_P07_021,2023,21,38.88
VMM_P07_021,2023,22,27.12
VMM_P07_021,2023,23,10.02
VMM_P07_021,2023,24,52.46
VMM_P07_021,2024,1,27.45
VMM_P07_021,2024,2,6.7
VMM_P07_021,2024,3,54.94
VMM_P07_021,2024,4,21.69
VMM_P07_021,2024,5,16.38
VMM_P07_021,2024,6,6.69
VMM_P07_021,2024,7,124.24
VMM_P07_021,2024,8,11.76
VMM_P07_021,2024,9,24.58
VMM_P07_021,2024,10,103.0
VMM_P07_021,2024,11,65.33
VMM_P07_021,2024,12,223.43
VMM_P07_021,2024,13,235.67
VMM_P07_021,2024,14,361.53
VMM_P07_021,2024,15,26.56
VMM_P07_021,2024,16,11.16
VMM_P07_021,2024,17,242.06
VMM_P07_021,2024,18,39.3
VMM_P07_021,2024,19,27.75
VMM_P07_021,2024,20,17.81
VMM_P07_021,2024,21,0.97
VMM_P07_021,2024,22,105.1
VMM_P07_021,2024,23,18.27
VMM_P07_021,2024,24,6.42
VMM_P07_022,2007,1,16.85
VMM_P07_022,2007,2,15.22
VMM_P07_022,2007,3,26.38
VMM_P07_022,2007,4,26.1
VMM_P07_022,2007,5,25.34
VMM_P07_022,2007,6,7.45
VMM_P07_022,2007,7,0.0
VMM_P07_022,2007,8,0.0
VMM_P07_022,2007,9,113.05
VMM_P07_022,2007,10,82.15
VMM_P07_022,2007,11,9.8
VMM_P07_022,2007,12,62.13
VMM_P07_022,2007,13,567.7
VMM_P07_022,2007,14,153.85
VMM_P07_022,2007,15,51.51
VMM_P07_022,2007,16,37.79
VMM_P07_022,2007,17,4.57
VMM_P07_022,2007,18,68.84
VMM_P07_022,2007,19,55.08
VMM_P07_022,2007,20,14.07
VMM_P07_022,2007,21,24.85
VMM_P07_022,2007,22,6.31
VMM_P07_022,2007,23,23.07
VMM_P07_022,2007,24,0.34
VMM_P07_022,2009,1,2.5
VMM_P07_022,2009,2,20.84
VMM_P07_022,2009,3,17.23
VMM_P07_022,2009,4,0.85
VMM_P07_022,2009,5,14.08
VMM_P07_022,2009,6,33.67
VMM_P07_022,2009,7,0.42
VMM_P07_022,2009,8,8.26
VMM_P07_022,2009,9,100.38
VMM_P07_022,2009,10,66.56
VMM_P07_022,2009,11,45.42
VMM_P07_022,2009,12,17.4
VMM_P07_022,2009,13,105.98
VMM_P07_022,2009,14,656.05
VMM_P07_022,2009,15,17.15
VMM_P07_022,2009,16,4.17
VMM_P07_022,2009,17,3.76
VMM_P07_022,2009,18,0.0
VMM_P07_022,2009,19,88.74
VMM_P07_022,2009,20,0.4
VMM_P07_022,2009,21,30.1
VMM_P07_022,2009,22,59.04
VMM_P07_022,2009,23,17.86
VMM_P07_022,2009,24,20.95
VMM_P07_022,2012,1,44.12
VMM_P07_022,2012,2,8.72
VMM_P07_022,2012,3,3.84
VMM_P07_022,2012,4,3.75
VMM_P07_022,2012,5,8.45
VMM_P07_022,2012,6,0.0
VMM_P07_022,2012,7,46.93
VMM_P07_022,2012,8,44.17
VMM_P07_022,2012,9,32.09
VMM_P07_022,2012,10,2.3
VMM_P07_022,2012,11,86.97
VMM_P07_022,2012,12,32.81
VMM_P07_022,2012,13,487.94
VMM_P07_022,2012,14,4.45
VMM_P07_022,2012,15,2.55
VMM_P07_022,2012,16,15.1
VMM_P07_022,2012,17,26.48
VMM_P07_022,2012,18,89.07
VMM_P07_022,2012,19,72.34
VMM_P07_022,2012,20,33.92
VMM_P07_022,2012,21,3.83
VMM_P07_022,2012,22,1.91
VMM_P07_022,2012,23,99.59
VMM_P07_022,2012,24,56.35
VMM_P07_022,2013,1,6.27
VMM_P07_022,2013,2,16.48
VMM_P07_022,2013,3,35.98
VMM_P07_022,2013,4,0.33
VMM_P07_022,2013,5,8.16
VMM_P07_022,2013,6,8.61
VMM_P07_022,2013,7,3.97
VMM_P07_022,2013,8,0.18
VMM_P07_022,2013,9,9.81
VMM_P07_022,2013,10,18.99
VMM_P07_022,2013,11,0.17
VMM_P07_022,2013,12,38.77
VMM_P07_022,2013,13,59.39
VMM_P07_022,2013,14,886.71
VMM_P07_022,2013,15,21.66
VMM_P07_022,2013,16,3.48
VMM_P07_022,2013,17,118.59
VMM_P07_022,2013,18,3.97
VMM_P07_022,2013,19,32.15
VMM_P07_022,2013,20,12.89
VMM_P07_022,2013,21,102.35
VMM_P07_022,2013,22,8.72
VMM_P07_022,2013,23,1.0
VMM_P07_022,2013,24,69.52
VMM_P07_022,2014,1,18.63
VMM_P07_022,2014,2,22.75
VMM_P07_022,2014,3,24.45
VMM_P07_022,2014,4,7.54
VMM_P07_022,2014,5,0.33
VMM_P07_022,2014,6,6.93
VMM_P07_022,2014,7,13.74
VMM_P07_022,2014,8,0.13
VMM_P07_022,2014,9,43.29
VMM_P07_022,2014,10,44.5
VMM_P07_022,2014,11,86.48
VMM_P07_022,2014,12,8.36
VMM_P07_022,2014,13,465.07
VMM_P07_022,2014,14,165.38
VMM_P07_022,2014,15,113.8
VMM_P07_022,2014,16,286.36
VMM_P07_022,2014,17,0.0
VMM_P07_022,2014,18,26.18
VMM_P07_022,2014,19,66.52
VMM_P07_022,2014,20,16.97
VMM_P07_022,2014,21,49.7
VMM_P07_022,2014,22,0.11
VMM_P07_022,2014,23,4.88
VMM_P07_022,2014,24,48.01
VMM_P07_022,2015,1,48.59
VMM_P07_022,2015,2,16.16
VMM_P07_022,2015,3,11.82
VMM_P07_022,2015,4,9.73
VMM_P07_022,2015,5,14.24
VMM_P07_022,2015,6,9.19
VMM_P07_022,2015,7,1.8
VMM_P07_022,2015,8,14.44
VMM_P07_022,2015,9,76.89
VMM_P07_022,2015,10,23.56
VMM_P07_022,2015,11,415.02
VMM_P07_022,2015,12,76.38
VMM_P07_022,2015,13,0.26
VMM_P07_022,2015,14,39.35
VMM_P07_022,2015,15,44.73
VMM_P07_022,2015,16,297.1
VMM_P07_022,2015,17,13.1
VMM_P07_022,2015,18,34.83
VMM_P07_022,2015,19,6.49
VMM_P07_022,2015,20,2.95
VMM_P07_022,2015,21,1.87
VMM_P07_022,2015,22,70.78
VMM_P07_022,2015,23,7.99
VMM_P07_022,2015,24,3.33
VMM_P07_022,2016,1,85.26
VMM_P07_022,2016,2,11.45
VMM_P07_022,2016,3,27.2
VMM_P07_022,2016,4,12.53
VMM_P07_022,2016,5,21.19
VMM_P07_022,2016,6,12.88
VMM_P07_022,2016,7,21.5
VMM_P07_022,2016,8,30.78
VMM_P07_022,2016,9,12.6
VMM_P07_022,2016,10,231.56
VMM_P07_022,2016,11,17.52
VMM_P07_022,2016,12,217.19
VMM_P07_022,2016,13,35.98
VMM_P07_022,2016,14,3.34
VMM_P07_022,2016,15,37.89
VMM_P07_022,2016,16,21.29
VMM_P07_022,2016,17,27.39
VMM_P07_022,2016,18,0.0
VMM_P07_022,2016,19,7.68
VMM_P07_022,2016,20,25.11
VMM_P07_022,2016,21,27.75
VMM_P07_022,2016,22,101.13
VMM_P07_022,2016,23,1.4
VMM_P07_022,2016,24,4.59
VMM_P07_022,2017,1,46.01
VMM_P07_022,2017,2,1.58
VMM_P07_022,2017,3,1.42
VMM_P07_022,2017,4,32.53
VMM_P07_022,2017,5,20.91
VMM_P07_022,2017,6,3.81
VMM_P07_022,2017,7,0.92
VMM_P07_022,2017,8,5.05
VMM_P07_022,2017,9,42.46
VMM_P07_022,2017,10,7.56
VMM_P07_022,2017,11,25.0
VMM_P07_022,2017,12,0.0
VMM_P07_022,2017,13,36.73
VMM_P07_022,2017,14,41.89
VMM_P07_022,2017,15,39.84
VMM_P07_022,2017,16,84.81
VMM_P07_022,2017,17,20.17
VMM_P07_022,2017,18,2.34
VMM_P07_022,2017,19,16.24
VMM_P07_022,2017,20,13.56
VMM_P07_022,2017,21,20.23
VMM_P07_022,2017,22,31.22
VMM_P07_022,2017,23,69.1
VMM_P07_022,2017,24,21.1
VMM_P07_022,2018,1,18.39
VMM_P07_022,2018,2,22.64
VMM_P07_022,2018,3,9.24
VMM_P07_022,2018,4,0.0
VMM_P07_022,2018,5,26.48
VMM_P07_022,2018,6,13.66
VMM_P07_022,2018,7,13.87
VMM_P07_022,2018,8,37.77
VMM_P07_022,2018,9,0.0
VMM_P07_022,2018,10,73.54
VMM_P07_022,2018,11,42.91
VMM_P07_022,2018,12,0.0
VMM_P07_022,2018,13,0.0
VMM_P07_022,2018,14,42.33
VMM_P07_022,2018,15,84.85
VMM_P07_022,2018,16,44.08
VMM_P07_022,2018,17,327.25
VMM_P07_022,2018,18,53.16
VMM_P07_022,2018,19,5.36
VMM_P07_022,2018,20,37.95
VMM_P07_022,2018,21,17.32
VMM_P07_022,2018,22,1.27
VMM_P07_022,2018,23,28.98
VMM_P07_022,2018,24,20.73
VMM_P07_022,2019,1,11.16
VMM_P07_022,2019,2,15.37
VMM_P07_022,2019,3,11.85
VMM_P07_022,2019,4,4.48
VMM_P07_022,2019,5,42.46
VMM_P07_022,2019,6,0.53
VMM_P07_022,2019,7,11.31
VMM_P07_022,2019,8,3.68
VMM_P07_022,2019,9,12.57
VMM_P07_022,2019,10,5.77
VMM_P07_022,2019,11,175.0
VMM_P07_022,2019,12,579.63
VMM_P07_022,2019,13,7.66
VMM_P07_022,2019,14,135.66
VMM_P07_022,2019,15,30.03
VMM_P07_022,2019,16,6.76
VMM_P07_022,2019,17,20.87
VMM_P07_022,2019,18,123.13
VMM_P07_022,2019,19,14.96
VMM_P07_022,2019,20,48.06
VMM_P07_022,2019,21,58.24
VMM_P07_022,2019,22,8.96
VMM_P07_022,2019,23,19.22
VMM_P07_022,2019,24,12.57
VMM_P07_022,2020,1,6.59
VMM_P07_022,2020,2,2.95
VMM_P07_022,2020,3,29.99
VMM_P07_022,2020,4,57.16
VMM_P07_022,2020,5,27.56
VMM_P07_022,2020,6,0.3
VMM_P07_022,2020,7,0.0
VMM_P07_022,2020,8,25.86
VMM_P07_022,2020,9,20.34
VMM_P07_022,2020,10,0.0
VMM_P07_022,2020,11,27.98
VMM_P07_022,2020,12,88.77
VMM_P07_022,2020,13,14.53
VMM_P07_022,2020,14,2.05
VMM_P07_022,2020,15,412.39
VMM_P07_022,2020,16,114.7
VMM_P07_022,2020,17,0.0
VMM_P07_022,2020,18,118.18
VMM_P07_022,2020,19,24.6
VMM_P07_022,2020,20,53.71
VMM_P07_022,2020,21,27.57
VMM_P07_022,2020,22,7.87
VMM_P07_022,2020,23,3.13
VMM_P07_022,2020,24,20.53
VMM_P07_022,2021,1,30.15
VMM_P07_022,2021,2,24.16
VMM_P07_022,2021,3,46.18
VMM_P07_022,2021,4,5.05
VMM_P07_022,2021,5,12.53
VMM_P07_022,2021,6,0.87
VMM_P07_022,2021,7,8.26
VMM_P07_022,2021,8,0.48
VMM_P07_022,2021,9,141.86
VMM_P07_022,2021,10,60.21
VMM_P07_022,2021,11,6.4
VMM_P07_022,2021,12,281.91
VMM_P07_022,2021,13,928.96
VMM_P07_022,2021,14,88.9
VMM_P07_022,2021,15,88.67
VMM_P07_022,2021,16,27.7
VMM_P07_022,2021,17,0.88
VMM_P07_022,2021,18,5.69
VMM_P07_022,2021,19,63.96
VMM_P07_022,2021,20,71.72
VMM_P07_022,2021,21,4.41
VMM_P07_022,2021,22,37.72
VMM_P07_022,2021,23,11.87
VMM_P07_022,2021,24,43.65
VMM_P07_022,2022,1,15.44
VMM_P07_022,2022,2,1.58
VMM_P07_022,2022,3,15.48
VMM_P07_022,2022,4,11.95
VMM_P07_022,2022,5,0.0
VMM_P07_022,2022,6,0.68
VMM_P07_022,2022,7,5.21
VMM_P07_022,2022,8,0.46
VMM_P07_022,2022,9,0.0
VMM_P07_022,2022,10,454.36
VMM_P07_022,2022,11,17.49
VMM_P07_022,2022,12,53.52
VMM_P07_022,2022,13,0.0
VMM_P07_022,2022,14,12.04
VMM_P07_022,2022,15,0.0
VMM_P07_022,2022,16,60.63
VMM_P07_022,2022,17,101.08
VMM_P07_022,2022,18,79.4
VMM_P07_022,2022,19,0.64
VMM_P07_022,2022,20,48.5
VMM_P07_022,2022,21,5.48
VMM_P07_022,2022,22,17.13
VMM_P07_022,2022,23,0.69
VMM_P07_022,2022,24,49.62
VMM_P07_022,2023,1,39.05
VMM_P07_022,2023,2,0.4
VMM_P07_022,2023,3,0.45
VMM_P07_022,2023,4,0.0
VMM_P07_022,2023,5,85.88
VMM_P07_022,2023,6,16.15
VMM_P07_022,2023,7,16.07
VMM_P07_022,2023,8,5.36
VMM_P07_022,2023,9,20.33
VMM_P07_022,2023,10,0.0
VMM_P07_022,2023,11,0.0
VMM_P07_022,2023,12,58.4
VMM_P07_022,2023,13,6.62
VMM_P07_022,2023,14,134.59
VMM_P07_022,2023,15,76.69
VMM_P07_022,2023,16,117.2
VMM_P07_022,2023,17,24.65
VMM_P07_022,2023,18,29.2
VMM_P07_022,2023,19,31.4
VMM_P07_022,2023,20,51.64
VMM_P07_022,2023,21,67.44
VMM_P07_022,2023,22,18.16
VMM_P07_022,2023,23,39.31
VMM_P07_022,2023,24,42.14
VMM_P07_022,2024,1,25.38
VMM_P07_022,2024,2,2.99
VMM_P07_022,2024,3,46.24
VMM_P07_022,2024,4,14.28
VMM_P07_022,2024,5,9.82
VMM_P07_022,2024,6,341.2
VMM_P07_022,2024,7,22.06
VMM_P07_022,2024,8,12.6
VMM_P07_022,2024,9,31.59
VMM_P07_022,2024,10,406.53
VMM_P07_022,2024,11,59.91
VMM_P07_022,2024,12,233.8
VMM_P07_022,2024,13,282.81
VMM_P07_022,2024,14,13.17
VMM_P07_022,2024,15,120.95
VMM_P07_022,2024,16,245.29
VMM_P07_022,2024,17,94.92
VMM_P07_022,2024,18,14.17
VMM_P07_022,2024,19,15.25
VMM_P07_022,2024,20,11.64
VMM_P07_022,2024,21,1.17
VMM_P07_022,2024,22,41.06
VMM_P07_022,2024,23,23.26
VMM_P07_022,2024,24,30.81
VMM_P08_009,2005,1,1.8
VMM_P08_009,2005,2,33.2
VMM_P08_009,2005,3,23.08
VMM_P08_009,2005,4,7.15
VMM_P08_009,2005,5,2.94
VMM_P08_009,2005,6,12.68
VMM_P08_009,2005,7,15.45
VMM_P08_009,2005,8,6.93
VMM_P08_009,2005,9,15.91
VMM_P08_009,2005,10,15.32
VMM_P08_009,2005,11,11.88
VMM_P08_009,2005,12,49.53
VMM_P08_009,2005,13,113.79
VMM_P08_009,2005,14,3202.42
VMM_P08_009,2005,15,22.95
VMM_P08_009,2005,16,95.98
VMM_P08_009,2005,17,81.09
VMM_P08_009,2005,18,9.77
VMM_P08_009,2005,19,2.87
VMM_P08_009,2005,20,23.19
VMM_P08_009,2005,21,6.02
VMM_P08_009,2005,22,34.88
VMM_P08_009,2005,23,0.75
VMM_P08_009,2005,24,14.94
VMM_P08_009,2006,1,0.25
VMM_P08_009,2006,2,2.39
VMM_P08_009,2006,3,17.69
VMM_P08_009,2006,4,5.37
VMM_P08_009,2006,5,6.35
VMM_P08_009,2006,6,57.27
VMM_P08_009,2006,7,21.82
VMM_P08_009,2006,8,1.66
VMM_P08_009,2006,9,2.15
VMM_P08_009,2006,10,105.82
VMM_P08_009,2006,11,5.31
VMM_P08_009,2006,12,22.57
VMM_P08_009,2006,13,6.15
VMM_P08_009,2006,14,57.7
VMM_P08_009,2006,15,224.14
VMM_P08_009,2006,16,164.38
VMM_P08_009,2006,17,0.0
VMM_P08_009,2006,18,2.62
VMM_P08_009,2006,19,69.78
VMM_P08_009,2006,20,9.54
VMM_P08_009,2006,21,13.12
VMM_P08_009,2006,22,49.16
VMM_P08_009,2006,23,29.84
VMM_P08_009,2006,24,9.02
VMM_P08_009,2008,1,12.66
VMM_P08_009,2008,2,7.06
VMM_P08_009,2008,3,3.02
VMM_P08_009,2008,4,18.69
VMM_P08_009,2008,5,36.3
VMM_P08_009,2008,6,44.5
VMM_P08_009,2008,7,5.3
VMM_P08_009,2008,8,10.59
VMM_P08_009,2008,9,14.07
VMM_P08_009,2008,10,17.83
VMM_P08_009,2008,11,63.92
VMM_P08_009,2008,12,4.33
VMM_P08_009,2008,13,63.78
VMM_P08_009,2008,14,136.91
VMM_P08_009,2008,15,208.62
VMM_P08_009,2008,16,4.88
VMM_P08_009,2008,17,33.29
VMM_P08_009,2008,18,26.36
VMM_P08_009,2008,19,22.89
VMM_P08_009,2008,20,7.76
VMM_P08_009,2008,21,24.39
VMM_P08_009,2008,22,16.52
VMM_P08_009,2008,23,10.78
VMM_P08_009,2008,24,0.0
VMM_P08_009,2010,1,1.29
VMM_P08_009,2010,2,9.71
VMM_P08_009,2010,3,2.12
VMM_P08_009,2010,4,27.05
VMM_P08_009,2010,5,1.85
VMM_P08_009,2010,6,38.4
VMM_P08_009,2010,7,11.08
VMM_P08_009,2010,8,0.0
VMM_P08_009,2010,9,41.84
VMM_P08_009,2010,10,78.4
VMM_P08_009,2010,11,22.83
VMM_P08_009,2010,12,0.0
VMM_P08_009,2010,13,372.99
VMM_P08_009,2010,14,8.1
VMM_P08_009,2010,15,80.63
VMM_P08_009,2010,16,44.97
VMM_P08_009,2010,17,99.6
VMM_P08_009,2010,18,78.18
VMM_P08_009,2010,19,13.45
VMM_P08_009,2010,20,21.97
VMM_P08_009,2010,21,116.19
VMM_P08_009,2010,22,0.71
VMM_P08_009,2010,23,5.65
VMM_P08_009,2010,24,15.7
VMM_P08_009,2011,1,27.37
VMM_P08_009,2011,2,5.34
VMM_P08_009,2011,3,4.54
VMM_P08_009,2011,4,5.07
VMM_P08_009,2011,5,0.0
VMM_P08_009,2011,6,10.23
VMM_P08_009,2011,7,2.27
VMM_P08_009,2011,8,3.03
VMM_P08_009,2011,9,4.86
VMM_P08_009,2011,10,34.06
VMM_P08_009,2011,11,42.41
VMM_P08_009,2011,12,93.76
VMM_P08_009,2011,13,6.03
VMM_P08_009,2011,14,7.51
VMM_P08_009,2011,15,115.55
VMM_P08_009,2011,16,694.03
VMM_P08_009,2011,17,365.45
VMM_P08_009,2011,18,18.84
VMM_P08_009,2011,19,30.92
VMM_P08_009,2011,20,6.37
VMM_P08_009,2011,21,0.3
VMM_P08_009,2011,22,2.08
VMM_P08_009,2011,23,61.31
VMM_P08_009,2011,24,8.51
VMM_P08_009,2012,1,28.3
VMM_P08_009,2012,2,15.31
VMM_P08_009,2012,3,5.66
VMM_P08_009,2012,4,2.08
VMM_P08_009,2012,5,13.78
VMM_P08_009,2012,6,1.91
VMM_P08_009,2012,7,12.21
VMM_P08_009,2012,8,101.32
VMM_P08_009,2012,9,29.51
VMM_P08_009,2012,10,841.36
VMM_P08_009,2012,11,131.14
VMM_P08_009,2012,12,63.52
VMM_P08_009,2012,13,97.18
VMM_P08_009,2012,14,19.63
VMM_P08_009,2012,15,0.78
VMM_P08_009,2012,16,10.52
VMM_P08_009,2012,17,7.93
VMM_P08_009,2012,18,39.29
VMM_P08_009,2012,19,96.14
VMM_P08_009,2012,20,7.11
VMM_P08_009,2012,21,19.5
VMM_P08_009,2012,22,2.37
VMM_P08_009,2012,23,31.89
VMM_P08_009,2012,24,23.96
VMM_P08_009,2013,1,8.73
VMM_P08_009,2013,2,9.5
VMM_P08_009,2013,3,26.86
VMM_P08_009,2013,4,0.49
VMM_P08_009,2013,5,5.69
VMM_P08_009,2013,6,5.42
VMM_P08_009,2013,7,5.17
VMM_P08_009,2013,8,0.91
VMM_P08_009,2013,9,394.38
VMM_P08_009,2013,10,148.39
VMM_P08_009,2013,11,0.33
VMM_P08_009,2013,12,111.6
VMM_P08_009,2013,13,7.42
VMM_P08_009,2013,14,155.16
VMM_P08_009,2013,15,29.47
VMM_P08_009,2013,16,9.99
VMM_P08_009,2013,17,37.03
VMM_P08_009,2013,18,3.1
VMM_P08_009,2013,19,9.02
VMM_P08_009,2013,20,44.09
VMM_P08_009,2013,21,54.31
VMM_P08_009,2013,22,3.8
VMM_P08_009,2013,23,1.57
VMM_P08_009,2013,24,33.91
VMM_P08_009,2014,1,29.15
VMM_P08_009,2014,2,13.93
VMM_P08_009,2014,3,22.31
VMM_P08_009,2014,4,9.05
VMM_P08_009,2014,5,0.23
VMM_P08_009,2014,6,6.05
VMM_P08_009,2014,7,19.65
VMM_P08_009,2014,8,28.62
VMM_P08_009,2014,9,41.81
VMM_P08_009,2014,10,58.18
VMM_P08_009,2014,11,49.41
VMM_P08_009,2014,12,18.62
VMM_P08_009,2014,13,79.96
VMM_P08_009,2014,14,40.75
VMM_P08_009,2014,15,41.79
VMM_P08_009,2014,16,159.1
VMM_P08_009,2014,17,0.0
VMM_P08_009,2014,18,31.51
VMM_P08_009,2014,19,49.32
VMM_P08_009,2014,20,9.04
VMM_P08_009,2014,21,38.2
VMM_P08_009,2014,22,0.0
VMM_P08_009,2014,23,14.04
VMM_P08_009,2014,24,47.6
VMM_P08_009,2015,1,68.2
VMM_P08_009,2015,2,17.38
VMM_P08_009,2015,3,14.05
VMM_P08_009,2015,4,15.24
VMM_P08_009,2015,5,1.69
VMM_P08_009,2015,6,19.4
VMM_P08_009,2015,7,3.75
VMM_P08_009,2015,8,15.68
VMM_P08_009,2015,9,28.3
VMM_P08_009,2015,10,27.19
VMM_P08_009,2015,11,10.27
VMM_P08_009,2015,12,16.59
VMM_P08_009,2015,13,0.48
VMM_P08_009,2015,14,10.97
VMM_P08_009,2015,15,68.1
VMM_P08_009,2015,16,26.75
VMM_P08_009,2015,17,36.42
VMM_P08_009,2015,18,11.57
VMM_P08_009,2015,19,9.58
VMM_P08_009,2015,20,0.59
VMM_P08_009,2015,21,1.78
VMM_P08_009,2015,22,64.54
VMM_P08_009,2015,23,12.7
VMM_P08_009,2015,24,4.76
VMM_P08_009,2017,1,37.61
VMM_P08_009,2017,2,5.18
VMM_P08_009,2017,3,1.97
VMM_P08_009,2017,4,18.0
VMM_P08_009,2017,5,11.0
VMM_P08_009,2017,6,3.88
VMM_P08_009,2017,7,1.58
VMM_P08_009,2017,8,2.6
VMM_P08_009,2017,9,11.24
VMM_P08_009,2017,10,15.65
VMM_P08_009,2017,11,20.92
VMM_P08_009,2017,12,12.24
VMM_P08_009,2017,13,28.63
VMM_P08_009,2017,14,174.62
VMM_P08_009,2017,15,34.73
VMM_P08_009,2017,16,161.44
VMM_P08_009,2017,17,49.69
VMM_P08_009,2017,18,127.41
VMM_P08_009,2017,19,16.03
VMM_P08_009,2017,20,16.53
VMM_P08_009,2017,21,35.77
VMM_P08_009,2017,22,42.16
VMM_P08_009,2017,23,88.4
VMM_P08_009,2017,24,21.86
VMM_P08_009,2018,1,21.73
VMM_P08_009,2018,2,13.21
VMM_P08_009,2018,3,4.04
VMM_P08_009,2018,4,0.0
VMM_P08_009,2018,5,11.01
VMM_P08_009,2018,6,24.23
VMM_P08_009,2018,7,20.17
VMM_P08_009,2018,8,29.99
VMM_P08_009,2018,9,0.15
VMM_P08_009,2018,10,5.49
VMM_P08_009,2018,11,31.13
VMM_P08_009,2018,12,0.0
VMM_P08_009,2018,13,165.43
VMM_P08_009,2018,14,35.94
VMM_P08_009,2018,15,39.47
VMM_P08_009,2018,16,27.94
VMM_P08_009,2018,17,139.83
VMM_P08_009,2018,18,49.64
VMM_P08_009,2018,19,4.95
VMM_P08_009,2018,20,38.83
VMM_P08_009,2018,21,33.7
VMM_P08_009,2018,22,2.39
VMM_P08_009,2018,23,47.37
VMM_P08_009,2018,24,23.13
VMM_P08_009,2019,1,3.07
VMM_P08_009,2019,2,16.9
VMM_P08_009,2019,3,25.29
VMM_P08_009,2019,4,4.76
VMM_P08_009,2019,5,33.59
VMM_P08_009,2019,6,1.24
VMM_P08_009,2019,7,23.66
VMM_P08_009,2019,8,2.44
VMM_P08_009,2019,9,123.68
VMM_P08_009,2019,10,11.04
VMM_P08_009,2019,11,344.6
VMM_P08_009,2019,12,36.48
VMM_P08_009,2019,13,8.15
VMM_P08_009,2019,14,54.94
VMM_P08_009,2019,15,16.49
VMM_P08_009,2019,16,51.17
VMM_P08_009,2019,17,4.8
VMM_P08_009,2019,18,208.9
VMM_P08_009,2019,19,11.32
VMM_P08_009,2019,20,45.42
VMM_P08_009,2019,21,37.93
VMM_P08_009,2019,22,7.06
VMM_P08_009,2019,23,16.89
VMM_P08_009,2019,24,8.82
VMM_P08_009,2020,1,7.74
VMM_P08_009,2020,2,11.54
VMM_P08_009,2020,3,18.57
VMM_P08_009,2020,4,39.82
VMM_P08_009,2020,5,56.97
VMM_P08_009,2020,6,0.5
VMM_P08_009,2020,7,0.0
VMM_P08_009,2020,8,5.64
VMM_P08_009,2020,9,1.56
VMM_P08_009,2020,10,0.0
VMM_P08_009,2020,11,56.89
VMM_P08_009,2020,12,191.71
VMM_P08_009,2020,13,2.23
VMM_P08_009,2020,14,4.88
VMM_P08_009,2020,15,42.47
VMM_P08_009,2020,16,53.44
VMM_P08_009,2020,17,0.0
VMM_P08_009,2020,18,113.49
VMM_P08_009,2020,19,48.33
VMM_P08_009,2020,20,72.3
VMM_P08_009,2020,21,32.49
VMM_P08_009,2020,22,4.66
VMM_P08_009,2020,23,3.46
VMM_P08_009,2020,24,27.82
VMM_P08_009,2021,1,25.22
VMM_P08_009,2021,2,58.06
VMM_P08_009,2021,3,26.52
VMM_P08_009,2021,4,4.38
VMM_P08_009,2021,5,10.82
VMM_P08_009,2021,6,1.71
VMM_P08_009,2021,7,13.57
VMM_P08_009,2021,8,0.0
VMM_P08_009,2021,9,6.39
VMM_P08_009,2021,10,66.59
VMM_P08_009,2021,11,401.23
VMM_P08_009,2021,12,181.22
VMM_P08_009,2021,13,773.0
VMM_P08_009,2021,14,5.46
VMM_P08_009,2021,15,88.2
VMM_P08_009,2021,16,90.7
VMM_P08_009,2021,17,105.07
VMM_P08_009,2021,18,2.0
VMM_P08_009,2021,19,113.94
VMM_P08_009,2021,20,194.36
VMM_P08_009,2021,21,10.36
VMM_P08_009,2021,22,37.47
VMM_P08_009,2021,23,12.99
VMM_P08_009,2021,24,10.13
VMM_P08_009,2022,1,129.46
VMM_P08_009,2022,2,2.33
VMM_P08_009,2022,3,57.3
VMM_P08_009,2022,4,69.09
VMM_P08_009,2022,5,0.0
VMM_P08_009,2022,6,0.0
VMM_P08_009,2022,7,4.28
VMM_P08_009,2022,8,28.26
VMM_P08_009,2022,9,0.74
VMM_P08_009,2022,10,203.25
VMM_P08_009,2022,11,81.08
VMM_P08_009,2022,12,43.62
VMM_P08_009,2022,13,0.0
VMM_P08_009,2022,14,0.72
VMM_P08_009,2022,15,1.97
VMM_P08_009,2022,16,22.03
VMM_P08_009,2022,17,196.43
VMM_P08_009,2022,18,33.25
VMM_P08_009,2022,19,3.75
VMM_P08_009,2022,20,29.27
VMM_P08_009,2022,21,3.02
VMM_P08_009,2022,22,16.84
VMM_P08_009,2022,23,0.65
VMM_P08_009,2022,24,85.28
VMM_P08_009,2023,1,18.75
VMM_P08_009,2023,2,7.45
VMM_P08_009,2023,3,0.41
VMM_P08_009,2023,4,0.2
VMM_P08_009,2023,5,34.35
VMM_P08_009,2023,6,109.05
VMM_P08_009,2023,7,16.99
VMM_P08_009,2023,8,7.75
VMM_P08_009,2023,9,39.8
VMM_P08_009,2023,10,0.0
VMM_P08_009,2023,11,0.0
VMM_P08_009,2023,12,142.2
VMM_P08_009,2023,13,19.89
VMM_P08_009,2023,14,195.68
VMM_P08_009,2023,15,178.29
VMM_P08_009,2023,16,150.99
VMM_P08_009,2023,17,88.21
VMM_P08_009,2023,18,42.21
VMM_P08_009,2023,19,12.75
VMM_P08_009,2023,20,49.6
VMM_P08_009,2023,21,84.3
VMM_P08_009,2023,22,27.39
VMM_P08_009,2023,23,11.59
VMM_P08_009,2023,24,31.55
VMM_P08_009,2024,1,43.04
VMM_P08_009,2024,2,6.49
VMM_P08_009,2024,3,56.13
VMM_P08_009,2024,4,33.61
VMM_P08_009,2024,5,17.41
VMM_P08_009,2024,6,7.27
VMM_P08_009,2024,7,51.88
VMM_P08_009,2024,8,25.08
VMM_P08_009,2024,9,67.12
VMM_P08_009,2024,10,84.53
VMM_P08_009,2024,11,47.48
VMM_P08_009,2024,12,69.2
VMM_P08_009,2024,13,283.52
VMM_P08_009,2024,14,3.87
VMM_P08_009,2024,15,33.63
VMM_P08_009,2024,16,91.41
VMM_P08_009,2024,17,79.78
VMM_P08_009,2024,18,56.47
VMM_P08_009,2024,19,22.69
VMM_P08_009,2024,20,26.67
VMM_P08_009,2024,21,2.52
VMM_P08_009,2024,22,25.41
VMM_P08_009,2024,23,32.55
VMM_P08_009,2024,24,10.79
VMM_P08_013,2005,1,1.38
VMM_P08_013,2005,2,46.05
VMM_P08_013,2005,3,38.09
VMM_P08_013,2005,4,6.05
VMM_P08_013,2005,5,5.94
VMM_P08_013,2005,6,65.7
VMM_P08_013,2005,7,4.62
VMM_P08_013,2005,8,12.97
VMM_P08_013,2005,9,15.39
VMM_P08_013,2005,10,49.58
VMM_P08_013,2005,11,5.75
VMM_P08_013,2005,12,487.19
VMM_P08_013,2005,13,128.29
VMM_P08_013,2005,14,287.48
VMM_P08_013,2005,15,146.15
VMM_P08_013,2005,16,24.84
VMM_P08_013,2005,17,329.05
VMM_P08_013,2005,18,11.86
VMM_P08_013,2005,19,8.02
VMM_P08_013,2005,20,51.48
VMM_P08_013,2005,21,6.39
VMM_P08_013,2005,22,23.3
VMM_P08_013,2005,23,2.76
VMM_P08_013,2005,24,11.36
VMM_P08_013,2006,1,0.27
VMM_P08_013,2006,2,4.96
VMM_P08_013,2006,3,18.43
VMM_P08_013,2006,4,17.5
VMM_P08_013,2006,5,7.57
VMM_P08_013,2006,6,44.22
VMM_P08_013,2006,7,9.39
VMM_P08_013,2006,8,4.34
VMM_P08_013,2006,9,4.64
VMM_P08_013,2006,10,141.59
VMM_P08_013,2006,11,1.34
VMM_P08_013,2006,12,29.98
VMM_P08_013,2006,13,55.71
VMM_P08_013,2006,14,108.76
VMM_P08_013,2006,15,200.02
VMM_P08_013,2006,16,272.09
VMM_P08_013,2006,17,0.0
VMM_P08_013,2006,18,0.0
VMM_P08_013,2006,19,76.91
VMM_P08_013,2006,20,10.35
VMM_P08_013,2006,21,4.46
VMM_P08_013,2006,22,19.47
VMM_P08_013,2006,23,24.25
VMM_P08_013,2006,24,5.5
VMM_P08_013,2007,1,30.19
VMM_P08_013,2007,2,26.61
VMM_P08_013,2007,3,12.36
VMM_P08_013,2007,4,57.88
VMM_P08_013,2007,5,23.73
VMM_P08_013,2007,6,8.49
VMM_P08_013,2007,7,0.0
VMM_P08_013,2007,8,0.0
VMM_P08_013,2007,9,27.77
VMM_P08_013,2007,10,39.03
VMM_P08_013,2007,11,18.78
VMM_P08_013,2007,12,38.31
VMM_P08_013,2007,13,35.52
VMM_P08_013,2007,14,42.57
VMM_P08_013,2007,15,14.22
VMM_P08_013,2007,16,25.74
VMM_P08_013,2007,17,4.87
VMM_P08_013,2007,18,24.96
VMM_P08_013,2007,19,26.8
VMM_P08_013,2007,20,17.77
VMM_P08_013,2007,21,19.5
VMM_P08_013,2007,22,7.42
VMM_P08_013,2007,23,39.32
VMM_P08_013,2007,24,1.48
VMM_P08_013,2008,1,10.36
VMM_P08_013,2008,2,8.08
VMM_P08_013,2008,3,3.82
VMM_P08_013,2008,4,20.79
VMM_P08_013,2008,5,59.9
VMM_P08_013,2008,6,72.46
VMM_P08_013,2008,7,17.0
VMM_P08_013,2008,8,32.2
VMM_P08_013,2008,9,46.99
VMM_P08_013,2008,10,154.73
VMM_P08_013,2008,11,194.18
VMM_P08_013,2008,12,4.31
VMM_P08_013,2008,13,106.53
VMM_P08_013,2008,14,6.0
VMM_P08_013,2008,15,175.15
VMM_P08_013,2008,16,19.25
VMM_P08_013,2008,17,13.4
VMM_P08_013,2008,18,13.86
VMM_P08_013,2008,19,17.75
VMM_P08_013,2008,20,7.49
VMM_P08_013,2008,21,21.33
VMM_P08_013,2008,22,13.26
VMM_P08_013,2008,23,7.73
VMM_P08_013,2008,24,0.4
VMM_P08_013,2009,1,2.65
VMM_P08_013,2009,2,19.75
VMM_P08_013,2009,3,19.45
VMM_P08_013,2009,4,1.73
VMM_P08_013,2009,5,8.99
VMM_P08_013,2009,6,42.26
VMM_P08_013,2009,7,11.39
VMM_P08_013,2009,8,14.21
VMM_P08_013,2009,9,234.64
VMM_P08_013,2009,10,89.04
VMM_P08_013,2009,11,97.9
VMM_P08_013,2009,12,0.31
VMM_P08_013,2009,13,255.05
VMM_P08_013,2009,14,94.46
VMM_P08_013,2009,15,41.26
VMM_P08_013,2009,16,120.34
VMM_P08_013,2009,17,6.75
VMM_P08_013,2009,18,0.86
VMM_P08_013,2009,19,472.48
VMM_P08_013,2009,20,0.23
VMM_P08_013,2009,21,31.6
VMM_P08_013,2009,22,27.52
VMM_P08_013,2009,23,11.15
VMM_P08_013,2009,24,26.01
VMM_P08_013,2010,1,0.49
VMM_P08_013,2010,2,5.65
VMM_P08_013,2010,3,4.48
VMM_P08_013,2010,4,25.58
VMM_P08_013,2010,5,1.79
VMM_P08_013,2010,6,50.16
VMM_P08_013,2010,7,3.96
VMM_P08_013,2010,8,35.59
VMM_P08_013,2010,9,135.84
VMM_P08_013,2010,10,51.27
VMM_P08_013,2010,11,7.35
VMM_P08_013,2010,12,0.47
VMM_P08_013,2010,13,1043.4
VMM_P08_013,2010,14,14.62
VMM_P08_013,2010,15,133.22
VMM_P08_013,2010,16,133.05
VMM_P08_013,2010,17,30.78
VMM_P08_013,2010,18,25.03
VMM_P08_013,2010,19,3.27
VMM_P08_013,2010,20,15.02
VMM_P08_013,2010,21,109.7
VMM_P08_013,2010,22,0.24
VMM_P08_013,2010,23,5.15
VMM_P08_013,2010,24,19.14
VMM_P08_013,2011,1,19.64
VMM_P08_013,2011,2,5.24
VMM_P08_013,2011,3,3.82
VMM_P08_013,2011,4,4.72
VMM_P08_013,2011,5,0.18
VMM_P08_013,2011,6,3.08
VMM_P08_013,2011,7,3.74
VMM_P08_013,2011,8,2.35
VMM_P08_013,2011,9,1.14
VMM_P08_013,2011,10,2.62
VMM_P08_013,2011,11,158.88
VMM_P08_013,2011,12,135.96
VMM_P08_013,2011,13,8.96
VMM_P08_013,2011,14,47.71
VMM_P08_013,2011,15,160.7
VMM_P08_013,2011,16,1702.66
VMM_P08_013,2011,17,149.36
VMM_P08_013,2011,18,10.55
VMM_P08_013,2011,19,11.12
VMM_P08_013,2011,20,2.04
VMM_P08_013,2011,21,2.33
VMM_P08_013,2011,22,0.0
VMM_P08_013,2011,23,79.57
VMM_P08_013,2011,24,17.23
VMM_P08_013,2012,1,24.84
VMM_P08_013,2012,2,16.41
VMM_P08_013,2012,3,4.21
VMM_P08_013,2012,4,0.98
VMM_P08_013,2012,5,5.99
VMM_P08_013,2012,6,0.0
VMM_P08_013,2012,7,8.56
VMM_P08_013,2012,8,30.78
VMM_P08_013,2012,9,28.17
VMM_P08_013,2012,10,34.85
VMM_P08_013,2012,11,58.42
VMM_P08_013,2012,12,160.57
VMM_P08_013,2012,13,42.85
VMM_P08_013,2012,14,147.28
VMM_P08_013,2012,15,1.62
VMM_P08_013,2012,16,20.74
VMM_P08_013,2012,17,7.81
VMM_P08_013,2012,18,66.59
VMM_P08_013,2012,19,107.05
VMM_P08_013,2012,20,3.63
VMM_P08_013,2012,21,9.56
VMM_P08_013,2012,22,2.13
VMM_P08_013,2012,23,27.28
VMM_P08_013,2012,24,30.38
VMM_P08_013,2013,1,5.76
VMM_P08_013,2013,2,6.91
VMM_P08_013,2013,3,9.79
VMM_P08_013,2013,4,0.49
VMM_P08_013,2013,5,2.62
VMM_P08_013,2013,6,5.99
VMM_P08_013,2013,7,10.07
VMM_P08_013,2013,8,4.05
VMM_P08_013,2013,9,15.18
VMM_P08_013,2013,10,39.37
VMM_P08_013,2013,11,0.86
VMM_P08_013,2013,12,35.42
VMM_P08_013,2013,13,9.59
VMM_P08_013,2013,14,547.22
VMM_P08_013,2013,15,13.34
VMM_P08_013,2013,16,3.7
VMM_P08_013,2013,17,29.9
VMM_P08_013,2013,18,1.92
VMM_P08_013,2013,19,23.12
VMM_P08_013,2013,20,11.13
VMM_P08_013,2013,21,44.82
VMM_P08_013,2013,22,4.99
VMM_P08_013,2013,23,0.86
VMM_P08_013,2013,24,44.31
VMM_P08_013,2015,1,40.47
VMM_P08_013,2015,2,13.81
VMM_P08_013,2015,3,6.82
VMM_P08_013,2015,4,15.0
VMM_P08_013,2015,5,1.53
VMM_P08_013,2015,6,18.15
VMM_P08_013,2015,7,1.98
VMM_P08_013,2015,8,15.16
VMM_P08_013,2015,9,34.39
VMM_P08_013,2015,10,7.14
VMM_P08_013,2015,11,54.19
VMM_P08_013,2015,12,10.04
VMM_P08_013,2015,13,0.16
VMM_P08_013,2015,14,111.27
VMM_P08_013,2015,15,112.07
VMM_P08_013,2015,16,27.54
VMM_P08_013,2015,17,81.28
VMM_P08_013,2015,18,14.07
VMM_P08_013,2015,19,7.36
VMM_P08_013,2015,20,0.59
VMM_P08_013,2015,21,0.98
VMM_P08_013,2015,22,48.57
VMM_P08_013,2015,23,5.3
VMM_P08_013,2015,24,1.82
VMM_P08_013,2016,1,100.84
VMM_P08_013,2016,2,12.03
VMM_P08_013,2016,3,46.2
VMM_P08_013,2016,4,10.02
VMM_P08_013,2016,5,9.24
VMM_P08_013,2016,6,15.61
VMM_P08_013,2016,7,17.88
VMM_P08_013,2016,8,26.71
VMM_P08_013,2016,9,131.33
VMM_P08_013,2016,10,39.74
VMM_P08_013,2016,11,149.8
VMM_P08_013,2016,12,234.47
VMM_P08_013,2016,13,56.27
VMM_P08_013,2016,14,196.27
VMM_P08_013,2016,15,29.02
VMM_P08_013,2016,16,9.69
VMM_P08_013,2016,17,6.45
VMM_P08_013,2016,18,1.97
VMM_P08_013,2016,19,39.41
VMM_P08_013,2016,20,3.52
VMM_P08_013,2016,21,34.05
VMM_P08_013,2016,22,39.49
VMM_P08_013,2016,23,0.67
VMM_P08_013,2016,24,2.87
VMM_P08_013,2017,1,26.14
VMM_P08_013,2017,2,2.12
VMM_P08_013,2017,3,1.05
VMM_P08_013,2017,4,25.18
VMM_P08_013,2017,5,12.55
VMM_P08_013,2017,6,1.85
VMM_P08_013,2017,7,1.44
VMM_P08_013,2017,8,2.9
VMM_P08_013,2017,9,77.85
VMM_P08_013,2017,10,1.18
VMM_P08_013,2017,11,13.63
VMM_P08_013,2017,12,18.42
VMM_P08_013,2017,13,21.93
VMM_P08_013,2017,14,90.75
VMM_P08_013,2017,15,161.33
VMM_P08_013,2017,16,184.34
VMM_P08_013,2017,17,93.05
VMM_P08_013,2017,18,31.33
VMM_P08_013,2017,19,6.32
VMM_P08_013,2017,20,9.61
VMM_P08_013,2017,21,10.22
VMM_P08_013,2017,22,20.29
VMM_P08_013,2017,23,66.2
VMM_P08_013,2017,24,13.01
VMM_P08_013,2018,1,16.7
VMM_P08_013,2018,2,13.61
VMM_P08_013,2018,3,6.02
VMM_P08_013,2018,4,0.0
VMM_P08_013,2018,5,26.46
VMM_P08_013,2018,6,10.04
VMM_P08_013,2018,7,4.02
VMM_P08_013,2018,8,53.77
VMM_P08_013,2018,9,0.43
VMM_P08_013,2018,10,186.04
VMM_P08_013,2018,11,12.78
VMM_P08_013,2018,12,0.0
VMM_P08_013,2018,13,0.0
VMM_P08_013,2018,14,0.0
VMM_P08_013,2018,15,138.46
VMM_P08_013,2018,16,66.92
VMM_P08_013,2018,17,193.26
VMM_P08_013,2018,18,51.97
VMM_P08_013,2018,19,0.0
VMM_P08_013,2018,20,20.81
VMM_P08_013,2018,21,5.51
VMM_P08_013,2018,22,1.89
VMM_P08_013,2018,23,33.57
VMM_P08_013,2018,24,24.88
VMM_P08_013,2019,1,11.46
VMM_P08_013,2019,2,25.3
VMM_P08_013,2019,3,18.52
VMM_P08_013,2019,4,1.88
VMM_P08_013,2019,5,29.19
VMM_P08_013,2019,6,1.66
VMM_P08_013,2019,7,12.26
VMM_P08_013,2019,8,2.91
VMM_P08_013,2019,9,21.8
VMM_P08_013,2019,10,8.85
VMM_P08_013,2019,11,80.04
VMM_P08_013,2019,12,2.18
VMM_P08_013,2019,13,29.05
VMM_P08_013,2019,14,228.99
VMM_P08_013,2019,15,3.54
VMM_P08_013,2019,16,178.72
VMM_P08_013,2019,17,2.01
VMM_P08_013,2019,18,88.56
VMM_P08_013,2019,19,106.12
VMM_P08_013,2019,20,10.64
VMM_P08_013,2019,21,21.22
VMM_P08_013,2019,22,6.66
VMM_P08_013,2019,23,11.5
VMM_P08_013,2019,24,5.67
VMM_P08_013,2020,1,15.45
VMM_P08_013,2020,2,6.6
VMM_P08_013,2020,3,22.51
VMM_P08_013,2020,4,62.63
VMM_P08_013,2020,5,36.24
VMM_P08_013,2020,6,0.12
VMM_P08_013,2020,7,0.0
VMM_P08_013,2020,8,9.0
VMM_P08_013,2020,9,48.07
VMM_P08_013,2020,10,0.0
VMM_P08_013,2020,11,30.53
VMM_P08_013,2020,12,64.23
VMM_P08_013,2020,13,1.26
VMM_P08_013,2020,14,2.6
VMM_P08_013,2020,15,141.65
VMM_P08_013,2020,16,43.24
VMM_P08_013,2020,17,1.23
VMM_P08_013,2020,18,126.37
VMM_P08_013,2020,19,40.03
VMM_P08_013,2020,20,8.17
VMM_P08_013,2020,21,9.16
VMM_P08_013,2020,22,5.96
VMM_P08_013,2020,23,5.83
VMM_P08_013,2020,24,16.9
VMM_P08_013,2021,1,9.62
VMM_P08_013,2021,2,24.15
VMM_P08_013,2021,3,17.95
VMM_P08_013,2021,4,2.02
VMM_P08_013,2021,5,25.81
VMM_P08_013,2021,6,1.38
VMM_P08_013,2021,7,24.14
VMM_P08_013,2021,8,0.0
VMM_P08_013,2021,9,22.29
VMM_P08_013,2021,10,27.15
VMM_P08_013,2021,11,8.37
VMM_P08_013,2021,12,74.47
VMM_P08_013,2021,13,430.05
VMM_P08_013,2021,14,84.5
VMM_P08_013,2021,15,235.25
VMM_P08_013,2021,16,47.48
VMM_P08_013,2021,17,12.53
VMM_P08_013,2021,18,3.47
VMM_P08_013,2021,19,26.4
VMM_P08_013,2021,20,43.62
VMM_P08_013,2021,21,1.79
VMM_P08_013,2021,22,18.6
VMM_P08_013,2021,23,11.62
VMM_P08_013,2021,24,12.7
VMM_P08_013,2022,1,63.57
VMM_P08_013,2022,2,0.28
VMM_P08_013,2022,3,29.65
VMM_P08_013,2022,4,65.25
VMM_P08_013,2022,5,0.0
VMM_P08_013,2022,6,1.38
VMM_P08_013,2022,7,9.89
VMM_P08_013,2022,8,62.48
VMM_P08_013,2022,9,1.61
VMM_P08_013,2022,10,339.67
VMM_P08_013,2022,11,94.36
VMM_P08_013,2022,12,67.53
VMM_P08_013,2022,13,0.0
VMM_P08_013,2022,14,2.84
VMM_P08_013,2022,15,4.65
VMM_P08_013,2022,16,16.69
VMM_P08_013,2022,17,54.92
VMM_P08_013,2022,18,69.1
VMM_P08_013,2022,19,1.6
VMM_P08_013,2022,20,24.34
VMM_P08_013,2022,21,5.88
VMM_P08_013,2022,22,26.22
VMM_P08_013,2022,23,0.67
VMM_P08_013,2022,24,70.07
VMM_P08_013,2023,1,37.68
VMM_P08_013,2023,2,7.55
VMM_P08_013,2023,3,0.26
VMM_P08_013,2023,4,2.06
VMM_P08_013,2023,5,25.38
VMM_P08_013,2023,6,38.34
VMM_P08_013,2023,7,8.73
VMM_P08_013,2023,8,2.93
VMM_P08_013,2023,9,194.72
VMM_P08_013,2023,10,0.0
VMM_P08_013,2023,11,0.0
VMM_P08_013,2023,12,37.5
VMM_P08_013,2023,13,139.25
VMM_P08_013,2023,14,109.45
VMM_P08_013,2023,15,92.3
VMM_P08_013,2023,16,115.86
VMM_P08_013,2023,17,114.69
VMM_P08_013,2023,18,82.09
VMM_P08_013,2023,19,15.52
VMM_P08_013,2023,20,65.03
VMM_P08_013,2023,21,38.99
VMM_P08_013,2023,22,21.74
VMM_P08_013,2023,23,9.29
VMM_P08_013,2023,24,16.43
VMM_P08_013,2024,1,41.68
VMM_P08_013,2024,2,5.46
VMM_P08_013,2024,3,48.21
VMM_P08_013,2024,4,19.74
VMM_P08_013,2024,5,15.74
VMM_P08_013,2024,6,7.5
VMM_P08_013,2024,7,31.3
VMM_P08_013,2024,8,12.04
VMM_P08_013,2024,9,153.51
VMM_P08_013,2024,10,68.16
VMM_P08_013,2024,11,19.45
VMM_P08_013,2024,12,167.59
VMM_P08_013,2024,13,295.48
VMM_P08_013,2024,14,2.57
VMM_P08_013,2024,15,318.87
VMM_P08_013,2024,16,41.18
VMM_P08_013,2024,17,127.11
VMM_P08_013,2024,18,112.2
VMM_P08_013,2024,19,39.61
VMM_P08_013,2024,20,13.25
VMM_P08_013,2024,21,0.38
VMM_P08_013,2024,22,92.96
VMM_P08_013,2024,23,12.43
VMM_P08_013,2024,24,34.27
VMM_P08_018,2005,1,2.29
VMM_P08_018,2005,2,16.15
VMM_P08_018,2005,3,27.79
VMM_P08_018,2005,4,7.68
VMM_P08_018,2005,5,3.86
VMM_P08_018,2005,6,19.71
VMM_P08_018,2005,7,53.41
VMM_P08_018,2005,8,239.25
VMM_P08_018,2005,9,178.98
VMM_P08_018,2005,10,46.13
VMM_P08_018,2005,11,2.3
VMM_P08_018,2005,12,110.67
VMM_P08_018,2005,13,91.37
VMM_P08_018,2005,14,51.02
VMM_P08_018,2005,15,13.02
VMM_P08_018,2005,16,38.45
VMM_P08_018,2005,17,82.29
VMM_P08_018,2005,18,5.63
VMM_P08_018,2005,19,1.29
VMM_P08_018,2005,20,26.01
VMM_P08_018,2005,21,8.64
VMM_P08_018,2005,22,29.36
VMM_P08_018,2005,23,0.67
VMM_P08_018,2005,24,9.63
VMM_P08_018,2006,1,0.31
VMM_P08_018,2006,2,1.67
VMM_P08_018,2006,3,17.76
VMM_P08_018,2006,4,17.68
VMM_P08_018,2006,5,6.14
VMM_P08_018,2006,6,29.04
VMM_P08_018,2006,7,19.47
VMM_P08_018,2006,8,1.3
VMM_P08_018,2006,9,2.26
VMM_P08_018,2006,10,55.8
VMM_P08_018,2006,11,4.4
VMM_P08_018,2006,12,103.43
VMM_P08_018,2006,13,3.6
VMM_P08_018,2006,14,14.48
VMM_P08_018,2006,15,217.18
VMM_P08_018,2006,16,111.15
VMM_P08_018,2006,17,0.0
VMM_P08_018,2006,18,180.83
VMM_P08_018,2006,19,9.34
VMM_P08_018,2006,20,10.36
VMM_P08_018,2006,21,10.05
VMM_P08_018,2006,22,12.13
VMM_P08_018,2006,23,31.58
VMM_P08_018,2006,24,3.2
VMM_P08_018,2007,1,28.37
VMM_P08_018,2007,2,55.57
VMM_P08_018,2007,3,12.53
VMM_P08_018,2007,4,35.88
VMM_P08_018,2007,5,16.53
VMM_P08_018,2007,6,3.39
VMM_P08_018,2007,7,0.0
VMM_P08_018,2007,8,0.0
VMM_P08_018,2007,9,55.55
VMM_P08_018,2007,10,20.57
VMM_P08_018,2007,11,190.89
VMM_P08_018,2007,12,48.03
VMM_P08_018,2007,13,65.71
VMM_P08_018,2007,14,84.85
VMM_P08_018,2007,15,21.08
VMM_P08_018,2007,16,40.14
VMM_P08_018,2007,17,8.86
VMM_P08_018,2007,18,23.47
VMM_P08_018,2007,19,54.54
VMM_P08_018,2007,20,11.68
VMM_P08_018,2007,21,19.8
VMM_P08_018,2007,22,7.68
VMM_P08_018,2007,23,33.63
VMM_P08_018,2007,24,0.37
VMM_P08_018,2008,1,5.45
VMM_P08_018,2008,2,6.28
VMM_P08_018,2008,3,4.77
VMM_P08_018,2008,4,9.34
VMM_P08_018,2008,5,35.9
VMM_P08_018,2008,6,20.15
VMM_P08_018,2008,7,1.26
VMM_P08_018,2008,8,127.12
VMM_P08_018,2008,9,10.89
VMM_P08_018,2008,10,20.11
VMM_P08_018,2008,11,624.97
VMM_P08_018,2008,12,12.41
VMM_P08_018,2008,13,25.33
VMM_P08_018,2008,14,35.74
VMM_P08_018,2008,15,134.57
VMM_P08_018,2008,16,1.7
VMM_P08_018,2008,17,32.66
VMM_P08_018,2008,18,2.59
VMM_P08_018,2008,19,47.66
VMM_P08_018,2008,20,10.7
VMM_P08_018,2008,21,18.04
VMM_P08_018,2008,22,22.98
VMM_P08_018,2008,23,3.74
VMM_P08_018,2008,24,0.77
VMM_P08_018,2009,1,19.46
VMM_P08_018,2009,2,25.63
VMM_P08_018,2009,3,15.54
VMM_P08_018,2009,4,2.19
VMM_P08_018,2009,5,5.8
VMM_P08_018,2009,6,36.84
VMM_P08_018,2009,7,1.06
VMM_P08_018,2009,8,12.23
VMM_P08_018,2009,9,40.89
VMM_P08_018,2009,10,144.87
VMM_P08_018,2009,11,119.17
VMM_P08_018,2009,12,0.0
VMM_P08_018,2009,13,36.58
VMM_P08_018,2009,14,168.59
VMM_P08_018,2009,15,21.8
VMM_P08_018,2009,16,99.67
VMM_P08_018,2009,17,2.34
VMM_P08_018,2009,18,0.24
VMM_P08_018,2009,19,109.66
VMM_P08_018,2009,20,0.76
VMM_P08_018,2009,21,14.94
VMM_P08_018,2009,22,30.68
VMM_P08_018,2009,23,12.86
VMM_P08_018,2009,24,22.93
VMM_P08_018,2010,1,1.97
VMM_P08_018,2010,2,8.2
VMM_P08_018,2010,3,5.97
VMM_P08_018,2010,4,21.42
VMM_P08_018,2010,5,1.62
VMM_P08_018,2010,6,77.41
VMM_P08_018,2010,7,16.18
VMM_P08_018,2010,8,0.0
VMM_P08_018,2010,9,15.63
VMM_P08_018,2010,10,29.41
VMM_P08_018,2010,11,36.91
VMM_P08_018,2010,12,0.72
VMM_P08_018,2010,13,482.72
VMM_P08_018,2010,14,36.75
VMM_P08_018,2010,15,57.5
VMM_P08_018,2010,16,102.75
VMM_P08_018,2010,17,51.05
VMM_P08_018,2010,18,0.1
VMM_P08_018,2010,19,9.36
VMM_P08_018,2010,20,23.89
VMM_P08_018,2010,21,233.23
VMM_P08_018,2010,22,4.69
VMM_P08_018,2010,23,5.11
VMM_P08_018,2010,24,16.89
VMM_P08_018,2011,1,18.44
VMM_P08_018,2011,2,6.12
VMM_P08_018,2011,3,1.94
VMM_P08_018,2011,4,5.45
VMM_P08_018,2011,5,0.0
VMM_P08_018,2011,6,14.31
VMM_P08_018,2011,7,1.72
VMM_P08_018,2011,8,5.09
VMM_P08_018,2011,9,0.66
VMM_P08_018,2011,10,16.01
VMM_P08_018,2011,11,27.19
VMM_P08_018,2011,12,1470.19
VMM_P08_018,2011,13,14.46
VMM_P08_018,2011,14,9.09
VMM_P08_018,2011,15,57.72
VMM_P08_018,2011,16,1413.35
VMM_P08_018,2011,17,368.51
VMM_P08_018,2011,18,4.13
VMM_P08_018,2011,19,25.67
VMM_P08_018,2011,20,9.24
VMM_P08_018,2011,21,0.43
VMM_P08_018,2011,22,0.0
VMM_P08_018,2011,23,47.83
VMM_P08_018,2011,24,52.54
VMM_P08_018,2012,1,53.4
VMM_P08_018,2012,2,9.37
VMM_P08_018,2012,3,2.86
VMM_P08_018,2012,4,2.81
VMM_P08_018,2012,5,7.15
VMM_P08_018,2012,6,0.6
VMM_P08_018,2012,7,30.08
VMM_P08_018,2012,8,69.73
VMM_P08_018,2012,9,26.63
VMM_P08_018,2012,10,4.75
VMM_P08_018,2012,11,161.42
VMM_P08_018,2012,12,145.13
VMM_P08_018,2012,13,1075.92
VMM_P08_018,2012,14,11.63
VMM_P08_018,2012,15,1.09
VMM_P08_018,2012,16,30.4
VMM_P08_018,2012,17,10.64
VMM_P08_018,2012,18,53.16
VMM_P08_018,2012,19,119.36
VMM_P08_018,2012,20,9.82
VMM_P08_018,2012,21,6.44
VMM_P08_018,2012,22,0.85
VMM_P08_018,2012,23,41.98
VMM_P08_018,2012,24,37.08
VMM_P08_018,2013,1,3.02
VMM_P08_018,2013,2,1125.0
VMM_P08_018,2013,3,17.77
VMM_P08_018,2013,4,0.23
VMM_P08_018,2013,5,4.98
VMM_P08_018,2013,6,5.94
VMM_P08_018,2013,7,37.79
VMM_P08_018,2013,8,2.41
VMM_P08_018,2013,9,7.43
VMM_P08_018,2013,10,30.44
VMM_P08_018,2013,11,0.25
VMM_P08_018,2013,12,612.68
VMM_P08_018,2013,13,13.12
VMM_P08_018,2013,14,329.94
VMM_P08_018,2013,15,18.86
VMM_P08_018,2013,16,1.1
VMM_P08_018,2013,17,39.68
VMM_P08_018,2013,18,4.91
VMM_P08_018,2013,19,49.61
VMM_P08_018,2013,20,54.4
VMM_P08_018,2013,21,39.49
VMM_P08_018,2013,22,5.83
VMM_P08_018,2013,23,1.34
VMM_P08_018,2013,24,117.46
VMM_P08_018,2015,1,41.07
VMM_P08_018,2015,2,16.34
VMM_P08_018,2015,3,2.66
VMM_P08_018,2015,4,15.81
VMM_P08_018,2015,5,12.08
VMM_P08_018,2015,6,12.76
VMM_P08_018,2015,7,1.83
VMM_P08_018,2015,8,3.0
VMM_P08_018,2015,9,72.37
VMM_P08_018,2015,10,328.52
VMM_P08_018,2015,11,19.35
VMM_P08_018,2015,12,42.67
VMM_P08_018,2015,13,0.09
VMM_P08_018,2015,14,100.95
VMM_P08_018,2015,15,257.76
VMM_P08_018,2015,16,58.66
VMM_P08_018,2015,17,28.36
VMM_P08_018,2015,18,46.99
VMM_P08_018,2015,19,10.88
VMM_P08_018,2015,20,1.25
VMM_P08_018,2015,21,2.23
VMM_P08_018,2015,22,76.79
VMM_P08_018,2015,23,6.19
VMM_P08_018,2015,24,5.71
VMM_P08_018,2017,1,26.39
VMM_P08_018,2017,2,2.51
VMM_P08_018,2017,3,1.06
VMM_P08_018,2017,4,40.48
VMM_P08_018,2017,5,11.27
VMM_P08_018,2017,6,3.94
VMM_P08_018,2017,7,3.18
VMM_P08_018,2017,8,8.18
VMM_P08_018,2017,9,13.81
VMM_P08_018,2017,10,648.21
VMM_P08_018,2017,11,18.41
VMM_P08_018,2017,12,3.71
VMM_P08_018,2017,13,73.66
VMM_P08_018,2017,14,96.64
VMM_P08_018,2017,15,84.84
VMM_P08_018,2017,16,48.36
VMM_P08_018,2017,17,42.56
VMM_P08_018,2017,18,60.23
VMM_P08_018,2017,19,9.87
VMM_P08_018,2017,20,19.55
VMM_P08_018,2017,21,12.67
VMM_P08_018,2017,22,39.43
VMM_P08_018,2017,23,64.11
VMM_P08_018,2017,24,13.95
VMM_P08_018,2019,1,4.05
VMM_P08_018,2019,2,33.2
VMM_P08_018,2019,3,12.27
VMM_P08_018,2019,4,1.66
VMM_P08_018,2019,5,32.61
VMM_P08_018,2019,6,0.16
VMM_P08_018,2019,7,8.91
VMM_P08_018,2019,8,5.34
VMM_P08_018,2019,9,8.65
VMM_P08_018,2019,10,15.88
VMM_P08_018,2019,11,97.77
VMM_P08_018,2019,12,2.87
VMM_P08_018,2019,13,0.92
VMM_P08_018,2019,14,167.11
VMM_P08_018,2019,15,26.5
VMM_P08_018,2019,16,29.07
VMM_P08_018,2019,17,3.02
VMM_P08_018,2019,18,18.63
VMM_P08_018,2019,19,72.3
VMM_P08_018,2019,20,17.37
VMM_P08_018,2019,21,48.82
VMM_P08_018,2019,22,17.4
VMM_P08_018,2019,23,26.2
VMM_P08_018,2019,24,14.72
VMM_P08_018,2020,1,9.3
VMM_P08_018,2020,2,8.43
VMM_P08_018,2020,3,23.83
VMM_P08_018,2020,4,77.17
VMM_P08_018,2020,5,24.4
VMM_P08_018,2020,6,0.16
VMM_P08_018,2020,7,0.0
VMM_P08_018,2020,8,7.45
VMM_P08_018,2020,9,3.6
VMM_P08_018,2020,10,0.0
VMM_P08_018,2020,11,57.25
VMM_P08_018,2020,12,51.7
VMM_P08_018,2020,13,38.71
VMM_P08_018,2020,14,1.44
VMM_P08_018,2020,15,20.03
VMM_P08_018,2020,16,51.82
VMM_P08_018,2020,17,0.12
VMM_P08_018,2020,18,87.86
VMM_P08_018,2020,19,16.24
VMM_P08_018,2020,20,92.31
VMM_P08_018,2020,21,17.2
VMM_P08_018,2020,22,4.91
VMM_P08_018,2020,23,3.53
VMM_P08_018,2020,24,16.32
VMM_P08_018,2021,1,10.89
VMM_P08_018,2021,2,29.52
VMM_P08_018,2021,3,48.54
VMM_P08_018,2021,4,3.48
VMM_P08_018,2021,5,9.01
VMM_P08_018,2021,6,1.42
VMM_P08_018,2021,7,7.39
VMM_P08_018,2021,8,0.0
VMM_P08_018,2021,9,26.84
VMM_P08_018,2021,10,44.63
VMM_P08_018,2021,11,128.12
VMM_P08_018,2021,12,161.86
VMM_P08_018,2021,13,200.96
VMM_P08_018,2021,14,63.29
VMM_P08_018,2021,15,13.78
VMM_P08_018,2021,16,110.63
VMM_P08_018,2021,17,2.48
VMM_P08_018,2021,18,1.2
VMM_P08_018,2021,19,81.58
VMM_P08_018,2021,20,32.55
VMM_P08_018,2021,21,2.72
VMM_P08_018,2021,22,29.33
VMM_P08_018,2021,23,8.11
VMM_P08_018,2021,24,40.32
VMM_P08_018,2022,1,21.66
VMM_P08_018,2022,2,1.6
VMM_P08_018,2022,3,21.75
VMM_P08_018,2022,4,28.39
VMM_P08_018,2022,5,9.28
VMM_P08_018,2022,6,0.49
VMM_P08_018,2022,7,4.77
VMM_P08_018,2022,8,0.0
VMM_P08_018,2022,9,0.0
VMM_P08_018,2022,10,116.83
VMM_P08_018,2022,11,24.29
VMM_P08_018,2022,12,51.99
VMM_P08_018,2022,13,0.0
VMM_P08_018,2022,14,104.22
VMM_P08_018,2022,15,0.91
VMM_P08_018,2022,16,4.97
VMM_P08_018,2022,17,140.71
VMM_P08_018,2022,18,91.43
VMM_P08_018,2022,19,7.82
VMM_P08_018,2022,20,49.3
VMM_P08_018,2022,21,16.26
VMM_P08_018,2022,22,57.89
VMM_P08_018,2022,23,0.36
VMM_P08_018,2022,24,73.21
VMM_P08_018,2023,1,91.16
VMM_P08_018,2023,2,25.21
VMM_P08_018,2023,3,0.15
VMM_P08_018,2023,4,0.24
VMM_P08_018,2023,5,61.39
VMM_P08_018,2023,6,38.27
VMM_P08_018,2023,7,41.32
VMM_P08_018,2023,8,5.06
VMM_P08_018,2023,9,98.32
VMM_P08_018,2023,10,0.0
VMM_P08_018,2023,11,0.0
VMM_P08_018,2023,12,217.56
VMM_P08_018,2023,13,50.89
VMM_P08_018,2023,14,206.9
VMM_P08_018,2023,15,148.9
VMM_P08_018,2023,16,211.36
VMM_P08_018,2023,17,30.66
VMM_P08_018,2023,18,147.28
VMM_P08_018,2023,19,50.78
VMM_P08_018,2023,20,138.16
VMM_P08_018,2023,21,90.13
VMM_P08_018,2023,22,40.32
VMM_P08_018,2023,23,66.4
VMM_P08_018,2023,24,42.22
VMM_P08_018,2024,1,106.3
VMM_P08_018,2024,2,7.66
VMM_P08_018,2024,3,50.58
VMM_P08_018,2024,4,21.97
VMM_P08_018,2024,5,23.44
VMM_P08_018,2024,6,10.7
VMM_P08_018,2024,7,11.74
VMM_P08_018,2024,8,16.09
VMM_P08_018,2024,9,41.04
VMM_P08_018,2024,10,128.97
VMM_P08_018,2024,11,30.52
VMM_P08_018,2024,12,114.95
VMM_P08_018,2024,13,762.21
VMM_P08_018,2024,14,8.89
VMM_P08_018,2024,15,232.29
VMM_P08_018,2024,16,31.97
VMM_P08_018,2024,17,310.26
VMM_P08_018,2024,18,40.84
VMM_P08_018,2024,19,27.2
VMM_P08_018,2024,20,30.08
VMM_P08_018,2024,21,0.54
VMM_P08_018,2024,22,73.12
VMM_P08_018,2024,23,76.93
VMM_P08_018,2024,24,24.08
VMM_P08_023,2009,1,2.52
VMM_P08_023,2009,2,25.47
VMM_P08_023,2009,3,21.15
VMM_P08_023,2009,4,1.16
VMM_P08_023,2009,5,7.38
VMM_P08_023,2009,6,36.64
VMM_P08_023,2009,7,7.89
VMM_P08_023,2009,8,8.95
VMM_P08_023,2009,9,14.22
VMM_P08_023,2009,10,56.65
VMM_P08_023,2009,11,69.33
VMM_P08_023,2009,12,181.81
VMM_P08_023,2009,13,25.41
VMM_P08_023,2009,14,48.77
VMM_P08_023,2009,15,35.6
VMM_P08_023,2009,16,81.67
VMM_P08_023,2009,17,42.76
VMM_P08_023,2009,18,0.0
VMM_P08_023,2009,19,9.63
VMM_P08_023,2009,20,1.68
VMM_P08_023,2009,21,28.57
VMM_P08_023,2009,22,25.47
VMM_P08_023,2009,23,9.45
VMM_P08_023,2009,24,12.1
VMM_P08_023,2015,1,53.4
VMM_P08_023,2015,2,9.37
VMM_P08_023,2015,3,3.14
VMM_P08_023,2015,4,14.56
VMM_P08_023,2015,5,3.6
VMM_P08_023,2015,6,21.08
VMM_P08_023,2015,7,5.64
VMM_P08_023,2015,8,2.11
VMM_P08_023,2015,9,60.72
VMM_P08_023,2015,10,11.27
VMM_P08_023,2015,11,61.7
VMM_P08_023,2015,12,20.64
VMM_P08_023,2015,13,6.82
VMM_P08_023,2015,14,22.59
VMM_P08_023,2015,15,118.16
VMM_P08_023,2015,16,23.6
VMM_P08_023,2015,17,33.89
VMM_P08_023,2015,18,6.56
VMM_P08_023,2015,19,7.23
VMM_P08_023,2015,20,0.84
VMM_P08_023,2015,21,2.36
VMM_P08_023,2015,22,79.37
VMM_P08_023,2015,23,9.3
VMM_P08_023,2015,24,4.55
VMM_P08_023,2016,1,53.11
VMM_P08_023,2016,2,13.96
VMM_P08_023,2016,3,50.98
VMM_P08_023,2016,4,16.4
VMM_P08_023,2016,5,16.3
VMM_P08_023,2016,6,27.9
VMM_P08_023,2016,7,27.07
VMM_P08_023,2016,8,32.38
VMM_P08_023,2016,9,3.34
VMM_P08_023,2016,10,183.52
VMM_P08_023,2016,11,295.3
VMM_P08_023,2016,12,58.6
VMM_P08_023,2016,13,18.99
VMM_P08_023,2016,14,2.92
VMM_P08_023,2016,15,62.23
VMM_P08_023,2016,16,5.98
VMM_P08_023,2016,17,10.21
VMM_P08_023,2016,18,4.26
VMM_P08_023,2016,19,10.23
VMM_P08_023,2016,20,36.4
VMM_P08_023,2016,21,29.78
VMM_P08_023,2016,22,26.03
VMM_P08_023,2016,23,1.38
VMM_P08_023,2016,24,2.83
VMM_P08_023,2017,1,44.79
VMM_P08_023,2017,2,5.34
VMM_P08_023,2017,3,1.67
VMM_P08_023,2017,4,16.27
VMM_P08_023,2017,5,9.96
VMM_P08_023,2017,6,3.73
VMM_P08_023,2017,7,1.34
VMM_P08_023,2017,8,0.56
VMM_P08_023,2017,9,2.09
VMM_P08_023,2017,10,4.87
VMM_P08_023,2017,11,11.43
VMM_P08_023,2017,12,111.03
VMM_P08_023,2017,13,13.68
VMM_P08_023,2017,14,78.54
VMM_P08_023,2017,15,82.1
VMM_P08_023,2017,16,82.65
VMM_P08_023,2017,17,43.95
VMM_P08_023,2017,18,5.81
VMM_P08_023,2017,19,3.24
VMM_P08_023,2017,20,11.19
VMM_P08_023,2017,21,16.95
VMM_P08_023,2017,22,52.04
VMM_P08_023,2017,23,70.1
VMM_P08_023,2017,24,18.97
VMM_P08_023,2018,1,58.69
VMM_P08_023,2018,2,12.36
VMM_P08_023,2018,3,5.76
VMM_P08_023,2018,4,0.0
VMM_P08_023,2018,5,12.92
VMM_P08_023,2018,6,12.25
VMM_P08_023,2018,7,3.07
VMM_P08_023,2018,8,23.78
VMM_P08_023,2018,9,0.0
VMM_P08_023,2018,10,13.49
VMM_P08_023,2018,11,29.62
VMM_P08_023,2018,12,0.0
VMM_P08_023,2018,13,471.62
VMM_P08_023,2018,14,0.23
VMM_P08_023,2018,15,32.69
VMM_P08_023,2018,16,56.81
VMM_P08_023,2018,17,1.59
VMM_P08_023,2018,18,41.42
VMM_P08_023,2018,19,8.46
VMM_P08_023,2018,20,40.88
VMM_P08_023,2018,21,27.23
VMM_P08_023,2018,22,6.3
VMM_P08_023,2018,23,37.55
VMM_P08_023,2018,24,29.44
VMM_P08_023,2019,1,2.87
VMM_P08_023,2019,2,51.91
VMM_P08_023,2019,3,23.12
VMM_P08_023,2019,4,8.34
VMM_P08_023,2019,5,46.05
VMM_P08_023,2019,6,4.19
VMM_P08_023,2019,7,13.31
VMM_P08_023,2019,8,4.58
VMM_P08_023,2019,9,34.74
VMM_P08_023,2019,10,80.29
VMM_P08_023,2019,11,213.86
VMM_P08_023,2019,12,10.64
VMM_P08_023,2019,13,2.3
VMM_P08_023,2019,14,28.92
VMM_P08_023,2019,15,124.11
VMM_P08_023,2019,16,95.74
VMM_P08_023,2019,17,1.64
VMM_P08_023,2019,18,70.84
VMM_P08_023,2019,19,180.52
VMM_P08_023,2019,20,12.19
VMM_P08_023,2019,21,21.08
VMM_P08_023,2019,22,11.92
VMM_P08_023,2019,23,25.27
VMM_P08_023,2019,24,14.58
VMM_P08_023,2020,1,5.6
VMM_P08_023,2020,2,13.68
VMM_P08_023,2020,3,24.55
VMM_P08_023,2020,4,49.34
VMM_P08_023,2020,5,27.08
VMM_P08_023,2020,6,0.33
VMM_P08_023,2020,7,0.0
VMM_P08_023,2020,8,6.54
VMM_P08_023,2020,9,0.0
VMM_P08_023,2020,10,0.0
VMM_P08_023,2020,11,31.4
VMM_P08_023,2020,12,78.86
VMM_P08_023,2020,13,26.16
VMM_P08_023,2020,14,3.09
VMM_P08_023,2020,15,6.12
VMM_P08_023,2020,16,106.25
VMM_P08_023,2020,17,0.68
VMM_P08_023,2020,18,165.71
VMM_P08_023,2020,19,28.48
VMM_P08_023,2020,20,39.6
VMM_P08_023,2020,21,61.91
VMM_P08_023,2020,22,5.1
VMM_P08_023,2020,23,4.29
VMM_P08_023,2020,24,19.3
VMM_P08_023,2021,1,22.57
VMM_P08_023,2021,2,56.39
VMM_P08_023,2021,3,19.13
VMM_P08_023,2021,4,2.63
VMM_P08_023,2021,5,33.3
VMM_P08_023,2021,6,3.56
VMM_P08_023,2021,7,19.98
VMM_P08_023,2021,8,0.0
VMM_P08_023,2021,9,4.9
VMM_P08_023,2021,10,33.66
VMM_P08_023,2021,11,774.16
VMM_P08_023,2021,12,197.14
VMM_P08_023,2021,13,530.81
VMM_P08_023,2021,14,17.78
VMM_P08_023,2021,15,116.36
VMM_P08_023,2021,16,496.23
VMM_P08_023,2021,17,154.41
VMM_P08_023,2021,18,3.55
VMM_P08_023,2021,19,38.02
VMM_P08_023,2021,20,296.62
VMM_P08_023,2021,21,5.29
VMM_P08_023,2021,22,14.78
VMM_P08_023,2021,23,17.12
VMM_P08_023,2021,24,27.99
VMM_P08_023,2022,1,54.15
VMM_P08_023,2022,2,1.98
VMM_P08_023,2022,3,19.86
VMM_P08_023,2022,4,18.68
VMM_P08_023,2022,5,0.0
VMM_P08_023,2022,6,0.0
VMM_P08_023,2022,7,8.61
VMM_P08_023,2022,8,2.77
VMM_P08_023,2022,9,0.0
VMM_P08_023,2022,10,223.17
VMM_P08_023,2022,11,57.35
VMM_P08_023,2022,12,129.06
VMM_P08_023,2022,13,0.0
VMM_P08_023,2022,14,1.15
VMM_P08_023,2022,15,1.48
VMM_P08_023,2022,16,0.55
VMM_P08_023,2022,17,115.38
VMM_P08_023,2022,18,85.18
VMM_P08_023,2022,19,6.31
VMM_P08_023,2022,20,10.37
VMM_P08_023,2022,21,8.29
VMM_P08_023,2022,22,22.03
VMM_P08_023,2022,23,0.89
VMM_P08_023,2022,24,83.55
VMM_P08_023,2023,1,23.93
VMM_P08_023,2023,2,6.25
VMM_P08_023,2023,3,0.43
VMM_P08_023,2023,4,0.44
VMM_P08_023,2023,5,46.89
VMM_P08_023,2023,6,34.84
VMM_P08_023,2023,7,18.12
VMM_P08_023,2023,8,8.64
VMM_P08_023,2023,9,43.28
VMM_P08_023,2023,10,0.0
VMM_P08_023,2023,11,0.0
VMM_P08_023,2023,12,89.66
VMM_P08_023,2023,13,108.0
VMM_P08_023,2023,14,177.84
VMM_P08_023,2023,15,248.41
VMM_P08_023,2023,16,375.31
VMM_P08_023,2023,17,0.0
VMM_P08_023,2023,18,98.74
VMM_P08_023,2023,19,3.05
VMM_P08_023,2023,20,57.54
VMM_P08_023,2023,21,51.7
VMM_P08_023,2023,22,25.06
VMM_P08_023,2023,23,11.72
VMM_P08_023,2023,24,24.83
VMM_P08_023,2024,1,54.67
VMM_P08_023,2024,2,15.27
VMM_P08_023,2024,3,50.67
VMM_P08_023,2024,4,21.0
VMM_P08_023,2024,5,14.38
VMM_P08_023,2024,6,8.59
VMM_P08_023,2024,7,42.98
VMM_P08_023,2024,8,24.72
VMM_P08_023,2024,9,15.11
VMM_P08_023,2024,10,106.98
VMM_P08_023,2024,11,8.44
VMM_P08_023,2024,12,56.99
VMM_P08_023,2024,13,831.71
VMM_P08_023,2024,14,23.62
VMM_P08_023,2024,15,37.8
VMM_P08_023,2024,16,364.36
VMM_P08_023,2024,17,51.56
VMM_P08_023,2024,18,87.37
VMM_P08_023,2024,19,28.77
VMM_P08_023,2024,20,15.93
VMM_P08_023,2024,21,1.66
VMM_P08_023,2024,22,55.95
VMM_P08_023,2024,23,24.19
VMM_P08_023,2024,24,23.36
VMM_P08_028,2010,1,2.09
VMM_P08_028,2010,2,6.43
VMM_P08_028,2010,3,3.48
VMM_P08_028,2010,4,19.38
VMM_P08_028,2010,5,1.26
VMM_P08_028,2010,6,44.89
VMM_P08_028,2010,7,1.95
VMM_P08_028,2010,8,4.39
VMM_P08_028,2010,9,20.54
VMM_P08_028,2010,10,18.11
VMM_P08_028,2010,11,6.76
VMM_P08_028,2010,12,0.49
VMM_P08_028,2010,13,621.52
VMM_P08_028,2010,14,61.6
VMM_P08_028,2010,15,268.88
VMM_P08_028,2010,16,86.43
VMM_P08_028,2010,17,60.71
VMM_P08_028,2010,18,25.01
VMM_P08_028,2010,19,6.81
VMM_P08_028,2010,20,14.94
VMM_P08_028,2010,21,120.46
VMM_P08_028,2010,22,0.25
VMM_P08_028,2010,23,5.04
VMM_P08_028,2010,24,16.17
VMM_P08_028,2011,1,14.41
VMM_P08_028,2011,2,4.58
VMM_P08_028,2011,3,4.42
VMM_P08_028,2011,4,6.93
VMM_P08_028,2011,5,0.78
VMM_P08_028,2011,6,3.95
VMM_P08_028,2011,7,4.39
VMM_P08_028,2011,8,11.34
VMM_P08_028,2011,9,0.0
VMM_P08_028,2011,10,27.26
VMM_P08_028,2011,11,28.74
VMM_P08_028,2011,12,510.26
VMM_P08_028,2011,13,10.86
VMM_P08_028,2011,14,110.59
VMM_P08_028,2011,15,135.15
VMM_P08_028,2011,16,1980.48
VMM_P08_028,2011,17,215.34
VMM_P08_028,2011,18,0.0
VMM_P08_028,2011,19,12.89
VMM_P08_028,2011,20,2.38
VMM_P08_028,2011,21,2.76
VMM_P08_028,2011,22,0.0
VMM_P08_028,2011,23,22.89
VMM_P08_028,2011,24,53.32
VMM_P08_028,2012,1,31.38
VMM_P08_028,2012,2,6.47
VMM_P08_028,2012,3,1.8
VMM_P08_028,2012,4,2.24
VMM_P08_028,2012,5,2.93
VMM_P08_028,2012,6,5.26
VMM_P08_028,2012,7,24.42
VMM_P08_028,2012,8,24.85
VMM_P08_028,2012,9,33.69
VMM_P08_028,2012,10,9.65
VMM_P08_028,2012,11,63.16
VMM_P08_028,2012,12,92.12
VMM_P08_028,2012,13,40.97
VMM_P08_028,2012,14,154.91
VMM_P08_028,2012,15,19.48
VMM_P08_028,2012,16,112.9
VMM_P08_028,2012,17,15.83
VMM_P08_028,2012,18,145.64
VMM_P08_028,2012,19,56.8
VMM_P08_028,2012,20,7.93
VMM_P08_028,2012,21,15.03
VMM_P08_028,2012,22,1.44
VMM_P08_028,2012,23,35.32
VMM_P08_028,2012,24,24.56
VMM_P08_028,2013,1,4.46
VMM_P08_028,2013,2,220.85
VMM_P08_028,2013,3,9.81
VMM_P08_028,2013,4,0.44
VMM_P08_028,2013,5,3.38
VMM_P08_028,2013,6,5.8
VMM_P08_028,2013,7,4.05
VMM_P08_028,2013,8,2.21
VMM_P08_028,2013,9,43.37
VMM_P08_028,2013,10,29.79
VMM_P08_028,2013,11,0.64
VMM_P08_028,2013,12,38.82
VMM_P08_028,2013,13,7.92
VMM_P08_028,2013,14,381.55
VMM_P08_028,2013,15,19.39
VMM_P08_028,2013,16,10.45
VMM_P08_028,2013,17,24.67
VMM_P08_028,2013,18,8.01
VMM_P08_028,2013,19,28.66
VMM_P08_028,2013,20,12.54
VMM_P08_028,2013,21,47.44
VMM_P08_028,2013,22,3.42
VMM_P08_028,2013,23,1.3
VMM_P08_028,2013,24,29.84
VMM_P08_028,2014,1,24.33
VMM_P08_028,2014,2,11.65
VMM_P08_028,2014,3,12.83
VMM_P08_028,2014,4,0.3
VMM_P08_028,2014,5,0.0
VMM_P08_028,2014,6,2.83
VMM_P08_028,2014,7,5.54
VMM_P08_028,2014,8,0.37
VMM_P08_028,2014,9,41.73
VMM_P08_028,2014,10,76.73
VMM_P08_028,2014,11,186.27
VMM_P08_028,2014,12,22.2
VMM_P08_028,2014,13,124.3
VMM_P08_028,2014,14,12.36
VMM_P08_028,2014,15,125.8
VMM_P08_028,2014,16,106.86
VMM_P08_028,2014,17,0.0
VMM_P08_028,2014,18,6.18
VMM_P08_028,2014,19,8.57
VMM_P08_028,2014,20,86.52
VMM_P08_028,2014,21,15.27
VMM_P08_028,2014,22,0.7
VMM_P08_028,2014,23,21.61
VMM_P08_028,2014,24,27.13
VMM_P08_028,2015,1,34.41
VMM_P08_028,2015,2,17.49
VMM_P08_028,2015,3,1.39
VMM_P08_028,2015,4,15.49
VMM_P08_028,2015,5,6.24
VMM_P08_028,2015,6,9.68
VMM_P08_028,2015,7,2.84
VMM_P08_028,2015,8,1.18
VMM_P08_028,2015,9,11.74
VMM_P08_028,2015,10,7.69
VMM_P08_028,2015,11,29.44
VMM_P08_028,2015,12,29.21
VMM_P08_028,2015,13,1.25
VMM_P08_028,2015,14,18.56
VMM_P08_028,2015,15,204.52
VMM_P08_028,2015,16,53.66
VMM_P08_028,2015,17,80.84
VMM_P08_028,2015,18,15.53
VMM_P08_028,2015,19,6.23
VMM_P08_028,2015,20,1.04
VMM_P08_028,2015,21,0.94
VMM_P08_028,2015,22,84.8
VMM_P08_028,2015,23,6.27
VMM_P08_028,2015,24,13.81
VMM_P08_028,2016,1,89.24
VMM_P08_028,2016,2,14.17
VMM_P08_028,2016,3,48.8
VMM_P08_028,2016,4,7.19
VMM_P08_028,2016,5,7.19
VMM_P08_028,2016,6,11.08
VMM_P08_028,2016,7,16.11
VMM_P08_028,2016,8,19.83
VMM_P08_028,2016,9,21.54
VMM_P08_028,2016,10,113.64
VMM_P08_028,2016,11,755.9
VMM_P08_028,2016,12,141.99
VMM_P08_028,2016,13,20.03
VMM_P08_028,2016,14,75.48
VMM_P08_028,2016,15,45.08
VMM_P08_028,2016,16,21.86
VMM_P08_028,2016,17,1.28
VMM_P08_028,2016,18,27.34
VMM_P08_028,2016,19,7.43
VMM_P08_028,2016,20,5.49
VMM_P08_028,2016,21,24.85
VMM_P08_028,2016,22,48.61
VMM_P08_028,2016,23,0.43
VMM_P08_028,2016,24,3.96
VMM_P08_028,2017,1,13.73
VMM_P08_028,2017,2,1.33
VMM_P08_028,2017,3,0.4
VMM_P08_028,2017,4,21.19
VMM_P08_028,2017,5,7.09
VMM_P08_028,2017,6,2.92
VMM_P08_028,2017,7,1.63
VMM_P08_028,2017,8,19.53
VMM_P08_028,2017,9,76.41
VMM_P08_028,2017,10,17.73
VMM_P08_028,2017,11,7.13
VMM_P08_028,2017,12,76.01
VMM_P08_028,2017,13,35.59
VMM_P08_028,2017,14,126.23
VMM_P08_028,2017,15,30.5
VMM_P08_028,2017,16,75.06
VMM_P08_028,2017,17,9.76
VMM_P08_028,2017,18,17.93
VMM_P08_028,2017,19,8.2
VMM_P08_028,2017,20,11.33
VMM_P08_028,2017,21,1.65
VMM_P08_028,2017,22,25.57
VMM_P08_028,2017,23,55.23
VMM_P08_028,2017,24,10.57
VMM_P08_028,2018,1,18.02
VMM_P08_028,2018,2,18.61
VMM_P08_028,2018,3,6.39
VMM_P08_028,2018,4,0.0
VMM_P08_028,2018,5,10.39
VMM_P08_028,2018,6,18.25
VMM_P08_028,2018,7,0.34
VMM_P08_028,2018,8,60.95
VMM_P08_028,2018,9,0.28
VMM_P08_028,2018,10,19.06
VMM_P08_028,2018,11,46.79
VMM_P08_028,2018,12,0.0
VMM_P08_028,2018,13,0.45
VMM_P08_028,2018,14,0.61
VMM_P08_028,2018,15,39.08
VMM_P08_028,2018,16,45.87
VMM_P08_028,2018,17,180.58
VMM_P08_028,2018,18,73.38
VMM_P08_028,2018,19,0.74
VMM_P08_028,2018,20,13.18
VMM_P08_028,2018,21,13.17
VMM_P08_028,2018,22,0.92
VMM_P08_028,2018,23,47.4
VMM_P08_028,2018,24,22.12
VMM_P08_028,2020,1,1.93
VMM_P08_028,2020,2,9.58
VMM_P08_028,2020,3,32.63
VMM_P08_028,2020,4,80.23
VMM_P08_028,2020,5,26.86
VMM_P08_028,2020,6,0.16
VMM_P08_028,2020,7,0.0
VMM_P08_028,2020,8,28.02
VMM_P08_028,2020,9,1.09
VMM_P08_028,2020,10,0.0
VMM_P08_028,2020,11,71.77
VMM_P08_028,2020,12,120.33
VMM_P08_028,2020,13,5.17
VMM_P08_028,2020,14,2.62
VMM_P08_028,2020,15,12.16
VMM_P08_028,2020,16,16.69
VMM_P08_028,2020,17,0.0
VMM_P08_028,2020,18,65.73
VMM_P08_028,2020,19,13.19
VMM_P08_028,2020,20,29.18
VMM_P08_028,2020,21,9.83
VMM_P08_028,2020,22,5.25
VMM_P08_028,2020,23,3.38
VMM_P08_028,2020,24,14.85
VMM_P08_028,2021,1,14.96
VMM_P08_028,2021,2,25.25
VMM_P08_028,2021,3,30.32
VMM_P08_028,2021,4,2.52
VMM_P08_028,2021,5,10.87
VMM_P08_028,2021,6,1.12
VMM_P08_028,2021,7,13.49
VMM_P08_028,2021,8,0.0
VMM_P08_028,2021,9,32.24
VMM_P08_028,2021,10,19.42
VMM_P08_028,2021,11,497.92
VMM_P08_028,2021,12,72.44
VMM_P08_028,2021,13,742.41
VMM_P08_028,2021,14,30.58
VMM_P08_028,2021,15,248.33
VMM_P08_028,2021,16,22.18
VMM_P08_028,2021,17,165.74
VMM_P08_028,2021,18,0.16
VMM_P08_028,2021,19,53.96
VMM_P08_028,2021,20,54.61
VMM_P08_028,2021,21,2.54
VMM_P08_028,2021,22,10.31
VMM_P08_028,2021,23,9.42
VMM_P08_028,2021,24,21.21
VMM_P08_028,2022,1,38.53
VMM_P08_028,2022,2,1.02
VMM_P08_028,2022,3,9.33
VMM_P08_028,2022,4,5.74
VMM_P08_028,2022,5,0.0
VMM_P08_028,2022,6,0.71
VMM_P08_028,2022,7,5.16
VMM_P08_028,2022,8,0.4
VMM_P08_028,2022,9,0.0
VMM_P08_028,2022,10,116.93
VMM_P08_028,2022,11,125.46
VMM_P08_028,2022,12,58.58
VMM_P08_028,2022,13,0.0
VMM_P08_028,2022,14,67.59
VMM_P08_028,2022,15,4.07
VMM_P08_028,2022,16,13.19
VMM_P08_028,2022,17,70.69
VMM_P08_028,2022,18,42.09
VMM_P08_028,2022,19,0.36
VMM_P08_028,2022,20,19.34
VMM_P08_028,2022,21,51.52
VMM_P08_028,2022,22,51.89
VMM_P08_028,2022,23,0.44
VMM_P08_028,2022,24,69.35
VMM_P08_028,2023,1,10.59
VMM_P08_028,2023,2,14.67
VMM_P08_028,2023,3,0.0
VMM_P08_028,2023,4,1.77
VMM_P08_028,2023,5,25.17
VMM_P08_028,2023,6,11.6
VMM_P08_028,2023,7,8.51
VMM_P08_028,2023,8,3.3
VMM_P08_028,2023,9,147.27
VMM_P08_028,2023,10,0.0
VMM_P08_028,2023,11,0.0
VMM_P08_028,2023,12,58.52
VMM_P08_028,2023,13,33.1
VMM_P08_028,2023,14,190.91
VMM_P08_028,2023,15,101.18
VMM_P08_028,2023,16,21.48
VMM_P08_028,2023,17,200.35
VMM_P08_028,2023,18,153.88
VMM_P08_028,2023,19,11.88
VMM_P08_028,2023,20,82.62
VMM_P08_028,2023,21,37.45
VMM_P08_028,2023,22,10.2
VMM_P08_028,2023,23,6.55
VMM_P08_028,2023,24,28.85
VMM_P08_028,2024,1,22.87
VMM_P08_028,2024,2,5.57
VMM_P08_028,2024,3,18.95
VMM_P08_028,2024,4,14.15
VMM_P08_028,2024,5,39.45
VMM_P08_028,2024,6,4.3
VMM_P08_028,2024,7,7.57
VMM_P08_028,2024,8,7.43
VMM_P08_028,2024,9,22.11
VMM_P08_028,2024,10,203.69
VMM_P08_028,2024,11,10.06
VMM_P08_028,2024,12,288.66
VMM_P08_028,2024,13,106.09
VMM_P08_028,2024,14,15.43
VMM_P08_028,2024,15,84.67
VMM_P08_028,2024,16,90.71
VMM_P08_028,2024,17,210.68
VMM_P08_028,2024,18,28.33
VMM_P08_028,2024,19,31.67
VMM_P08_028,2024,20,13.39
VMM_P08_028,2024,21,0.0
VMM_P08_028,2024,22,24.92
VMM_P08_028,2024,23,12.88
VMM_P08_028,2024,24,15.28
VMM_P08_031,2009,1,3.24
VMM_P08_031,2009,2,27.72
VMM_P08_031,2009,3,15.45
VMM_P08_031,2009,4,2.72
VMM_P08_031,2009,5,18.6
VMM_P08_031,2009,6,17.84
VMM_P08_031,2009,7,53.21
VMM_P08_031,2009,8,25.24
VMM_P08_031,2009,9,688.12
VMM_P08_031,2009,10,68.91
VMM_P08_031,2009,11,72.73
VMM_P08_031,2009,12,0.0
VMM_P08_031,2009,13,149.3
VMM_P08_031,2009,14,61.74
VMM_P08_031,2009,15,13.53
VMM_P08_031,2009,16,146.54
VMM_P08_031,2009,17,3.24
VMM_P08_031,2009,18,0.25
VMM_P08_031,2009,19,615.88
VMM_P08_031,2009,20,0.4
VMM_P08_031,2009,21,37.25
VMM_P08_031,2009,22,32.77
VMM_P08_031,2009,23,11.53
VMM_P08_031,2009,24,21.68
VMM_P08_031,2010,1,2.45
VMM_P08_031,2010,2,9.72
VMM_P08_031,2010,3,3.43
VMM_P08_031,2010,4,22.86
VMM_P08_031,2010,5,1.61
VMM_P08_031,2010,6,45.88
VMM_P08_031,2010,7,3.8
VMM_P08_031,2010,8,14.37
VMM_P08_031,2010,9,33.66
VMM_P08_031,2010,10,66.51
VMM_P08_031,2010,11,11.03
VMM_P08_031,2010,12,1.0
VMM_P08_031,2010,13,968.75
VMM_P08_031,2010,14,106.66
VMM_P08_031,2010,15,135.56
VMM_P08_031,2010,16,157.27
VMM_P08_031,2010,17,28.33
VMM_P08_031,2010,18,20.33
VMM_P08_031,2010,19,4.06
VMM_P08_031,2010,20,25.73
VMM_P08_031,2010,21,132.9
VMM_P08_031,2010,22,1.0
VMM_P08_031,2010,23,4.87
VMM_P08_031,2010,24,17.88
VMM_P08_031,2011,1,30.49
VMM_P08_031,2011,2,4.02
VMM_P08_031,2011,3,4.82
VMM_P08_031,2011,4,5.25
VMM_P08_031,2011,5,0.64
VMM_P08_031,2011,6,6.53
VMM_P08_031,2011,7,4.15
VMM_P08_031,2011,8,5.11
VMM_P08_031,2011,9,0.43
VMM_P08_031,2011,10,2.75
VMM_P08_031,2011,11,58.7
VMM_P08_031,2011,12,261.08
VMM_P08_031,2011,13,4.45
VMM_P08_031,2011,14,49.57
VMM_P08_031,2011,15,105.32
VMM_P08_031,2011,16,1619.96
VMM_P08_031,2011,17,133.74
VMM_P08_031,2011,18,12.17
VMM_P08_031,2011,19,9.9
VMM_P08_031,2011,20,8.08
VMM_P08_031,2011,21,2.34
VMM_P08_031,2011,22,0.0
VMM_P08_031,2011,23,77.88
VMM_P08_031,2011,24,21.3
VMM_P08_031,2012,1,37.61
VMM_P08_031,2012,2,19.22
VMM_P08_031,2012,3,4.58
VMM_P08_031,2012,4,3.03
VMM_P08_031,2012,5,5.62
VMM_P08_031,2012,6,16.86
VMM_P08_031,2012,7,20.56
VMM_P08_031,2012,8,53.34
VMM_P08_031,2012,9,47.23
VMM_P08_031,2012,10,10.16
VMM_P08_031,2012,11,57.1
VMM_P08_031,2012,12,150.76
VMM_P08_031,2012,13,163.95
VMM_P08_031,2012,14,119.59
VMM_P08_031,2012,15,1.09
VMM_P08_031,2012,16,55.89
VMM_P08_031,2012,17,3.72
VMM_P08_031,2012,18,138.62
VMM_P08_031,2012,19,95.35
VMM_P08_031,2012,20,3.93
VMM_P08_031,2012,21,13.21
VMM_P08_031,2012,22,2.36
VMM_P08_031,2012,23,52.83
VMM_P08_031,2012,24,28.61
VMM_P08_031,2013,1,4.76
VMM_P08_031,2013,2,6.39
VMM_P08_031,2013,3,6.49
VMM_P08_031,2013,4,0.6
VMM_P08_031,2013,5,4.14
VMM_P08_031,2013,6,5.62
VMM_P08_031,2013,7,15.4
VMM_P08_031,2013,8,1.54
VMM_P08_031,2013,9,53.59
VMM_P08_031,2013,10,53.04
VMM_P08_031,2013,11,1.31
VMM_P08_031,2013,12,49.57
VMM_P08_031,2013,13,7.3
VMM_P08_031,2013,14,397.43
VMM_P08_031,2013,15,30.68
VMM_P08_031,2013,16,6.5
VMM_P08_031,2013,17,21.17
VMM_P08_031,2013,18,3.79
VMM_P08_031,2013,19,30.03
VMM_P08_031,2013,20,40.8
VMM_P08_031,2013,21,53.8
VMM_P08_031,2013,22,4.8
VMM_P08_031,2013,23,19.77
VMM_P08_031,2013,24,47.15
VMM_P08_031,2014,1,25.59
VMM_P08_031,2014,2,22.0
VMM_P08_031,2014,3,18.92
VMM_P08_031,2014,4,5.32
VMM_P08_031,2014,5,0.0
VMM_P08_031,2014,6,15.2
VMM_P08_031,2014,7,8.09
VMM_P08_031,2014,8,0.43
VMM_P08_031,2014,9,99.95
VMM_P08_031,2014,10,79.12
VMM_P08_031,2014,11,166.2
VMM_P08_031,2014,12,36.48
VMM_P08_031,2014,13,246.15
VMM_P08_031,2014,14,51.79
VMM_P08_031,2014,15,295.62
VMM_P08_031,2014,16,111.31
VMM_P08_031,2014,17,0.0
VMM_P08_031,2014,18,32.94
VMM_P08_031,2014,19,12.1
VMM_P08_031,2014,20,6.63
VMM_P08_031,2014,21,35.29
VMM_P08_031,2014,22,0.7
VMM_P08_031,2014,23,9.55
VMM_P08_031,2014,24,31.14
VMM_P08_031,2015,1,46.63
VMM_P08_031,2015,2,15.09
VMM_P08_031,2015,3,4.32
VMM_P08_031,2015,4,13.19
VMM_P08_031,2015,5,1.17
VMM_P08_031,2015,6,16.01
VMM_P08_031,2015,7,2.08
VMM_P08_031,2015,8,2.94
VMM_P08_031,2015,9,34.58
VMM_P08_031,2015,10,6.78
VMM_P08_031,2015,11,29.87
VMM_P08_031,2015,12,31.22
VMM_P08_031,2015,13,0.18
VMM_P08_031,2015,14,30.96
VMM_P08_031,2015,15,288.51
VMM_P08_031,2015,16,92.53
VMM_P08_031,2015,17,120.56
VMM_P08_031,2015,18,17.59
VMM_P08_031,2015,19,7.41
VMM_P08_031,2015,20,0.84
VMM_P08_031,2015,21,0.8
VMM_P08_031,2015,22,58.1
VMM_P08_031,2015,23,6.82
VMM_P08_031,2015,24,2.42
VMM_P08_031,2016,1,108.11
VMM_P08_031,2016,2,15.15
VMM_P08_031,2016,3,60.05
VMM_P08_031,2016,4,10.76
VMM_P08_031,2016,5,8.54
VMM_P08_031,2016,6,11.93
VMM_P08_031,2016,7,28.94
VMM_P08_031,2016,8,30.37
VMM_P08_031,2016,9,224.97
VMM_P08_031,2016,10,73.56
VMM_P08_031,2016,11,159.91
VMM_P08_031,2016,12,86.15
VMM_P08_031,2016,13,44.42
VMM_P08_031,2016,14,14.74
VMM_P08_031,2016,15,79.21
VMM_P08_031,2016,16,123.5
VMM_P08_031,2016,17,2.3
VMM_P08_031,2016,18,1.08
VMM_P08_031,2016,19,8.43
VMM_P08_031,2016,20,16.57
VMM_P08_031,2016,21,20.4
VMM_P08_031,2016,22,16.56
VMM_P08_031,2016,23,0.36
VMM_P08_031,2016,24,5.46
VMM_P08_031,2019,1,10.36
VMM_P08_031,2019,2,34.14
VMM_P08_031,2019,3,20.98
VMM_P08_031,2019,4,0.51
VMM_P08_031,2019,5,38.22
VMM_P08_031,2019,6,2.66
VMM_P08_031,2019,7,5.7
VMM_P08_031,2019,8,9.96
VMM_P08_031,2019,9,15.8
VMM_P08_031,2019,10,29.32
VMM_P08_031,2019,11,110.46
VMM_P08_031,2019,12,1.63
VMM_P08_031,2019,13,15.36
VMM_P08_031,2019,14,285.9
VMM_P08_031,2019,15,53.21
VMM_P08_031,2019,16,43.73
VMM_P08_031,2019,17,2.06
VMM_P08_031,2019,18,156.56
VMM_P08_031,2019,19,12.49
VMM_P08_031,2019,20,8.22
VMM_P08_031,2019,21,16.36
VMM_P08_031,2019,22,6.92
VMM_P08_031,2019,23,18.18
VMM_P08_031,2019,24,6.81
VMM_P08_031,2020,1,7.36
VMM_P08_031,2020,2,6.3
VMM_P08_031,2020,3,17.36
VMM_P08_031,2020,4,59.22
VMM_P08_031,2020,5,26.61
VMM_P08_031,2020,6,0.14
VMM_P08_031,2020,7,0.0
VMM_P08_031,2020,8,17.99
VMM_P08_031,2020,9,2.74
VMM_P08_031,2020,10,0.0
VMM_P08_031,2020,11,41.71
VMM_P08_031,2020,12,114.24
VMM_P08_031,2020,13,3.39
VMM_P08_031,2020,14,0.86
VMM_P08_031,2020,15,97.19
VMM_P08_031,2020,16,20.9
VMM_P08_031,2020,17,0.55
VMM_P08_031,2020,18,126.44
VMM_P08_031,2020,19,26.3
VMM_P08_031,2020,20,7.74
VMM_P08_031,2020,21,5.68
VMM_P08_031,2020,22,6.02
VMM_P08_031,2020,23,5.41
VMM_P08_031,2020,24,15.36
VMM_P08_031,2021,1,11.1
VMM_P08_031,2021,2,31.57
VMM_P08_031,2021,3,18.03
VMM_P08_031,2021,4,2.45
VMM_P08_031,2021,5,19.61
VMM_P08_031,2021,6,1.56
VMM_P08_031,2021,7,18.36
VMM_P08_031,2021,8,0.0
VMM_P08_031,2021,9,58.9
VMM_P08_031,2021,10,89.7
VMM_P08_031,2021,11,46.38
VMM_P08_031,2021,12,69.71
VMM_P08_031,2021,13,595.49
VMM_P08_031,2021,14,24.54
VMM_P08_031,2021,15,333.32
VMM_P08_031,2021,16,72.17
VMM_P08_031,2021,17,11.06
VMM_P08_031,2021,18,1.29
VMM_P08_031,2021,19,32.57
VMM_P08_031,2021,20,67.12
VMM_P08_031,2021,21,2.49
VMM_P08_031,2021,22,15.36
VMM_P08_031,2021,23,10.57
VMM_P08_031,2021,24,27.33
VMM_P08_031,2022,1,42.32
VMM_P08_031,2022,2,0.75
VMM_P08_031,2022,3,20.31
VMM_P08_031,2022,4,16.1
VMM_P08_031,2022,5,0.0
VMM_P08_031,2022,6,5.53
VMM_P08_031,2022,7,2.8
VMM_P08_031,2022,8,23.54
VMM_P08_031,2022,9,0.0
VMM_P08_031,2022,10,122.8
VMM_P08_031,2022,11,191.27
VMM_P08_031,2022,12,58.89
VMM_P08_031,2022,13,0.31
VMM_P08_031,2022,14,6.69
VMM_P08_031,2022,15,1.93
VMM_P08_031,2022,16,4.92
VMM_P08_031,2022,17,54.88
VMM_P08_031,2022,18,88.36
VMM_P08_031,2022,19,1.15
VMM_P08_031,2022,20,41.9
VMM_P08_031,2022,21,4.25
VMM_P08_031,2022,22,182.39
VMM_P08_031,2022,23,0.46
VMM_P08_031,2022,24,84.67
VMM_P08_031,2023,1,47.64
VMM_P08_031,2023,2,12.03
VMM_P08_031,2023,3,0.22
VMM_P08_031,2023,4,1.98
VMM_P08_031,2023,5,29.71
VMM_P08_031,2023,6,31.54
VMM_P08_031,2023,7,15.65
VMM_P08_031,2023,8,4.72
VMM_P08_031,2023,9,252.81
VMM_P08_031,2023,10,0.0
VMM_P08_031,2023,11,0.0
VMM_P08_031,2023,12,40.51
VMM_P08_031,2023,13,17.26
VMM_P08_031,2023,14,62.19
VMM_P08_031,2023,15,85.8
VMM_P08_031,2023,16,164.48
VMM_P08_031,2023,17,256.5
VMM_P08_031,2023,18,144.21
VMM_P08_031,2023,19,34.68
VMM_P08_031,2023,20,60.4
VMM_P08_031,2023,21,61.08
VMM_P08_031,2023,22,17.24
VMM_P08_031,2023,23,7.55
VMM_P08_031,2023,24,12.35
VMM_P08_031,2024,1,53.48
VMM_P08_031,2024,2,6.03
VMM_P08_031,2024,3,47.13
VMM_P08_031,2024,4,31.49
VMM_P08_031,2024,5,13.56
VMM_P08_031,2024,6,9.56
VMM_P08_031,2024,7,15.58
VMM_P08_031,2024,8,35.3
VMM_P08_031,2024,9,55.96
VMM_P08_031,2024,10,103.66
VMM_P08_031,2024,11,15.74
VMM_P08_031,2024,12,214.08
VMM_P08_031,2024,13,107.97
VMM_P08_031,2024,14,6.18
VMM_P08_031,2024,15,2280.23
VMM_P08_031,2024,16,112.42
VMM_P08_031,2024,17,143.25
VMM_P08_031,2024,18,60.64
VMM_P08_031,2024,19,41.9
VMM_P08_031,2024,20,17.48
VMM_P08_031,2024,21,0.32
VMM_P08_031,2024,22,75.17
VMM_P08_031,2024,23,48.79
VMM_P08_031,2024,24,24.36
VMM_P08_033,2009,1,2.39
VMM_P08_033,2009,2,29.1
VMM_P08_033,2009,3,15.27
VMM_P08_033,2009,4,1.41
VMM_P08_033,2009,5,18.81
VMM_P08_033,2009,6,32.77
VMM_P08_033,2009,7,83.72
VMM_P08_033,2009,8,5.24
VMM_P08_033,2009,9,78.23
VMM_P08_033,2009,10,184.41
VMM_P08_033,2009,11,135.22
VMM_P08_033,2009,12,0.67
VMM_P08_033,2009,13,38.87
VMM_P08_033,2009,14,44.6
VMM_P08_033,2009,15,6.76
VMM_P08_033,2009,16,72.87
VMM_P08_033,2009,17,21.49
VMM_P08_033,2009,18,0.0
VMM_P08_033,2009,19,991.99
VMM_P08_033,2009,20,0.81
VMM_P08_033,2009,21,23.3
VMM_P08_033,2009,22,63.28
VMM_P08_033,2009,23,9.62
VMM_P08_033,2009,24,22.94
VMM_P08_033,2010,1,0.7
VMM_P08_033,2010,2,7.66
VMM_P08_033,2010,3,4.28
VMM_P08_033,2010,4,24.79
VMM_P08_033,2010,5,0.99
VMM_P08_033,2010,6,48.04
VMM_P08_033,2010,7,10.05
VMM_P08_033,2010,8,0.0
VMM_P08_033,2010,9,50.47
VMM_P08_033,2010,10,32.82
VMM_P08_033,2010,11,66.29
VMM_P08_033,2010,12,0.41
VMM_P08_033,2010,13,296.85
VMM_P08_033,2010,14,57.07
VMM_P08_033,2010,15,138.1
VMM_P08_033,2010,16,115.99
VMM_P08_033,2010,17,35.51
VMM_P08_033,2010,18,18.45
VMM_P08_033,2010,19,5.03
VMM_P08_033,2010,20,29.1
VMM_P08_033,2010,21,164.3
VMM_P08_033,2010,22,0.85
VMM_P08_033,2010,23,7.34
VMM_P08_033,2010,24,16.48
VMM_P08_033,2011,1,23.5
VMM_P08_033,2011,2,2.96
VMM_P08_033,2011,3,8.43
VMM_P08_033,2011,4,5.02
VMM_P08_033,2011,5,0.0
VMM_P08_033,2011,6,4.57
VMM_P08_033,2011,7,6.13
VMM_P08_033,2011,8,8.05
VMM_P08_033,2011,9,0.46
VMM_P08_033,2011,10,74.95
VMM_P08_033,2011,11,35.89
VMM_P08_033,2011,12,363.22
VMM_P08_033,2011,13,5.68
VMM_P08_033,2011,14,5.09
VMM_P08_033,2011,15,105.17
VMM_P08_033,2011,16,1078.08
VMM_P08_033,2011,17,153.86
VMM_P08_033,2011,18,16.24
VMM_P08_033,2011,19,10.43
VMM_P08_033,2011,20,5.04
VMM_P08_033,2011,21,0.7
VMM_P08_033,2011,22,0.0
VMM_P08_033,2011,23,55.89
VMM_P08_033,2011,24,39.27
VMM_P08_033,2012,1,44.14
VMM_P08_033,2012,2,10.46
VMM_P08_033,2012,3,1.47
VMM_P08_033,2012,4,1.51
VMM_P08_033,2012,5,9.07
VMM_P08_033,2012,6,5.83
VMM_P08_033,2012,7,9.73
VMM_P08_033,2012,8,75.98
VMM_P08_033,2012,9,34.64
VMM_P08_033,2012,10,27.9
VMM_P08_033,2012,11,84.48
VMM_P08_033,2012,12,109.71
VMM_P08_033,2012,13,50.45
VMM_P08_033,2012,14,98.76
VMM_P08_033,2012,15,0.39
VMM_P08_033,2012,16,58.69
VMM_P08_033,2012,17,5.4
VMM_P08_033,2012,18,74.19
VMM_P08_033,2012,19,88.55
VMM_P08_033,2012,20,5.59
VMM_P08_033,2012,21,21.72
VMM_P08_033,2012,22,3.44
VMM_P08_033,2012,23,31.88
VMM_P08_033,2012,24,42.69
VMM_P08_033,2013,1,6.78
VMM_P08_033,2013,2,12.02
VMM_P08_033,2013,3,11.29
VMM_P08_033,2013,4,0.46
VMM_P08_033,2013,5,4.65
VMM_P08_033,2013,6,5.61
VMM_P08_033,2013,7,4.28
VMM_P08_033,2013,8,3.6
VMM_P08_033,2013,9,48.15
VMM_P08_033,2013,10,98.22
VMM_P08_033,2013,11,0.47
VMM_P08_033,2013,12,29.35
VMM_P08_033,2013,13,11.44
VMM_P08_033,2013,14,547.97
VMM_P08_033,2013,15,8.36
VMM_P08_033,2013,16,8.26
VMM_P08_033,2013,17,31.74
VMM_P08_033,2013,18,2.6
VMM_P08_033,2013,19,42.6
VMM_P08_033,2013,20,67.2
VMM_P08_033,2013,21,51.32
VMM_P08_033,2013,22,5.0
VMM_P08_033,2013,23,0.68
VMM_P08_033,2013,24,36.75
VMM_P08_033,2014,1,18.3
VMM_P08_033,2014,2,14.85
VMM_P08_033,2014,3,28.42
VMM_P08_033,2014,4,4.43
VMM_P08_033,2014,5,0.19
VMM_P08_033,2014,6,9.06
VMM_P08_033,2014,7,16.95
VMM_P08_033,2014,8,1.83
VMM_P08_033,2014,9,48.72
VMM_P08_033,2014,10,28.49
VMM_P08_033,2014,11,70.01
VMM_P08_033,2014,12,38.86
VMM_P08_033,2014,13,161.12
VMM_P08_033,2014,14,231.97
VMM_P08_033,2014,15,131.55
VMM_P08_033,2014,16,129.79
VMM_P08_033,2014,17,0.0
VMM_P08_033,2014,18,34.24
VMM_P08_033,2014,19,21.52
VMM_P08_033,2014,20,6.28
VMM_P08_033,2014,21,23.38
VMM_P08_033,2014,22,0.34
VMM_P08_033,2014,23,41.98
VMM_P08_033,2014,24,54.04
VMM_P08_033,2015,1,53.16
VMM_P08_033,2015,2,13.54
VMM_P08_033,2015,3,3.35
VMM_P08_033,2015,4,14.9
VMM_P08_033,2015,5,1.03
VMM_P08_033,2015,6,12.95
VMM_P08_033,2015,7,3.21
VMM_P08_033,2015,8,10.51
VMM_P08_033,2015,9,27.43
VMM_P08_033,2015,10,7.72
VMM_P08_033,2015,11,16.25
VMM_P08_033,2015,12,11.58
VMM_P08_033,2015,13,0.21
VMM_P08_033,2015,14,17.72
VMM_P08_033,2015,15,404.28
VMM_P08_033,2015,16,10.68
VMM_P08_033,2015,17,22.83
VMM_P08_033,2015,18,24.65
VMM_P08_033,2015,19,7.01
VMM_P08_033,2015,20,0.69
VMM_P08_033,2015,21,0.54
VMM_P08_033,2015,22,82.28
VMM_P08_033,2015,23,6.8
VMM_P08_033,2015,24,2.27
VMM_P08_033,2017,1,29.69
VMM_P08_033,2017,2,2.81
VMM_P08_033,2017,3,1.13
VMM_P08_033,2017,4,22.96
VMM_P08_033,2017,5,17.98
VMM_P08_033,2017,6,3.2
VMM_P08_033,2017,7,3.42
VMM_P08_033,2017,8,3.83
VMM_P08_033,2017,9,30.25
VMM_P08_033,2017,10,2.77
VMM_P08_033,2017,11,10.94
VMM_P08_033,2017,12,69.02
VMM_P08_033,2017,13,28.74
VMM_P08_033,2017,14,365.31
VMM_P08_033,2017,15,42.94
VMM_P08_033,2017,16,288.06
VMM_P08_033,2017,17,52.28
VMM_P08_033,2017,18,61.87
VMM_P08_033,2017,19,11.89
VMM_P08_033,2017,20,18.34
VMM_P08_033,2017,21,6.34
VMM_P08_033,2017,22,42.78
VMM_P08_033,2017,23,74.2
VMM_P08_033,2017,24,19.36
VMM_P08_033,2018,1,35.59
VMM_P08_033,2018,2,23.11
VMM_P08_033,2018,3,6.74
VMM_P08_033,2018,4,0.0
VMM_P08_033,2018,5,21.39
VMM_P08_033,2018,6,23.51
VMM_P08_033,2018,7,57.39
VMM_P08_033,2018,8,151.37
VMM_P08_033,2018,9,0.41
VMM_P08_033,2018,10,1721.65
VMM_P08_033,2018,11,7.32
VMM_P08_033,2018,12,0.0
VMM_P08_033,2018,13,1.58
VMM_P08_033,2018,14,316.86
VMM_P08_033,2018,15,19.08
VMM_P08_033,2018,16,213.61
VMM_P08_033,2018,17,0.26
VMM_P08_033,2018,18,44.53
VMM_P08_033,2018,19,4.02
VMM_P08_033,2018,20,30.39
VMM_P08_033,2018,21,22.86
VMM_P08_033,2018,22,1.61
VMM_P08_033,2018,23,36.9
VMM_P08_033,2018,24,24.71
VMM_P08_033,2019,1,42.4
VMM_P08_033,2019,2,16.32
VMM_P08_033,2019,3,24.72
VMM_P08_033,2019,4,1.05
VMM_P08_033,2019,5,42.31
VMM_P08_033,2019,6,6.31
VMM_P08_033,2019,7,8.41
VMM_P08_033,2019,8,1.93
VMM_P08_033,2019,9,19.67
VMM_P08_033,2019,10,107.01
VMM_P08_033,2019,11,325.7
VMM_P08_033,2019,12,3.93
VMM_P08_033,2019,13,35.64
VMM_P08_033,2019,14,333.41
VMM_P08_033,2019,15,50.97
VMM_P08_033,2019,16,11.91
VMM_P08_033,2019,17,55.9
VMM_P08_033,2019,18,149.98
VMM_P08_033,2019,19,13.46
VMM_P08_033,2019,20,20.23
VMM_P08_033,2019,21,33.5
VMM_P08_033,2019,22,9.58
VMM_P08_033,2019,23,36.09
VMM_P08_033,2019,24,9.61
VMM_P08_033,2020,1,6.5
VMM_P08_033,2020,2,9.63
VMM_P08_033,2020,3,24.46
VMM_P08_033,2020,4,63.61
VMM_P08_033,2020,5,45.88
VMM_P08_033,2020,6,0.26
VMM_P08_033,2020,7,0.0
VMM_P08_033,2020,8,107.9
VMM_P08_033,2020,9,7.03
VMM_P08_033,2020,10,0.0
VMM_P08_033,2020,11,31.25
VMM_P08_033,2020,12,207.47
VMM_P08_033,2020,13,5.77
VMM_P08_033,2020,14,1.83
VMM_P08_033,2020,15,1.94
VMM_P08_033,2020,16,77.66
VMM_P08_033,2020,17,0.13
VMM_P08_033,2020,18,70.93
VMM_P08_033,2020,19,39.59
VMM_P08_033,2020,20,45.52
VMM_P08_033,2020,21,17.64
VMM_P08_033,2020,22,5.77
VMM_P08_033,2020,23,4.48
VMM_P08_033,2020,24,19.19
VMM_P08_033,2021,1,18.91
VMM_P08_033,2021,2,27.85
VMM_P08_033,2021,3,18.97
VMM_P08_033,2021,4,5.13
VMM_P08_033,2021,5,15.98
VMM_P08_033,2021,6,2.57
VMM_P08_033,2021,7,16.99
VMM_P08_033,2021,8,0.0
VMM_P08_033,2021,9,88.13
VMM_P08_033,2021,10,108.35
VMM_P08_033,2021,11,367.16
VMM_P08_033,2021,12,126.28
VMM_P08_033,2021,13,373.45
VMM_P08_033,2021,14,4.29
VMM_P08_033,2021,15,77.81
VMM_P08_033,2021,16,125.91
VMM_P08_033,2021,17,18.57
VMM_P08_033,2021,18,3.17
VMM_P08_033,2021,19,49.51
VMM_P08_033,2021,20,135.06
VMM_P08_033,2021,21,1.33
VMM_P08_033,2021,22,23.32
VMM_P08_033,2021,23,11.09
VMM_P08_033,2021,24,26.79
VMM_P08_033,2022,1,91.86
VMM_P08_033,2022,2,0.94
VMM_P08_033,2022,3,26.57
VMM_P08_033,2022,4,11.88
VMM_P08_033,2022,5,0.0
VMM_P08_033,2022,6,0.0
VMM_P08_033,2022,7,9.99
VMM_P08_033,2022,8,9.86
VMM_P08_033,2022,9,0.0
VMM_P08_033,2022,10,185.56
VMM_P08_033,2022,11,41.15
VMM_P08_033,2022,12,74.91
VMM_P08_033,2022,13,0.0
VMM_P08_033,2022,14,2.78
VMM_P08_033,2022,15,1.21
VMM_P08_033,2022,16,0.3
VMM_P08_033,2022,17,117.04
VMM_P08_033,2022,18,64.76
VMM_P08_033,2022,19,1.45
VMM_P08_033,2022,20,61.1
VMM_P08_033,2022,21,3.73
VMM_P08_033,2022,22,40.17
VMM_P08_033,2022,23,0.39
VMM_P08_033,2022,24,90.13
VMM_P08_033,2023,1,47.24
VMM_P08_033,2023,2,6.32
VMM_P08_033,2023,3,0.54
VMM_P08_033,2023,4,0.18
VMM_P08_033,2023,5,26.42
VMM_P08_033,2023,6,47.91
VMM_P08_033,2023,7,29.39
VMM_P08_033,2023,8,5.64
VMM_P08_033,2023,9,38.15
VMM_P08_033,2023,10,0.0
VMM_P08_033,2023,11,0.0
VMM_P08_033,2023,12,93.41
VMM_P08_033,2023,13,43.22
VMM_P08_033,2023,14,202.06
VMM_P08_033,2023,15,131.72
VMM_P08_033,2023,16,63.32
VMM_P08_033,2023,17,193.26
VMM_P08_033,2023,18,146.18
VMM_P08_033,2023,19,33.58
VMM_P08_033,2023,20,61.84
VMM_P08_033,2023,21,62.39
VMM_P08_033,2023,22,51.22
VMM_P08_033,2023,23,8.09
VMM_P08_033,2023,24,43.61
VMM_P09_012,2005,1,0.65
VMM_P09_012,2005,2,26.45
VMM_P09_012,2005,3,17.73
VMM_P09_012,2005,4,2.77
VMM_P09_012,2005,5,3.39
VMM_P09_012,2005,6,2.91
VMM_P09_012,2005,7,1.17
VMM_P09_012,2005,8,13.71
VMM_P09_012,2005,9,15.01
VMM_P09_012,2005,10,5.98
VMM_P09_012,2005,11,14.12
VMM_P09_012,2005,12,75.32
VMM_P09_012,2005,13,26.96
VMM_P09_012,2005,14,92.37
VMM_P09_012,2005,15,277.0
VMM_P09_012,2005,16,29.09
VMM_P09_012,2005,17,12.75
VMM_P09_012,2005,18,11.44
VMM_P09_012,2005,19,0.0
VMM_P09_012,2005,20,48.53
VMM_P09_012,2005,21,4.14
VMM_P09_012,2005,22,2.38
VMM_P09_012,2005,23,3.53
VMM_P09_012,2005,24,5.93
VMM_P09_012,2006,1,0.46
VMM_P09_012,2006,2,2.28
VMM_P09_012,2006,3,13.18
VMM_P09_012,2006,4,6.44
VMM_P09_012,2006,5,5.2
VMM_P09_012,2006,6,56.22
VMM_P09_012,2006,7,3.83
VMM_P09_012,2006,8,2.59
VMM_P09_012,2006,9,1.49
VMM_P09_012,2006,10,77.54
VMM_P09_012,2006,11,84.41
VMM_P09_012,2006,12,0.0
VMM_P09_012,2006,13,1.95
VMM_P09_012,2006,14,50.18
VMM_P09_012,2006,15,121.1
VMM_P09_012,2006,16,104.42
VMM_P09_012,2006,17,0.0
VMM_P09_012,2006,18,2.81
VMM_P09_012,2006,19,31.74
VMM_P09_012,2006,20,5.0
VMM_P09_012,2006,21,4.33
VMM_P09_012,2006,22,9.91
VMM_P09_012,2006,23,22.01
VMM_P09_012,2006,24,2.78
VMM_P09_012,2007,1,7.22
VMM_P09_012,2007,2,50.39
VMM_P09_012,2007,3,9.44
VMM_P09_012,2007,4,34.88
VMM_P09_012,2007,5,11.27
VMM_P09_012,2007,6,2.62
VMM_P09_012,2007,7,0.0
VMM_P09_012,2007,8,0.0
VMM_P09_012,2007,9,13.09
VMM_P09_012,2007,10,179.97
VMM_P09_012,2007,11,89.93
VMM_P09_012,2007,12,116.13
VMM_P09_012,2007,13,110.7
VMM_P09_012,2007,14,155.0
VMM_P09_012,2007,15,129.27
VMM_P09_012,2007,16,80.34
VMM_P09_012,2007,17,27.53
VMM_P09_012,2007,18,16.6
VMM_P09_012,2007,19,20.97
VMM_P09_012,2007,20,18.28
VMM_P09_012,2007,21,15.82
VMM_P09_012,2007,22,2.22
VMM_P09_012,2007,23,25.89
VMM_P09_012,2007,24,1.96
VMM_P09_012,2008,1,6.3
VMM_P09_012,2008,2,4.74
VMM_P09_012,2008,3,16.27
VMM_P09_012,2008,4,7.57
VMM_P09_012,2008,5,24.53
VMM_P09_012,2008,6,34.66
VMM_P09_012,2008,7,17.49
VMM_P09_012,2008,8,32.24
VMM_P09_012,2008,9,5.34
VMM_P09_012,2008,10,127.08
VMM_P09_012,2008,11,153.31
VMM_P09_012,2008,12,12.83
VMM_P09_012,2008,13,232.34
VMM_P09_012,2008,14,171.1
VMM_P09_012,2008,15,463.68
VMM_P09_012,2008,16,3.1
VMM_P09_012,2008,17,48.92
VMM_P09_012,2008,18,15.44
VMM_P09_012,2008,19,5.28
VMM_P09_012,2008,20,7.05
VMM_P09_012,2008,21,10.69
VMM_P09_012,2008,22,5.36
VMM_P09_012,2008,23,9.16
VMM_P09_012,2008,24,0.29
VMM_P09_012,2011,1,17.29
VMM_P09_012,2011,2,3.27
VMM_P09_012,2011,3,3.63
VMM_P09_012,2011,4,1.33
VMM_P09_012,2011,5,0.85
VMM_P09_012,2011,6,2.38
VMM_P09_012,2011,7,2.58
VMM_P09_012,2011,8,52.1
VMM_P09_012,2011,9,1.07
VMM_P09_012,2011,10,3.18
VMM_P09_012,2011,11,40.68
VMM_P09_012,2011,12,112.63
VMM_P09_012,2011,13,5.17
VMM_P09_012,2011,14,109.16
VMM_P09_012,2011,15,30.21
VMM_P09_012,2011,16,1372.72
VMM_P09_012,2011,17,5.58
VMM_P09_012,2011,18,7.99
VMM_P09_012,2011,19,13.5
VMM_P09_012,2011,20,0.83
VMM_P09_012,2011,21,0.27
VMM_P09_012,2011,22,0.0
VMM_P09_012,2011,23,37.03
VMM_P09_012,2011,24,21.91
VMM_P09_012,2012,1,31.99
VMM_P09_012,2012,2,12.67
VMM_P09_012,2012,3,4.62
VMM_P09_012,2012,4,0.96
VMM_P09_012,2012,5,2.4
VMM_P09_012,2012,6,0.0
VMM_P09_012,2012,7,24.97
VMM_P09_012,2012,8,41.76
VMM_P09_012,2012,9,24.52
VMM_P09_012,2012,10,309.95
VMM_P09_012,2012,11,222.18
VMM_P09_012,2012,12,10.4
VMM_P09_012,2012,13,87.15
VMM_P09_012,2012,14,295.41
VMM_P09_012,2012,15,9.28
VMM_P09_012,2012,16,10.55
VMM_P09_012,2012,17,11.9
VMM_P09_012,2012,18,10.91
VMM_P09_012,2012,19,61.85
VMM_P09_012,2012,20,7.59
VMM_P09_012,2012,21,0.41
VMM_P09_012,2012,22,1.25
VMM_P09_012,2012,23,11.23
VMM_P09_012,2012,24,43.85
VMM_P09_012,2014,1,9.96
VMM_P09_012,2014,2,7.09
VMM_P09_012,2014,3,6.47
VMM_P09_012,2014,4,2.22
VMM_P09_012,2014,5,0.0
VMM_P09_012,2014,6,7.35
VMM_P09_012,2014,7,9.41
VMM_P09_012,2014,8,2.01
VMM_P09_012,2014,9,32.39
VMM_P09_012,2014,10,8.51
VMM_P09_012,2014,11,470.47
VMM_P09_012,2014,12,92.02
VMM_P09_012,2014,13,176.16
VMM_P09_012,2014,14,186.67
VMM_P09_012,2014,15,111.58
VMM_P09_012,2014,16,599.48
VMM_P09_012,2014,17,0.0
VMM_P09_012,2014,18,118.82
VMM_P09_012,2014,19,14.43
VMM_P09_012,2014,20,12.4
VMM_P09_012,2014,21,8.26
VMM_P09_012,2014,22,4.14
VMM_P09_012,2014,23,11.15
VMM_P09_012,2014,24,11.84
VMM_P09_012,2015,1,45.2
VMM_P09_012,2015,2,9.91
VMM_P09_012,2015,3,2.11
VMM_P09_012,2015,4,6.49
VMM_P09_012,2015,5,2.49
VMM_P09_012,2015,6,17.78
VMM_P09_012,2015,7,2.17
VMM_P09_012,2015,8,33.55
VMM_P09_012,2015,9,33.58
VMM_P09_012,2015,10,8.54
VMM_P09_012,2015,11,81.41
VMM_P09_012,2015,12,22.88
VMM_P09_012,2015,13,0.0
VMM_P09_012,2015,14,68.54
VMM_P09_012,2015,15,184.72
VMM_P09_012,2015,16,280.48
VMM_P09_012,2015,17,21.17
VMM_P09_012,2015,18,34.09
VMM_P09_012,2015,19,8.09
VMM_P09_012,2015,20,0.75
VMM_P09_012,2015,21,0.76
VMM_P09_012,2015,22,34.53
VMM_P09_012,2015,23,5.35
VMM_P09_012,2015,24,3.22
VMM_P09_012,2016,1,44.52
VMM_P09_012,2016,2,11.44
VMM_P09_012,2016,3,17.53
VMM_P09_012,2016,4,14.51
VMM_P09_012,2016,5,12.04
VMM_P09_012,2016,6,3.66
VMM_P09_012,2016,7,6.6
VMM_P09_012,2016,8,20.28
VMM_P09_012,2016,9,22.12
VMM_P09_012,2016,10,105.65
VMM_P09_012,2016,11,149.25
VMM_P09_012,2016,12,503.45
VMM_P09_012,2016,13,39.26
VMM_P09_012,2016,14,7.89
VMM_P09_012,2016,15,18.22
VMM_P09_012,2016,16,4.97
VMM_P09_012,2016,17,17.57
VMM_P09_012,2016,18,0.0
VMM_P09_012,2016,19,31.92
VMM_P09_012,2016,20,24.99
VMM_P09_012,2016,21,25.84
VMM_P09_012,2016,22,10.65
VMM_P09_012,2016,23,0.71
VMM_P09_012,2016,24,4.03
VMM_P09_012,2017,1,15.81
VMM_P09_012,2017,2,1.04
VMM_P09_012,2017,3,1.32
VMM_P09_012,2017,4,7.91
VMM_P09_012,2017,5,7.15
VMM_P09_012,2017,6,1.55
VMM_P09_012,2017,7,1.09
VMM_P09_012,2017,8,15.04
VMM_P09_012,2017,9,7.58
VMM_P09_012,2017,10,5.11
VMM_P09_012,2017,11,18.03
VMM_P09_012,2017,12,69.32
VMM_P09_012,2017,13,54.07
VMM_P09_012,2017,14,6.39
VMM_P09_012,2017,15,67.92
VMM_P09_012,2017,16,30.69
VMM_P09_012,2017,17,116.75
VMM_P09_012,2017,18,46.47
VMM_P09_012,2017,19,28.2
VMM_P09_012,2017,20,10.82
VMM_P09_012,2017,21,3.34
VMM_P09_012,2017,22,16.63
VMM_P09_012,2017,23,34.25
VMM_P09_012,2017,24,13.09
VMM_P09_012,2018,1,19.26
VMM_P09_012,2018,2,8.11
VMM_P09_012,2018,3,3.61
VMM_P09_012,2018,4,0.0
VMM_P09_012,2018,5,19.04
VMM_P09_012,2018,6,6.35
VMM_P09_012,2018,7,0.6
VMM_P09_012,2018,8,84.46
VMM_P09_012,2018,9,0.92
VMM_P09_012,2018,10,18.29
VMM_P09_012,2018,11,135.44
VMM_P09_012,2018,12,0.0
VMM_P09_012,2018,13,0.0
VMM_P09_012,2018,14,15.93
VMM_P09_012,2018,15,111.94
VMM_P09_012,2018,16,34.78
VMM_P09_012,2018,17,0.0
VMM_P09_012,2018,18,58.29
VMM_P09_012,2018,19,1.42
VMM_P09_012,2018,20,23.86
VMM_P09_012,2018,21,4.15
VMM_P09_012,2018,22,1.8
VMM_P09_012,2018,23,20.74
VMM_P09_012,2018,24,14.99
VMM_P09_012,2019,1,4.35
VMM_P09_012,2019,2,7.16
VMM_P09_012,2019,3,28.91
VMM_P09_012,2019,4,0.8
VMM_P09_012,2019,5,47.94
VMM_P09_012,2019,6,2.2
VMM_P09_012,2019,7,18.55
VMM_P09_012,2019,8,3.35
VMM_P09_012,2019,9,12.01
VMM_P09_012,2019,10,152.23
VMM_P09_012,2019,11,401.62
VMM_P09_012,2019,12,4.46
VMM_P09_012,2019,13,95.1
VMM_P09_012,2019,14,397.91
VMM_P09_012,2019,15,16.22
VMM_P09_012,2019,16,133.72
VMM_P09_012,2019,17,47.01
VMM_P09_012,2019,18,26.35
VMM_P09_012,2019,19,78.61
VMM_P09_012,2019,20,12.02
VMM_P09_012,2019,21,18.75
VMM_P09_012,2019,22,18.38
VMM_P09_012,2019,23,14.32
VMM_P09_012,2019,24,11.27
VMM_P09_012,2020,1,5.64
VMM_P09_012,2020,2,11.21
VMM_P09_012,2020,3,31.83
VMM_P09_012,2020,4,59.26
VMM_P09_012,2020,5,90.1
VMM_P09_012,2020,6,0.25
VMM_P09_012,2020,7,0.0
VMM_P09_012,2020,8,4.2
VMM_P09_012,2020,9,1.3
VMM_P09_012,2020,10,0.0
VMM_P09_012,2020,11,23.22
VMM_P09_012,2020,12,9.21
VMM_P09_012,2020,13,26.42
VMM_P09_012,2020,14,4.61
VMM_P09_012,2020,15,315.86
VMM_P09_012,2020,16,214.7
VMM_P09_012,2020,17,1.78
VMM_P09_012,2020,18,64.08
VMM_P09_012,2020,19,8.11
VMM_P09_012,2020,20,57.75
VMM_P09_012,2020,21,4.77
VMM_P09_012,2020,22,8.03
VMM_P09_012,2020,23,7.2
VMM_P09_012,2020,24,10.96
VMM_P09_012,2021,1,4.67
VMM_P09_012,2021,2,7.35
VMM_P09_012,2021,3,25.58
VMM_P09_012,2021,4,0.52
VMM_P09_012,2021,5,18.71
VMM_P09_012,2021,6,2.57
VMM_P09_012,2021,7,12.26
VMM_P09_012,2021,8,0.0
VMM_P09_012,2021,9,4.59
VMM_P09_012,2021,10,38.86
VMM_P09_012,2021,11,175.99
VMM_P09_012,2021,12,360.19
VMM_P09_012,2021,13,567.36
VMM_P09_012,2021,14,28.14
VMM_P09_012,2021,15,68.53
VMM_P09_012,2021,16,34.37
VMM_P09_012,2021,17,1.87
VMM_P09_012,2021,18,10.22
VMM_P09_012,2021,19,116.09
VMM_P09_012,2021,20,73.44
VMM_P09_012,2021,21,1.92
VMM_P09_012,2021,22,1.56
VMM_P09_012,2021,23,9.2
VMM_P09_012,2021,24,2.88
VMM_P09_012,2022,1,26.66
VMM_P09_012,2022,2,0.87
VMM_P09_012,2022,3,23.69
VMM_P09_012,2022,4,14.17
VMM_P09_012,2022,5,0.0
VMM_P09_012,2022,6,1.75
VMM_P09_012,2022,7,15.36
VMM_P09_012,2022,8,28.12
VMM_P09_012,2022,9,0.0
VMM_P09_012,2022,10,231.96
VMM_P09_012,2022,11,1232.47
VMM_P09_012,2022,12,25.64
VMM_P09_012,2022,13,0.0
VMM_P09_012,2022,14,3.56
VMM_P09_012,2022,15,46.82
VMM_P09_012,2022,16,7.45
VMM_P09_012,2022,17,135.75
VMM_P09_012,2022,18,44.0
VMM_P09_012,2022,19,0.0
VMM_P09_012,2022,20,3.37
VMM_P09_012,2022,21,1.32
VMM_P09_012,2022,22,47.02
VMM_P09_012,2022,23,4.09
VMM_P09_012,2022,24,34.07
VMM_P09_012,2023,1,31.91
VMM_P09_012,2023,2,18.77
VMM_P09_012,2023,3,0.35
VMM_P09_012,2023,4,0.2
VMM_P09_012,2023,5,81.82
VMM_P09_012,2023,6,21.85
VMM_P09_012,2023,7,6.89
VMM_P09_012,2023,8,3.33
VMM_P09_012,2023,9,21.47
VMM_P09_012,2023,10,0.0
VMM_P09_012,2023,11,0.0
VMM_P09_012,2023,12,262.92
VMM_P09_012,2023,13,65.55
VMM_P09_012,2023,14,38.22
VMM_P09_012,2023,15,119.6
VMM_P09_012,2023,16,1208.36
VMM_P09_012,2023,17,74.76
VMM_P09_012,2023,18,61.12
VMM_P09_012,2023,19,8.22
VMM_P09_012,2023,20,45.48
VMM_P09_012,2023,21,37.71
VMM_P09_012,2023,22,15.49
VMM_P09_012,2023,23,8.91
VMM_P09_012,2023,24,13.32
VMM_P09_012,2024,1,21.22
VMM_P09_012,2024,2,2.49
VMM_P09_012,2024,3,11.71
VMM_P09_012,2024,4,28.28
VMM_P09_012,2024,5,83.0
VMM_P09_012,2024,6,6.49
VMM_P09_012,2024,7,46.3
VMM_P09_012,2024,8,25.96
VMM_P09_012,2024,9,186.8
VMM_P09_012,2024,10,106.23
VMM_P09_012,2024,11,29.36
VMM_P09_012,2024,12,259.39
VMM_P09_012,2024,13,204.14
VMM_P09_012,2024,14,6.85
VMM_P09_012,2024,15,30.16
VMM_P09_012,2024,16,28.16
VMM_P09_012,2024,17,1034.02
VMM_P09_012,2024,18,12.74
VMM_P09_012,2024,19,84.31
VMM_P09_012,2024,20,5.5
VMM_P09_012,2024,21,1.05
VMM_P09_012,2024,22,75.76
VMM_P09_012,2024,23,10.7
VMM_P09_012,2024,24,53.44
VMM_P09_016,2005,1,1.26
VMM_P09_016,2005,2,20.46
VMM_P09_016,2005,3,24.33
VMM_P09_016,2005,4,3.18
VMM_P09_016,2005,5,3.49
VMM_P09_016,2005,6,36.43
VMM_P09_016,2005,7,1.75
VMM_P09_016,2005,8,24.17
VMM_P09_016,2005,9,25.59
VMM_P09_016,2005,10,8.63
VMM_P09_016,2005,11,0.21
VMM_P09_016,2005,12,30.44
VMM_P09_016,2005,13,24.31
VMM_P09_016,2005,14,40.88
VMM_P09_016,2005,15,29.56
VMM_P09_016,2005,16,6.15
VMM_P09_016,2005,17,1160.61
VMM_P09_016,2005,18,8.12
VMM_P09_016,2005,19,0.0
VMM_P09_016,2005,20,42.15
VMM_P09_016,2005,21,4.21
VMM_P09_016,2005,22,9.35
VMM_P09_016,2005,23,1.66
VMM_P09_016,2005,24,8.06
VMM_P09_016,2006,1,0.35
VMM_P09_016,2006,2,8.41
VMM_P09_016,2006,3,12.95
VMM_P09_016,2006,4,11.67
VMM_P09_016,2006,5,7.73
VMM_P09_016,2006,6,43.88
VMM_P09_016,2006,7,6.29
VMM_P09_016,2006,8,2.28
VMM_P09_016,2006,9,14.74
VMM_P09_016,2006,10,87.57
VMM_P09_016,2006,11,303.94
VMM_P09_016,2006,12,1.42
VMM_P09_016,2006,13,27.91
VMM_P09_016,2006,14,8.14
VMM_P09_016,2006,15,103.17
VMM_P09_016,2006,16,106.0
VMM_P09_016,2006,17,1.22
VMM_P09_016,2006,18,4.5
VMM_P09_016,2006,19,30.48
VMM_P09_016,2006,20,22.49
VMM_P09_016,2006,21,8.15
VMM_P09_016,2006,22,43.18
VMM_P09_016,2006,23,24.98
VMM_P09_016,2006,24,2.39
VMM_P09_016,2007,1,68.36
VMM_P09_016,2007,2,25.17
VMM_P09_016,2007,3,6.97
VMM_P09_016,2007,4,14.03
VMM_P09_016,2007,5,13.89
VMM_P09_016,2007,6,3.15
VMM_P09_016,2007,7,0.0
VMM_P09_016,2007,8,0.0
VMM_P09_016,2007,9,30.16
VMM_P09_016,2007,10,8.9
VMM_P09_016,2007,11,128.12
VMM_P09_016,2007,12,19.62
VMM_P09_016,2007,13,116.72
VMM_P09_016,2007,14,60.42
VMM_P09_016,2007,15,72.5
VMM_P09_016,2007,16,55.1
VMM_P09_016,2007,17,5.86
VMM_P09_016,2007,18,150.09
VMM_P09_016,2007,19,12.8
VMM_P09_016,2007,20,21.74
VMM_P09_016,2007,21,42.08
VMM_P09_016,2007,22,3.97
VMM_P09_016,2007,23,19.74
VMM_P09_016,2007,24,0.91
VMM_P09_016,2009,1,3.85
VMM_P09_016,2009,2,21.97
VMM_P09_016,2009,3,24.31
VMM_P09_016,2009,4,1.39
VMM_P09_016,2009,5,6.46
VMM_P09_016,2009,6,21.04
VMM_P09_016,2009,7,0.53
VMM_P09_016,2009,8,21.85
VMM_P09_016,2009,9,121.36
VMM_P09_016,2009,10,7.03
VMM_P09_016,2009,11,225.88
VMM_P09_016,2009,12,542.21
VMM_P09_016,2009,13,44.79
VMM_P09_016,2009,14,579.87
VMM_P09_016,2009,15,23.48
VMM_P09_016,2009,16,7.84
VMM_P09_016,2009,17,55.67
VMM_P09_016,2009,18,0.13
VMM_P09_016,2009,19,557.01
VMM_P09_016,2009,20,0.39
VMM_P09_016,2009,21,21.67
VMM_P09_016,2009,22,31.86
VMM_P09_016,2009,23,11.59
VMM_P09_016,2009,24,15.43
VMM_P09_016,2010,1,1.93
VMM_P09_016,2010,2,8.05
VMM_P09_016,2010,3,6.06
VMM_P09_016,2010,4,14.74
VMM_P09_016,2010,5,1.41
VMM_P09_016,2010,6,28.08
VMM_P09_016,2010,7,24.99
VMM_P09_016,2010,8,19.36
VMM_P09_016,2010,9,10.27
VMM_P09_016,2010,10,29.89
VMM_P09_016,2010,11,19.98
VMM_P09_016,2010,12,0.0
VMM_P09_016,2010,13,500.65
VMM_P09_016,2010,14,41.48
VMM_P09_016,2010,15,111.88
VMM_P09_016,2010,16,115.07
VMM_P09_016,2010,17,43.39
VMM_P09_016,2010,18,14.99
VMM_P09_016,2010,19,9.99
VMM_P09_016,2010,20,20.83
VMM_P09_016,2010,21,346.13
VMM_P09_016,2010,22,4.34
VMM_P09_016,2010,23,2.65
VMM_P09_016,2010,24,17.06
VMM_P09_016,2011,1,20.14
VMM_P09_016,2011,2,8.77
VMM_P09_016,2011,3,13.39
VMM_P09_016,2011,4,2.44
VMM_P09_016,2011,5,2.05
VMM_P09_016,2011,6,8.82
VMM_P09_016,2011,7,2.79
VMM_P09_016,2011,8,5.56
VMM_P09_016,2011,9,2.91
VMM_P09_016,2011,10,8.88
VMM_P09_016,2011,11,90.13
VMM_P09_016,2011,12,295.75
VMM_P09_016,2011,13,6.41
VMM_P09_016,2011,14,29.72
VMM_P09_016,2011,15,110.81
VMM_P09_016,2011,16,602.06
VMM_P09_016,2011,17,69.56
VMM_P09_016,2011,18,4.42
VMM_P09_016,2011,19,11.05
VMM_P09_016,2011,20,3.85
VMM_P09_016,2011,21,3.65
VMM_P09_016,2011,22,0.0
VMM_P09_016,2011,23,52.18
VMM_P09_016,2011,24,29.06
VMM_P09_016,2012,1,98.78
VMM_P09_016,2012,2,12.14
VMM_P09_016,2012,3,4.0
VMM_P09_016,2012,4,0.77
VMM_P09_016,2012,5,5.39
VMM_P09_016,2012,6,0.0
VMM_P09_016,2012,7,44.07
VMM_P09_016,2012,8,8.6
VMM_P09_016,2012,9,10.69
VMM_P09_016,2012,10,5.07
VMM_P09_016,2012,11,118.32
VMM_P09_016,2012,12,69.55
VMM_P09_016,2012,13,56.06
VMM_P09_016,2012,14,37.83
VMM_P09_016,2012,15,4.05
VMM_P09_016,2012,16,83.15
VMM_P09_016,2012,17,17.78
VMM_P09_016,2012,18,19.96
VMM_P09_016,2012,19,67.23
VMM_P09_016,2012,20,9.4
VMM_P09_016,2012,21,4.95
VMM_P09_016,2012,22,8.13
VMM_P09_016,2012,23,22.83
VMM_P09_016,2012,24,22.2
VMM_P09_016,2013,1,2.31
VMM_P09_016,2013,2,4.67
VMM_P09_016,2013,3,8.46
VMM_P09_016,2013,4,0.34
VMM_P09_016,2013,5,2.47
VMM_P09_016,2013,6,2.03
VMM_P09_016,2013,7,3.14
VMM_P09_016,2013,8,2.21
VMM_P09_016,2013,9,31.69
VMM_P09_016,2013,10,46.36
VMM_P09_016,2013,11,1.34
VMM_P09_016,2013,12,40.3
VMM_P09_016,2013,13,12.94
VMM_P09_016,2013,14,101.02
VMM_P09_016,2013,15,2.83
VMM_P09_016,2013,16,1.86
VMM_P09_016,2013,17,19.84
VMM_P09_016,2013,18,3.73
VMM_P09_016,2013,19,40.1
VMM_P09_016,2013,20,136.86
VMM_P09_016,2013,21,57.02
VMM_P09_016,2013,22,3.66
VMM_P09_016,2013,23,0.64
VMM_P09_016,2013,24,44.43
VMM_P09_016,2015,1,58.58
VMM_P09_016,2015,2,10.06
VMM_P09_016,2015,3,0.66
VMM_P09_016,2015,4,6.81
VMM_P09_016,2015,5,10.57
VMM_P09_016,2015,6,61.43
VMM_P09_016,2015,7,3.45
VMM_P09_016,2015,8,10.19
VMM_P09_016,2015,9,117.72
VMM_P09_016,2015,10,5.04
VMM_P09_016,2015,11,6.72
VMM_P09_016,2015,12,27.56
VMM_P09_016,2015,13,7.71
VMM_P09_016,2015,14,30.32
VMM_P09_016,2015,15,842.39
VMM_P09_016,2015,16,277.66
VMM_P09_016,2015,17,211.62
VMM_P09_016,2015,18,30.96
VMM_P09_016,2015,19,8.55
VMM_P09_016,2015,20,0.63
VMM_P09_016,2015,21,0.4
VMM_P09_016,2015,22,47.58
VMM_P09_016,2015,23,7.18
VMM_P09_016,2015,24,1.24
VMM_P09_016,2016,1,34.1
VMM_P09_016,2016,2,24.97
VMM_P09_016,2016,3,47.56
VMM_P09_016,2016,4,9.48
VMM_P09_016,2016,5,10.36
VMM_P09_016,2016,6,24.18
VMM_P09_016,2016,7,10.79
VMM_P09_016,2016,8,23.64
VMM_P09_016,2016,9,11.13
VMM_P09_016,2016,10,554.13
VMM_P09_016,2016,11,258.51
VMM_P09_016,2016,12,281.08
VMM_P09_016,2016,13,16.81
VMM_P09_016,2016,14,399.41
VMM_P09_016,2016,15,23.52
VMM_P09_016,2016,16,23.57
VMM_P09_016,2016,17,14.34
VMM_P09_016,2016,18,0.0
VMM_P09_016,2016,19,10.69
VMM_P09_016,2016,20,5.04
VMM_P09_016,2016,21,20.38
VMM_P09_016,2016,22,21.43
VMM_P09_016,2016,23,0.42
VMM_P09_016,2016,24,6.38
VMM_P09_016,2017,1,16.87
VMM_P09_016,2017,2,1.5
VMM_P09_016,2017,3,1.18
VMM_P09_016,2017,4,21.62
VMM_P09_016,2017,5,10.08
VMM_P09_016,2017,6,3.56
VMM_P09_016,2017,7,0.99
VMM_P09_016,2017,8,4.62
VMM_P09_016,2017,9,53.05
VMM_P09_016,2017,10,5.18
VMM_P09_016,2017,11,23.3
VMM_P09_016,2017,12,36.51
VMM_P09_016,2017,13,46.09
VMM_P09_016,2017,14,5.89
VMM_P09_016,2017,15,70.75
VMM_P09_016,2017,16,223.76
VMM_P09_016,2017,17,33.29
VMM_P09_016,2017,18,13.68
VMM_P09_016,2017,19,13.26
VMM_P09_016,2017,20,7.71
VMM_P09_016,2017,21,5.76
VMM_P09_016,2017,22,23.36
VMM_P09_016,2017,23,59.63
VMM_P09_016,2017,24,10.86
VMM_P09_016,2018,1,13.94
VMM_P09_016,2018,2,16.34
VMM_P09_016,2018,3,4.43
VMM_P09_016,2018,4,0.0
VMM_P09_016,2018,5,12.66
VMM_P09_016,2018,6,6.53
VMM_P09_016,2018,7,3.11
VMM_P09_016,2018,8,108.27
VMM_P09_016,2018,9,0.52
VMM_P09_016,2018,10,66.32
VMM_P09_016,2018,11,74.64
VMM_P09_016,2018,12,0.0
VMM_P09_016,2018,13,0.0
VMM_P09_016,2018,14,0.0
VMM_P09_016,2018,15,88.02
VMM_P09_016,2018,16,38.59
VMM_P09_016,2018,17,71.28
VMM_P09_016,2018,18,24.96
VMM_P09_016,2018,19,2.03
VMM_P09_016,2018,20,20.9
VMM_P09_016,2018,21,3.24
VMM_P09_016,2018,22,0.88
VMM_P09_016,2018,23,35.65
VMM_P09_016,2018,24,13.76
VMM_P09_016,2019,1,16.15
VMM_P09_016,2019,2,12.79
VMM_P09_016,2019,3,14.34
VMM_P09_016,2019,4,1.16
VMM_P09_016,2019,5,64.37
VMM_P09_016,2019,6,1.28
VMM_P09_016,2019,7,7.41
VMM_P09_016,2019,8,2.98
VMM_P09_016,2019,9,15.22
VMM_P09_016,2019,10,56.27
VMM_P09_016,2019,11,336.01
VMM_P09_016,2019,12,9.54
VMM_P09_016,2019,13,0.0
VMM_P09_016,2019,14,98.91
VMM_P09_016,2019,15,47.92
VMM_P09_016,2019,16,29.85
VMM_P09_016,2019,17,2.95
VMM_P09_016,2019,18,65.81
VMM_P09_016,2019,19,14.36
VMM_P09_016,2019,20,10.52
VMM_P09_016,2019,21,12.47
VMM_P09_016,2019,22,8.77
VMM_P09_016,2019,23,13.19
VMM_P09_016,2019,24,21.47
VMM_P09_016,2020,1,5.29
VMM_P09_016,2020,2,5.28
VMM_P09_016,2020,3,28.78
VMM_P09_016,2020,4,45.3
VMM_P09_016,2020,5,20.96
VMM_P09_016,2020,6,0.1
VMM_P09_016,2020,7,0.0
VMM_P09_016,2020,8,10.66
VMM_P09_016,2020,9,1.45
VMM_P09_016,2020,10,0.0
VMM_P09_016,2020,11,40.39
VMM_P09_016,2020,12,319.41
VMM_P09_016,2020,13,6.35
VMM_P09_016,2020,14,0.39
VMM_P09_016,2020,15,2.12
VMM_P09_016,2020,16,169.63
VMM_P09_016,2020,17,10.23
VMM_P09_016,2020,18,39.04
VMM_P09_016,2020,19,5.22
VMM_P09_016,2020,20,4.51
VMM_P09_016,2020,21,3.58
VMM_P09_016,2020,22,5.56
VMM_P09_016,2020,23,7.19
VMM_P09_016,2020,24,16.07
VMM_P09_016,2021,1,8.38
VMM_P09_016,2021,2,58.17
VMM_P09_016,2021,3,18.84
VMM_P09_016,2021,4,4.42
VMM_P09_016,2021,5,21.5
VMM_P09_016,2021,6,0.57
VMM_P09_016,2021,7,16.45
VMM_P09_016,2021,8,0.0
VMM_P09_016,2021,9,7.82
VMM_P09_016,2021,10,64.83
VMM_P09_016,2021,11,3.51
VMM_P09_016,2021,12,994.31
VMM_P09_016,2021,13,396.95
VMM_P09_016,2021,14,2.95
VMM_P09_016,2021,15,120.24
VMM_P09_016,2021,16,12.0
VMM_P09_016,2021,17,63.89
VMM_P09_016,2021,18,6.68
VMM_P09_016,2021,19,76.39
VMM_P09_016,2021,20,25.56
VMM_P09_016,2021,21,3.13
VMM_P09_016,2021,22,5.66
VMM_P09_016,2021,23,9.18
VMM_P09_016,2021,24,22.74
VMM_P09_016,2022,1,73.17
VMM_P09_016,2022,2,1.04
VMM_P09_016,2022,3,49.74
VMM_P09_016,2022,4,22.01
VMM_P09_016,2022,5,0.0
VMM_P09_016,2022,6,0.0
VMM_P09_016,2022,7,3.07
VMM_P09_016,2022,8,0.0
VMM_P09_016,2022,9,0.44
VMM_P09_016,2022,10,36.62
VMM_P09_016,2022,11,538.58
VMM_P09_016,2022,12,124.34
VMM_P09_016,2022,13,0.72
VMM_P09_016,2022,14,12.88
VMM_P09_016,2022,15,1.55
VMM_P09_016,2022,16,9.79
VMM_P09_016,2022,17,40.94
VMM_P09_016,2022,18,34.53
VMM_P09_016,2022,19,11.78
VMM_P09_016,2022,20,52.12
VMM_P09_016,2022,21,4.17
VMM_P09_016,2022,22,29.62
VMM_P09_016,2022,23,0.62
VMM_P09_016,2022,24,65.12
VMM_P09_016,2023,1,14.83
VMM_P09_016,2023,2,26.06
VMM_P09_016,2023,3,0.53
VMM_P09_016,2023,4,0.47
VMM_P09_016,2023,5,33.94
VMM_P09_016,2023,6,18.23
VMM_P09_016,2023,7,10.76
VMM_P09_016,2023,8,2.99
VMM_P09_016,2023,9,13.63
VMM_P09_016,2023,10,0.0
VMM_P09_016,2023,11,0.0
VMM_P09_016,2023,12,201.49
VMM_P09_016,2023,13,16.74
VMM_P09_016,2023,14,98.85
VMM_P09_016,2023,15,39.53
VMM_P09_016,2023,16,69.88
VMM_P09_016,2023,17,209.82
VMM_P09_016,2023,18,21.52
VMM_P09_016,2023,19,27.26
VMM_P09_016,2023,20,102.16
VMM_P09_016,2023,21,77.24
VMM_P09_016,2023,22,14.53
VMM_P09_016,2023,23,2.91
VMM_P09_016,2023,24,11.34
VMM_P09_016,2024,1,26.56
VMM_P09_016,2024,2,6.18
VMM_P09_016,2024,3,29.24
VMM_P09_016,2024,4,11.03
VMM_P09_016,2024,5,26.98
VMM_P09_016,2024,6,8.78
VMM_P09_016,2024,7,15.01
VMM_P09_016,2024,8,16.02
VMM_P09_016,2024,9,69.98
VMM_P09_016,2024,10,293.02
VMM_P09_016,2024,11,9.64
VMM_P09_016,2024,12,30.21
VMM_P09_016,2024,13,63.72
VMM_P09_016,2024,14,16.19
VMM_P09_016,2024,15,383.6
VMM_P09_016,2024,16,27.79
VMM_P09_016,2024,17,649.97
VMM_P09_016,2024,18,27.74
VMM_P09_016,2024,19,37.11
VMM_P09_016,2024,20,6.22
VMM_P09_016,2024,21,0.52
VMM_P09_016,2024,22,51.75
VMM_P09_016,2024,23,16.32
VMM_P09_016,2024,24,68.09
VMM_P09_025,2009,1,3.59
VMM_P09_025,2009,2,19.52
VMM_P09_025,2009,3,22.89
VMM_P09_025,2009,4,2.22
VMM_P09_025,2009,5,6.17
VMM_P09_025,2009,6,29.45
VMM_P09_025,2009,7,2.63
VMM_P09_025,2009,8,6.59
VMM_P09_025,2009,9,31.05
VMM_P09_025,2009,10,5.98
VMM_P09_025,2009,11,86.14
VMM_P09_025,2009,12,4.02
VMM_P09_025,2009,13,51.73
VMM_P09_025,2009,14,347.2
VMM_P09_025,2009,15,53.53
VMM_P09_025,2009,16,3.43
VMM_P09_025,2009,17,25.11
VMM_P09_025,2009,18,1.46
VMM_P09_025,2009,19,340.09
VMM_P09_025,2009,20,0.49
VMM_P09_025,2009,21,36.92
VMM_P09_025,2009,22,29.62
VMM_P09_025,2009,23,26.11
VMM_P09_025,2009,24,18.13
VMM_P09_025,2010,1,2.43
VMM_P09_025,2010,2,10.46
VMM_P09_025,2010,3,5.15
VMM_P09_025,2010,4,19.57
VMM_P09_025,2010,5,1.92
VMM_P09_025,2010,6,19.31
VMM_P09_025,2010,7,10.01
VMM_P09_025,2010,8,1.3
VMM_P09_025,2010,9,13.82
VMM_P09_025,2010,10,41.74
VMM_P09_025,2010,11,25.75
VMM_P09_025,2010,12,0.0
VMM_P09_025,2010,13,595.56
VMM_P09_025,2010,14,3.91
VMM_P09_025,2010,15,96.89
VMM_P09_025,2010,16,210.94
VMM_P09_025,2010,17,61.56
VMM_P09_025,2010,18,11.39
VMM_P09_025,2010,19,10.53
VMM_P09_025,2010,20,25.87
VMM_P09_025,2010,21,268.11
VMM_P09_025,2010,22,2.63
VMM_P09_025,2010,23,3.12
VMM_P09_025,2010,24,56.99
VMM_P09_025,2011,1,29.16
VMM_P09_025,2011,2,3.84
VMM_P09_025,2011,3,6.35
VMM_P09_025,2011,4,4.76
VMM_P09_025,2011,5,0.43
VMM_P09_025,2011,6,6.85
VMM_P09_025,2011,7,1.4
VMM_P09_025,2011,8,7.04
VMM_P09_025,2011,9,0.58
VMM_P09_025,2011,10,16.79
VMM_P09_025,2011,11,55.22
VMM_P09_025,2011,12,171.79
VMM_P09_025,2011,13,5.32
VMM_P09_025,2011,14,53.23
VMM_P09_025,2011,15,64.29
VMM_P09_025,2011,16,668.87
VMM_P09_025,2011,17,39.58
VMM_P09_025,2011,18,2.1
VMM_P09_025,2011,19,36.56
VMM_P09_025,2011,20,1.45
VMM_P09_025,2011,21,1.32
VMM_P09_025,2011,22,0.0
VMM_P09_025,2011,23,83.06
VMM_P09_025,2011,24,36.77
VMM_P09_025,2012,1,25.21
VMM_P09_025,2012,2,23.03
VMM_P09_025,2012,3,6.02
VMM_P09_025,2012,4,1.61
VMM_P09_025,2012,5,6.55
VMM_P09_025,2012,6,0.0
VMM_P09_025,2012,7,38.94
VMM_P09_025,2012,8,6.78
VMM_P09_025,2012,9,5.42
VMM_P09_025,2012,10,116.13
VMM_P09_025,2012,11,80.79
VMM_P09_025,2012,12,65.55
VMM_P09_025,2012,13,57.98
VMM_P09_025,2012,14,55.74
VMM_P09_025,2012,15,1.0
VMM_P09_025,2012,16,18.23
VMM_P09_025,2012,17,8.77
VMM_P09_025,2012,18,19.93
VMM_P09_025,2012,19,51.27
VMM_P09_025,2012,20,5.06
VMM_P09_025,2012,21,5.23
VMM_P09_025,2012,22,4.21
VMM_P09_025,2012,23,24.85
VMM_P09_025,2012,24,37.79
VMM_P09_025,2013,1,4.12
VMM_P09_025,2013,2,6.39
VMM_P09_025,2013,3,16.99
VMM_P09_025,2013,4,1.55
VMM_P09_025,2013,5,3.36
VMM_P09_025,2013,6,2.55
VMM_P09_025,2013,7,4.75
VMM_P09_025,2013,8,0.33
VMM_P09_025,2013,9,28.34
VMM_P09_025,2013,10,50.05
VMM_P09_025,2013,11,0.95
VMM_P09_025,2013,12,88.53
VMM_P09_025,2013,13,25.86
VMM_P09_025,2013,14,78.22
VMM_P09_025,2013,15,1.81
VMM_P09_025,2013,16,4.61
VMM_P09_025,2013,17,26.28
VMM_P09_025,2013,18,1.4
VMM_P09_025,2013,19,22.73
VMM_P09_025,2013,20,49.29
VMM_P09_025,2013,21,80.15
VMM_P09_025,2013,22,1.57
VMM_P09_025,2013,23,0.94
VMM_P09_025,2013,24,52.79
VMM_P09_025,2014,1,7.38
VMM_P09_025,2014,2,6.77
VMM_P09_025,2014,3,15.19
VMM_P09_025,2014,4,2.55
VMM_P09_025,2014,5,0.0
VMM_P09_025,2014,6,1.27
VMM_P09_025,2014,7,14.81
VMM_P09_025,2014,8,6.84
VMM_P09_025,2014,9,42.06
VMM_P09_025,2014,10,8.56
VMM_P09_025,2014,11,210.97
VMM_P09_025,2014,12,18.78
VMM_P09_025,2014,13,394.38
VMM_P09_025,2014,14,593.55
VMM_P09_025,2014,15,216.56
VMM_P09_025,2014,16,106.93
VMM_P09_025,2014,17,0.0
VMM_P09_025,2014,18,180.01
VMM_P09_025,2014,19,63.47
VMM_P09_025,2014,20,34.6
VMM_P09_025,2014,21,6.39
VMM_P09_025,2014,22,1.92
VMM_P09_025,2014,23,10.89
VMM_P09_025,2014,24,35.52
VMM_P09_025,2015,1,64.63
VMM_P09_025,2015,2,16.22
VMM_P09_025,2015,3,1.79
VMM_P09_025,2015,4,19.33
VMM_P09_025,2015,5,8.73
VMM_P09_025,2015,6,20.76
VMM_P09_025,2015,7,3.95
VMM_P09_025,2015,8,9.34
VMM_P09_025,2015,9,80.98
VMM_P09_025,2015,10,9.09
VMM_P09_025,2015,11,7.32
VMM_P09_025,2015,12,21.33
VMM_P09_025,2015,13,6.86
VMM_P09_025,2015,14,34.28
VMM_P09_025,2015,15,102.62
VMM_P09_025,2015,16,143.28
VMM_P09_025,2015,17,18.69
VMM_P09_025,2015,18,63.27
VMM_P09_025,2015,19,8.32
VMM_P09_025,2015,20,0.82
VMM_P09_025,2015,21,1.57
VMM_P09_025,2015,22,92.06
VMM_P09_025,2015,23,8.89
VMM_P09_025,2015,24,3.47
VMM_P09_025,2016,1,22.36
VMM_P09_025,2016,2,30.57
VMM_P09_025,2016,3,49.13
VMM_P09_025,2016,4,12.37
VMM_P09_025,2016,5,15.89
VMM_P09_025,2016,6,14.04
VMM_P09_025,2016,7,10.09
VMM_P09_025,2016,8,21.52
VMM_P09_025,2016,9,26.58
VMM_P09_025,2016,10,216.01
VMM_P09_025,2016,11,879.65
VMM_P09_025,2016,12,624.22
VMM_P09_025,2016,13,27.28
VMM_P09_025,2016,14,12.38
VMM_P09_025,2016,15,85.41
VMM_P09_025,2016,16,46.32
VMM_P09_025,2016,17,2.46
VMM_P09_025,2016,18,0.0
VMM_P09_025,2016,19,11.76
VMM_P09_025,2016,20,49.23
VMM_P09_025,2016,21,26.45
VMM_P09_025,2016,22,60.61
VMM_P09_025,2016,23,1.84
VMM_P09_025,2016,24,4.47
VMM_P09_025,2017,1,17.31
VMM_P09_025,2017,2,1.57
VMM_P09_025,2017,3,1.38
VMM_P09_025,2017,4,44.06
VMM_P09_025,2017,5,29.08
VMM_P09_025,2017,6,3.13
VMM_P09_025,2017,7,0.37
VMM_P09_025,2017,8,7.67
VMM_P09_025,2017,9,29.64
VMM_P09_025,2017,10,3.77
VMM_P09_025,2017,11,9.98
VMM_P09_025,2017,12,6.93
VMM_P09_025,2017,13,37.47
VMM_P09_025,2017,14,92.17
VMM_P09_025,2017,15,20.68
VMM_P09_025,2017,16,280.41
VMM_P09_025,2017,17,137.7
VMM_P09_025,2017,18,87.81
VMM_P09_025,2017,19,11.35
VMM_P09_025,2017,20,13.26
VMM_P09_025,2017,21,3.89
VMM_P09_025,2017,22,27.39
VMM_P09_025,2017,23,84.34
VMM_P09_025,2017,24,20.26
VMM_P09_025,2018,1,19.81
VMM_P09_025,2018,2,21.77
VMM_P09_025,2018,3,3.74
VMM_P09_025,2018,4,0.0
VMM_P09_025,2018,5,21.52
VMM_P09_025,2018,6,14.51
VMM_P09_025,2018,7,23.08
VMM_P09_025,2018,8,57.05
VMM_P09_025,2018,9,34.63
VMM_P09_025,2018,10,43.35
VMM_P09_025,2018,11,57.83
VMM_P09_025,2018,12,0.0
VMM_P09_025,2018,13,0.0
VMM_P09_025,2018,14,0.0
VMM_P09_025,2018,15,183.61
VMM_P09_025,2018,16,171.58
VMM_P09_025,2018,17,66.27
VMM_P09_025,2018,18,29.23
VMM_P09_025,2018,19,0.68
VMM_P09_025,2018,20,31.31
VMM_P09_025,2018,21,7.91
VMM_P09_025,2018,22,1.04
VMM_P09_025,2018,23,79.16
VMM_P09_025,2018,24,30.93
VMM_P09_025,2019,1,6.11
VMM_P09_025,2019,2,11.77
VMM_P09_025,2019,3,23.84
VMM_P09_025,2019,4,1.95
VMM_P09_025,2019,5,116.2
VMM_P09_025,2019,6,2.59
VMM_P09_025,2019,7,3.05
VMM_P09_025,2019,8,4.53
VMM_P09_025,2019,9,39.88
VMM_P09_025,2019,10,142.4
VMM_P09_025,2019,11,174.11
VMM_P09_025,2019,12,25.73
VMM_P09_025,2019,13,7.97
VMM_P09_025,2019,14,120.93
VMM_P09_025,2019,15,41.3
VMM_P09_025,2019,16,22.09
VMM_P09_025,2019,17,3.01
VMM_P09_025,2019,18,86.7
VMM_P09_025,2019,19,55.6
VMM_P09_025,2019,20,11.68
VMM_P09_025,2019,21,16.84
VMM_P09_025,2019,22,14.08
VMM_P09_025,2019,23,26.17
VMM_P09_025,2019,24,19.47
VMM_P09_025,2020,1,8.71
VMM_P09_025,2020,2,7.28
VMM_P09_025,2020,3,24.07
VMM_P09_025,2020,4,101.87
VMM_P09_025,2020,5,27.75
VMM_P09_025,2020,6,0.06
VMM_P09_025,2020,7,0.0
VMM_P09_025,2020,8,18.69
VMM_P09_025,2020,9,17.24
VMM_P09_025,2020,10,0.0
VMM_P09_025,2020,11,150.85
VMM_P09_025,2020,12,65.68
VMM_P09_025,2020,13,39.29
VMM_P09_025,2020,14,1.83
VMM_P09_025,2020,15,71.23
VMM_P09_025,2020,16,24.28
VMM_P09_025,2020,17,7.49
VMM_P09_025,2020,18,48.98
VMM_P09_025,2020,19,5.88
VMM_P09_025,2020,20,6.43
VMM_P09_025,2020,21,2.81
VMM_P09_025,2020,22,8.5
VMM_P09_025,2020,23,7.45
VMM_P09_025,2020,24,18.65
VMM_P09_025,2021,1,10.06
VMM_P09_025,2021,2,58.02
VMM_P09_025,2021,3,21.06
VMM_P09_025,2021,4,4.76
VMM_P09_025,2021,5,39.22
VMM_P09_025,2021,6,0.56
VMM_P09_025,2021,7,19.7
VMM_P09_025,2021,8,0.0
VMM_P09_025,2021,9,80.03
VMM_P09_025,2021,10,48.84
VMM_P09_025,2021,11,9.19
VMM_P09_025,2021,12,848.46
VMM_P09_025,2021,13,777.98
VMM_P09_025,2021,14,8.04
VMM_P09_025,2021,15,61.12
VMM_P09_025,2021,16,107.93
VMM_P09_025,2021,17,3.25
VMM_P09_025,2021,18,20.56
VMM_P09_025,2021,19,28.22
VMM_P09_025,2021,20,54.65
VMM_P09_025,2021,21,2.56
VMM_P09_025,2021,22,6.08
VMM_P09_025,2021,23,6.94
VMM_P09_025,2021,24,42.4
VMM_P09_025,2022,1,64.75
VMM_P09_025,2022,2,2.69
VMM_P09_025,2022,3,41.45
VMM_P09_025,2022,4,21.81
VMM_P09_025,2022,5,0.0
VMM_P09_025,2022,6,0.0
VMM_P09_025,2022,7,3.42
VMM_P09_025,2022,8,0.0
VMM_P09_025,2022,9,0.74
VMM_P09_025,2022,10,35.53
VMM_P09_025,2022,11,270.94
VMM_P09_025,2022,12,98.29
VMM_P09_025,2022,13,0.0
VMM_P09_025,2022,14,4.93
VMM_P09_025,2022,15,2.95
VMM_P09_025,2022,16,15.97
VMM_P09_025,2022,17,213.23
VMM_P09_025,2022,18,51.28
VMM_P09_025,2022,19,5.95
VMM_P09_025,2022,20,48.76
VMM_P09_025,2022,21,3.88
VMM_P09_025,2022,22,20.24
VMM_P09_025,2022,23,0.84
VMM_P09_025,2022,24,95.39
VMM_P09_025,2023,1,22.75
VMM_P09_025,2023,2,16.68
VMM_P09_025,2023,3,0.54
VMM_P09_025,2023,4,1.61
VMM_P09_025,2023,5,27.85
VMM_P09_025,2023,6,29.59
VMM_P09_025,2023,7,6.54
VMM_P09_025,2023,8,12.66
VMM_P09_025,2023,9,32.94
VMM_P09_025,2023,10,0.0
VMM_P09_025,2023,11,0.0
VMM_P09_025,2023,12,246.24
VMM_P09_025,2023,13,10.86
VMM_P09_025,2023,14,190.25
VMM_P09_025,2023,15,51.27
VMM_P09_025,2023,16,533.17
VMM_P09_025,2023,17,187.44
VMM_P09_025,2023,18,15.55
VMM_P09_025,2023,19,25.91
VMM_P09_025,2023,20,104.99
VMM_P09_025,2023,21,61.9
VMM_P09_025,2023,22,21.01
VMM_P09_025,2023,23,11.2
VMM_P09_025,2023,24,40.07
VMM_P09_025,2024,1,24.36
VMM_P09_025,2024,2,6.42
VMM_P09_025,2024,3,37.07
VMM_P09_025,2024,4,21.33
VMM_P09_025,2024,5,34.86
VMM_P09_025,2024,6,14.04
VMM_P09_025,2024,7,19.9
VMM_P09_025,2024,8,50.72
VMM_P09_025,2024,9,438.57
VMM_P09_025,2024,10,320.74
VMM_P09_025,2024,11,8.52
VMM_P09_025,2024,12,29.41
VMM_P09_025,2024,13,47.45
VMM_P09_025,2024,14,13.41
VMM_P09_025,2024,15,1117.71
VMM_P09_025,2024,16,12.14
VMM_P09_025,2024,17,47.78
VMM_P09_025,2024,18,54.04
VMM_P09_025,2024,19,38.38
VMM_P09_025,2024,20,5.0
VMM_P09_025,2024,21,1.27
VMM_P09_025,2024,22,52.47
VMM_P09_025,2024,23,24.07
VMM_P09_025,2024,24,68.07
VMM_P09_026,2009,1,2.71
VMM_P09_026,2009,2,12.65
VMM_P09_026,2009,3,18.6
VMM_P09_026,2009,4,1.53
VMM_P09_026,2009,5,9.54
VMM_P09_026,2009,6,17.2
VMM_P09_026,2009,7,0.31
VMM_P09_026,2009,8,9.95
VMM_P09_026,2009,9,98.94
VMM_P09_026,2009,10,8.93
VMM_P09_026,2009,11,67.79
VMM_P09_026,2009,12,341.25
VMM_P09_026,2009,13,88.64
VMM_P09_026,2009,14,124.53
VMM_P09_026,2009,15,56.86
VMM_P09_026,2009,16,12.04
VMM_P09_026,2009,17,92.08
VMM_P09_026,2009,18,0.15
VMM_P09_026,2009,19,249.05
VMM_P09_026,2009,20,0.53
VMM_P09_026,2009,21,29.75
VMM_P09_026,2009,22,43.55
VMM_P09_026,2009,23,27.13
VMM_P09_026,2009,24,14.57
VMM_P09_026,2013,1,2.76
VMM_P09_026,2013,2,13.67
VMM_P09_026,2013,3,11.68
VMM_P09_026,2013,4,0.55
VMM_P09_026,2013,5,3.35
VMM_P09_026,2013,6,2.89
VMM_P09_026,2013,7,3.48
VMM_P09_026,2013,8,8.26
VMM_P09_026,2013,9,42.05
VMM_P09_026,2013,10,57.92
VMM_P09_026,2013,11,1.63
VMM_P09_026,2013,12,53.38
VMM_P09_026,2013,13,2.11
VMM_P09_026,2013,14,67.76
VMM_P09_026,2013,15,2.93
VMM_P09_026,2013,16,7.26
VMM_P09_026,2013,17,19.48
VMM_P09_026,2013,18,3.19
VMM_P09_026,2013,19,23.88
VMM_P09_026,2013,20,368.7
VMM_P09_026,2013,21,43.52
VMM_P09_026,2013,22,7.48
VMM_P09_026,2013,23,0.85
VMM_P09_026,2013,24,84.13
VMM_P09_026,2014,1,9.0
VMM_P09_026,2014,2,8.76
VMM_P09_026,2014,3,13.56
VMM_P09_026,2014,4,4.02
VMM_P09_026,2014,5,0.0
VMM_P09_026,2014,6,1.35
VMM_P09_026,2014,7,13.73
VMM_P09_026,2014,8,37.61
VMM_P09_026,2014,9,22.62
VMM_P09_026,2014,10,1.96
VMM_P09_026,2014,11,44.09
VMM_P09_026,2014,12,16.26
VMM_P09_026,2014,13,124.06
VMM_P09_026,2014,14,160.22
VMM_P09_026,2014,15,219.76
VMM_P09_026,2014,16,77.38
VMM_P09_026,2014,17,0.0
VMM_P09_026,2014,18,22.39
VMM_P09_026,2014,19,38.82
VMM_P09_026,2014,20,14.15
VMM_P09_026,2014,21,7.48
VMM_P09_026,2014,22,30.06
VMM_P09_026,2014,23,27.24
VMM_P09_026,2014,24,17.32
VMM_P09_026,2015,1,39.37
VMM_P09_026,2015,2,14.8
VMM_P09_026,2015,3,4.38
VMM_P09_026,2015,4,13.62
VMM_P09_026,2015,5,1.57
VMM_P09_026,2015,6,20.47
VMM_P09_026,2015,7,3.46
VMM_P09_026,2015,8,22.87
VMM_P09_026,2015,9,67.15
VMM_P09_026,2015,10,10.59
VMM_P09_026,2015,11,50.77
VMM_P09_026,2015,12,13.08
VMM_P09_026,2015,13,5.64
VMM_P09_026,2015,14,36.75
VMM_P09_026,2015,15,220.25
VMM_P09_026,2015,16,302.25
VMM_P09_026,2015,17,19.13
VMM_P09_026,2015,18,33.48
VMM_P09_026,2015,19,12.61
VMM_P09_026,2015,20,0.67
VMM_P09_026,2015,21,0.69
VMM_P09_026,2015,22,75.43
VMM_P09_026,2015,23,9.31
VMM_P09_026,2015,24,6.45
VMM_P09_026,2016,1,31.76
VMM_P09_026,2016,2,11.74
VMM_P09_026,2016,3,33.12
VMM_P09_026,2016,4,13.15
VMM_P09_026,2016,5,13.04
VMM_P09_026,2016,6,18.14
VMM_P09_026,2016,7,6.82
VMM_P09_026,2016,8,39.73
VMM_P09_026,2016,9,12.85
VMM_P09_026,2016,10,328.73
VMM_P09_026,2016,11,365.98
VMM_P09_026,2016,12,550.09
VMM_P09_026,2016,13,42.96
VMM_P09_026,2016,14,8.78
VMM_P09_026,2016,15,16.57
VMM_P09_026,2016,16,34.61
VMM_P09_026,2016,17,12.98
VMM_P09_026,2016,18,0.0
VMM_P09_026,2016,19,4.53
VMM_P09_026,2016,20,14.53
VMM_P09_026,2016,21,37.37
VMM_P09_026,2016,22,56.8
VMM_P09_026,2016,23,1.59
VMM_P09_026,2016,24,4.51
VMM_P09_026,2017,1,33.01
VMM_P09_026,2017,2,1.71
VMM_P09_026,2017,3,1.86
VMM_P09_026,2017,4,38.17
VMM_P09_026,2017,5,20.75
VMM_P09_026,2017,6,5.71
VMM_P09_026,2017,7,1.0
VMM_P09_026,2017,8,4.98
VMM_P09_026,2017,9,16.23
VMM_P09_026,2017,10,15.97
VMM_P09_026,2017,11,11.01
VMM_P09_026,2017,12,7.44
VMM_P09_026,2017,13,75.02
VMM_P09_026,2017,14,65.62
VMM_P09_026,2017,15,62.29
VMM_P09_026,2017,16,73.36
VMM_P09_026,2017,17,67.11
VMM_P09_026,2017,18,19.19
VMM_P09_026,2017,19,8.03
VMM_P09_026,2017,20,5.29
VMM_P09_026,2017,21,9.11
VMM_P09_026,2017,22,24.23
VMM_P09_026,2017,23,44.63
VMM_P09_026,2017,24,27.12
VMM_P09_026,2018,1,41.16
VMM_P09_026,2018,2,13.75
VMM_P09_026,2018,3,7.77
VMM_P09_026,2018,4,0.0
VMM_P09_026,2018,5,10.89
VMM_P09_026,2018,6,7.55
VMM_P09_026,2018,7,0.0
VMM_P09_026,2018,8,201.4
VMM_P09_026,2018,9,0.32
VMM_P09_026,2018,10,29.47
VMM_P09_026,2018,11,233.14
VMM_P09_026,2018,12,0.0
VMM_P09_026,2018,13,0.0
VMM_P09_026,2018,14,0.0
VMM_P09_026,2018,15,26.65
VMM_P09_026,2018,16,78.84
VMM_P09_026,2018,17,0.0
VMM_P09_026,2018,18,38.98
VMM_P09_026,2018,19,2.04
VMM_P09_026,2018,20,25.95
VMM_P09_026,2018,21,1.97
VMM_P09_026,2018,22,2.32
VMM_P09_026,2018,23,34.31
VMM_P09_026,2018,24,45.41
VMM_P09_026,2019,1,4.49
VMM_P09_026,2019,2,7.9
VMM_P09_026,2019,3,16.22
VMM_P09_026,2019,4,2.33
VMM_P09_026,2019,5,30.82
VMM_P09_026,2019,6,1.01
VMM_P09_026,2019,7,3.03
VMM_P09_026,2019,8,2.88
VMM_P09_026,2019,9,15.19
VMM_P09_026,2019,10,42.54
VMM_P09_026,2019,11,324.1
VMM_P09_026,2019,12,71.17
VMM_P09_026,2019,13,30.6
VMM_P09_026,2019,14,98.74
VMM_P09_026,2019,15,4.44
VMM_P09_026,2019,16,19.69
VMM_P09_026,2019,17,2.4
VMM_P09_026,2019,18,93.93
VMM_P09_026,2019,19,112.1
VMM_P09_026,2019,20,14.63
VMM_P09_026,2019,21,15.03
VMM_P09_026,2019,22,13.17
VMM_P09_026,2019,23,14.31
VMM_P09_026,2019,24,18.34
VMM_P09_026,2020,1,7.76
VMM_P09_026,2020,2,6.6
VMM_P09_026,2020,3,50.94
VMM_P09_026,2020,4,67.46
VMM_P09_026,2020,5,33.08
VMM_P09_026,2020,6,0.23
VMM_P09_026,2020,7,0.0
VMM_P09_026,2020,8,17.51
VMM_P09_026,2020,9,0.7
VMM_P09_026,2020,10,0.0
VMM_P09_026,2020,11,54.47
VMM_P09_026,2020,12,76.04
VMM_P09_026,2020,13,2.95
VMM_P09_026,2020,14,7.02
VMM_P09_026,2020,15,941.53
VMM_P09_026,2020,16,125.37
VMM_P09_026,2020,17,2.04
VMM_P09_026,2020,18,40.25
VMM_P09_026,2020,19,17.97
VMM_P09_026,2020,20,5.43
VMM_P09_026,2020,21,5.25
VMM_P09_026,2020,22,6.88
VMM_P09_026,2020,23,5.77
VMM_P09_026,2020,24,26.89
VMM_P09_026,2021,1,9.7
VMM_P09_026,2021,2,49.76
VMM_P09_026,2021,3,15.77
VMM_P09_026,2021,4,2.69
VMM_P09_026,2021,5,29.95
VMM_P09_026,2021,6,0.94
VMM_P09_026,2021,7,15.59
VMM_P09_026,2021,8,0.0
VMM_P09_026,2021,9,68.5
VMM_P09_026,2021,10,35.17
VMM_P09_026,2021,11,3.07
VMM_P09_026,2021,12,611.24
VMM_P09_026,2021,13,760.67
VMM_P09_026,2021,14,9.22
VMM_P09_026,2021,15,118.52
VMM_P09_026,2021,16,21.34
VMM_P09_026,2021,17,3.63
VMM_P09_026,2021,18,6.33
VMM_P09_026,2021,19,70.8
VMM_P09_026,2021,20,47.79
VMM_P09_026,2021,21,4.23
VMM_P09_026,2021,22,2.61
VMM_P09_026,2021,23,12.26
VMM_P09_026,2021,24,8.77
VMM_P09_026,2022,1,58.88
VMM_P09_026,2022,2,1.84
VMM_P09_026,2022,3,22.33
VMM_P09_026,2022,4,33.08
VMM_P09_026,2022,5,0.0
VMM_P09_026,2022,6,0.06
VMM_P09_026,2022,7,15.53
VMM_P09_026,2022,8,0.0
VMM_P09_026,2022,9,8.01
VMM_P09_026,2022,10,143.06
VMM_P09_026,2022,11,515.48
VMM_P09_026,2022,12,100.71
VMM_P09_026,2022,13,0.0
VMM_P09_026,2022,14,4.96
VMM_P09_026,2022,15,10.18
VMM_P09_026,2022,16,35.85
VMM_P09_026,2022,17,47.53
VMM_P09_026,2022,18,46.23
VMM_P09_026,2022,19,39.09
VMM_P09_026,2022,20,18.57
VMM_P09_026,2022,21,3.37
VMM_P09_026,2022,22,22.03
VMM_P09_026,2022,23,1.05
VMM_P09_026,2022,24,65.12
VMM_P09_026,2023,1,11.21
VMM_P09_026,2023,2,22.35
VMM_P09_026,2023,3,0.0
VMM_P09_026,2023,4,0.28
VMM_P09_026,2023,5,44.42
VMM_P09_026,2023,6,39.8
VMM_P09_026,2023,7,14.24
VMM_P09_026,2023,8,8.05
VMM_P09_026,2023,9,30.0
VMM_P09_026,2023,10,0.0
VMM_P09_026,2023,11,0.0
VMM_P09_026,2023,12,131.6
VMM_P09_026,2023,13,73.0
VMM_P09_026,2023,14,350.97
VMM_P09_026,2023,15,109.31
VMM_P09_026,2023,16,502.81
VMM_P09_026,2023,17,223.67
VMM_P09_026,2023,18,7.49
VMM_P09_026,2023,19,19.19
VMM_P09_026,2023,20,83.86
VMM_P09_026,2023,21,43.68
VMM_P09_026,2023,22,14.19
VMM_P09_026,2023,23,6.5
VMM_P09_026,2023,24,15.72
VMM_P09_026,2024,1,21.92
VMM_P09_026,2024,2,8.33
VMM_P09_026,2024,3,31.39
VMM_P09_026,2024,4,17.55
VMM_P09_026,2024,5,25.77
VMM_P09_026,2024,6,13.48
VMM_P09_026,2024,7,45.84
VMM_P09_026,2024,8,16.49
VMM_P09_026,2024,9,101.02
VMM_P09_026,2024,10,282.95
VMM_P09_026,2024,11,14.68
VMM_P09_026,2024,12,69.16
VMM_P09_026,2024,13,75.02
VMM_P09_026,2024,14,170.37
VMM_P09_026,2024,15,42.43
VMM_P09_026,2024,16,46.77
VMM_P09_026,2024,17,321.34
VMM_P09_026,2024,18,67.3
VMM_P09_026,2024,19,48.34
VMM_P09_026,2024,20,3.34
VMM_P09_026,2024,21,2.36
VMM_P09_026,2024,22,72.44
VMM_P09_026,2024,23,26.63
VMM_P09_026,2024,24,49.59
VMM_P09_032,2009,1,2.36
VMM_P09_032,2009,2,17.06
VMM_P09_032,2009,3,12.54
VMM_P09_032,2009,4,2.27
VMM_P09_032,2009,5,4.73
VMM_P09_032,2009,6,41.34
VMM_P09_032,2009,7,7.51
VMM_P09_032,2009,8,9.55
VMM_P09_032,2009,9,102.94
VMM_P09_032,2009,10,5.39
VMM_P09_032,2009,11,87.65
VMM_P09_032,2009,12,0.0
VMM_P09_032,2009,13,138.24
VMM_P09_032,2009,14,48.37
VMM_P09_032,2009,15,12.64
VMM_P09_032,2009,16,25.46
VMM_P09_032,2009,17,66.14
VMM_P09_032,2009,18,0.29
VMM_P09_032,2009,19,122.89
VMM_P09_032,2009,20,0.0
VMM_P09_032,2009,21,21.64
VMM_P09_032,2009,22,44.97
VMM_P09_032,2009,23,23.25
VMM_P09_032,2009,24,15.02
VMM_P09_032,2010,1,0.56
VMM_P09_032,2010,2,8.97
VMM_P09_032,2010,3,4.61
VMM_P09_032,2010,4,23.31
VMM_P09_032,2010,5,1.93
VMM_P09_032,2010,6,18.72
VMM_P09_032,2010,7,17.66
VMM_P09_032,2010,8,0.63
VMM_P09_032,2010,9,6.4
VMM_P09_032,2010,10,130.43
VMM_P09_032,2010,11,1.99
VMM_P09_032,2010,12,2.84
VMM_P09_032,2010,13,245.29
VMM_P09_032,2010,14,6.81
VMM_P09_032,2010,15,81.45
VMM_P09_032,2010,16,72.43
VMM_P09_032,2010,17,33.62
VMM_P09_032,2010,18,22.73
VMM_P09_032,2010,19,6.31
VMM_P09_032,2010,20,10.67
VMM_P09_032,2010,21,95.9
VMM_P09_032,2010,22,0.11
VMM_P09_032,2010,23,3.97
VMM_P09_032,2010,24,13.7
VMM_P09_032,2011,1,35.98
VMM_P09_032,2011,2,1.52
VMM_P09_032,2011,3,5.67
VMM_P09_032,2011,4,2.23
VMM_P09_032,2011,5,0.82
VMM_P09_032,2011,6,3.16
VMM_P09_032,2011,7,4.56
VMM_P09_032,2011,8,5.77
VMM_P09_032,2011,9,0.66
VMM_P09_032,2011,10,4.12
VMM_P09_032,2011,11,68.25
VMM_P09_032,2011,12,198.34
VMM_P09_032,2011,13,2.06
VMM_P09_032,2011,14,25.44
VMM_P09_032,2011,15,46.32
VMM_P09_032,2011,16,1567.45
VMM_P09_032,2011,17,104.14
VMM_P09_032,2011,18,6.45
VMM_P09_032,2011,19,24.35
VMM_P09_032,2011,20,1.08
VMM_P09_032,2011,21,1.16
VMM_P09_032,2011,22,0.0
VMM_P09_032,2011,23,60.3
VMM_P09_032,2011,24,23.85
VMM_P09_032,2012,1,22.09
VMM_P09_032,2012,2,10.84
VMM_P09_032,2012,3,115.24
VMM_P09_032,2012,4,1.4
VMM_P09_032,2012,5,2.77
VMM_P09_032,2012,6,0.0
VMM_P09_032,2012,7,71.03
VMM_P09_032,2012,8,19.84
VMM_P09_032,2012,9,42.15
VMM_P09_032,2012,10,5.2
VMM_P09_032,2012,11,102.07
VMM_P09_032,2012,12,135.51
VMM_P09_032,2012,13,176.06
VMM_P09_032,2012,14,12.19
VMM_P09_032,2012,15,0.45
VMM_P09_032,2012,16,150.96
VMM_P09_032,2012,17,2.16
VMM_P09_032,2012,18,12.7
VMM_P09_032,2012,19,155.75
VMM_P09_032,2012,20,7.6
VMM_P09_032,2012,21,4.2
VMM_P09_032,2012,22,3.31
VMM_P09_032,2012,23,20.74
VMM_P09_032,2012,24,36.08
VMM_P09_032,2013,1,3.68
VMM_P09_032,2013,2,32.22
VMM_P09_032,2013,3,13.56
VMM_P09_032,2013,4,0.47
VMM_P09_032,2013,5,4.68
VMM_P09_032,2013,6,2.47
VMM_P09_032,2013,7,4.78
VMM_P09_032,2013,8,2.69
VMM_P09_032,2013,9,89.52
VMM_P09_032,2013,10,33.22
VMM_P09_032,2013,11,2.15
VMM_P09_032,2013,12,33.54
VMM_P09_032,2013,13,3.14
VMM_P09_032,2013,14,75.29
VMM_P09_032,2013,15,5.2
VMM_P09_032,2013,16,5.0
VMM_P09_032,2013,17,10.98
VMM_P09_032,2013,18,7.27
VMM_P09_032,2013,19,22.94
VMM_P09_032,2013,20,72.66
VMM_P09_032,2013,21,94.34
VMM_P09_032,2013,22,7.44
VMM_P09_032,2013,23,1.24
VMM_P09_032,2013,24,78.02
VMM_P09_032,2014,1,14.95
VMM_P09_032,2014,2,8.69
VMM_P09_032,2014,3,10.72
VMM_P09_032,2014,4,2.83
VMM_P09_032,2014,5,0.0
VMM_P09_032,2014,6,0.96
VMM_P09_032,2014,7,9.71
VMM_P09_032,2014,8,7.66
VMM_P09_032,2014,9,18.47
VMM_P09_032,2014,10,36.19
VMM_P09_032,2014,11,50.5
VMM_P09_032,2014,12,28.95
VMM_P09_032,2014,13,53.96
VMM_P09_032,2014,14,611.86
VMM_P09_032,2014,15,295.97
VMM_P09_032,2014,16,312.13
VMM_P09_032,2014,17,0.0
VMM_P09_032,2014,18,268.51
VMM_P09_032,2014,19,48.94
VMM_P09_032,2014,20,11.63
VMM_P09_032,2014,21,9.81
VMM_P09_032,2014,22,5.88
VMM_P09_032,2014,23,26.71
VMM_P09_032,2014,24,14.85
VMM_P09_032,2015,1,36.77
VMM_P09_032,2015,2,16.97
VMM_P09_032,2015,3,1.17
VMM_P09_032,2015,4,9.94
VMM_P09_032,2015,5,3.35
VMM_P09_032,2015,6,20.5
VMM_P09_032,2015,7,3.05
VMM_P09_032,2015,8,4.87
VMM_P09_032,2015,9,80.59
VMM_P09_032,2015,10,9.77
VMM_P09_032,2015,11,2.89
VMM_P09_032,2015,12,24.48
VMM_P09_032,2015,13,3.66
VMM_P09_032,2015,14,39.0
VMM_P09_032,2015,15,556.61
VMM_P09_032,2015,16,214.28
VMM_P09_032,2015,17,64.13
VMM_P09_032,2015,18,75.59
VMM_P09_032,2015,19,11.73
VMM_P09_032,2015,20,1.23
VMM_P09_032,2015,21,0.98
VMM_P09_032,2015,22,78.25
VMM_P09_032,2015,23,5.55
VMM_P09_032,2015,24,3.86
VMM_P09_032,2017,1,19.49
VMM_P09_032,2017,2,1.23
VMM_P09_032,2017,3,2.81
VMM_P09_032,2017,4,34.75
VMM_P09_032,2017,5,15.57
VMM_P09_032,2017,6,1.74
VMM_P09_032,2017,7,0.7
VMM_P09_032,2017,8,16.53
VMM_P09_032,2017,9,10.88
VMM_P09_032,2017,10,3.72
VMM_P09_032,2017,11,16.23
VMM_P09_032,2017,12,3.52
VMM_P09_032,2017,13,33.78
VMM_P09_032,2017,14,4.27
VMM_P09_032,2017,15,42.91
VMM_P09_032,2017,16,40.24
VMM_P09_032,2017,17,26.45
VMM_P09_032,2017,18,20.18
VMM_P09_032,2017,19,8.58
VMM_P09_032,2017,20,8.87
VMM_P09_032,2017,21,4.64
VMM_P09_032,2017,22,27.8
VMM_P09_032,2017,23,50.54
VMM_P09_032,2017,24,17.89
VMM_P09_032,2018,1,36.14
VMM_P09_032,2018,2,10.36
VMM_P09_032,2018,3,5.33
VMM_P09_032,2018,4,0.0
VMM_P09_032,2018,5,7.72
VMM_P09_032,2018,6,10.32
VMM_P09_032,2018,7,1.11
VMM_P09_032,2018,8,202.97
VMM_P09_032,2018,9,0.19
VMM_P09_032,2018,10,12.71
VMM_P09_032,2018,11,140.4
VMM_P09_032,2018,12,0.0
VMM_P09_032,2018,13,27.78
VMM_P09_032,2018,14,0.0
VMM_P09_032,2018,15,43.18
VMM_P09_032,2018,16,225.9
VMM_P09_032,2018,17,0.0
VMM_P09_032,2018,18,31.64
VMM_P09_032,2018,19,2.33
VMM_P09_032,2018,20,37.64
VMM_P09_032,2018,21,2.48
VMM_P09_032,2018,22,2.8
VMM_P09_032,2018,23,42.92
VMM_P09_032,2018,24,23.99
VMM_P09_032,2019,1,6.0
VMM_P09_032,2019,2,10.9
VMM_P09_032,2019,3,23.9
VMM_P09_032,2019,4,2.89
VMM_P09_032,2019,5,37.72
VMM_P09_032,2019,6,5.42
VMM_P09_032,2019,7,15.5
VMM_P09_032,2019,8,3.65
VMM_P09_032,2019,9,99.31
VMM_P09_032,2019,10,28.4
VMM_P09_032,2019,11,52.88
VMM_P09_032,2019,12,2.48
VMM_P09_032,2019,13,160.91
VMM_P09_032,2019,14,520.71
VMM_P09_032,2019,15,20.86
VMM_P09_032,2019,16,24.13
VMM_P09_032,2019,17,2.58
VMM_P09_032,2019,18,94.3
VMM_P09_032,2019,19,13.09
VMM_P09_032,2019,20,13.65
VMM_P09_032,2019,21,3.62
VMM_P09_032,2019,22,7.07
VMM_P09_032,2019,23,17.44
VMM_P09_032,2019,24,31.92
VMM_P09_032,2020,1,5.71
VMM_P09_032,2020,2,6.22
VMM_P09_032,2020,3,45.37
VMM_P09_032,2020,4,83.74
VMM_P09_032,2020,5,24.23
VMM_P09_032,2020,6,0.19
VMM_P09_032,2020,7,0.0
VMM_P09_032,2020,8,2.45
VMM_P09_032,2020,9,24.35
VMM_P09_032,2020,10,0.0
VMM_P09_032,2020,11,31.1
VMM_P09_032,2020,12,27.73
VMM_P09_032,2020,13,2.16
VMM_P09_032,2020,14,5.31
VMM_P09_032,2020,15,2934.46
VMM_P09_032,2020,16,36.8
VMM_P09_032,2020,17,2.48
VMM_P09_032,2020,18,77.07
VMM_P09_032,2020,19,5.7
VMM_P09_032,2020,20,6.14
VMM_P09_032,2020,21,3.1
VMM_P09_032,2020,22,12.65
VMM_P09_032,2020,23,4.2
VMM_P09_032,2020,24,34.3
VMM_P09_032,2021,1,7.25
VMM_P09_032,2021,2,49.53
VMM_P09_032,2021,3,19.64
VMM_P09_032,2021,4,3.05
VMM_P09_032,2021,5,36.81
VMM_P09_032,2021,6,1.72
VMM_P09_032,2021,7,17.05
VMM_P09_032,2021,8,0.0
VMM_P09_032,2021,9,21.45
VMM_P09_032,2021,10,25.46
VMM_P09_032,2021,11,5.0
VMM_P09_032,2021,12,667.19
VMM_P09_032,2021,13,581.39
VMM_P09_032,2021,14,6.21
VMM_P09_032,2021,15,264.95
VMM_P09_032,2021,16,25.24
VMM_P09_032,2021,17,4.28
VMM_P09_032,2021,18,9.09
VMM_P09_032,2021,19,48.76
VMM_P09_032,2021,20,54.33
VMM_P09_032,2021,21,2.89
VMM_P09_032,2021,22,6.47
VMM_P09_032,2021,23,8.13
VMM_P09_032,2021,24,6.2
VMM_P09_032,2022,1,41.63
VMM_P09_032,2022,2,0.68
VMM_P09_032,2022,3,17.42
VMM_P09_032,2022,4,20.06
VMM_P09_032,2022,5,0.0
VMM_P09_032,2022,6,0.14
VMM_P09_032,2022,7,6.71
VMM_P09_032,2022,8,14.6
VMM_P09_032,2022,9,1.73
VMM_P09_032,2022,10,155.86
VMM_P09_032,2022,11,69.38
VMM_P09_032,2022,12,79.54
VMM_P09_032,2022,13,0.0
VMM_P09_032,2022,14,2.56
VMM_P09_032,2022,15,31.74
VMM_P09_032,2022,16,3.44
VMM_P09_032,2022,17,41.78
VMM_P09_032,2022,18,51.51
VMM_P09_032,2022,19,41.9
VMM_P09_032,2022,20,29.66
VMM_P09_032,2022,21,2.37
VMM_P09_032,2022,22,74.14
VMM_P09_032,2022,23,2.25
VMM_P09_032,2022,24,63.49
VMM_P09_032,2023,1,19.54
VMM_P09_032,2023,2,19.23
VMM_P09_032,2023,3,0.12
VMM_P09_032,2023,4,0.13
VMM_P09_032,2023,5,31.88
VMM_P09_032,2023,6,25.5
VMM_P09_032,2023,7,13.44
VMM_P09_032,2023,8,2.12
VMM_P09_032,2023,9,22.33
VMM_P09_032,2023,10,0.0
VMM_P09_032,2023,11,0.0
VMM_P09_032,2023,12,186.15
VMM_P09_032,2023,13,10.59
VMM_P09_032,2023,14,167.23
VMM_P09_032,2023,15,136.11
VMM_P09_032,2023,16,657.31
VMM_P09_032,2023,17,61.84
VMM_P09_032,2023,18,29.45
VMM_P09_032,2023,19,22.0
VMM_P09_032,2023,20,45.72
VMM_P09_032,2023,21,51.87
VMM_P09_032,2023,22,23.63
VMM_P09_032,2023,23,5.35
VMM_P09_032,2023,24,9.4
VMM_P09_032,2024,1,28.88
VMM_P09_032,2024,2,16.94
VMM_P09_032,2024,3,20.71
VMM_P09_032,2024,4,24.32
VMM_P09_032,2024,5,20.95
VMM_P09_032,2024,6,12.57
VMM_P09_032,2024,7,63.81
VMM_P09_032,2024,8,16.56
VMM_P09_032,2024,9,212.82
VMM_P09_032,2024,10,36.14
VMM_P09_032,2024,11,8.89
VMM_P09_032,2024,12,40.5
VMM_P09_032,2024,13,29.27
VMM_P09_032,2024,14,140.77
VMM_P09_032,2024,15,270.57
VMM_P09_032,2024,16,51.52
VMM_P09_032,2024,17,278.2
VMM_P09_032,2024,18,11.38
VMM_P09_032,2024,19,45.49
VMM_P09_032,2024,20,7.81
VMM_P09_032,2024,21,1.1
VMM_P09_032,2024,22,67.7
VMM_P09_032,2024,23,15.64
VMM_P09_032,2024,24,36.07
VMM_P09_034,2009,1,3.31
VMM_P09_034,2009,2,14.37
VMM_P09_034,2009,3,14.52
VMM_P09_034,2009,4,2.3
VMM_P09_034,2009,5,4.62
VMM_P09_034,2009,6,27.02
VMM_P09_034,2009,7,2.66
VMM_P09_034,2009,8,3.74
VMM_P09_034,2009,9,103.56
VMM_P09_034,2009,10,30.25
VMM_P09_034,2009,11,119.6
VMM_P09_034,2009,12,3.56
VMM_P09_034,2009,13,57.32
VMM_P09_034,2009,14,59.6
VMM_P09_034,2009,15,30.42
VMM_P09_034,2009,16,92.2
VMM_P09_034,2009,17,35.03
VMM_P09_034,2009,18,1.39
VMM_P09_034,2009,19,16.0
VMM_P09_034,2009,20,0.99
VMM_P09_034,2009,21,26.0
VMM_P09_034,2009,22,47.33
VMM_P09_034,2009,23,19.38
VMM_P09_034,2009,24,16.93
VMM_P09_034,2010,1,1.87
VMM_P09_034,2010,2,9.67
VMM_P09_034,2010,3,6.67
VMM_P09_034,2010,4,14.23
VMM_P09_034,2010,5,2.13
VMM_P09_034,2010,6,86.06
VMM_P09_034,2010,7,6.19
VMM_P09_034,2010,8,0.0
VMM_P09_034,2010,9,54.06
VMM_P09_034,2010,10,21.16
VMM_P09_034,2010,11,5.49
VMM_P09_034,2010,12,0.0
VMM_P09_034,2010,13,291.15
VMM_P09_034,2010,14,54.19
VMM_P09_034,2010,15,39.5
VMM_P09_034,2010,16,184.6
VMM_P09_034,2010,17,83.31
VMM_P09_034,2010,18,9.25
VMM_P09_034,2010,19,7.83
VMM_P09_034,2010,20,35.72
VMM_P09_034,2010,21,215.45
VMM_P09_034,2010,22,3.05
VMM_P09_034,2010,23,4.73
VMM_P09_034,2010,24,13.43
VMM_P09_034,2011,1,5.25
VMM_P09_034,2011,2,9.76
VMM_P09_034,2011,3,3.9
VMM_P09_034,2011,4,5.23
VMM_P09_034,2011,5,0.77
VMM_P09_034,2011,6,5.3
VMM_P09_034,2011,7,6.75
VMM_P09_034,2011,8,1.69
VMM_P09_034,2011,9,7.52
VMM_P09_034,2011,10,15.34
VMM_P09_034,2011,11,180.19
VMM_P09_034,2011,12,47.6
VMM_P09_034,2011,13,35.89
VMM_P09_034,2011,14,23.53
VMM_P09_034,2011,15,228.97
VMM_P09_034,2011,16,975.38
VMM_P09_034,2011,17,33.79
VMM_P09_034,2011,18,0.53
VMM_P09_034,2011,19,22.88
VMM_P09_034,2011,20,2.21
VMM_P09_034,2011,21,7.86
VMM_P09_034,2011,22,0.0
VMM_P09_034,2011,23,30.43
VMM_P09_034,2011,24,31.16
VMM_P09_034,2013,1,6.11
VMM_P09_034,2013,2,4.82
VMM_P09_034,2013,3,21.89
VMM_P09_034,2013,4,0.26
VMM_P09_034,2013,5,3.04
VMM_P09_034,2013,6,2.33
VMM_P09_034,2013,7,3.41
VMM_P09_034,2013,8,3.35
VMM_P09_034,2013,9,73.96
VMM_P09_034,2013,10,55.26
VMM_P09_034,2013,11,1.88
VMM_P09_034,2013,12,57.32
VMM_P09_034,2013,13,3.46
VMM_P09_034,2013,14,775.43
VMM_P09_034,2013,15,3.87
VMM_P09_034,2013,16,11.67
VMM_P09_034,2013,17,38.56
VMM_P09_034,2013,18,0.97
VMM_P09_034,2013,19,23.97
VMM_P09_034,2013,20,30.2
VMM_P09_034,2013,21,58.93
VMM_P09_034,2013,22,7.06
VMM_P09_034,2013,23,0.51
VMM_P09_034,2013,24,31.31
VMM_P09_034,2014,1,19.12
VMM_P09_034,2014,2,8.0
VMM_P09_034,2014,3,17.65
VMM_P09_034,2014,4,2.09
VMM_P09_034,2014,5,0.0
VMM_P09_034,2014,6,3.78
VMM_P09_034,2014,7,6.68
VMM_P09_034,2014,8,186.6
VMM_P09_034,2014,9,78.94
VMM_P09_034,2014,10,19.31
VMM_P09_034,2014,11,55.5
VMM_P09_034,2014,12,18.08
VMM_P09_034,2014,13,97.03
VMM_P09_034,2014,14,1132.19
VMM_P09_034,2014,15,281.98
VMM_P09_034,2014,16,136.24
VMM_P09_034,2014,17,0.0
VMM_P09_034,2014,18,25.3
VMM_P09_034,2014,19,12.13
VMM_P09_034,2014,20,16.63
VMM_P09_034,2014,21,26.02
VMM_P09_034,2014,22,8.59
VMM_P09_034,2014,23,5.8
VMM_P09_034,2014,24,73.97
VMM_P09_034,2015,1,34.22
VMM_P09_034,2015,2,33.5
VMM_P09_034,2015,3,1.48
VMM_P09_034,2015,4,13.27
VMM_P09_034,2015,5,10.95
VMM_P09_034,2015,6,25.18
VMM_P09_034,2015,7,2.74
VMM_P09_034,2015,8,2.36
VMM_P09_034,2015,9,93.69
VMM_P09_034,2015,10,5.06
VMM_P09_034,2015,11,12.3
VMM_P09_034,2015,12,20.55
VMM_P09_034,2015,13,27.32
VMM_P09_034,2015,14,27.34
VMM_P09_034,2015,15,376.47
VMM_P09_034,2015,16,54.27
VMM_P09_034,2015,17,15.42
VMM_P09_034,2015,18,67.32
VMM_P09_034,2015,19,4.1
VMM_P09_034,2015,20,1.08
VMM_P09_034,2015,21,1.02
VMM_P09_034,2015,22,99.78
VMM_P09_034,2015,23,8.2
VMM_P09_034,2015,24,13.79
VMM_P09_034,2016,1,26.66
VMM_P09_034,2016,2,39.29
VMM_P09_034,2016,3,55.59
VMM_P09_034,2016,4,9.9
VMM_P09_034,2016,5,22.89
VMM_P09_034,2016,6,10.77
VMM_P09_034,2016,7,20.95
VMM_P09_034,2016,8,52.05
VMM_P09_034,2016,9,4.19
VMM_P09_034,2016,10,176.74
VMM_P09_034,2016,11,388.2
VMM_P09_034,2016,12,134.49
VMM_P09_034,2016,13,32.12
VMM_P09_034,2016,14,37.19
VMM_P09_034,2016,15,40.73
VMM_P09_034,2016,16,17.04
VMM_P09_034,2016,17,1.67
VMM_P09_034,2016,18,0.0
VMM_P09_034,2016,19,10.94
VMM_P09_034,2016,20,11.83
VMM_P09_034,2016,21,26.14
VMM_P09_034,2016,22,25.07
VMM_P09_034,2016,23,0.93
VMM_P09_034,2016,24,4.15
VMM_P09_034,2017,1,16.74
VMM_P09_034,2017,2,1.79
VMM_P09_034,2017,3,2.61
VMM_P09_034,2017,4,29.9
VMM_P09_034,2017,5,18.59
VMM_P09_034,2017,6,2.75
VMM_P09_034,2017,7,0.41
VMM_P09_034,2017,8,7.56
VMM_P09_034,2017,9,75.59
VMM_P09_034,2017,10,14.18
VMM_P09_034,2017,11,40.96
VMM_P09_034,2017,12,20.97
VMM_P09_034,2017,13,67.02
VMM_P09_034,2017,14,39.78
VMM_P09_034,2017,15,125.09
VMM_P09_034,2017,16,60.75
VMM_P09_034,2017,17,101.81
VMM_P09_034,2017,18,19.79
VMM_P09_034,2017,19,7.23
VMM_P09_034,2017,20,10.13
VMM_P09_034,2017,21,6.91
VMM_P09_034,2017,22,17.43
VMM_P09_034,2017,23,59.75
VMM_P09_034,2017,24,12.16
VMM_P09_034,2018,1,36.83
VMM_P09_034,2018,2,24.24
VMM_P09_034,2018,3,5.41
VMM_P09_034,2018,4,0.0
VMM_P09_034,2018,5,23.1
VMM_P09_034,2018,6,26.44
VMM_P09_034,2018,7,62.11
VMM_P09_034,2018,8,109.66
VMM_P09_034,2018,9,0.72
VMM_P09_034,2018,10,48.38
VMM_P09_034,2018,11,107.62
VMM_P09_034,2018,12,0.0
VMM_P09_034,2018,13,0.0
VMM_P09_034,2018,14,4.43
VMM_P09_034,2018,15,170.29
VMM_P09_034,2018,16,51.24
VMM_P09_034,2018,17,293.4
VMM_P09_034,2018,18,18.42
VMM_P09_034,2018,19,2.16
VMM_P09_034,2018,20,25.92
VMM_P09_034,2018,21,15.2
VMM_P09_034,2018,22,0.97
VMM_P09_034,2018,23,71.97
VMM_P09_034,2018,24,26.02
VMM_P09_034,2019,1,10.99
VMM_P09_034,2019,2,12.3
VMM_P09_034,2019,3,11.14
VMM_P09_034,2019,4,5.25
VMM_P09_034,2019,5,91.9
VMM_P09_034,2019,6,4.31
VMM_P09_034,2019,7,3.29
VMM_P09_034,2019,8,6.69
VMM_P09_034,2019,9,13.55
VMM_P09_034,2019,10,15.57
VMM_P09_034,2019,11,117.22
VMM_P09_034,2019,12,46.91
VMM_P09_034,2019,13,6.94
VMM_P09_034,2019,14,254.7
VMM_P09_034,2019,15,78.3
VMM_P09_034,2019,16,78.25
VMM_P09_034,2019,17,5.31
VMM_P09_034,2019,18,172.35
VMM_P09_034,2019,19,14.85
VMM_P09_034,2019,20,11.06
VMM_P09_034,2019,21,24.41
VMM_P09_034,2019,22,10.41
VMM_P09_034,2019,23,26.1
VMM_P09_034,2019,24,10.14
VMM_P09_034,2020,1,4.08
VMM_P09_034,2020,2,12.02
VMM_P09_034,2020,3,24.06
VMM_P09_034,2020,4,71.54
VMM_P09_034,2020,5,27.8
VMM_P09_034,2020,6,0.11
VMM_P09_034,2020,7,0.47
VMM_P09_034,2020,8,21.07
VMM_P09_034,2020,9,3.5
VMM_P09_034,2020,10,0.0
VMM_P09_034,2020,11,133.46
VMM_P09_034,2020,12,106.55
VMM_P09_034,2020,13,11.3
VMM_P09_034,2020,14,0.45
VMM_P09_034,2020,15,0.93
VMM_P09_034,2020,16,29.01
VMM_P09_034,2020,17,1.27
VMM_P09_034,2020,18,50.15
VMM_P09_034,2020,19,13.66
VMM_P09_034,2020,20,33.91
VMM_P09_034,2020,21,12.09
VMM_P09_034,2020,22,6.98
VMM_P09_034,2020,23,10.4
VMM_P09_034,2020,24,20.64
VMM_P09_034,2022,1,42.64
VMM_P09_034,2022,2,2.19
VMM_P09_034,2022,3,40.29
VMM_P09_034,2022,4,20.42
VMM_P09_034,2022,5,0.0
VMM_P09_034,2022,6,0.0
VMM_P09_034,2022,7,13.47
VMM_P09_034,2022,8,0.0
VMM_P09_034,2022,9,5.24
VMM_P09_034,2022,10,306.97
VMM_P09_034,2022,11,66.2
VMM_P09_034,2022,12,241.92
VMM_P09_034,2022,13,0.0
VMM_P09_034,2022,14,6.09
VMM_P09_034,2022,15,21.83
VMM_P09_034,2022,16,35.71
VMM_P09_034,2022,17,177.39
VMM_P09_034,2022,18,64.95
VMM_P09_034,2022,19,0.31
VMM_P09_034,2022,20,6.62
VMM_P09_034,2022,21,3.85
VMM_P09_034,2022,22,31.03
VMM_P09_034,2022,23,0.54
VMM_P09_034,2022,24,142.53
VMM_P09_034,2023,1,20.23
VMM_P09_034,2023,2,29.99
VMM_P09_034,2023,3,0.36
VMM_P09_034,2023,4,0.45
VMM_P09_034,2023,5,28.74
VMM_P09_034,2023,6,28.57
VMM_P09_034,2023,7,8.2
VMM_P09_034,2023,8,6.05
VMM_P09_034,2023,9,59.85
VMM_P09_034,2023,10,0.0
VMM_P09_034,2023,11,0.0
VMM_P09_034,2023,12,66.31
VMM_P09_034,2023,13,29.09
VMM_P09_034,2023,14,106.87
VMM_P09_034,2023,15,157.6
VMM_P09_034,2023,16,313.92
VMM_P09_034,2023,17,40.23
VMM_P09_034,2023,18,29.56
VMM_P09_034,2023,19,25.43
VMM_P09_034,2023,20,143.01
VMM_P09_034,2023,21,64.67
VMM_P09_034,2023,22,18.94
VMM_P09_034,2023,23,7.85
VMM_P09_034,2023,24,21.61
VMM_P09_034,2024,1,114.76
VMM_P09_034,2024,2,5.09
VMM_P09_034,2024,3,31.13
VMM_P09_034,2024,4,13.03
VMM_P09_034,2024,5,45.54
VMM_P09_034,2024,6,20.5
VMM_P09_034,2024,7,7.35
VMM_P09_034,2024,8,26.5
VMM_P09_034,2024,9,128.34
VMM_P09_034,2024,10,20.19
VMM_P09_034,2024,11,4.56
VMM_P09_034,2024,12,23.82
VMM_P09_034,2024,13,80.65
VMM_P09_034,2024,14,232.44
VMM_P09_034,2024,15,22.63
VMM_P09_034,2024,16,31.12
VMM_P09_034,2024,17,92.85
VMM_P09_034,2024,18,20.16
VMM_P09_034,2024,19,48.88
VMM_P09_034,2024,20,9.64
VMM_P09_034,2024,21,0.86
VMM_P09_034,2024,22,60.18
VMM_P09_034,2024,23,25.09
VMM_P09_034,2024,24,57.87
VMM_P09_035,2009,1,518.74
VMM_P09_035,2009,2,14.69
VMM_P09_035,2009,3,22.93
VMM_P09_035,2009,4,2.02
VMM_P09_035,2009,5,9.75
VMM_P09_035,2009,6,26.56
VMM_P09_035,2009,7,1.5
VMM_P09_035,2009,8,24.49
VMM_P09_035,2009,9,64.26
VMM_P09_035,2009,10,2.14
VMM_P09_035,2009,11,189.49
VMM_P09_035,2009,12,139.87
VMM_P09_035,2009,13,68.98
VMM_P09_035,2009,14,147.36
VMM_P09_035,2009,15,38.95
VMM_P09_035,2009,16,6.09
VMM_P09_035,2009,17,15.29
VMM_P09_035,2009,18,0.64
VMM_P09_035,2009,19,365.17
VMM_P09_035,2009,20,0.51
VMM_P09_035,2009,21,47.33
VMM_P09_035,2009,22,40.51
VMM_P09_035,2009,23,18.18
VMM_P09_035,2009,24,15.16
VMM_P09_035,2011,1,13.92
VMM_P09_035,2011,2,0.94
VMM_P09_035,2011,3,9.64
VMM_P09_035,2011,4,1.66
VMM_P09_035,2011,5,1.12
VMM_P09_035,2011,6,4.57
VMM_P09_035,2011,7,1.24
VMM_P09_035,2011,8,0.57
VMM_P09_035,2011,9,11.42
VMM_P09_035,2011,10,3.45
VMM_P09_035,2011,11,66.32
VMM_P09_035,2011,12,79.52
VMM_P09_035,2011,13,24.06
VMM_P09_035,2011,14,22.42
VMM_P09_035,2011,15,40.86
VMM_P09_035,2011,16,1636.52
VMM_P09_035,2011,17,2.25
VMM_P09_035,2011,18,0.0
VMM_P09_035,2011,19,20.91
VMM_P09_035,2011,20,1.29
VMM_P09_035,2011,21,0.0
VMM_P09_035,2011,22,0.0
VMM_P09_035,2011,23,61.35
VMM_P09_035,2011,24,12.14
VMM_P09_035,2014,1,9.94
VMM_P09_035,2014,2,6.22
VMM_P09_035,2014,3,7.97
VMM_P09_035,2014,4,1.93
VMM_P09_035,2014,5,0.0
VMM_P09_035,2014,6,1.42
VMM_P09_035,2014,7,7.68
VMM_P09_035,2014,8,42.95
VMM_P09_035,2014,9,58.86
VMM_P09_035,2014,10,27.17
VMM_P09_035,2014,11,174.59
VMM_P09_035,2014,12,56.05
VMM_P09_035,2014,13,117.36
VMM_P09_035,2014,14,518.69
VMM_P09_035,2014,15,227.28
VMM_P09_035,2014,16,98.86
VMM_P09_035,2014,17,0.0
VMM_P09_035,2014,18,114.94
VMM_P09_035,2014,19,18.34
VMM_P09_035,2014,20,11.82
VMM_P09_035,2014,21,6.45
VMM_P09_035,2014,22,2.75
VMM_P09_035,2014,23,30.69
VMM_P09_035,2014,24,22.51
VMM_P09_035,2019,1,10.83
VMM_P09_035,2019,2,10.64
VMM_P09_035,2019,3,17.33
VMM_P09_035,2019,4,5.17
VMM_P09_035,2019,5,92.39
VMM_P09_035,2019,6,1.62
VMM_P09_035,2019,7,3.16
VMM_P09_035,2019,8,3.11
VMM_P09_035,2019,9,7.45
VMM_P09_035,2019,10,19.52
VMM_P09_035,2019,11,496.53
VMM_P09_035,2019,12,230.42
VMM_P09_035,2019,13,0.24
VMM_P09_035,2019,14,40.94
VMM_P09_035,2019,15,109.12
VMM_P09_035,2019,16,141.29
VMM_P09_035,2019,17,4.9
VMM_P09_035,2019,18,194.55
VMM_P09_035,2019,19,32.19
VMM_P09_035,2019,20,15.86
VMM_P09_035,2019,21,7.4
VMM_P09_035,2019,22,15.15
VMM_P09_035,2019,23,20.92
VMM_P09_035,2019,24,18.09
VMM_P09_035,2020,1,10.89
VMM_P09_035,2020,2,6.64
VMM_P09_035,2020,3,47.85
VMM_P09_035,2020,4,65.96
VMM_P09_035,2020,5,69.35
VMM_P09_035,2020,6,0.09
VMM_P09_035,2020,7,0.0
VMM_P09_035,2020,8,23.11
VMM_P09_035,2020,9,7.06
VMM_P09_035,2020,10,0.0
VMM_P09_035,2020,11,83.16
VMM_P09_035,2020,12,141.22
VMM_P09_035,2020,13,5.91
VMM_P09_035,2020,14,4.35
VMM_P09_035,2020,15,2.95
VMM_P09_035,2020,16,604.84
VMM_P09_035,2020,17,2.61
VMM_P09_035,2020,18,40.75
VMM_P09_035,2020,19,18.9
VMM_P09_035,2020,20,17.71
VMM_P09_035,2020,21,8.78
VMM_P09_035,2020,22,4.18
VMM_P09_035,2020,23,7.2
VMM_P09_035,2020,24,15.87
VMM_P09_035,2021,1,17.49
VMM_P09_035,2021,2,57.0
VMM_P09_035,2021,3,23.98
VMM_P09_035,2021,4,8.31
VMM_P09_035,2021,5,36.39
VMM_P09_035,2021,6,1.46
VMM_P09_035,2021,7,18.7
VMM_P09_035,2021,8,0.0
VMM_P09_035,2021,9,85.64
VMM_P09_035,2021,10,40.48
VMM_P09_035,2021,11,31.47
VMM_P09_035,2021,12,873.84
VMM_P09_035,2021,13,621.14
VMM_P09_035,2021,14,35.84
VMM_P09_035,2021,15,226.41
VMM_P09_035,2021,16,96.52
VMM_P09_035,2021,17,2.71
VMM_P09_035,2021,18,12.16
VMM_P09_035,2021,19,47.55
VMM_P09_035,2021,20,74.29
VMM_P09_035,2021,21,2.15
VMM_P09_035,2021,22,2.27
VMM_P09_035,2021,23,7.89
VMM_P09_035,2021,24,15.31
VMM_P09_035,2022,1,77.05
VMM_P09_035,2022,2,2.81
VMM_P09_035,2022,3,71.52
VMM_P09_035,2022,4,71.77
VMM_P09_035,2022,5,0.0
VMM_P09_035,2022,6,0.31
VMM_P09_035,2022,7,15.17
VMM_P09_035,2022,8,0.0
VMM_P09_035,2022,9,0.36
VMM_P09_035,2022,10,426.52
VMM_P09_035,2022,11,160.57
VMM_P09_035,2022,12,202.45
VMM_P09_035,2022,13,0.0
VMM_P09_035,2022,14,8.77
VMM_P09_035,2022,15,1.2
VMM_P09_035,2022,16,9.61
VMM_P09_035,2022,17,116.29
VMM_P09_035,2022,18,74.74
VMM_P09_035,2022,19,8.15
VMM_P09_035,2022,20,25.79
VMM_P09_035,2022,21,7.1
VMM_P09_035,2022,22,25.48
VMM_P09_035,2022,23,1.53
VMM_P09_035,2022,24,52.62
VMM_P09_035,2023,1,35.12
VMM_P09_035,2023,2,17.1
VMM_P09_035,2023,3,0.25
VMM_P09_035,2023,4,0.87
VMM_P09_035,2023,5,49.68
VMM_P09_035,2023,6,54.01
VMM_P09_035,2023,7,26.51
VMM_P09_035,2023,8,4.19
VMM_P09_035,2023,9,84.36
VMM_P09_035,2023,10,0.0
VMM_P09_035,2023,11,0.0
VMM_P09_035,2023,12,305.41
VMM_P09_035,2023,13,38.97
VMM_P09_035,2023,14,178.1
VMM_P09_035,2023,15,104.43
VMM_P09_035,2023,16,457.99
VMM_P09_035,2023,17,475.95
VMM_P09_035,2023,18,30.39
VMM_P09_035,2023,19,18.28
VMM_P09_035,2023,20,53.47
VMM_P09_035,2023,21,70.62
VMM_P09_035,2023,22,17.4
VMM_P09_035,2023,23,14.86
VMM_P09_035,2023,24,18.53
VMM_P09_035,2024,1,27.15
VMM_P09_035,2024,2,54.87
VMM_P09_035,2024,3,37.42
VMM_P09_035,2024,4,27.3
VMM_P09_035,2024,5,20.51
VMM_P09_035,2024,6,7.38
VMM_P09_035,2024,7,40.92
VMM_P09_035,2024,8,44.24
VMM_P09_035,2024,9,566.17
VMM_P09_035,2024,10,76.43
VMM_P09_035,2024,11,77.32
VMM_P09_035,2024,12,71.25
VMM_P09_035,2024,13,56.74
VMM_P09_035,2024,14,39.66
VMM_P09_035,2024,15,212.13
VMM_P09_035,2024,16,62.05
VMM_P09_035,2024,17,43.64
VMM_P09_035,2024,18,15.46
VMM_P09_035,2024,19,50.17
VMM_P09_035,2024,20,6.13
VMM_P09_035,2024,21,2.46
VMM_P09_035,2024,22,77.54
VMM_P09_035,2024,23,21.88
VMM_P09_035,2024,24,72.82
VMM_P10_011,2005,1,2.92
VMM_P10_011,2005,2,24.34
VMM_P10_011,2005,3,14.67
VMM_P10_011,2005,4,3.71
VMM_P10_011,2005,5,3.7
VMM_P10_011,2005,6,7.31
VMM_P10_011,2005,7,25.78
VMM_P10_011,2005,8,11.28
VMM_P10_011,2005,9,114.92
VMM_P10_011,2005,10,15.24
VMM_P10_011,2005,11,3.92
VMM_P10_011,2005,12,117.41
VMM_P10_011,2005,13,160.64
VMM_P10_011,2005,14,35.14
VMM_P10_011,2005,15,10.14
VMM_P10_011,2005,16,35.37
VMM_P10_011,2005,17,183.72
VMM_P10_011,2005,18,15.51
VMM_P10_011,2005,19,0.0
VMM_P10_011,2005,20,18.2
VMM_P10_011,2005,21,4.14
VMM_P10_011,2005,22,31.25
VMM_P10_011,2005,23,1.14
VMM_P10_011,2005,24,15.95
VMM_P10_011,2006,1,1.29
VMM_P10_011,2006,2,6.66
VMM_P10_011,2006,3,21.07
VMM_P10_011,2006,4,31.85
VMM_P10_011,2006,5,15.05
VMM_P10_011,2006,6,28.38
VMM_P10_011,2006,7,8.54
VMM_P10_011,2006,8,6.37
VMM_P10_011,2006,9,1.67
VMM_P10_011,2006,10,46.7
VMM_P10_011,2006,11,6.97
VMM_P10_011,2006,12,81.53
VMM_P10_011,2006,13,22.52
VMM_P10_011,2006,14,164.24
VMM_P10_011,2006,15,209.15
VMM_P10_011,2006,16,519.99
VMM_P10_011,2006,17,0.0
VMM_P10_011,2006,18,49.98
VMM_P10_011,2006,19,37.88
VMM_P10_011,2006,20,14.31
VMM_P10_011,2006,21,15.15
VMM_P10_011,2006,22,12.03
VMM_P10_011,2006,23,35.06
VMM_P10_011,2006,24,5.65
VMM_P10_011,2007,1,85.25
VMM_P10_011,2007,2,35.47
VMM_P10_011,2007,3,15.16
VMM_P10_011,2007,4,40.26
VMM_P10_011,2007,5,17.33
VMM_P10_011,2007,6,4.59
VMM_P10_011,2007,7,0.0
VMM_P10_011,2007,8,0.0
VMM_P10_011,2007,9,116.33
VMM_P10_011,2007,10,72.97
VMM_P10_011,2007,11,277.54
VMM_P10_011,2007,12,62.88
VMM_P10_011,2007,13,101.84
VMM_P10_011,2007,14,114.34
VMM_P10_011,2007,15,15.81
VMM_P10_011,2007,16,95.46
VMM_P10_011,2007,17,1.89
VMM_P10_011,2007,18,15.64
VMM_P10_011,2007,19,58.43
VMM_P10_011,2007,20,5.51
VMM_P10_011,2007,21,48.17
VMM_P10_011,2007,22,10.69
VMM_P10_011,2007,23,40.6
VMM_P10_011,2007,24,1.64
VMM_P10_011,2008,1,6.16
VMM_P10_011,2008,2,5.11
VMM_P10_011,2008,3,8.52
VMM_P10_011,2008,4,7.19
VMM_P10_011,2008,5,24.36
VMM_P10_011,2008,6,17.29
VMM_P10_011,2008,7,6.21
VMM_P10_011,2008,8,34.32
VMM_P10_011,2008,9,42.29
VMM_P10_011,2008,10,46.7
VMM_P10_011,2008,11,289.03
VMM_P10_011,2008,12,4.01
VMM_P10_011,2008,13,33.4
VMM_P10_011,2008,14,293.84
VMM_P10_011,2008,15,57.73
VMM_P10_011,2008,16,20.34
VMM_P10_011,2008,17,18.41
VMM_P10_011,2008,18,89.12
VMM_P10_011,2008,19,25.05
VMM_P10_011,2008,20,8.39
VMM_P10_011,2008,21,25.7
VMM_P10_011,2008,22,18.1
VMM_P10_011,2008,23,3.79
VMM_P10_011,2008,24,3.16
VMM_P10_011,2009,1,5.37
VMM_P10_011,2009,2,25.05
VMM_P10_011,2009,3,16.21
VMM_P10_011,2009,4,2.32
VMM_P10_011,2009,5,3.44
VMM_P10_011,2009,6,27.32
VMM_P10_011,2009,7,7.06
VMM_P10_011,2009,8,16.77
VMM_P10_011,2009,9,14.26
VMM_P10_011,2009,10,132.68
VMM_P10_011,2009,11,28.23
VMM_P10_011,2009,12,3.78
VMM_P10_011,2009,13,86.38
VMM_P10_011,2009,14,222.58
VMM_P10_011,2009,15,15.0
VMM_P10_011,2009,16,19.63
VMM_P10_011,2009,17,11.93
VMM_P10_011,2009,18,0.2
VMM_P10_011,2009,19,122.61
VMM_P10_011,2009,20,4.54
VMM_P10_011,2009,21,22.13
VMM_P10_011,2009,22,68.39
VMM_P10_011,2009,23,12.3
VMM_P10_011,2009,24,16.72
VMM_P10_011,2011,1,20.3
VMM_P10_011,2011,2,7.45
VMM_P10_011,2011,3,8.98
VMM_P10_011,2011,4,6.04
VMM_P10_011,2011,5,0.1
VMM_P10_011,2011,6,9.53
VMM_P10_011,2011,7,3.97
VMM_P10_011,2011,8,0.53
VMM_P10_011,2011,9,0.0
VMM_P10_011,2011,10,4.7
VMM_P10_011,2011,11,59.76
VMM_P10_011,2011,12,122.8
VMM_P10_011,2011,13,18.6
VMM_P10_011,2011,14,34.24
VMM_P10_011,2011,15,79.02
VMM_P10_011,2011,16,733.98
VMM_P10_011,2011,17,109.34
VMM_P10_011,2011,18,2.17
VMM_P10_011,2011,19,30.83
VMM_P10_011,2011,20,1.88
VMM_P10_011,2011,21,0.96
VMM_P10_011,2011,22,0.0
VMM_P10_011,2011,23,50.1
VMM_P10_011,2011,24,46.2
VMM_P10_011,2012,1,29.3
VMM_P10_011,2012,2,29.92
VMM_P10_011,2012,3,6.92
VMM_P10_011,2012,4,2.91
VMM_P10_011,2012,5,5.94
VMM_P10_011,2012,6,0.0
VMM_P10_011,2012,7,28.05
VMM_P10_011,2012,8,18.94
VMM_P10_011,2012,9,7.68
VMM_P10_011,2012,10,1.78
VMM_P10_011,2012,11,182.79
VMM_P10_011,2012,12,214.52
VMM_P10_011,2012,13,109.09
VMM_P10_011,2012,14,185.36
VMM_P10_011,2012,15,67.22
VMM_P10_011,2012,16,25.19
VMM_P10_011,2012,17,12.42
VMM_P10_011,2012,18,115.99
VMM_P10_011,2012,19,46.99
VMM_P10_011,2012,20,5.67
VMM_P10_011,2012,21,7.18
VMM_P10_011,2012,22,1.46
VMM_P10_011,2012,23,51.02
VMM_P10_011,2012,24,70.57
VMM_P10_011,2013,1,9.26
VMM_P10_011,2013,2,15.78
VMM_P10_011,2013,3,20.34
VMM_P10_011,2013,4,0.4
VMM_P10_011,2013,5,16.58
VMM_P10_011,2013,6,4.08
VMM_P10_011,2013,7,35.18
VMM_P10_011,2013,8,5.54
VMM_P10_011,2013,9,7.77
VMM_P10_011,2013,10,64.08
VMM_P10_011,2013,11,0.55
VMM_P10_011,2013,12,33.83
VMM_P10_011,2013,13,1.87
VMM_P10_011,2013,14,541.04
VMM_P10_011,2013,15,6.71
VMM_P10_011,2013,16,13.75
VMM_P10_011,2013,17,72.98
VMM_P10_011,2013,18,3.22
VMM_P10_011,2013,19,36.41
VMM_P10_011,2013,20,45.35
VMM_P10_011,2013,21,41.52
VMM_P10_011,2013,22,4.28
VMM_P10_011,2013,23,0.87
VMM_P10_011,2013,24,65.03
VMM_P10_011,2014,1,13.47
VMM_P10_011,2014,2,14.43
VMM_P10_011,2014,3,16.44
VMM_P10_011,2014,4,1.34
VMM_P10_011,2014,5,0.0
VMM_P10_011,2014,6,4.44
VMM_P10_011,2014,7,18.19
VMM_P10_011,2014,8,23.76
VMM_P10_011,2014,9,23.11
VMM_P10_011,2014,10,256.38
VMM_P10_011,2014,11,295.36
VMM_P10_011,2014,12,3.43
VMM_P10_011,2014,13,114.41
VMM_P10_011,2014,14,200.27
VMM_P10_011,2014,15,76.37
VMM_P10_011,2014,16,142.93
VMM_P10_011,2014,17,0.0
VMM_P10_011,2014,18,23.72
VMM_P10_011,2014,19,24.48
VMM_P10_011,2014,20,22.04
VMM_P10_011,2014,21,57.23
VMM_P10_011,2014,22,1.63
VMM_P10_011,2014,23,9.99
VMM_P10_011,2014,24,55.17
VMM_P10_011,2016,1,26.63
VMM_P10_011,2016,2,102.58
VMM_P10_011,2016,3,55.39
VMM_P10_011,2016,4,17.79
VMM_P10_011,2016,5,18.97
VMM_P10_011,2016,6,6.7
VMM_P10_011,2016,7,21.12
VMM_P10_011,2016,8,62.06
VMM_P10_011,2016,9,7.01
VMM_P10_011,2016,10,528.07
VMM_P10_011,2016,11,715.87
VMM_P10_011,2016,12,418.43
VMM_P10_011,2016,13,78.93
VMM_P10_011,2016,14,22.38
VMM_P10_011,2016,15,114.36
VMM_P10_011,2016,16,13.2
VMM_P10_011,2016,17,17.45
VMM_P10_011,2016,18,0.0
VMM_P10_011,2016,19,21.82
VMM_P10_011,2016,20,13.84
VMM_P10_011,2016,21,34.03
VMM_P10_011,2016,22,67.7
VMM_P10_011,2016,23,1.2
VMM_P10_011,2016,24,4.75
VMM_P10_011,2017,1,20.45
VMM_P10_011,2017,2,2.59
VMM_P10_011,2017,3,2.33
VMM_P10_011,2017,4,17.65
VMM_P10_011,2017,5,6.78
VMM_P10_011,2017,6,5.97
VMM_P10_011,2017,7,11.75
VMM_P10_011,2017,8,9.47
VMM_P10_011,2017,9,13.99
VMM_P10_011,2017,10,0.65
VMM_P10_011,2017,11,14.38
VMM_P10_011,2017,12,11.81
VMM_P10_011,2017,13,118.19
VMM_P10_011,2017,14,123.01
VMM_P10_011,2017,15,51.59
VMM_P10_011,2017,16,42.0
VMM_P10_011,2017,17,154.45
VMM_P10_011,2017,18,27.35
VMM_P10_011,2017,19,10.15
VMM_P10_011,2017,20,10.35
VMM_P10_011,2017,21,20.02
VMM_P10_011,2017,22,31.97
VMM_P10_011,2017,23,103.88
VMM_P10_011,2017,24,18.58
VMM_P10_011,2018,1,16.76
VMM_P10_011,2018,2,13.43
VMM_P10_011,2018,3,9.96
VMM_P10_011,2018,4,0.0
VMM_P10_011,2018,5,17.17
VMM_P10_011,2018,6,8.82
VMM_P10_011,2018,7,50.88
VMM_P10_011,2018,8,94.88
VMM_P10_011,2018,9,0.0
VMM_P10_011,2018,10,128.39
VMM_P10_011,2018,11,29.47
VMM_P10_011,2018,12,0.0
VMM_P10_011,2018,13,0.0
VMM_P10_011,2018,14,0.5
VMM_P10_011,2018,15,33.12
VMM_P10_011,2018,16,302.78
VMM_P10_011,2018,17,379.57
VMM_P10_011,2018,18,26.77
VMM_P10_011,2018,19,0.67
VMM_P10_011,2018,20,26.36
VMM_P10_011,2018,21,13.32
VMM_P10_011,2018,22,2.05
VMM_P10_011,2018,23,64.1
VMM_P10_011,2018,24,22.96
VMM_P10_011,2019,1,1.47
VMM_P10_011,2019,2,13.82
VMM_P10_011,2019,3,16.34
VMM_P10_011,2019,4,4.62
VMM_P10_011,2019,5,61.61
VMM_P10_011,2019,6,2.57
VMM_P10_011,2019,7,2.43
VMM_P10_011,2019,8,11.78
VMM_P10_011,2019,9,19.51
VMM_P10_011,2019,10,26.33
VMM_P10_011,2019,11,111.85
VMM_P10_011,2019,12,1.31
VMM_P10_011,2019,13,84.12
VMM_P10_011,2019,14,117.58
VMM_P10_011,2019,15,53.77
VMM_P10_011,2019,16,87.47
VMM_P10_011,2019,17,17.71
VMM_P10_011,2019,18,115.23
VMM_P10_011,2019,19,14.87
VMM_P10_011,2019,20,12.24
VMM_P10_011,2019,21,47.35
VMM_P10_011,2019,22,13.09
VMM_P10_011,2019,23,23.5
VMM_P10_011,2019,24,13.5
VMM_P10_011,2020,1,6.6
VMM_P10_011,2020,2,4.98
VMM_P10_011,2020,3,24.97
VMM_P10_011,2020,4,69.95
VMM_P10_011,2020,5,16.73
VMM_P10_011,2020,6,0.14
VMM_P10_011,2020,7,0.56
VMM_P10_011,2020,8,7.96
VMM_P10_011,2020,9,10.89
VMM_P10_011,2020,10,0.0
VMM_P10_011,2020,11,51.6
VMM_P10_011,2020,12,144.82
VMM_P10_011,2020,13,30.71
VMM_P10_011,2020,14,0.62
VMM_P10_011,2020,15,2.92
VMM_P10_011,2020,16,67.96
VMM_P10_011,2020,17,0.0
VMM_P10_011,2020,18,57.21
VMM_P10_011,2020,19,14.72
VMM_P10_011,2020,20,48.19
VMM_P10_011,2020,21,15.96
VMM_P10_011,2020,22,7.74
VMM_P10_011,2020,23,4.25
VMM_P10_011,2020,24,12.19
VMM_P10_011,2021,1,12.18
VMM_P10_011,2021,2,30.44
VMM_P10_011,2021,3,69.3
VMM_P10_011,2021,4,16.78
VMM_P10_011,2021,5,28.79
VMM_P10_011,2021,6,2.37
VMM_P10_011,2021,7,13.32
VMM_P10_011,2021,8,0.0
VMM_P10_011,2021,9,19.7
VMM_P10_011,2021,10,152.5
VMM_P10_011,2021,11,1351.23
VMM_P10_011,2021,12,161.87
VMM_P10_011,2021,13,555.87
VMM_P10_011,2021,14,315.44
VMM_P10_011,2021,15,74.8
VMM_P10_011,2021,16,127.93
VMM_P10_011,2021,17,108.99
VMM_P10_011,2021,18,2.12
VMM_P10_011,2021,19,123.65
VMM_P10_011,2021,20,80.91
VMM_P10_011,2021,21,1.95
VMM_P10_011,2021,22,14.42
VMM_P10_011,2021,23,8.6
VMM_P10_011,2021,24,18.35
VMM_P10_011,2023,1,32.48
VMM_P10_011,2023,2,24.1
VMM_P10_011,2023,3,0.2
VMM_P10_011,2023,4,0.22
VMM_P10_011,2023,5,40.77
VMM_P10_011,2023,6,51.46
VMM_P10_011,2023,7,10.29
VMM_P10_011,2023,8,11.47
VMM_P10_011,2023,9,65.48
VMM_P10_011,2023,10,0.0
VMM_P10_011,2023,11,0.0
VMM_P10_011,2023,12,36.33
VMM_P10_011,2023,13,16.68
VMM_P10_011,2023,14,450.66
VMM_P10_011,2023,15,105.06
VMM_P10_011,2023,16,87.61
VMM_P10_011,2023,17,0.93
VMM_P10_011,2023,18,139.89
VMM_P10_011,2023,19,47.17
VMM_P10_011,2023,20,197.46
VMM_P10_011,2023,21,91.9
VMM_P10_011,2023,22,31.81
VMM_P10_011,2023,23,31.02
VMM_P10_011,2023,24,31.71
VMM_P10_011,2024,1,55.65
VMM_P10_011,2024,2,12.08
VMM_P10_011,2024,3,70.31
VMM_P10_011,2024,4,33.73
VMM_P10_011,2024,5,62.0
VMM_P10_011,2024,6,19.39
VMM_P10_011,2024,7,64.84
VMM_P10_011,2024,8,31.11
VMM_P10_011,2024,9,91.15
VMM_P10_011,2024,10,140.52
VMM_P10_011,2024,11,41.49
VMM_P10_011,2024,12,95.58
VMM_P10_011,2024,13,490.36
VMM_P10_011,2024,14,18.08
VMM_P10_011,2024,15,638.64
VMM_P10_011,2024,16,36.42
VMM_P10_011,2024,17,50.57
VMM_P10_011,2024,18,16.24
VMM_P10_011,2024,19,21.67
VMM_P10_011,2024,20,13.6
VMM_P10_011,2024,21,0.19
VMM_P10_011,2024,22,59.0
VMM_P10_011,2024,23,17.73
VMM_P10_011,2024,24,33.67
VMM_P10_042,2009,1,4.03
VMM_P10_042,2009,2,22.88
VMM_P10_042,2009,3,7.08
VMM_P10_042,2009,4,1.94
VMM_P10_042,2009,5,6.11
VMM_P10_042,2009,6,28.58
VMM_P10_042,2009,7,0.82
VMM_P10_042,2009,8,12.77
VMM_P10_042,2009,9,36.12
VMM_P10_042,2009,10,51.74
VMM_P10_042,2009,11,106.1
VMM_P10_042,2009,12,8.65
VMM_P10_042,2009,13,104.79
VMM_P10_042,2009,14,331.6
VMM_P10_042,2009,15,27.72
VMM_P10_042,2009,16,51.37
VMM_P10_042,2009,17,14.85
VMM_P10_042,2009,18,1.3
VMM_P10_042,2009,19,174.94
VMM_P10_042,2009,20,1.91
VMM_P10_042,2009,21,25.59
VMM_P10_042,2009,22,94.37
VMM_P10_042,2009,23,22.77
VMM_P10_042,2009,24,22.02
VMM_P10_042,2011,1,12.64
VMM_P10_042,2011,2,2.2
VMM_P10_042,2011,3,10.27
VMM_P10_042,2011,4,5.44
VMM_P10_042,2011,5,0.25
VMM_P10_042,2011,6,4.22
VMM_P10_042,2011,7,1.39
VMM_P10_042,2011,8,6.22
VMM_P10_042,2011,9,1.59
VMM_P10_042,2011,10,3.58
VMM_P10_042,2011,11,83.95
VMM_P10_042,2011,12,141.58
VMM_P10_042,2011,13,34.12
VMM_P10_042,2011,14,37.51
VMM_P10_042,2011,15,55.69
VMM_P10_042,2011,16,66.6
VMM_P10_042,2011,17,110.67
VMM_P10_042,2011,18,11.09
VMM_P10_042,2011,19,15.38
VMM_P10_042,2011,20,7.47
VMM_P10_042,2011,21,0.0
VMM_P10_042,2011,22,0.17
VMM_P10_042,2011,23,150.37
VMM_P10_042,2011,24,73.5
VMM_P10_042,2012,1,36.86
VMM_P10_042,2012,2,26.03
VMM_P10_042,2012,3,5.08
VMM_P10_042,2012,4,3.25
VMM_P10_042,2012,5,7.69
VMM_P10_042,2012,6,0.0
VMM_P10_042,2012,7,23.94
VMM_P10_042,2012,8,20.08
VMM_P10_042,2012,9,12.79
VMM_P10_042,2012,10,51.85
VMM_P10_042,2012,11,122.01
VMM_P10_042,2012,12,252.67
VMM_P10_042,2012,13,40.39
VMM_P10_042,2012,14,430.25
VMM_P10_042,2012,15,6.92
VMM_P10_042,2012,16,75.21
VMM_P10_042,2012,17,17.49
VMM_P10_042,2012,18,64.69
VMM_P10_042,2012,19,131.06
VMM_P10_042,2012,20,2.41
VMM_P10_042,2012,21,7.53
VMM_P10_042,2012,22,2.36
VMM_P10_042,2012,23,28.27
VMM_P10_042,2012,24,28.1
VMM_P10_042,2013,1,8.66
VMM_P10_042,2013,2,20.26
VMM_P10_042,2013,3,21.78
VMM_P10_042,2013,4,0.25
VMM_P10_042,2013,5,1.91
VMM_P10_042,2013,6,2.07
VMM_P10_042,2013,7,8.53
VMM_P10_042,2013,8,3.44
VMM_P10_042,2013,9,7.63
VMM_P10_042,2013,10,44.77
VMM_P10_042,2013,11,0.45
VMM_P10_042,2013,12,16.34
VMM_P10_042,2013,13,8.82
VMM_P10_042,2013,14,262.81
VMM_P10_042,2013,15,9.59
VMM_P10_042,2013,16,12.58
VMM_P10_042,2013,17,105.03
VMM_P10_042,2013,18,1.88
VMM_P10_042,2013,19,68.6
VMM_P10_042,2013,20,33.57
VMM_P10_042,2013,21,48.0
VMM_P10_042,2013,22,3.73
VMM_P10_042,2013,23,1.24
VMM_P10_042,2013,24,79.04
VMM_P10_042,2015,1,69.65
VMM_P10_042,2015,2,19.73
VMM_P10_042,2015,3,3.55
VMM_P10_042,2015,4,17.27
VMM_P10_042,2015,5,19.16
VMM_P10_042,2015,6,39.36
VMM_P10_042,2015,7,2.24
VMM_P10_042,2015,8,0.64
VMM_P10_042,2015,9,18.27
VMM_P10_042,2015,10,36.52
VMM_P10_042,2015,11,70.3
VMM_P10_042,2015,12,4.41
VMM_P10_042,2015,13,4.09
VMM_P10_042,2015,14,40.88
VMM_P10_042,2015,15,1011.74
VMM_P10_042,2015,16,89.24
VMM_P10_042,2015,17,39.92
VMM_P10_042,2015,18,85.55
VMM_P10_042,2015,19,8.64
VMM_P10_042,2015,20,1.54
VMM_P10_042,2015,21,4.69
VMM_P10_042,2015,22,103.92
VMM_P10_042,2015,23,16.48
VMM_P10_042,2015,24,2.86
VMM_P10_042,2016,1,32.37
VMM_P10_042,2016,2,53.35
VMM_P10_042,2016,3,25.51
VMM_P10_042,2016,4,13.29
VMM_P10_042,2016,5,27.55
VMM_P10_042,2016,6,9.79
VMM_P10_042,2016,7,15.0
VMM_P10_042,2016,8,19.41
VMM_P10_042,2016,9,0.96
VMM_P10_042,2016,10,646.92
VMM_P10_042,2016,11,188.47
VMM_P10_042,2016,12,997.34
VMM_P10_042,2016,13,30.15
VMM_P10_042,2016,14,1.05
VMM_P10_042,2016,15,35.91
VMM_P10_042,2016,16,30.08
VMM_P10_042,2016,17,8.64
VMM_P10_042,2016,18,4.68
VMM_P10_042,2016,19,13.73
VMM_P10_042,2016,20,12.3
VMM_P10_042,2016,21,47.55
VMM_P10_042,2016,22,54.53
VMM_P10_042,2016,23,2.28
VMM_P10_042,2016,24,7.36
VMM_P10_042,2017,1,26.72
VMM_P10_042,2017,2,1.8
VMM_P10_042,2017,3,1.42
VMM_P10_042,2017,4,24.03
VMM_P10_042,2017,5,18.58
VMM_P10_042,2017,6,20.54
VMM_P10_042,2017,7,37.62
VMM_P10_042,2017,8,4.84
VMM_P10_042,2017,9,38.55
VMM_P10_042,2017,10,21.06
VMM_P10_042,2017,11,24.87
VMM_P10_042,2017,12,3.24
VMM_P10_042,2017,13,89.19
VMM_P10_042,2017,14,82.28
VMM_P10_042,2017,15,78.01
VMM_P10_042,2017,16,49.16
VMM_P10_042,2017,17,98.41
VMM_P10_042,2017,18,59.55
VMM_P10_042,2017,19,35.96
VMM_P10_042,2017,20,31.37
VMM_P10_042,2017,21,9.89
VMM_P10_042,2017,22,38.51
VMM_P10_042,2017,23,80.8
VMM_P10_042,2017,24,18.27
VMM_P10_042,2018,1,35.24
VMM_P10_042,2018,2,36.63
VMM_P10_042,2018,3,7.91
VMM_P10_042,2018,4,0.0
VMM_P10_042,2018,5,14.2
VMM_P10_042,2018,6,8.97
VMM_P10_042,2018,7,65.09
VMM_P10_042,2018,8,90.59
VMM_P10_042,2018,9,0.0
VMM_P10_042,2018,10,365.35
VMM_P10_042,2018,11,2.63
VMM_P10_042,2018,12,0.0
VMM_P10_042,2018,13,4.02
VMM_P10_042,2018,14,3.56
VMM_P10_042,2018,15,157.99
VMM_P10_042,2018,16,146.61
VMM_P10_042,2018,17,1.81
VMM_P10_042,2018,18,26.8
VMM_P10_042,2018,19,2.18
VMM_P10_042,2018,20,40.43
VMM_P10_042,2018,21,10.82
VMM_P10_042,2018,22,4.7
VMM_P10_042,2018,23,114.02
VMM_P10_042,2018,24,20.88
VMM_P10_042,2020,1,4.92
VMM_P10_042,2020,2,4.73
VMM_P10_042,2020,3,145.69
VMM_P10_042,2020,4,107.99
VMM_P10_042,2020,5,34.24
VMM_P10_042,2020,6,0.37
VMM_P10_042,2020,7,0.0
VMM_P10_042,2020,8,7.34
VMM_P10_042,2020,9,65.34
VMM_P10_042,2020,10,0.0
VMM_P10_042,2020,11,82.05
VMM_P10_042,2020,12,511.78
VMM_P10_042,2020,13,12.21
VMM_P10_042,2020,14,1.05
VMM_P10_042,2020,15,77.75
VMM_P10_042,2020,16,347.06
VMM_P10_042,2020,17,0.55
VMM_P10_042,2020,18,41.85
VMM_P10_042,2020,19,62.09
VMM_P10_042,2020,20,13.32
VMM_P10_042,2020,21,15.88
VMM_P10_042,2020,22,9.37
VMM_P10_042,2020,23,3.56
VMM_P10_042,2020,24,18.81
VMM_P10_042,2021,1,15.03
VMM_P10_042,2021,2,46.2
VMM_P10_042,2021,3,27.17
VMM_P10_042,2021,4,6.13
VMM_P10_042,2021,5,18.98
VMM_P10_042,2021,6,0.93
VMM_P10_042,2021,7,18.33
VMM_P10_042,2021,8,0.0
VMM_P10_042,2021,9,37.26
VMM_P10_042,2021,10,63.15
VMM_P10_042,2021,11,1116.11
VMM_P10_042,2021,12,71.53
VMM_P10_042,2021,13,209.71
VMM_P10_042,2021,14,24.93
VMM_P10_042,2021,15,18.45
VMM_P10_042,2021,16,245.85
VMM_P10_042,2021,17,310.54
VMM_P10_042,2021,18,12.18
VMM_P10_042,2021,19,67.64
VMM_P10_042,2021,20,149.5
VMM_P10_042,2021,21,1.91
VMM_P10_042,2021,22,14.38
VMM_P10_042,2021,23,4.97
VMM_P10_042,2021,24,12.85
VMM_P10_042,2022,1,40.68
VMM_P10_042,2022,2,3.67
VMM_P10_042,2022,3,41.21
VMM_P10_042,2022,4,37.89
VMM_P10_042,2022,5,0.0
VMM_P10_042,2022,6,0.33
VMM_P10_042,2022,7,20.93
VMM_P10_042,2022,8,0.0
VMM_P10_042,2022,9,15.91
VMM_P10_042,2022,10,200.44
VMM_P10_042,2022,11,230.65
VMM_P10_042,2022,12,91.04
VMM_P10_042,2022,13,0.0
VMM_P10_042,2022,14,43.65
VMM_P10_042,2022,15,0.72
VMM_P10_042,2022,16,8.3
VMM_P10_042,2022,17,126.42
VMM_P10_042,2022,18,69.15
VMM_P10_042,2022,19,1.55
VMM_P10_042,2022,20,72.9
VMM_P10_042,2022,21,13.8
VMM_P10_042,2022,22,15.82
VMM_P10_042,2022,23,0.97
VMM_P10_042,2022,24,74.24
VMM_P10_042,2023,1,47.89
VMM_P10_042,2023,2,14.44
VMM_P10_042,2023,3,0.31
VMM_P10_042,2023,4,0.34
VMM_P10_042,2023,5,120.04
VMM_P10_042,2023,6,46.05
VMM_P10_042,2023,7,13.89
VMM_P10_042,2023,8,9.29
VMM_P10_042,2023,9,27.23
VMM_P10_042,2023,10,0.0
VMM_P10_042,2023,11,0.0
VMM_P10_042,2023,12,27.39
VMM_P10_042,2023,13,190.28
VMM_P10_042,2023,14,274.63
VMM_P10_042,2023,15,181.22
VMM_P10_042,2023,16,246.49
VMM_P10_042,2023,17,10.05
VMM_P10_042,2023,18,70.84
VMM_P10_042,2023,19,44.4
VMM_P10_042,2023,20,188.64
VMM_P10_042,2023,21,90.0
VMM_P10_042,2023,22,36.99
VMM_P10_042,2023,23,23.8
VMM_P10_042,2023,24,25.96
VMM_P10_042,2024,1,93.63
VMM_P10_042,2024,2,13.61
VMM_P10_042,2024,3,53.44
VMM_P10_042,2024,4,19.5
VMM_P10_042,2024,5,14.28
VMM_P10_042,2024,6,14.4
VMM_P10_042,2024,7,43.82
VMM_P10_042,2024,8,12.73
VMM_P10_042,2024,9,64.51
VMM_P10_042,2024,10,76.46
VMM_P10_042,2024,11,65.08
VMM_P10_042,2024,12,266.6
VMM_P10_042,2024,13,524.92
VMM_P10_042,2024,14,29.22
VMM_P10_042,2024,15,50.26
VMM_P10_042,2024,16,26.95
VMM_P10_042,2024,17,52.51
VMM_P10_042,2024,18,16.86
VMM_P10_042,2024,19,27.83
VMM_P10_042,2024,20,8.12
VMM_P10_042,2024,21,1.26
VMM_P10_042,2024,22,48.87
VMM_P10_042,2024,23,27.68
VMM_P10_042,2024,24,43.37
VMM_P11_002,2005,1,1.49
VMM_P11_002,2005,2,44.72
VMM_P11_002,2005,3,38.47
VMM_P11_002,2005,4,6.05
VMM_P11_002,2005,5,6.29
VMM_P11_002,2005,6,4.43
VMM_P11_002,2005,7,1.33
VMM_P11_002,2005,8,20.99
VMM_P11_002,2005,9,16.51
VMM_P11_002,2005,10,5.61
VMM_P11_002,2005,11,1.7
VMM_P11_002,2005,12,321.62
VMM_P11_002,2005,13,119.24
VMM_P11_002,2005,14,1357.29
VMM_P11_002,2005,15,51.8
VMM_P11_002,2005,16,17.47
VMM_P11_002,2005,17,892.44
VMM_P11_002,2005,18,13.53
VMM_P11_002,2005,19,0.0
VMM_P11_002,2005,20,147.85
VMM_P11_002,2005,21,11.95
VMM_P11_002,2005,22,18.57
VMM_P11_002,2005,23,0.95
VMM_P11_002,2005,24,15.18
VMM_P11_002,2006,1,0.37
VMM_P11_002,2006,2,5.52
VMM_P11_002,2006,3,14.57
VMM_P11_002,2006,4,20.73
VMM_P11_002,2006,5,16.75
VMM_P11_002,2006,6,18.02
VMM_P11_002,2006,7,26.8
VMM_P11_002,2006,8,2.93
VMM_P11_002,2006,9,46.04
VMM_P11_002,2006,10,57.36
VMM_P11_002,2006,11,30.29
VMM_P11_002,2006,12,8.55
VMM_P11_002,2006,13,0.0
VMM_P11_002,2006,14,357.26
VMM_P11_002,2006,15,217.23
VMM_P11_002,2006,16,174.68
VMM_P11_002,2006,17,2.15
VMM_P11_002,2006,18,3.12
VMM_P11_002,2006,19,13.96
VMM_P11_002,2006,20,20.03
VMM_P11_002,2006,21,5.3
VMM_P11_002,2006,22,26.48
VMM_P11_002,2006,23,36.44
VMM_P11_002,2006,24,3.85
VMM_P11_002,2007,1,61.16
VMM_P11_002,2007,2,59.34
VMM_P11_002,2007,3,13.36
VMM_P11_002,2007,4,34.54
VMM_P11_002,2007,5,24.06
VMM_P11_002,2007,6,6.69
VMM_P11_002,2007,7,0.0
VMM_P11_002,2007,8,0.0
VMM_P11_002,2007,9,49.8
VMM_P11_002,2007,10,34.08
VMM_P11_002,2007,11,149.79
VMM_P11_002,2007,12,67.96
VMM_P11_002,2007,13,420.51
VMM_P11_002,2007,14,108.77
VMM_P11_002,2007,15,65.54
VMM_P11_002,2007,16,23.05
VMM_P11_002,2007,17,2.92
VMM_P11_002,2007,18,83.63
VMM_P11_002,2007,19,11.15
VMM_P11_002,2007,20,9.36
VMM_P11_002,2007,21,23.66
VMM_P11_002,2007,22,9.18
VMM_P11_002,2007,23,39.91
VMM_P11_002,2007,24,0.32
VMM_P11_002,2008,1,24.8
VMM_P11_002,2008,2,10.27
VMM_P11_002,2008,3,24.57
VMM_P11_002,2008,4,34.75
VMM_P11_002,2008,5,15.83
VMM_P11_002,2008,6,55.75
VMM_P11_002,2008,7,5.35
VMM_P11_002,2008,8,10.29
VMM_P11_002,2008,9,142.69
VMM_P11_002,2008,10,417.56
VMM_P11_002,2008,11,260.2
VMM_P11_002,2008,12,46.87
VMM_P11_002,2008,13,51.98
VMM_P11_002,2008,14,68.8
VMM_P11_002,2008,15,286.77
VMM_P11_002,2008,16,5.83
VMM_P11_002,2008,17,46.51
VMM_P11_002,2008,18,29.36
VMM_P11_002,2008,19,8.99
VMM_P11_002,2008,20,20.75
VMM_P11_002,2008,21,21.92
VMM_P11_002,2008,22,13.52
VMM_P11_002,2008,23,3.48
VMM_P11_002,2008,24,1.81
VMM_P11_002,2009,1,3.1
VMM_P11_002,2009,2,14.54
VMM_P11_002,2009,3,30.24
VMM_P11_002,2009,4,1.15
VMM_P11_002,2009,5,3.21
VMM_P11_002,2009,6,23.7
VMM_P11_002,2009,7,1.24
VMM_P11_002,2009,8,4.08
VMM_P11_002,2009,9,7.88
VMM_P11_002,2009,10,9.55
VMM_P11_002,2009,11,88.69
VMM_P11_002,2009,12,0.0
VMM_P11_002,2009,13,34.94
VMM_P11_002,2009,14,149.31
VMM_P11_002,2009,15,10.69
VMM_P11_002,2009,16,1.44
VMM_P11_002,2009,17,10.04
VMM_P11_002,2009,18,0.89
VMM_P11_002,2009,19,383.88
VMM_P11_002,2009,20,1.17
VMM_P11_002,2009,21,25.7
VMM_P11_002,2009,22,84.76
VMM_P11_002,2009,23,19.43
VMM_P11_002,2009,24,16.51
VMM_P11_002,2010,1,2.52
VMM_P11_002,2010,2,7.27
VMM_P11_002,2010,3,17.18
VMM_P11_002,2010,4,16.2
VMM_P11_002,2010,5,1.54
VMM_P11_002,2010,6,35.3
VMM_P11_002,2010,7,5.88
VMM_P11_002,2010,8,11.99
VMM_P11_002,2010,9,8.98
VMM_P11_002,2010,10,47.84
VMM_P11_002,2010,11,8.92
VMM_P11_002,2010,12,0.0
VMM_P11_002,2010,13,341.45
VMM_P11_002,2010,14,5.42
VMM_P11_002,2010,15,36.79
VMM_P11_002,2010,16,199.63
VMM_P11_002,2010,17,89.11
VMM_P11_002,2010,18,16.19
VMM_P11_002,2010,19,8.62
VMM_P11_002,2010,20,18.99
VMM_P11_002,2010,21,281.21
VMM_P11_002,2010,22,0.68
VMM_P11_002,2010,23,2.86
VMM_P11_002,2010,24,9.15
VMM_P11_002,2011,1,16.42
VMM_P11_002,2011,2,4.86
VMM_P11_002,2011,3,15.61
VMM_P11_002,2011,4,10.36
VMM_P11_002,2011,5,0.37
VMM_P11_002,2011,6,11.8
VMM_P11_002,2011,7,3.39
VMM_P11_002,2011,8,0.41
VMM_P11_002,2011,9,7.4
VMM_P11_002,2011,10,10.12
VMM_P11_002,2011,11,106.75
VMM_P11_002,2011,12,340.84
VMM_P11_002,2011,13,32.23
VMM_P11_002,2011,14,68.95
VMM_P11_002,2011,15,141.98
VMM_P11_002,2011,16,282.65
VMM_P11_002,2011,17,112.28
VMM_P11_002,2011,18,21.88
VMM_P11_002,2011,19,36.99
VMM_P11_002,2011,20,1.83
VMM_P11_002,2011,21,1.95
VMM_P11_002,2011,22,0.7
VMM_P11_002,2011,23,42.71
VMM_P11_002,2011,24,64.32
VMM_P11_002,2013,1,3.82
VMM_P11_002,2013,2,17.12
VMM_P11_002,2013,3,20.27
VMM_P11_002,2013,4,0.67
VMM_P11_002,2013,5,2.63
VMM_P11_002,2013,6,2.64
VMM_P11_002,2013,7,7.47
VMM_P11_002,2013,8,4.07
VMM_P11_002,2013,9,26.74
VMM_P11_002,2013,10,41.35
VMM_P11_002,2013,11,1.06
VMM_P11_002,2013,12,44.4
VMM_P11_002,2013,13,1.38
VMM_P11_002,2013,14,193.62
VMM_P11_002,2013,15,9.56
VMM_P11_002,2013,16,15.8
VMM_P11_002,2013,17,40.41
VMM_P11_002,2013,18,3.94
VMM_P11_002,2013,19,25.28
VMM_P11_002,2013,20,160.48
VMM_P11_002,2013,21,56.21
VMM_P11_002,2013,22,2.87
VMM_P11_002,2013,23,1.65
VMM_P11_002,2013,24,92.14
VMM_P11_002,2014,1,5.69
VMM_P11_002,2014,2,7.77
VMM_P11_002,2014,3,18.72
VMM_P11_002,2014,4,1.91
VMM_P11_002,2014,5,0.0
VMM_P11_002,2014,6,6.18
VMM_P11_002,2014,7,5.61
VMM_P11_002,2014,8,3.58
VMM_P11_002,2014,9,41.27
VMM_P11_002,2014,10,69.76
VMM_P11_002,2014,11,46.26
VMM_P11_002,2014,12,4.97
VMM_P11_002,2014,13,234.72
VMM_P11_002,2014,14,1655.38
VMM_P11_002,2014,15,106.13
VMM_P11_002,2014,16,103.02
VMM_P11_002,2014,17,0.0
VMM_P11_002,2014,18,33.93
VMM_P11_002,2014,19,20.75
VMM_P11_002,2014,20,99.6
VMM_P11_002,2014,21,4.49
VMM_P11_002,2014,22,1.6
VMM_P11_002,2014,23,7.18
VMM_P11_002,2014,24,32.1
VMM_P11_002,2015,1,56.29
VMM_P11_002,2015,2,18.84
VMM_P11_002,2015,3,0.37
VMM_P11_002,2015,4,10.77
VMM_P11_002,2015,5,11.9
VMM_P11_002,2015,6,19.24
VMM_P11_002,2015,7,2.99
VMM_P11_002,2015,8,1.53
VMM_P11_002,2015,9,86.35
VMM_P11_002,2015,10,10.81
VMM_P11_002,2015,11,1.05
VMM_P11_002,2015,12,18.37
VMM_P11_002,2015,13,9.44
VMM_P11_002,2015,14,53.11
VMM_P11_002,2015,15,29.32
VMM_P11_002,2015,16,176.19
VMM_P11_002,2015,17,13.29
VMM_P11_002,2015,18,40.99
VMM_P11_002,2015,19,3.94
VMM_P11_002,2015,20,0.63
VMM_P11_002,2015,21,4.93
VMM_P11_002,2015,22,77.45
VMM_P11_002,2015,23,9.8
VMM_P11_002,2015,24,4.9
VMM_P11_002,2016,1,46.0
VMM_P11_002,2016,2,48.85
VMM_P11_002,2016,3,41.53
VMM_P11_002,2016,4,13.02
VMM_P11_002,2016,5,11.59
VMM_P11_002,2016,6,4.34
VMM_P11_002,2016,7,12.92
VMM_P11_002,2016,8,9.51
VMM_P11_002,2016,9,1.92
VMM_P11_002,2016,10,236.78
VMM_P11_002,2016,11,453.09
VMM_P11_002,2016,12,163.84
VMM_P11_002,2016,13,13.14
VMM_P11_002,2016,14,99.32
VMM_P11_002,2016,15,47.7
VMM_P11_002,2016,16,17.03
VMM_P11_002,2016,17,248.0
VMM_P11_002,2016,18,0.0
VMM_P11_002,2016,19,1.85
VMM_P11_002,2016,20,9.79
VMM_P11_002,2016,21,22.97
VMM_P11_002,2016,22,54.41
VMM_P11_002,2016,23,2.97
VMM_P11_002,2016,24,4.25
VMM_P11_002,2017,1,17.48
VMM_P11_002,2017,2,1.16
VMM_P11_002,2017,3,3.06
VMM_P11_002,2017,4,16.65
VMM_P11_002,2017,5,14.07
VMM_P11_002,2017,6,0.36
VMM_P11_002,2017,7,0.57
VMM_P11_002,2017,8,6.04
VMM_P11_002,2017,9,31.97
VMM_P11_002,2017,10,68.97
VMM_P11_002,2017,11,26.44
VMM_P11_002,2017,12,13.1
VMM_P11_002,2017,13,44.93
VMM_P11_002,2017,14,24.52
VMM_P11_002,2017,15,58.33
VMM_P11_002,2017,16,395.68
VMM_P11_002,2017,17,62.37
VMM_P11_002,2017,18,12.95
VMM_P11_002,2017,19,26.85
VMM_P11_002,2017,20,5.97
VMM_P11_002,2017,21,4.66
VMM_P11_002,2017,22,15.83
VMM_P11_002,2017,23,55.79
VMM_P11_002,2017,24,15.35
VMM_P11_002,2018,1,37.35
VMM_P11_002,2018,2,19.65
VMM_P11_002,2018,3,4.9
VMM_P11_002,2018,4,0.0
VMM_P11_002,2018,5,18.85
VMM_P11_002,2018,6,9.36
VMM_P11_002,2018,7,50.24
VMM_P11_002,2018,8,52.69
VMM_P11_002,2018,9,1.46
VMM_P11_002,2018,10,8.8
VMM_P11_002,2018,11,0.63
VMM_P11_002,2018,12,0.0
VMM_P11_002,2018,13,0.0
VMM_P11_002,2018,14,0.17
VMM_P11_002,2018,15,114.48
VMM_P11_002,2018,16,89.93
VMM_P11_002,2018,17,131.58
VMM_P11_002,2018,18,24.16
VMM_P11_002,2018,19,0.28
VMM_P11_002,2018,20,32.78
VMM_P11_002,2018,21,4.85
VMM_P11_002,2018,22,1.95
VMM_P11_002,2018,23,64.78
VMM_P11_002,2018,24,16.31
VMM_P11_002,2019,1,10.28
VMM_P11_002,2019,2,11.5
VMM_P11_002,2019,3,14.42
VMM_P11_002,2019,4,1.43
VMM_P11_002,2019,5,95.37
VMM_P11_002,2019,6,1.8
VMM_P11_002,2019,7,0.37
VMM_P11_002,2019,8,10.96
VMM_P11_002,2019,9,7.23
VMM_P11_002,2019,10,45.49
VMM_P11_002,2019,11,80.92
VMM_P11_002,2019,12,17.14
VMM_P11_002,2019,13,25.95
VMM_P11_002,2019,14,23.08
VMM_P11_002,2019,15,103.32
VMM_P11_002,2019,16,16.3
VMM_P11_002,2019,17,1.35
VMM_P11_002,2019,18,164.49
VMM_P11_002,2019,19,25.28
VMM_P11_002,2019,20,14.19
VMM_P11_002,2019,21,28.47
VMM_P11_002,2019,22,12.49
VMM_P11_002,2019,23,27.15
VMM_P11_002,2019,24,13.67
VMM_P11_002,2020,1,7.4
VMM_P11_002,2020,2,9.3
VMM_P11_002,2020,3,50.31
VMM_P11_002,2020,4,84.93
VMM_P11_002,2020,5,24.07
VMM_P11_002,2020,6,0.17
VMM_P11_002,2020,7,0.0
VMM_P11_002,2020,8,1.82
VMM_P11_002,2020,9,45.77
VMM_P11_002,2020,10,0.0
VMM_P11_002,2020,11,96.93
VMM_P11_002,2020,12,51.36
VMM_P11_002,2020,13,19.09
VMM_P11_002,2020,14,2.17
VMM_P11_002,2020,15,9.93
VMM_P11_002,2020,16,23.66
VMM_P11_002,2020,17,2.08
VMM_P11_002,2020,18,21.43
VMM_P11_002,2020,19,9.28
VMM_P11_002,2020,20,76.57
VMM_P11_002,2020,21,6.11
VMM_P11_002,2020,22,4.13
VMM_P11_002,2020,23,6.55
VMM_P11_002,2020,24,22.43
VMM_P11_002,2021,1,11.46
VMM_P11_002,2021,2,38.41
VMM_P11_002,2021,3,37.23
VMM_P11_002,2021,4,4.3
VMM_P11_002,2021,5,16.81
VMM_P11_002,2021,6,1.89
VMM_P11_002,2021,7,11.89
VMM_P11_002,2021,8,0.0
VMM_P11_002,2021,9,55.16
VMM_P11_002,2021,10,19.32
VMM_P11_002,2021,11,177.04
VMM_P11_002,2021,12,175.39
VMM_P11_002,2021,13,453.09
VMM_P11_002,2021,14,5.02
VMM_P11_002,2021,15,77.85
VMM_P11_002,2021,16,8.41
VMM_P11_002,2021,17,3.14
VMM_P11_002,2021,18,9.06
VMM_P11_002,2021,19,40.52
VMM_P11_002,2021,20,62.56
VMM_P11_002,2021,21,3.24
VMM_P11_002,2021,22,5.11
VMM_P11_002,2021,23,5.69
VMM_P11_002,2021,24,19.73
VMM_P11_002,2022,1,29.22
VMM_P11_002,2022,2,1.77
VMM_P11_002,2022,3,22.2
VMM_P11_002,2022,4,17.85
VMM_P11_002,2022,5,0.0
VMM_P11_002,2022,6,0.48
VMM_P11_002,2022,7,21.61
VMM_P11_002,2022,8,0.0
VMM_P11_002,2022,9,0.0
VMM_P11_002,2022,10,51.57
VMM_P11_002,2022,11,564.56
VMM_P11_002,2022,12,178.19
VMM_P11_002,2022,13,0.0
VMM_P11_002,2022,14,9.09
VMM_P11_002,2022,15,9.82
VMM_P11_002,2022,16,58.9
VMM_P11_002,2022,17,137.4
VMM_P11_002,2022,18,68.21
VMM_P11_002,2022,19,0.73
VMM_P11_002,2022,20,6.02
VMM_P11_002,2022,21,8.91
VMM_P11_002,2022,22,13.93
VMM_P11_002,2022,23,0.42
VMM_P11_002,2022,24,65.89
VMM_P11_002,2023,1,26.9
VMM_P11_002,2023,2,10.28
VMM_P11_002,2023,3,1.21
VMM_P11_002,2023,4,0.75
VMM_P11_002,2023,5,20.47
VMM_P11_002,2023,6,19.5
VMM_P11_002,2023,7,12.54
VMM_P11_002,2023,8,11.79
VMM_P11_002,2023,9,154.34
VMM_P11_002,2023,10,0.0
VMM_P11_002,2023,11,0.0
VMM_P11_002,2023,12,992.36
VMM_P11_002,2023,13,85.02
VMM_P11_002,2023,14,325.69
VMM_P11_002,2023,15,184.89
VMM_P11_002,2023,16,8.85
VMM_P11_002,2023,17,28.08
VMM_P11_002,2023,18,37.1
VMM_P11_002,2023,19,18.64
VMM_P11_002,2023,20,115.02
VMM_P11_002,2023,21,43.1
VMM_P11_002,2023,22,16.46
VMM_P11_002,2023,23,19.8
VMM_P11_002,2023,24,23.64
VMM_P11_002,2024,1,63.91
VMM_P11_002,2024,2,9.12
VMM_P11_002,2024,3,45.12
VMM_P11_002,2024,4,15.72
VMM_P11_002,2024,5,18.31
VMM_P11_002,2024,6,28.96
VMM_P11_002,2024,7,36.84
VMM_P11_002,2024,8,4.96
VMM_P11_002,2024,9,106.24
VMM_P11_002,2024,10,361.82
VMM_P11_002,2024,11,8.12
VMM_P11_002,2024,12,77.86
VMM_P11_002,2024,13,69.22
VMM_P11_002,2024,14,86.95
VMM_P11_002,2024,15,108.66
VMM_P11_002,2024,16,29.24
VMM_P11_002,2024,17,36.1
VMM_P11_002,2024,18,9.6
VMM_P11_002,2024,19,29.58
VMM_P11_002,2024,20,16.04
VMM_P11_002,2024,21,5.16
VMM_P11_002,2024,22,51.0
VMM_P11_002,2024,23,24.16
VMM_P11_002,2024,24,25.07
VMM_P11_007,2005,1,4.88
VMM_P11_007,2005,2,87.95
VMM_P11_007,2005,3,28.16
VMM_P11_007,2005,4,5.46
VMM_P11_007,2005,5,2.41
VMM_P11_007,2005,6,24.28
VMM_P11_007,2005,7,7.45
VMM_P11_007,2005,8,10.99
VMM_P11_007,2005,9,158.87
VMM_P11_007,2005,10,20.54
VMM_P11_007,2005,11,3.05
VMM_P11_007,2005,12,213.57
VMM_P11_007,2005,13,290.51
VMM_P11_007,2005,14,268.8
VMM_P11_007,2005,15,30.05
VMM_P11_007,2005,16,57.77
VMM_P11_007,2005,17,213.23
VMM_P11_007,2005,18,7.33
VMM_P11_007,2005,19,2.83
VMM_P11_007,2005,20,85.86
VMM_P11_007,2005,21,18.3
VMM_P11_007,2005,22,33.68
VMM_P11_007,2005,23,4.09
VMM_P11_007,2005,24,11.9
VMM_P11_007,2006,1,0.58
VMM_P11_007,2006,2,4.56
VMM_P11_007,2006,3,17.1
VMM_P11_007,2006,4,14.35
VMM_P11_007,2006,5,7.73
VMM_P11_007,2006,6,17.44
VMM_P11_007,2006,7,33.9
VMM_P11_007,2006,8,0.75
VMM_P11_007,2006,9,0.28
VMM_P11_007,2006,10,75.16
VMM_P11_007,2006,11,11.22
VMM_P11_007,2006,12,69.71
VMM_P11_007,2006,13,2.75
VMM_P11_007,2006,14,3.52
VMM_P11_007,2006,15,748.5
VMM_P11_007,2006,16,76.98
VMM_P11_007,2006,17,0.99
VMM_P11_007,2006,18,0.0
VMM_P11_007,2006,19,287.38
VMM_P11_007,2006,20,16.1
VMM_P11_007,2006,21,8.56
VMM_P11_007,2006,22,20.41
VMM_P11_007,2006,23,27.71
VMM_P11_007,2006,24,12.97
VMM_P11_007,2008,1,2.91
VMM_P11_007,2008,2,50.85
VMM_P11_007,2008,3,22.56
VMM_P11_007,2008,4,25.53
VMM_P11_007,2008,5,32.12
VMM_P11_007,2008,6,36.99
VMM_P11_007,2008,7,10.91
VMM_P11_007,2008,8,10.45
VMM_P11_007,2008,9,10.5
VMM_P11_007,2008,10,47.47
VMM_P11_007,2008,11,52.67
VMM_P11_007,2008,12,2.63
VMM_P11_007,2008,13,26.86
VMM_P11_007,2008,14,102.2
VMM_P11_007,2008,15,290.4
VMM_P11_007,2008,16,506.14
VMM_P11_007,2008,17,25.01
VMM_P11_007,2008,18,1.45
VMM_P11_007,2008,19,25.22
VMM_P11_007,2008,20,9.71
VMM_P11_007,2008,21,30.62
VMM_P11_007,2008,22,14.38
VMM_P11_007,2008,23,4.21
VMM_P11_007,2008,24,2.4
VMM_P11_007,2009,1,3.2
VMM_P11_007,2009,2,15.71
VMM_P11_007,2009,3,6.56
VMM_P11_007,2009,4,2.33
VMM_P11_007,2009,5,3.15
VMM_P11_007,2009,6,29.57
VMM_P11_007,2009,7,0.17
VMM_P11_007,2009,8,15.43
VMM_P11_007,2009,9,14.44
VMM_P11_007,2009,10,76.19
VMM_P11_007,2009,11,170.69
VMM_P11_007,2009,12,0.0
VMM_P11_007,2009,13,84.07
VMM_P11_007,2009,14,28.11
VMM_P11_007,2009,15,14.91
VMM_P11_007,2009,16,84.21
VMM_P11_007,2009,17,5.73
VMM_P11_007,2009,18,0.53
VMM_P11_007,2009,19,235.79
VMM_P11_007,2009,20,4.06
VMM_P11_007,2009,21,32.78
VMM_P11_007,2009,22,135.64
VMM_P11_007,2009,23,16.02
VMM_P11_007,2009,24,21.52
VMM_P11_007,2010,1,0.39
VMM_P11_007,2010,2,12.58
VMM_P11_007,2010,3,7.5
VMM_P11_007,2010,4,22.3
VMM_P11_007,2010,5,3.12
VMM_P11_007,2010,6,64.05
VMM_P11_007,2010,7,16.17
VMM_P11_007,2010,8,0.63
VMM_P11_007,2010,9,19.12
VMM_P11_007,2010,10,4.53
VMM_P11_007,2010,11,9.69
VMM_P11_007,2010,12,2.94
VMM_P11_007,2010,13,198.9
VMM_P11_007,2010,14,61.03
VMM_P11_007,2010,15,67.7
VMM_P11_007,2010,16,371.09
VMM_P11_007,2010,17,85.3
VMM_P11_007,2010,18,14.77
VMM_P11_007,2010,19,9.53
VMM_P11_007,2010,20,65.83
VMM_P11_007,2010,21,88.23
VMM_P11_007,2010,22,1.38
VMM_P11_007,2010,23,8.1
VMM_P11_007,2010,24,10.7
VMM_P11_007,2011,1,14.52
VMM_P11_007,2011,2,5.75
VMM_P11_007,2011,3,16.65
VMM_P11_007,2011,4,7.81
VMM_P11_007,2011,5,0.0
VMM_P11_007,2011,6,16.37
VMM_P11_007,2011,7,0.68
VMM_P11_007,2011,8,10.32
VMM_P11_007,2011,9,9.92
VMM_P11_007,2011,10,11.06
VMM_P11_007,2011,11,981.11
VMM_P11_007,2011,12,98.03
VMM_P11_007,2011,13,551.96
VMM_P11_007,2011,14,28.03
VMM_P11_007,2011,15,87.66
VMM_P11_007,2011,16,66.14
VMM_P11_007,2011,17,63.85
VMM_P11_007,2011,18,9.6
VMM_P11_007,2011,19,9.96
VMM_P11_007,2011,20,3.41
VMM_P11_007,2011,21,1.36
VMM_P11_007,2011,22,0.0
VMM_P11_007,2011,23,72.7
VMM_P11_007,2011,24,66.72
VMM_P11_007,2012,1,90.38
VMM_P11_007,2012,2,32.29
VMM_P11_007,2012,3,2.17
VMM_P11_007,2012,4,3.2
VMM_P11_007,2012,5,13.44
VMM_P11_007,2012,6,0.0
VMM_P11_007,2012,7,9.88
VMM_P11_007,2012,8,33.3
VMM_P11_007,2012,9,74.67
VMM_P11_007,2012,10,194.94
VMM_P11_007,2012,11,195.61
VMM_P11_007,2012,12,59.65
VMM_P11_007,2012,13,752.28
VMM_P11_007,2012,14,12.19
VMM_P11_007,2012,15,0.0
VMM_P11_007,2012,16,90.99
VMM_P11_007,2012,17,26.33
VMM_P11_007,2012,18,62.09
VMM_P11_007,2012,19,37.3
VMM_P11_007,2012,20,6.6
VMM_P11_007,2012,21,7.78
VMM_P11_007,2012,22,1.39
VMM_P11_007,2012,23,30.91
VMM_P11_007,2012,24,36.27
VMM_P11_007,2013,1,4.85
VMM_P11_007,2013,2,20.24
VMM_P11_007,2013,3,18.43
VMM_P11_007,2013,4,0.17
VMM_P11_007,2013,5,7.41
VMM_P11_007,2013,6,2.16
VMM_P11_007,2013,7,3.92
VMM_P11_007,2013,8,4.25
VMM_P11_007,2013,9,3.35
VMM_P11_007,2013,10,62.56
VMM_P11_007,2013,11,0.0
VMM_P11_007,2013,12,36.19
VMM_P11_007,2013,13,2.47
VMM_P11_007,2013,14,684.61
VMM_P11_007,2013,15,96.4
VMM_P11_007,2013,16,2.89
VMM_P11_007,2013,17,168.32
VMM_P11_007,2013,18,2.56
VMM_P11_007,2013,19,62.26
VMM_P11_007,2013,20,22.87
VMM_P11_007,2013,21,77.89
VMM_P11_007,2013,22,3.03
VMM_P11_007,2013,23,2.23
VMM_P11_007,2013,24,24.99
VMM_P11_007,2014,1,8.46
VMM_P11_007,2014,2,28.94
VMM_P11_007,2014,3,14.64
VMM_P11_007,2014,4,12.05
VMM_P11_007,2014,5,0.94
VMM_P11_007,2014,6,22.05
VMM_P11_007,2014,7,9.62
VMM_P11_007,2014,8,7.27
VMM_P11_007,2014,9,48.98
VMM_P11_007,2014,10,46.11
VMM_P11_007,2014,11,172.74
VMM_P11_007,2014,12,146.57
VMM_P11_007,2014,13,95.47
VMM_P11_007,2014,14,1210.61
VMM_P11_007,2014,15,307.69
VMM_P11_007,2014,16,64.08
VMM_P11_007,2014,17,0.0
VMM_P11_007,2014,18,21.45
VMM_P11_007,2014,19,135.88
VMM_P11_007,2014,20,36.57
VMM_P11_007,2014,21,34.68
VMM_P11_007,2014,22,3.1
VMM_P11_007,2014,23,3.21
VMM_P11_007,2014,24,35.39
VMM_P11_007,2015,1,59.67
VMM_P11_007,2015,2,24.39
VMM_P11_007,2015,3,6.76
VMM_P11_007,2015,4,9.55
VMM_P11_007,2015,5,2.96
VMM_P11_007,2015,6,24.49
VMM_P11_007,2015,7,2.14
VMM_P11_007,2015,8,2.84
VMM_P11_007,2015,9,42.16
VMM_P11_007,2015,10,8.86
VMM_P11_007,2015,11,25.12
VMM_P11_007,2015,12,3.12
VMM_P11_007,2015,13,5.17
VMM_P11_007,2015,14,103.32
VMM_P11_007,2015,15,176.92
VMM_P11_007,2015,16,177.73
VMM_P11_007,2015,17,42.46
VMM_P11_007,2015,18,46.35
VMM_P11_007,2015,19,6.76
VMM_P11_007,2015,20,0.58
VMM_P11_007,2015,21,13.26
VMM_P11_007,2015,22,96.6
VMM_P11_007,2015,23,5.47
VMM_P11_007,2015,24,1.89
VMM_P11_007,2016,1,47.24
VMM_P11_007,2016,2,23.18
VMM_P11_007,2016,3,14.39
VMM_P11_007,2016,4,12.2
VMM_P11_007,2016,5,28.13
VMM_P11_007,2016,6,5.75
VMM_P11_007,2016,7,66.54
VMM_P11_007,2016,8,31.42
VMM_P11_007,2016,9,0.77
VMM_P11_007,2016,10,254.07
VMM_P11_007,2016,11,137.73
VMM_P11_007,2016,12,71.37
VMM_P11_007,2016,13,20.81
VMM_P11_007,2016,14,80.04
VMM_P11_007,2016,15,41.8
VMM_P11_007,2016,16,2.11
VMM_P11_007,2016,17,24.57
VMM_P11_007,2016,18,30.63
VMM_P11_007,2016,19,10.14
VMM_P11_007,2016,20,6.1
VMM_P11_007,2016,21,52.3
VMM_P11_007,2016,22,42.23
VMM_P11_007,2016,23,0.7
VMM_P11_007,2016,24,4.57
VMM_P11_007,2017,1,46.22
VMM_P11_007,2017,2,2.49
VMM_P11_007,2017,3,1.47
VMM_P11_007,2017,4,31.21
VMM_P11_007,2017,5,9.36
VMM_P11_007,2017,6,8.85
VMM_P11_007,2017,7,0.4
VMM_P11_007,2017,8,4.55
VMM_P11_007,2017,9,9.95
VMM_P11_007,2017,10,2.88
VMM_P11_007,2017,11,26.94
VMM_P11_007,2017,12,56.9
VMM_P11_007,2017,13,86.05
VMM_P11_007,2017,14,150.7
VMM_P11_007,2017,15,32.81
VMM_P11_007,2017,16,57.16
VMM_P11_007,2017,17,111.59
VMM_P11_007,2017,18,27.73
VMM_P11_007,2017,19,27.47
VMM_P11_007,2017,20,7.78
VMM_P11_007,2017,21,13.91
VMM_P11_007,2017,22,25.13
VMM_P11_007,2017,23,32.63
VMM_P11_007,2017,24,13.17
VMM_P11_007,2018,1,33.7
VMM_P11_007,2018,2,37.08
VMM_P11_007,2018,3,8.66
VMM_P11_007,2018,4,0.0
VMM_P11_007,2018,5,11.15
VMM_P11_007,2018,6,15.29
VMM_P11_007,2018,7,46.75
VMM_P11_007,2018,8,172.28
VMM_P11_007,2018,9,0.0
VMM_P11_007,2018,10,394.51
VMM_P11_007,2018,11,0.62
VMM_P11_007,2018,12,0.0
VMM_P11_007,2018,13,0.0
VMM_P11_007,2018,14,1.64
VMM_P11_007,2018,15,53.2
VMM_P11_007,2018,16,44.31
VMM_P11_007,2018,17,119.1
VMM_P11_007,2018,18,29.97
VMM_P11_007,2018,19,1.32
VMM_P11_007,2018,20,44.43
VMM_P11_007,2018,21,5.47
VMM_P11_007,2018,22,3.05
VMM_P11_007,2018,23,23.24
VMM_P11_007,2018,24,22.02
VMM_P11_007,2019,1,3.78
VMM_P11_007,2019,2,18.39
VMM_P11_007,2019,3,12.28
VMM_P11_007,2019,4,0.81
VMM_P11_007,2019,5,100.36
VMM_P11_007,2019,6,3.65
VMM_P11_007,2019,7,12.74
VMM_P11_007,2019,8,21.3
VMM_P11_007,2019,9,47.87
VMM_P11_007,2019,10,4.62
VMM_P11_007,2019,11,297.88
VMM_P11_007,2019,12,42.92
VMM_P11_007,2019,13,1.45
VMM_P11_007,2019,14,21.94
VMM_P11_007,2019,15,37.8
VMM_P11_007,2019,16,70.48
VMM_P11_007,2019,17,13.61
VMM_P11_007,2019,18,64.15
VMM_P11_007,2019,19,40.78
VMM_P11_007,2019,20,28.0
VMM_P11_007,2019,21,14.91
VMM_P11_007,2019,22,6.66
VMM_P11_007,2019,23,23.56
VMM_P11_007,2019,24,9.78
VMM_P11_007,2020,1,6.69
VMM_P11_007,2020,2,5.66
VMM_P11_007,2020,3,30.54
VMM_P11_007,2020,4,109.3
VMM_P11_007,2020,5,29.46
VMM_P11_007,2020,6,0.08
VMM_P11_007,2020,7,0.0
VMM_P11_007,2020,8,3.08
VMM_P11_007,2020,9,13.36
VMM_P11_007,2020,10,0.0
VMM_P11_007,2020,11,172.61
VMM_P11_007,2020,12,200.76
VMM_P11_007,2020,13,8.98
VMM_P11_007,2020,14,1.91
VMM_P11_007,2020,15,15.0
VMM_P11_007,2020,16,4.94
VMM_P11_007,2020,17,1.07
VMM_P11_007,2020,18,90.2
VMM_P11_007,2020,19,58.86
VMM_P11_007,2020,20,9.08
VMM_P11_007,2020,21,8.94
VMM_P11_007,2020,22,3.87
VMM_P11_007,2020,23,4.08
VMM_P11_007,2020,24,24.94
VMM_P11_007,2021,1,13.78
VMM_P11_007,2021,2,38.94
VMM_P11_007,2021,3,24.97
VMM_P11_007,2021,4,2.53
VMM_P11_007,2021,5,24.19
VMM_P11_007,2021,6,2.81
VMM_P11_007,2021,7,24.9
VMM_P11_007,2021,8,0.2
VMM_P11_007,2021,9,19.41
VMM_P11_007,2021,10,55.2
VMM_P11_007,2021,11,1.05
VMM_P11_007,2021,12,139.59
VMM_P11_007,2021,13,713.29
VMM_P11_007,2021,14,14.34
VMM_P11_007,2021,15,27.26
VMM_P11_007,2021,16,135.38
VMM_P11_007,2021,17,173.69
VMM_P11_007,2021,18,25.51
VMM_P11_007,2021,19,78.14
VMM_P11_007,2021,20,151.64
VMM_P11_007,2021,21,5.33
VMM_P11_007,2021,22,20.88
VMM_P11_007,2021,23,6.83
VMM_P11_007,2021,24,9.37
VMM_P11_007,2022,1,28.02
VMM_P11_007,2022,2,1.71
VMM_P11_007,2022,3,44.49
VMM_P11_007,2022,4,51.55
VMM_P11_007,2022,5,0.0
VMM_P11_007,2022,6,2.67
VMM_P11_007,2022,7,31.77
VMM_P11_007,2022,8,0.0
VMM_P11_007,2022,9,0.0
VMM_P11_007,2022,10,106.09
VMM_P11_007,2022,11,95.59
VMM_P11_007,2022,12,76.93
VMM_P11_007,2022,13,0.0
VMM_P11_007,2022,14,19.86
VMM_P11_007,2022,15,0.0
VMM_P11_007,2022,16,50.58
VMM_P11_007,2022,17,157.34
VMM_P11_007,2022,18,93.26
VMM_P11_007,2022,19,4.26
VMM_P11_007,2022,20,32.82
VMM_P11_007,2022,21,8.11
VMM_P11_007,2022,22,18.46
VMM_P11_007,2022,23,0.69
VMM_P11_007,2022,24,52.93
VMM_P11_007,2023,1,39.34
VMM_P11_007,2023,2,23.36
VMM_P11_007,2023,3,0.34
VMM_P11_007,2023,4,0.31
VMM_P11_007,2023,5,60.4
VMM_P11_007,2023,6,48.98
VMM_P11_007,2023,7,13.7
VMM_P11_007,2023,8,8.59
VMM_P11_007,2023,9,87.63
VMM_P11_007,2023,10,0.0
VMM_P11_007,2023,11,0.0
VMM_P11_007,2023,12,77.41
VMM_P11_007,2023,13,64.98
VMM_P11_007,2023,14,126.85
VMM_P11_007,2023,15,53.85
VMM_P11_007,2023,16,24.16
VMM_P11_007,2023,17,110.75
VMM_P11_007,2023,18,70.98
VMM_P11_007,2023,19,34.39
VMM_P11_007,2023,20,65.48
VMM_P11_007,2023,21,68.64
VMM_P11_007,2023,22,26.05
VMM_P11_007,2023,23,20.34
VMM_P11_007,2023,24,33.11
VMM_P11_007,2024,1,47.3
VMM_P11_007,2024,2,14.02
VMM_P11_007,2024,3,56.09
VMM_P11_007,2024,4,14.54
VMM_P11_007,2024,5,6.92
VMM_P11_007,2024,6,7.93
VMM_P11_007,2024,7,20.34
VMM_P11_007,2024,8,17.23
VMM_P11_007,2024,9,58.73
VMM_P11_007,2024,10,767.23
VMM_P11_007,2024,11,13.63
VMM_P11_007,2024,12,50.39
VMM_P11_007,2024,13,387.91
VMM_P11_007,2024,14,157.54
VMM_P11_007,2024,15,67.21
VMM_P11_007,2024,16,306.3
VMM_P11_007,2024,17,88.63
VMM_P11_007,2024,18,15.58
VMM_P11_007,2024,19,5.51
VMM_P11_007,2024,20,12.74
VMM_P11_007,2024,21,0.64
VMM_P11_007,2024,22,55.98
VMM_P11_007,2024,23,20.53
VMM_P11_007,2024,24,47.4
VMM_P11_024,2008,1,12.3
VMM_P11_024,2008,2,13.08
VMM_P11_024,2008,3,7.16
VMM_P11_024,2008,4,20.63
VMM_P11_024,2008,5,15.23
VMM_P11_024,2008,6,31.16
VMM_P11_024,2008,7,23.91
VMM_P11_024,2008,8,15.29
VMM_P11_024,2008,9,50.15
VMM_P11_024,2008,10,92.94
VMM_P11_024,2008,11,218.75
VMM_P11_024,2008,12,257.13
VMM_P11_024,2008,13,118.52
VMM_P11_024,2008,14,224.23
VMM_P11_024,2008,15,517.23
VMM_P11_024,2008,16,8.43
VMM_P11_024,2008,17,24.07
VMM_P11_024,2008,18,64.24
VMM_P11_024,2008,19,13.28
VMM_P11_024,2008,20,9.97
VMM_P11_024,2008,21,12.04
VMM_P11_024,2008,22,47.11
VMM_P11_024,2008,23,7.3
VMM_P11_024,2008,24,4.2
VMM_P11_024,2010,1,1.9
VMM_P11_024,2010,2,8.22
VMM_P11_024,2010,3,8.73
VMM_P11_024,2010,4,8.41
VMM_P11_024,2010,5,1.15
VMM_P11_024,2010,6,12.67
VMM_P11_024,2010,7,5.48
VMM_P11_024,2010,8,0.69
VMM_P11_024,2010,9,18.27
VMM_P11_024,2010,10,27.01
VMM_P11_024,2010,11,3.82
VMM_P11_024,2010,12,0.0
VMM_P11_024,2010,13,179.5
VMM_P11_024,2010,14,31.68
VMM_P11_024,2010,15,92.3
VMM_P11_024,2010,16,505.2
VMM_P11_024,2010,17,12.53
VMM_P11_024,2010,18,18.72
VMM_P11_024,2010,19,14.47
VMM_P11_024,2010,20,31.4
VMM_P11_024,2010,21,216.01
VMM_P11_024,2010,22,1.61
VMM_P11_024,2010,23,5.07
VMM_P11_024,2010,24,14.92
VMM_P11_024,2011,1,24.02
VMM_P11_024,2011,2,1.36
VMM_P11_024,2011,3,10.45
VMM_P11_024,2011,4,3.6
VMM_P11_024,2011,5,0.19
VMM_P11_024,2011,6,3.97
VMM_P11_024,2011,7,4.66
VMM_P11_024,2011,8,8.95
VMM_P11_024,2011,9,2.02
VMM_P11_024,2011,10,1.72
VMM_P11_024,2011,11,16.18
VMM_P11_024,2011,12,21.59
VMM_P11_024,2011,13,3.79
VMM_P11_024,2011,14,23.58
VMM_P11_024,2011,15,49.0
VMM_P11_024,2011,16,651.53
VMM_P11_024,2011,17,46.03
VMM_P11_024,2011,18,5.46
VMM_P11_024,2011,19,20.19
VMM_P11_024,2011,20,2.83
VMM_P11_024,2011,21,0.0
VMM_P11_024,2011,22,0.0
VMM_P11_024,2011,23,31.37
VMM_P11_024,2011,24,29.31
VMM_P11_024,2012,1,69.78
VMM_P11_024,2012,2,22.05
VMM_P11_024,2012,3,7.74
VMM_P11_024,2012,4,2.85
VMM_P11_024,2012,5,4.87
VMM_P11_024,2012,6,11.88
VMM_P11_024,2012,7,60.46
VMM_P11_024,2012,8,35.22
VMM_P11_024,2012,9,12.54
VMM_P11_024,2012,10,2420.91
VMM_P11_024,2012,11,120.52
VMM_P11_024,2012,12,22.72
VMM_P11_024,2012,13,147.62
VMM_P11_024,2012,14,96.87
VMM_P11_024,2012,15,18.49
VMM_P11_024,2012,16,12.91
VMM_P11_024,2012,17,13.87
VMM_P11_024,2012,18,22.6
VMM_P11_024,2012,19,90.87
VMM_P11_024,2012,20,26.64
VMM_P11_024,2012,21,6.19
VMM_P11_024,2012,22,2.56
VMM_P11_024,2012,23,22.68
VMM_P11_024,2012,24,40.44
VMM_P11_024,2013,1,2.82
VMM_P11_024,2013,2,9.95
VMM_P11_024,2013,3,12.21
VMM_P11_024,2013,4,1.09
VMM_P11_024,2013,5,4.53
VMM_P11_024,2013,6,4.49
VMM_P11_024,2013,7,3.46
VMM_P11_024,2013,8,1.67
VMM_P11_024,2013,9,4.91
VMM_P11_024,2013,10,50.48
VMM_P11_024,2013,11,2.88
VMM_P11_024,2013,12,446.79
VMM_P11_024,2013,13,67.88
VMM_P11_024,2013,14,59.36
VMM_P11_024,2013,15,3.83
VMM_P11_024,2013,16,11.05
VMM_P11_024,2013,17,52.12
VMM_P11_024,2013,18,2.03
VMM_P11_024,2013,19,15.93
VMM_P11_024,2013,20,52.6
VMM_P11_024,2013,21,41.02
VMM_P11_024,2013,22,2.09
VMM_P11_024,2013,23,0.68
VMM_P11_024,2013,24,68.06
VMM_P11_024,2014,1,8.97
VMM_P11_024,2014,2,4.81
VMM_P11_024,2014,3,5.02
VMM_P11_024,2014,4,3.08
VMM_P11_024,2014,5,0.0
VMM_P11_024,2014,6,3.26
VMM_P11_024,2014,7,2.77
VMM_P11_024,2014,8,18.15
VMM_P11_024,2014,9,31.56
VMM_P11_024,2014,10,4.44
VMM_P11_024,2014,11,305.8
VMM_P11_024,2014,12,97.46
VMM_P11_024,2014,13,172.05
VMM_P11_024,2014,14,251.12
VMM_P11_024,2014,15,284.95
VMM_P11_024,2014,16,85.37
VMM_P11_024,2014,17,0.0
VMM_P11_024,2014,18,32.56
VMM_P11_024,2014,19,17.31
VMM_P11_024,2014,20,22.0
VMM_P11_024,2014,21,7.68
VMM_P11_024,2014,22,1.04
VMM_P11_024,2014,23,11.86
VMM_P11_024,2014,24,17.08
VMM_P11_024,2015,1,43.81
VMM_P11_024,2015,2,16.5
VMM_P11_024,2015,3,0.52
VMM_P11_024,2015,4,8.09
VMM_P11_024,2015,5,2.76
VMM_P11_024,2015,6,12.63
VMM_P11_024,2015,7,2.87
VMM_P11_024,2015,8,192.09
VMM_P11_024,2015,9,25.6
VMM_P11_024,2015,10,14.65
VMM_P11_024,2015,11,8.76
VMM_P11_024,2015,12,22.21
VMM_P11_024,2015,13,4.48
VMM_P11_024,2015,14,50.16
VMM_P11_024,2015,15,213.01
VMM_P11_024,2015,16,76.38
VMM_P11_024,2015,17,6.7
VMM_P11_024,2015,18,58.39
VMM_P11_024,2015,19,12.94
VMM_P11_024,2015,20,1.74
VMM_P11_024,2015,21,6.03
VMM_P11_024,2015,22,74.35
VMM_P11_024,2015,23,10.15
VMM_P11_024,2015,24,4.06
VMM_P11_024,2016,1,15.73
VMM_P11_024,2016,2,19.48
VMM_P11_024,2016,3,34.77
VMM_P11_024,2016,4,13.79
VMM_P11_024,2016,5,9.87
VMM_P11_024,2016,6,4.93
VMM_P11_024,2016,7,9.0
VMM_P11_024,2016,8,31.1
VMM_P11_024,2016,9,3.51
VMM_P11_024,2016,10,3267.86
VMM_P11_024,2016,11,236.8
VMM_P11_024,2016,12,334.23
VMM_P11_024,2016,13,11.08
VMM_P11_024,2016,14,7.13
VMM_P11_024,2016,15,20.72
VMM_P11_024,2016,16,8.59
VMM_P11_024,2016,17,39.4
VMM_P11_024,2016,18,0.67
VMM_P11_024,2016,19,2.92
VMM_P11_024,2016,20,8.16
VMM_P11_024,2016,21,39.21
VMM_P11_024,2016,22,19.66
VMM_P11_024,2016,23,0.33
VMM_P11_024,2016,24,3.82
VMM_P11_024,2017,1,17.17
VMM_P11_024,2017,2,0.77
VMM_P11_024,2017,3,1.87
VMM_P11_024,2017,4,63.59
VMM_P11_024,2017,5,47.47
VMM_P11_024,2017,6,6.43
VMM_P11_024,2017,7,0.27
VMM_P11_024,2017,8,3.63
VMM_P11_024,2017,9,20.58
VMM_P11_024,2017,10,6.97
VMM_P11_024,2017,11,28.16
VMM_P11_024,2017,12,0.0
VMM_P11_024,2017,13,29.22
VMM_P11_024,2017,14,69.87
VMM_P11_024,2017,15,32.42
VMM_P11_024,2017,16,90.79
VMM_P11_024,2017,17,32.78
VMM_P11_024,2017,18,92.01
VMM_P11_024,2017,19,15.07
VMM_P11_024,2017,20,6.53
VMM_P11_024,2017,21,11.42
VMM_P11_024,2017,22,31.42
VMM_P11_024,2017,23,34.44
VMM_P11_024,2017,24,28.29
VMM_P11_024,2018,1,16.21
VMM_P11_024,2018,2,18.37
VMM_P11_024,2018,3,3.62
VMM_P11_024,2018,4,2.0
VMM_P11_024,2018,5,13.63
VMM_P11_024,2018,6,8.64
VMM_P11_024,2018,7,1.53
VMM_P11_024,2018,8,47.14
VMM_P11_024,2018,9,4.34
VMM_P11_024,2018,10,73.71
VMM_P11_024,2018,11,240.85
VMM_P11_024,2018,12,0.0
VMM_P11_024,2018,13,1.76
VMM_P11_024,2018,14,0.0
VMM_P11_024,2018,15,302.04
VMM_P11_024,2018,16,33.68
VMM_P11_024,2018,17,168.88
VMM_P11_024,2018,18,42.04
VMM_P11_024,2018,19,3.22
VMM_P11_024,2018,20,39.94
VMM_P11_024,2018,21,1.04
VMM_P11_024,2018,22,0.76
VMM_P11_024,2018,23,66.87
VMM_P11_024,2018,24,19.04
VMM_P11_024,2019,1,11.57
VMM_P11_024,2019,2,8.76
VMM_P11_024,2019,3,18.59
VMM_P11_024,2019,4,1.94
VMM_P11_024,2019,5,83.58
VMM_P11_024,2019,6,2.61
VMM_P11_024,2019,7,6.89
VMM_P11_024,2019,8,18.71
VMM_P11_024,2019,9,62.35
VMM_P11_024,2019,10,2.76
VMM_P11_024,2019,11,204.53
VMM_P11_024,2019,12,0.0
VMM_P11_024,2019,13,1.29
VMM_P11_024,2019,14,65.83
VMM_P11_024,2019,15,17.55
VMM_P11_024,2019,16,39.23
VMM_P11_024,2019,17,0.91
VMM_P11_024,2019,18,12.13
VMM_P11_024,2019,19,121.43
VMM_P11_024,2019,20,11.88
VMM_P11_024,2019,21,8.61
VMM_P11_024,2019,22,14.84
VMM_P11_024,2019,23,7.82
VMM_P11_024,2019,24,9.26
VMM_P11_024,2020,1,13.89
VMM_P11_024,2020,2,9.72
VMM_P11_024,2020,3,63.98
VMM_P11_024,2020,4,46.26
VMM_P11_024,2020,5,81.79
VMM_P11_024,2020,6,0.2
VMM_P11_024,2020,7,0.0
VMM_P11_024,2020,8,14.7
VMM_P11_024,2020,9,1.66
VMM_P11_024,2020,10,0.0
VMM_P11_024,2020,11,22.97
VMM_P11_024,2020,12,111.49
VMM_P11_024,2020,13,59.0
VMM_P11_024,2020,14,2.85
VMM_P11_024,2020,15,5.4
VMM_P11_024,2020,16,58.13
VMM_P11_024,2020,17,1.14
VMM_P11_024,2020,18,29.32
VMM_P11_024,2020,19,27.39
VMM_P11_024,2020,20,86.85
VMM_P11_024,2020,21,5.84
VMM_P11_024,2020,22,2.78
VMM_P11_024,2020,23,3.11
VMM_P11_024,2020,24,16.04
VMM_P11_024,2021,1,7.13
VMM_P11_024,2021,2,31.87
VMM_P11_024,2021,3,35.22
VMM_P11_024,2021,4,1.86
VMM_P11_024,2021,5,48.1
VMM_P11_024,2021,6,3.11
VMM_P11_024,2021,7,19.66
VMM_P11_024,2021,8,0.0
VMM_P11_024,2021,9,77.32
VMM_P11_024,2021,10,61.47
VMM_P11_024,2021,11,40.93
VMM_P11_024,2021,12,78.44
VMM_P11_024,2021,13,222.77
VMM_P11_024,2021,14,18.84
VMM_P11_024,2021,15,108.54
VMM_P11_024,2021,16,60.02
VMM_P11_024,2021,17,5.59
VMM_P11_024,2021,18,1.35
VMM_P11_024,2021,19,4.78
VMM_P11_024,2021,20,42.09
VMM_P11_024,2021,21,3.57
VMM_P11_024,2021,22,2.44
VMM_P11_024,2021,23,12.58
VMM_P11_024,2021,24,5.76
VMM_P11_024,2022,1,22.54
VMM_P11_024,2022,2,2.51
VMM_P11_024,2022,3,50.52
VMM_P11_024,2022,4,30.63
VMM_P11_024,2022,5,0.2
VMM_P11_024,2022,6,0.69
VMM_P11_024,2022,7,23.48
VMM_P11_024,2022,8,0.0
VMM_P11_024,2022,9,0.0
VMM_P11_024,2022,10,105.58
VMM_P11_024,2022,11,99.46
VMM_P11_024,2022,12,373.51
VMM_P11_024,2022,13,0.0
VMM_P11_024,2022,14,17.03
VMM_P11_024,2022,15,9.78
VMM_P11_024,2022,16,13.99
VMM_P11_024,2022,17,47.58
VMM_P11_024,2022,18,53.96
VMM_P11_024,2022,19,1.96
VMM_P11_024,2022,20,17.58
VMM_P11_024,2022,21,8.87
VMM_P11_024,2022,22,15.86
VMM_P11_024,2022,23,3.7
VMM_P11_024,2022,24,40.17
VMM_P11_024,2023,1,20.96
VMM_P11_024,2023,2,13.21
VMM_P11_024,2023,3,0.55
VMM_P11_024,2023,4,0.8
VMM_P11_024,2023,5,68.29
VMM_P11_024,2023,6,36.23
VMM_P11_024,2023,7,8.32
VMM_P11_024,2023,8,25.11
VMM_P11_024,2023,9,129.41
VMM_P11_024,2023,10,0.0
VMM_P11_024,2023,11,0.0
VMM_P11_024,2023,12,555.83
VMM_P11_024,2023,13,3.03
VMM_P11_024,2023,14,69.36
VMM_P11_024,2023,15,88.59
VMM_P11_024,2023,16,992.84
VMM_P11_024,2023,17,637.92
VMM_P11_024,2023,18,39.78
VMM_P11_024,2023,19,14.47
VMM_P11_024,2023,20,53.52
VMM_P11_024,2023,21,42.57
VMM_P11_024,2023,22,23.04
VMM_P11_024,2023,23,12.09
VMM_P11_024,2023,24,22.14
VMM_P11_024,2024,1,43.46
VMM_P11_024,2024,2,8.25
VMM_P11_024,2024,3,37.71
VMM_P11_024,2024,4,39.25
VMM_P11_024,2024,5,24.17
VMM_P11_024,2024,6,12.14
VMM_P11_024,2024,7,28.79
VMM_P11_024,2024,8,16.53
VMM_P11_024,2024,9,129.03
VMM_P11_024,2024,10,215.27
VMM_P11_024,2024,11,35.8
VMM_P11_024,2024,12,413.65
VMM_P11_024,2024,13,377.78
VMM_P11_024,2024,14,94.68
VMM_P11_024,2024,15,70.23
VMM_P11_024,2024,16,21.33
VMM_P11_024,2024,17,254.68
VMM_P11_024,2024,18,20.42
VMM_P11_024,2024,19,120.55
VMM_P11_024,2024,20,10.15
VMM_P11_024,2024,21,1.84
VMM_P11_024,2024,22,66.3
VMM_P11_024,2024,23,9.8
VMM_P11_024,2024,24,30.11
VMM_P11_043,2009,1,2.24
VMM_P11_043,2009,2,26.47
VMM_P11_043,2009,3,22.54
VMM_P11_043,2009,4,1.28
VMM_P11_043,2009,5,6.05
VMM_P11_043,2009,6,40.01
VMM_P11_043,2009,7,0.87
VMM_P11_043,2009,8,33.92
VMM_P11_043,2009,9,1.71
VMM_P11_043,2009,10,2.36
VMM_P11_043,2009,11,45.62
VMM_P11_043,2009,12,1.11
VMM_P11_043,2009,13,60.26
VMM_P11_043,2009,14,252.26
VMM_P11_043,2009,15,13.02
VMM_P11_043,2009,16,0.73
VMM_P11_043,2009,17,31.09
VMM_P11_043,2009,18,1.33
VMM_P11_043,2009,19,234.01
VMM_P11_043,2009,20,0.41
VMM_P11_043,2009,21,32.52
VMM_P11_043,2009,22,44.43
VMM_P11_043,2009,23,18.68
VMM_P11_043,2009,24,16.21
VMM_P11_043,2010,1,0.69
VMM_P11_043,2010,2,8.23
VMM_P11_043,2010,3,13.57
VMM_P11_043,2010,4,21.05
VMM_P11_043,2010,5,3.14
VMM_P11_043,2010,6,32.53
VMM_P11_043,2010,7,3.03
VMM_P11_043,2010,8,2.57
VMM_P11_043,2010,9,16.06
VMM_P11_043,2010,10,38.87
VMM_P11_043,2010,11,8.4
VMM_P11_043,2010,12,0.0
VMM_P11_043,2010,13,406.65
VMM_P11_043,2010,14,59.02
VMM_P11_043,2010,15,69.72
VMM_P11_043,2010,16,193.51
VMM_P11_043,2010,17,44.81
VMM_P11_043,2010,18,15.84
VMM_P11_043,2010,19,7.01
VMM_P11_043,2010,20,10.56
VMM_P11_043,2010,21,154.08
VMM_P11_043,2010,22,1.08
VMM_P11_043,2010,23,5.49
VMM_P11_043,2010,24,9.73
VMM_P11_043,2011,1,24.55
VMM_P11_043,2011,2,5.48
VMM_P11_043,2011,3,9.42
VMM_P11_043,2011,4,8.47
VMM_P11_043,2011,5,0.12
VMM_P11_043,2011,6,3.78
VMM_P11_043,2011,7,1.14
VMM_P11_043,2011,8,1.67
VMM_P11_043,2011,9,1.2
VMM_P11_043,2011,10,3.19
VMM_P11_043,2011,11,20.39
VMM_P11_043,2011,12,126.26
VMM_P11_043,2011,13,3.18
VMM_P11_043,2011,14,50.75
VMM_P11_043,2011,15,53.96
VMM_P11_043,2011,16,1893.35
VMM_P11_043,2011,17,36.68
VMM_P11_043,2011,18,18.14
VMM_P11_043,2011,19,60.6
VMM_P11_043,2011,20,1.09
VMM_P11_043,2011,21,0.17
VMM_P11_043,2011,22,0.0
VMM_P11_043,2011,23,87.25
VMM_P11_043,2011,24,12.63
VMM_P11_043,2012,1,30.87
VMM_P11_043,2012,2,18.03
VMM_P11_043,2012,3,0.57
VMM_P11_043,2012,4,1.46
VMM_P11_043,2012,5,3.81
VMM_P11_043,2012,6,0.0
VMM_P11_043,2012,7,13.81
VMM_P11_043,2012,8,8.27
VMM_P11_043,2012,9,12.74
VMM_P11_043,2012,10,11.06
VMM_P11_043,2012,11,155.14
VMM_P11_043,2012,12,39.57
VMM_P11_043,2012,13,42.81
VMM_P11_043,2012,14,26.1
VMM_P11_043,2012,15,38.28
VMM_P11_043,2012,16,17.05
VMM_P11_043,2012,17,4.52
VMM_P11_043,2012,18,26.46
VMM_P11_043,2012,19,86.16
VMM_P11_043,2012,20,14.31
VMM_P11_043,2012,21,7.59
VMM_P11_043,2012,22,3.28
VMM_P11_043,2012,23,18.33
VMM_P11_043,2012,24,36.14
VMM_P11_043,2014,1,16.81
VMM_P11_043,2014,2,7.1
VMM_P11_043,2014,3,13.44
VMM_P11_043,2014,4,8.61
VMM_P11_043,2014,5,0.0
VMM_P11_043,2014,6,1.74
VMM_P11_043,2014,7,5.18
VMM_P11_043,2014,8,6.94
VMM_P11_043,2014,9,126.87
VMM_P11_043,2014,10,8.75
VMM_P11_043,2014,11,43.3
VMM_P11_043,2014,12,21.18
VMM_P11_043,2014,13,129.52
VMM_P11_043,2014,14,1451.18
VMM_P11_043,2014,15,323.72
VMM_P11_043,2014,16,61.62
VMM_P11_043,2014,17,0.0
VMM_P11_043,2014,18,113.64
VMM_P11_043,2014,19,76.09
VMM_P11_043,2014,20,23.07
VMM_P11_043,2014,21,6.12
VMM_P11_043,2014,22,1.87
VMM_P11_043,2014,23,12.49
VMM_P11_043,2014,24,46.96
VMM_P11_043,2015,1,58.8
VMM_P11_043,2015,2,13.87
VMM_P11_043,2015,3,0.0
VMM_P11_043,2015,4,6.43
VMM_P11_043,2015,5,10.37
VMM_P11_043,2015,6,39.63
VMM_P11_043,2015,7,3.07
VMM_P11_043,2015,8,29.06
VMM_P11_043,2015,9,24.38
VMM_P11_043,2015,10,10.63
VMM_P11_043,2015,11,53.27
VMM_P11_043,2015,12,31.83
VMM_P11_043,2015,13,9.42
VMM_P11_043,2015,14,36.6
VMM_P11_043,2015,15,498.31
VMM_P11_043,2015,16,539.25
VMM_P11_043,2015,17,8.74
VMM_P11_043,2015,18,46.68
VMM_P11_043,2015,19,9.09
VMM_P11_043,2015,20,1.5
VMM_P11_043,2015,21,4.6
VMM_P11_043,2015,22,101.27
VMM_P11_043,2015,23,7.1
VMM_P11_043,2015,24,2.72
VMM_P11_043,2016,1,22.14
VMM_P11_043,2016,2,32.01
VMM_P11_043,2016,3,34.29
VMM_P11_043,2016,4,8.95
VMM_P11_043,2016,5,8.72
VMM_P11_043,2016,6,18.64
VMM_P11_043,2016,7,5.84
VMM_P11_043,2016,8,19.87
VMM_P11_043,2016,9,3.36
VMM_P11_043,2016,10,184.81
VMM_P11_043,2016,11,1571.93
VMM_P11_043,2016,12,722.07
VMM_P11_043,2016,13,5.11
VMM_P11_043,2016,14,5.98
VMM_P11_043,2016,15,55.09
VMM_P11_043,2016,16,24.35
VMM_P11_043,2016,17,222.45
VMM_P11_043,2016,18,0.39
VMM_P11_043,2016,19,3.05
VMM_P11_043,2016,20,6.85
VMM_P11_043,2016,21,22.7
VMM_P11_043,2016,22,55.9
VMM_P11_043,2016,23,0.98
VMM_P11_043,2016,24,3.76
VMM_P11_043,2017,1,15.05
VMM_P11_043,2017,2,0.77
VMM_P11_043,2017,3,6.36
VMM_P11_043,2017,4,34.48
VMM_P11_043,2017,5,32.67
VMM_P11_043,2017,6,32.11
VMM_P11_043,2017,7,1.32
VMM_P11_043,2017,8,3.97
VMM_P11_043,2017,9,23.0
VMM_P11_043,2017,10,16.43
VMM_P11_043,2017,11,7.82
VMM_P11_043,2017,12,89.15
VMM_P11_043,2017,13,35.33
VMM_P11_043,2017,14,17.07
VMM_P11_043,2017,15,25.07
VMM_P11_043,2017,16,49.48
VMM_P11_043,2017,17,103.67
VMM_P11_043,2017,18,59.2
VMM_P11_043,2017,19,18.91
VMM_P11_043,2017,20,15.93
VMM_P11_043,2017,21,2.82
VMM_P11_043,2017,22,24.24
VMM_P11_043,2017,23,82.83
VMM_P11_043,2017,24,14.39
VMM_P11_043,2018,1,49.67
VMM_P11_043,2018,2,13.95
VMM_P11_043,2018,3,7.2
VMM_P11_043,2018,4,0.0
VMM_P11_043,2018,5,12.25
VMM_P11_043,2018,6,12.14
VMM_P11_043,2018,7,8.46
VMM_P11_043,2018,8,29.19
VMM_P11_043,2018,9,3.96
VMM_P11_043,2018,10,15.84
VMM_P11_043,2018,11,3.14
VMM_P11_043,2018,12,0.0
VMM_P11_043,2018,13,0.0
VMM_P11_043,2018,14,1.22
VMM_P11_043,2018,15,47.84
VMM_P11_043,2018,16,55.52
VMM_P11_043,2018,17,537.7
VMM_P11_043,2018,18,36.03
VMM_P11_043,2018,19,0.1
VMM_P11_043,2018,20,76.21
VMM_P11_043,2018,21,2.18
VMM_P11_043,2018,22,1.21
VMM_P11_043,2018,23,47.98
VMM_P11_043,2018,24,16.46
VMM_P11_043,2019,1,14.65
VMM_P11_043,2019,2,8.58
VMM_P11_043,2019,3,20.07
VMM_P11_043,2019,4,1.24
VMM_P11_043,2019,5,44.58
VMM_P11_043,2019,6,1.92
VMM_P11_043,2019,7,9.26
VMM_P11_043,2019,8,10.34
VMM_P11_043,2019,9,15.11
VMM_P11_043,2019,10,221.72
VMM_P11_043,2019,11,157.88
VMM_P11_043,2019,12,181.51
VMM_P11_043,2019,13,0.0
VMM_P11_043,2019,14,108.06
VMM_P11_043,2019,15,47.08
VMM_P11_043,2019,16,63.92
VMM_P11_043,2019,17,3.35
VMM_P11_043,2019,18,63.97
VMM_P11_043,2019,19,19.47
VMM_P11_043,2019,20,13.97
VMM_P11_043,2019,21,11.44
VMM_P11_043,2019,22,14.97
VMM_P11_043,2019,23,21.63
VMM_P11_043,2019,24,22.82
VMM_P11_043,2020,1,4.63
VMM_P11_043,2020,2,6.86
VMM_P11_043,2020,3,28.71
VMM_P11_043,2020,4,64.96
VMM_P11_043,2020,5,27.44
VMM_P11_043,2020,6,0.11
VMM_P11_043,2020,7,0.0
VMM_P11_043,2020,8,39.89
VMM_P11_043,2020,9,6.44
VMM_P11_043,2020,10,0.0
VMM_P11_043,2020,11,127.61
VMM_P11_043,2020,12,241.76
VMM_P11_043,2020,13,32.35
VMM_P11_043,2020,14,2.35
VMM_P11_043,2020,15,31.14
VMM_P11_043,2020,16,84.69
VMM_P11_043,2020,17,6.33
VMM_P11_043,2020,18,35.21
VMM_P11_043,2020,19,11.6
VMM_P11_043,2020,20,7.84
VMM_P11_043,2020,21,7.7
VMM_P11_043,2020,22,2.8
VMM_P11_043,2020,23,4.93
VMM_P11_043,2020,24,13.31
VMM_P11_043,2021,1,7.71
VMM_P11_043,2021,2,37.22
VMM_P11_043,2021,3,33.84
VMM_P11_043,2021,4,3.42
VMM_P11_043,2021,5,53.71
VMM_P11_043,2021,6,0.99
VMM_P11_043,2021,7,16.6
VMM_P11_043,2021,8,0.0
VMM_P11_043,2021,9,11.55
VMM_P11_043,2021,10,64.71
VMM_P11_043,2021,11,15.93
VMM_P11_043,2021,12,318.85
VMM_P11_043,2021,13,323.26
VMM_P11_043,2021,14,10.19
VMM_P11_043,2021,15,100.08
VMM_P11_043,2021,16,53.66
VMM_P11_043,2021,17,78.55
VMM_P11_043,2021,18,3.87
VMM_P11_043,2021,19,20.87
VMM_P11_043,2021,20,42.3
VMM_P11_043,2021,21,1.29
VMM_P11_043,2021,22,10.19
VMM_P11_043,2021,23,7.93
VMM_P11_043,2021,24,39.83
VMM_P11_043,2023,1,58.76
VMM_P11_043,2023,2,16.84
VMM_P11_043,2023,3,1.15
VMM_P11_043,2023,4,0.98
VMM_P11_043,2023,5,35.64
VMM_P11_043,2023,6,66.91
VMM_P11_043,2023,7,7.85
VMM_P11_043,2023,8,10.98
VMM_P11_043,2023,9,87.83
VMM_P11_043,2023,10,0.0
VMM_P11_043,2023,11,0.0
VMM_P11_043,2023,12,347.27
VMM_P11_043,2023,13,128.3
VMM_P11_043,2023,14,222.7
VMM_P11_043,2023,15,58.96
VMM_P11_043,2023,16,208.8
VMM_P11_043,2023,17,208.2
VMM_P11_043,2023,18,40.39
VMM_P11_043,2023,19,35.22
VMM_P11_043,2023,20,127.08
VMM_P11_043,2023,21,86.64
VMM_P11_043,2023,22,27.52
VMM_P11_043,2023,23,26.64
VMM_P11_043,2023,24,68.84
