station,jaar,maand_id,maand,erosiviteit
KMI_6408,2002,1,Januari,3.61
KMI_6408,2002,2,Februari,7.19
KMI_6408,2002,3,Maart,9.08
KMI_6408,2002,4,April,648.3
KMI_6408,2002,5,Mei,10.25
KMI_6408,2002,6,Juni,63.1
KMI_6408,2002,7,Juli,60.25
KMI_6408,2002,8,Augustus,1489.4
KMI_6408,2002,9,September,263.42
KMI_6408,2002,10,Oktober,35.68
KMI_6408,2002,11,November,45.19
KMI_6408,2002,12,December,66.28
KMI_6408,2003,1,Januari,20.35
KMI_6408,2003,2,Februari,3.92
KMI_6408,2003,3,Maart,1.31
KMI_6408,2003,4,April,17.67
KMI_6408,2003,5,Mei,37.79
KMI_6408,2003,6,Juni,326.06
KMI_6408,2003,7,Juli,30.22
KMI_6408,2003,8,Augustus,106.96
KMI_6408,2003,9,September,10.59
KMI_6408,2003,10,Oktober,46.25
KMI_6408,2003,11,November,15.16
KMI_6408,2003,12,December,36.84
KMI_6408,2004,1,Januari,35.77
KMI_6408,2004,2,Februari,17.09
KMI_6408,2004,3,Maart,2.62
KMI_6408,2004,4,April,57.53
KMI_6408,2004,5,Mei,6.49
KMI_6408,2004,6,Juni,42.52
KMI_6408,2004,7,Juli,171.96
KMI_6408,2004,8,Augustus,208.08
KMI_6408,2004,9,September,14.72
KMI_6408,2004,10,Oktober,57.66
KMI_6408,2004,11,November,91.59
KMI_6408,2004,12,December,35.23
KMI_6408,2005,1,Januari,10.16
KMI_6408,2005,2,Februari,13.02
KMI_6408,2005,3,Maart,19.81
KMI_6408,2005,4,April,47.57
KMI_6408,2005,5,Mei,211.02
KMI_6408,2005,6,Juni,388.13
KMI_6408,2005,7,Juli,195.98
KMI_6408,2005,8,Augustus,71.89
KMI_6408,2005,9,September,22.6
KMI_6408,2005,10,Oktober,40.85
KMI_6408,2005,11,November,56.32
KMI_6408,2005,12,December,24.95
KMI_6414,2004,1,Januari,107.57
KMI_6414,2004,2,Februari,25.99
KMI_6414,2004,3,Maart,31.36
KMI_6414,2004,4,April,44.55
KMI_6414,2004,5,Mei,14.71
KMI_6414,2004,6,Juni,132.78
KMI_6414,2004,7,Juli,147.79
KMI_6414,2004,8,Augustus,797.61
KMI_6414,2004,9,September,9.72
KMI_6414,2004,10,Oktober,16.41
KMI_6414,2004,11,November,19.28
KMI_6414,2004,12,December,64.42
KMI_6414,2005,1,Januari,11.93
KMI_6414,2005,2,Februari,22.72
KMI_6414,2005,3,Maart,8.65
KMI_6414,2005,4,April,14.27
KMI_6414,2005,5,Mei,169.5
KMI_6414,2005,6,Juni,82.68
KMI_6414,2005,7,Juli,1979.23
KMI_6414,2005,8,Augustus,574.37
KMI_6414,2005,9,September,37.7
KMI_6414,2005,10,Oktober,26.1
KMI_6414,2005,11,November,38.69
KMI_6414,2005,12,December,17.0
KMI_6414,2006,1,Januari,6.41
KMI_6414,2006,2,Februari,46.07
KMI_6414,2006,3,Maart,95.39
KMI_6414,2006,4,April,18.53
KMI_6414,2006,5,Mei,147.89
KMI_6414,2006,6,Juni,20.42
KMI_6414,2006,7,Juli,117.99
KMI_6414,2006,8,Augustus,565.07
KMI_6414,2006,9,September,7.48
KMI_6414,2006,10,Oktober,102.26
KMI_6414,2006,11,November,58.55
KMI_6414,2006,12,December,65.53
KMI_6414,2007,1,Januari,43.73
KMI_6414,2007,2,Februari,32.84
KMI_6414,2007,3,Maart,30.34
KMI_6414,2007,4,April,0.0
KMI_6414,2007,5,Mei,32.94
KMI_6414,2007,6,Juni,806.93
KMI_6414,2007,7,Juli,437.55
KMI_6414,2007,8,Augustus,53.2
KMI_6414,2007,9,September,142.95
KMI_6414,2007,10,Oktober,57.3
KMI_6414,2007,11,November,18.76
KMI_6414,2007,12,December,29.46
KMI_6414,2008,1,Januari,34.72
KMI_6414,2008,2,Februari,34.76
KMI_6414,2008,3,Maart,42.61
KMI_6414,2008,4,April,9.06
KMI_6414,2008,5,Mei,231.66
KMI_6414,2008,6,Juni,115.67
KMI_6414,2008,7,Juli,273.44
KMI_6414,2008,8,Augustus,286.74
KMI_6414,2008,9,September,198.77
KMI_6414,2008,10,Oktober,28.32
KMI_6414,2008,11,November,67.26
KMI_6414,2008,12,December,37.83
KMI_6414,2009,1,Januari,24.64
KMI_6414,2009,2,Februari,28.1
KMI_6414,2009,3,Maart,109.18
KMI_6414,2009,4,April,23.46
KMI_6414,2009,5,Mei,1443.57
KMI_6414,2009,6,Juni,278.73
KMI_6414,2009,7,Juli,169.22
KMI_6414,2009,8,Augustus,3.86
KMI_6414,2009,9,September,19.41
KMI_6414,2009,10,Oktober,325.37
KMI_6414,2009,11,November,233.96
KMI_6414,2009,12,December,28.82
KMI_6414,2010,1,Januari,14.21
KMI_6414,2010,2,Februari,27.74
KMI_6414,2010,3,Maart,61.41
KMI_6414,2010,4,April,26.47
KMI_6414,2010,5,Mei,31.09
KMI_6414,2010,6,Juni,53.4
KMI_6414,2010,7,Juli,350.51
KMI_6414,2010,8,Augustus,387.14
KMI_6414,2010,9,September,186.11
KMI_6414,2010,10,Oktober,48.32
KMI_6414,2010,11,November,104.25
KMI_6414,2010,12,December,9.64
KMI_6414,2012,1,Januari,28.81
KMI_6414,2012,2,Februari,2.81
KMI_6414,2012,3,Maart,59.63
KMI_6414,2012,4,April,71.79
KMI_6414,2012,5,Mei,83.69
KMI_6414,2012,6,Juni,140.25
KMI_6414,2012,7,Juli,605.15
KMI_6414,2012,8,Augustus,8.4
KMI_6414,2012,9,September,24.78
KMI_6414,2012,10,Oktober,156.09
KMI_6414,2012,11,November,43.92
KMI_6414,2012,12,December,67.1
KMI_6414,2013,1,Januari,31.05
KMI_6414,2013,2,Februari,16.84
KMI_6414,2013,3,Maart,28.92
KMI_6414,2013,4,April,4.3
KMI_6414,2013,5,Mei,74.04
KMI_6414,2013,6,Juni,19.12
KMI_6414,2013,7,Juli,210.64
KMI_6414,2013,8,Augustus,280.96
KMI_6414,2013,9,September,186.37
KMI_6414,2013,10,Oktober,208.78
KMI_6414,2013,11,November,71.91
KMI_6414,2013,12,December,14.15
KMI_6414,2014,1,Januari,33.26
KMI_6414,2014,2,Februari,26.75
KMI_6414,2014,3,Maart,17.92
KMI_6414,2014,4,April,34.16
KMI_6414,2014,5,Mei,128.18
KMI_6414,2014,6,Juni,430.33
KMI_6414,2014,7,Juli,657.58
KMI_6414,2014,8,Augustus,83.09
KMI_6414,2014,9,September,2.42
KMI_6414,2014,10,Oktober,69.78
KMI_6414,2014,11,November,90.35
KMI_6414,2014,12,December,52.2
KMI_6414,2015,1,Januari,106.4
KMI_6414,2015,2,Februari,14.67
KMI_6414,2015,3,Maart,14.51
KMI_6414,2015,4,April,6.78
KMI_6414,2015,5,Mei,56.35
KMI_6414,2015,6,Juni,12.06
KMI_6414,2015,7,Juli,64.79
KMI_6414,2015,8,Augustus,657.43
KMI_6414,2015,9,September,120.82
KMI_6414,2015,10,Oktober,11.56
KMI_6414,2015,11,November,90.62
KMI_6414,2015,12,December,23.82
KMI_6414,2016,1,Januari,73.81
KMI_6414,2016,2,Februari,27.61
KMI_6414,2016,3,Maart,58.84
KMI_6414,2016,4,April,32.84
KMI_6414,2016,5,Mei,631.63
KMI_6414,2016,6,Juni,93.52
KMI_6414,2016,7,Juli,52.76
KMI_6414,2016,8,Augustus,34.45
KMI_6414,2016,9,September,47.73
KMI_6414,2016,10,Oktober,78.24
KMI_6414,2016,11,November,123.76
KMI_6414,2016,12,December,4.89
KMI_6414,2017,1,Januari,33.15
KMI_6414,2017,2,Februari,28.6
KMI_6414,2017,3,Maart,21.51
KMI_6414,2017,4,April,4.69
KMI_6414,2017,5,Mei,309.85
KMI_6414,2017,6,Juni,2.62
KMI_6414,2017,7,Juli,16.14
KMI_6414,2017,8,Augustus,120.02
KMI_6414,2017,9,September,35.24
KMI_6414,2017,10,Oktober,28.89
KMI_6414,2017,11,November,121.2
KMI_6414,2017,12,December,112.4
KMI_6414,2018,1,Januari,49.19
KMI_6414,2018,2,Februari,4.92
KMI_6414,2018,3,Maart,39.58
KMI_6414,2018,4,April,47.39
KMI_6414,2018,5,Mei,120.52
KMI_6414,2018,6,Juni,0.0
KMI_6414,2018,7,Juli,0.53
KMI_6414,2018,8,Augustus,164.27
KMI_6414,2018,9,September,70.78
KMI_6414,2018,10,Oktober,32.02
KMI_6414,2018,11,November,5.08
KMI_6414,2018,12,December,36.24
KMI_6414,2019,1,Januari,29.02
KMI_6414,2019,2,Februari,16.44
KMI_6414,2019,3,Maart,44.34
KMI_6414,2019,4,April,7.19
KMI_6414,2019,5,Mei,33.15
KMI_6414,2019,6,Juni,319.61
KMI_6414,2019,7,Juli,39.71
KMI_6414,2019,8,Augustus,135.6
KMI_6414,2019,9,September,247.46
KMI_6414,2019,10,Oktober,84.23
KMI_6414,2019,11,November,54.19
KMI_6414,2019,12,December,51.1
KMI_6414,2020,1,Januari,12.76
KMI_6414,2020,2,Februari,87.87
KMI_6414,2020,3,Maart,40.66
KMI_6414,2020,4,April,44.2
KMI_6414,2020,5,Mei,0.65
KMI_6414,2020,6,Juni,62.82
KMI_6414,2020,7,Juli,5.67
KMI_6414,2020,8,Augustus,158.79
KMI_6414,2020,9,September,51.05
KMI_6414,2020,10,Oktober,47.6
KMI_6414,2020,11,November,20.78
KMI_6414,2020,12,December,23.96
KMI_6414,2021,1,Januari,46.81
KMI_6414,2021,2,Februari,13.86
KMI_6414,2021,3,Maart,15.66
KMI_6414,2021,4,April,27.94
KMI_6414,2021,5,Mei,176.74
KMI_6414,2021,6,Juni,156.71
KMI_6414,2021,7,Juli,723.76
KMI_6414,2021,8,Augustus,129.88
KMI_6414,2021,9,September,2.16
KMI_6414,2021,10,Oktober,83.46
KMI_6414,2021,11,November,62.7
KMI_6414,2021,12,December,65.1
KMI_6414,2022,1,Januari,15.98
KMI_6414,2022,2,Februari,21.89
KMI_6414,2022,3,Maart,3.27
KMI_6414,2022,4,April,50.51
KMI_6414,2022,5,Mei,31.34
KMI_6414,2022,6,Juni,37.84
KMI_6414,2022,7,Juli,0.0
KMI_6414,2022,8,Augustus,16.6
KMI_6414,2022,9,September,187.11
KMI_6414,2022,10,Oktober,25.28
KMI_6414,2022,11,November,101.31
KMI_6414,2022,12,December,40.13
KMI_6414,2023,1,Januari,54.03
KMI_6414,2023,2,Februari,3.28
KMI_6414,2023,3,Maart,65.33
KMI_6414,2023,4,April,37.37
KMI_6414,2023,5,Mei,34.14
KMI_6414,2023,6,Juni,54.49
KMI_6414,2023,7,Juli,97.33
KMI_6414,2023,8,Augustus,212.31
KMI_6414,2023,9,September,62.25
KMI_6414,2023,10,Oktober,109.89
KMI_6414,2023,11,November,221.39
KMI_6414,2023,12,December,40.81
KMI_6414,2024,1,Januari,32.87
KMI_6414,2024,2,Februari,41.14
KMI_6414,2024,3,Maart,36.11
KMI_6414,2024,4,April,89.29
KMI_6414,2024,5,Mei,179.73
KMI_6414,2024,6,Juni,105.5
KMI_6414,2024,7,Juli,99.27
KMI_6414,2024,8,Augustus,132.75
KMI_6414,2024,9,September,69.21
KMI_6414,2024,10,Oktober,26.78
KMI_6414,2024,11,November,33.55
KMI_6414,2024,12,December,25.48
KMI_6418,2006,1,Januari,0.16
KMI_6418,2006,2,Februari,15.05
KMI_6418,2006,3,Maart,4.44
KMI_6418,2006,4,April,18.79
KMI_6418,2006,5,Mei,65.41
KMI_6418,2006,6,Juni,8.9
KMI_6418,2006,7,Juli,19.86
KMI_6418,2006,8,Augustus,926.05
KMI_6418,2006,9,September,1.35
KMI_6418,2006,10,Oktober,52.17
KMI_6418,2006,11,November,23.47
KMI_6418,2006,12,December,19.33
KMI_6418,2007,1,Januari,44.23
KMI_6418,2007,2,Februari,17.18
KMI_6418,2007,3,Maart,6.11
KMI_6418,2007,4,April,0.0
KMI_6418,2007,5,Mei,30.63
KMI_6418,2007,6,Juni,466.19
KMI_6418,2007,7,Juli,351.31
KMI_6418,2007,8,Augustus,20.02
KMI_6418,2007,9,September,46.47
KMI_6418,2007,10,Oktober,17.4
KMI_6418,2007,11,November,12.42
KMI_6418,2007,12,December,13.45
KMI_6418,2008,1,Januari,5.61
KMI_6418,2008,2,Februari,1.84
KMI_6418,2008,3,Maart,37.27
KMI_6418,2008,4,April,5.99
KMI_6418,2008,5,Mei,47.95
KMI_6418,2008,6,Juni,76.55
KMI_6418,2008,7,Juli,59.8
KMI_6418,2008,8,Augustus,301.73
KMI_6418,2008,9,September,186.68
KMI_6418,2008,10,Oktober,31.33
KMI_6418,2008,11,November,36.83
KMI_6418,2008,12,December,32.6
KMI_6418,2009,1,Januari,0.39
KMI_6418,2009,2,Februari,2.82
KMI_6418,2009,3,Maart,12.44
KMI_6418,2009,4,April,5.98
KMI_6418,2009,5,Mei,151.23
KMI_6418,2009,6,Juni,60.76
KMI_6418,2009,7,Juli,243.14
KMI_6418,2009,8,Augustus,18.27
KMI_6418,2009,9,September,1.02
KMI_6418,2009,10,Oktober,256.85
KMI_6418,2009,11,November,370.28
KMI_6418,2009,12,December,81.47
KMI_6418,2010,1,Januari,4.42
KMI_6418,2010,2,Februari,10.13
KMI_6418,2010,3,Maart,3.82
KMI_6418,2010,4,April,5.33
KMI_6418,2010,5,Mei,130.62
KMI_6418,2010,6,Juni,331.56
KMI_6418,2010,7,Juli,199.72
KMI_6418,2010,8,Augustus,307.69
KMI_6418,2010,9,September,106.82
KMI_6418,2010,10,Oktober,83.74
KMI_6418,2010,11,November,37.67
KMI_6418,2010,12,December,15.81
KMI_6418,2011,1,Januari,27.31
KMI_6418,2011,2,Februari,9.98
KMI_6418,2011,3,Maart,89.24
KMI_6418,2011,4,April,5.54
KMI_6418,2011,5,Mei,12.89
KMI_6418,2011,6,Juni,86.26
KMI_6418,2011,7,Juli,82.82
KMI_6418,2011,8,Augustus,161.25
KMI_6418,2011,9,September,33.15
KMI_6418,2011,10,Oktober,56.25
KMI_6418,2011,11,November,0.46
KMI_6418,2011,12,December,77.88
KMI_6418,2012,1,Januari,183.28
KMI_6418,2012,2,Februari,3.8
KMI_6418,2012,3,Maart,6.31
KMI_6418,2012,4,April,23.89
KMI_6418,2012,5,Mei,13.34
KMI_6418,2012,6,Juni,157.76
KMI_6418,2012,7,Juli,139.66
KMI_6418,2012,8,Augustus,36.86
KMI_6418,2012,9,September,104.46
KMI_6418,2012,10,Oktober,192.74
KMI_6418,2012,11,November,30.3
KMI_6418,2012,12,December,40.09
KMI_6418,2013,1,Januari,19.1
KMI_6418,2013,2,Februari,22.61
KMI_6418,2013,3,Maart,32.31
KMI_6418,2013,4,April,5.59
KMI_6418,2013,5,Mei,233.25
KMI_6418,2013,6,Juni,682.97
KMI_6418,2013,7,Juli,86.51
KMI_6418,2013,8,Augustus,54.47
KMI_6418,2013,9,September,58.36
KMI_6418,2013,10,Oktober,135.37
KMI_6418,2013,11,November,86.12
KMI_6418,2013,12,December,12.76
KMI_6418,2014,1,Januari,19.1
KMI_6418,2014,2,Februari,3.52
KMI_6418,2014,3,Maart,6.17
KMI_6418,2014,4,April,234.38
KMI_6418,2014,5,Mei,46.58
KMI_6418,2014,6,Juni,49.09
KMI_6418,2014,7,Juli,378.72
KMI_6418,2014,8,Augustus,192.28
KMI_6418,2014,9,September,0.18
KMI_6418,2014,10,Oktober,20.39
KMI_6418,2014,11,November,7.73
KMI_6418,2014,12,December,20.21
KMI_6418,2015,1,Januari,71.1
KMI_6418,2015,2,Februari,15.8
KMI_6418,2015,3,Maart,9.5
KMI_6418,2015,4,April,2.41
KMI_6418,2015,5,Mei,17.44
KMI_6418,2015,6,Juni,269.5
KMI_6418,2015,7,Juli,233.42
KMI_6418,2015,8,Augustus,387.79
KMI_6418,2015,9,September,107.93
KMI_6418,2015,10,Oktober,6.49
KMI_6418,2015,11,November,59.99
KMI_6418,2015,12,December,9.86
KMI_6418,2016,1,Januari,27.98
KMI_6418,2016,2,Februari,19.48
KMI_6418,2016,3,Maart,30.38
KMI_6418,2016,4,April,11.4
KMI_6418,2016,5,Mei,36.87
KMI_6418,2016,6,Juni,80.46
KMI_6418,2016,7,Juli,50.71
KMI_6418,2016,8,Augustus,26.55
KMI_6418,2016,9,September,4.83
KMI_6418,2016,10,Oktober,53.63
KMI_6418,2016,11,November,82.21
KMI_6418,2016,12,December,0.18
KMI_6418,2017,1,Januari,31.31
KMI_6418,2017,2,Februari,29.29
KMI_6418,2017,3,Maart,6.23
KMI_6418,2017,4,April,8.57
KMI_6418,2017,5,Mei,103.43
KMI_6418,2017,6,Juni,5.38
KMI_6418,2017,7,Juli,180.66
KMI_6418,2017,8,Augustus,252.14
KMI_6418,2017,9,September,289.52
KMI_6418,2017,10,Oktober,18.88
KMI_6418,2017,11,November,37.02
KMI_6418,2017,12,December,59.12
KMI_6418,2018,1,Januari,20.23
KMI_6418,2018,2,Februari,3.87
KMI_6418,2018,3,Maart,34.39
KMI_6418,2018,4,April,51.62
KMI_6418,2018,5,Mei,38.45
KMI_6418,2018,6,Juni,0.0
KMI_6418,2018,7,Juli,11.59
KMI_6418,2018,8,Augustus,259.94
KMI_6418,2018,9,September,48.06
KMI_6418,2018,10,Oktober,52.05
KMI_6418,2018,11,November,3.27
KMI_6418,2018,12,December,17.76
KMI_6418,2019,1,Januari,12.82
KMI_6418,2019,2,Februari,11.38
KMI_6418,2019,3,Maart,51.83
KMI_6418,2019,4,April,2.35
KMI_6418,2019,5,Mei,34.94
KMI_6418,2019,6,Juni,197.36
KMI_6418,2019,7,Juli,27.45
KMI_6418,2019,8,Augustus,24.32
KMI_6418,2019,9,September,21.35
KMI_6418,2019,10,Oktober,39.74
KMI_6418,2019,11,November,11.85
KMI_6418,2019,12,December,9.27
KMI_6418,2020,1,Januari,3.56
KMI_6418,2020,2,Februari,77.59
KMI_6418,2020,3,Maart,25.07
KMI_6418,2020,4,April,8.51
KMI_6418,2020,5,Mei,0.92
KMI_6418,2020,6,Juni,77.05
KMI_6418,2020,7,Juli,34.54
KMI_6418,2020,8,Augustus,152.01
KMI_6418,2020,9,September,105.34
KMI_6418,2020,10,Oktober,66.57
KMI_6418,2020,11,November,9.87
KMI_6418,2020,12,December,24.27
KMI_6418,2021,1,Januari,18.49
KMI_6418,2021,2,Februari,7.02
KMI_6418,2021,3,Maart,6.66
KMI_6418,2021,4,April,10.22
KMI_6418,2021,5,Mei,34.28
KMI_6418,2021,6,Juni,811.36
KMI_6418,2021,7,Juli,350.8
KMI_6418,2021,8,Augustus,25.67
KMI_6418,2021,9,September,2.84
KMI_6418,2021,10,Oktober,34.38
KMI_6418,2021,11,November,96.8
KMI_6418,2021,12,December,32.31
KMI_6418,2022,1,Januari,5.65
KMI_6418,2022,2,Februari,29.26
KMI_6418,2022,3,Maart,1.88
KMI_6418,2022,4,April,14.62
KMI_6418,2022,5,Mei,26.21
KMI_6418,2022,6,Juni,45.06
KMI_6418,2022,7,Juli,50.1
KMI_6418,2022,8,Augustus,17.95
KMI_6418,2022,9,September,192.15
KMI_6418,2022,10,Oktober,17.21
KMI_6418,2022,11,November,9.01
KMI_6418,2022,12,December,29.19
KMI_6418,2023,1,Januari,10.56
KMI_6418,2023,2,Februari,0.0
KMI_6418,2023,3,Maart,23.79
KMI_6418,2023,4,April,63.61
KMI_6418,2023,5,Mei,21.25
KMI_6418,2023,6,Juni,10.86
KMI_6418,2023,7,Juli,13.91
KMI_6418,2023,8,Augustus,74.48
KMI_6418,2023,9,September,46.46
KMI_6418,2023,10,Oktober,104.74
KMI_6418,2023,11,November,72.24
KMI_6418,2023,12,December,22.32
KMI_6418,2024,1,Januari,8.27
KMI_6418,2024,2,Februari,40.9
KMI_6418,2024,3,Maart,11.44
KMI_6418,2024,4,April,105.27
KMI_6418,2024,5,Mei,106.56
KMI_6418,2024,6,Juni,5.42
KMI_6418,2024,7,Juli,190.24
KMI_6418,2024,8,Augustus,25.21
KMI_6418,2024,9,September,151.43
KMI_6418,2024,10,Oktober,9.97
KMI_6418,2024,11,November,15.83
KMI_6418,2024,12,December,17.76
KMI_6431,2013,1,Januari,67.65
KMI_6431,2013,2,Februari,12.83
KMI_6431,2013,3,Maart,17.4
KMI_6431,2013,4,April,6.49
KMI_6431,2013,5,Mei,60.75
KMI_6431,2013,6,Juni,45.13
KMI_6431,2013,7,Juli,409.02
KMI_6431,2013,8,Augustus,12.39
KMI_6431,2013,9,September,210.09
KMI_6431,2013,10,Oktober,142.27
KMI_6431,2013,11,November,78.79
KMI_6431,2013,12,December,26.56
KMI_6431,2014,1,Januari,158.32
KMI_6431,2014,2,Februari,34.5
KMI_6431,2014,3,Maart,19.3
KMI_6431,2014,4,April,35.11
KMI_6431,2014,5,Mei,85.54
KMI_6431,2014,6,Juni,498.9
KMI_6431,2014,7,Juli,285.79
KMI_6431,2014,8,Augustus,210.19
KMI_6431,2014,9,September,26.74
KMI_6431,2014,10,Oktober,79.31
KMI_6431,2014,11,November,31.22
KMI_6431,2014,12,December,86.05
KMI_6431,2015,1,Januari,84.14
KMI_6431,2015,2,Februari,28.16
KMI_6431,2015,3,Maart,47.5
KMI_6431,2015,4,April,2.22
KMI_6431,2015,5,Mei,242.02
KMI_6431,2015,6,Juni,10.7
KMI_6431,2015,7,Juli,35.38
KMI_6431,2015,8,Augustus,370.26
KMI_6431,2015,9,September,72.72
KMI_6431,2015,10,Oktober,6.38
KMI_6431,2015,11,November,88.49
KMI_6431,2015,12,December,14.06
KMI_6431,2016,1,Januari,100.43
KMI_6431,2016,2,Februari,41.73
KMI_6431,2016,3,Maart,31.03
KMI_6431,2016,4,April,28.71
KMI_6431,2016,5,Mei,137.92
KMI_6431,2016,6,Juni,244.6
KMI_6431,2016,7,Juli,52.91
KMI_6431,2016,8,Augustus,36.23
KMI_6431,2016,9,September,2.83
KMI_6431,2016,10,Oktober,65.99
KMI_6431,2016,11,November,106.1
KMI_6431,2016,12,December,6.82
KMI_6431,2017,1,Januari,72.86
KMI_6431,2017,2,Februari,36.34
KMI_6431,2017,3,Maart,19.1
KMI_6431,2017,4,April,3.12
KMI_6431,2017,5,Mei,33.91
KMI_6431,2017,6,Juni,34.35
KMI_6431,2017,7,Juli,74.44
KMI_6431,2017,8,Augustus,117.35
KMI_6431,2017,9,September,168.53
KMI_6431,2017,10,Oktober,39.28
KMI_6431,2017,11,November,76.01
KMI_6431,2017,12,December,153.64
KMI_6434,2003,1,Januari,62.94
KMI_6434,2003,2,Februari,3.5
KMI_6434,2003,3,Maart,60.96
KMI_6434,2003,4,April,103.55
KMI_6434,2003,5,Mei,42.59
KMI_6434,2003,6,Juni,13.5
KMI_6434,2003,7,Juli,92.98
KMI_6434,2003,8,Augustus,78.42
KMI_6434,2003,9,September,20.57
KMI_6434,2003,10,Oktober,23.04
KMI_6434,2003,11,November,16.37
KMI_6434,2003,12,December,44.93
KMI_6434,2004,1,Januari,64.1
KMI_6434,2004,2,Februari,15.65
KMI_6434,2004,3,Maart,5.8
KMI_6434,2004,4,April,33.54
KMI_6434,2004,5,Mei,25.56
KMI_6434,2004,6,Juni,74.68
KMI_6434,2004,7,Juli,406.74
KMI_6434,2004,8,Augustus,279.1
KMI_6434,2004,9,September,41.42
KMI_6434,2004,10,Oktober,72.81
KMI_6434,2004,11,November,79.29
KMI_6434,2004,12,December,53.44
KMI_6434,2005,1,Januari,14.89
KMI_6434,2005,2,Februari,23.2
KMI_6434,2005,3,Maart,11.78
KMI_6434,2005,4,April,50.75
KMI_6434,2005,5,Mei,77.43
KMI_6434,2005,6,Juni,32.2
KMI_6434,2005,7,Juli,548.9
KMI_6434,2005,8,Augustus,589.05
KMI_6434,2005,9,September,25.69
KMI_6434,2005,10,Oktober,31.77
KMI_6434,2005,11,November,63.59
KMI_6434,2005,12,December,18.52
KMI_6434,2006,1,Januari,12.89
KMI_6434,2006,2,Februari,44.36
KMI_6434,2006,3,Maart,47.03
KMI_6434,2006,4,April,44.42
KMI_6434,2006,5,Mei,110.31
KMI_6434,2006,6,Juni,52.69
KMI_6434,2006,7,Juli,17.93
KMI_6434,2006,8,Augustus,1401.13
KMI_6434,2006,9,September,8.75
KMI_6434,2006,10,Oktober,242.25
KMI_6434,2006,11,November,72.33
KMI_6434,2006,12,December,128.3
KMI_6434,2007,1,Januari,36.13
KMI_6434,2007,2,Februari,94.09
KMI_6434,2007,3,Maart,59.01
KMI_6434,2007,4,April,0.0
KMI_6434,2007,5,Mei,159.94
KMI_6434,2007,6,Juni,385.41
KMI_6434,2007,7,Juli,743.32
KMI_6434,2007,8,Augustus,170.5
KMI_6434,2007,9,September,102.55
KMI_6434,2007,10,Oktober,56.14
KMI_6434,2007,11,November,80.23
KMI_6434,2007,12,December,57.65
KMI_6434,2008,1,Januari,17.16
KMI_6434,2008,2,Februari,51.97
KMI_6434,2008,3,Maart,79.0
KMI_6434,2008,4,April,123.76
KMI_6434,2008,5,Mei,30.59
KMI_6434,2008,6,Juni,186.31
KMI_6434,2008,7,Juli,46.99
KMI_6434,2008,8,Augustus,200.71
KMI_6434,2008,9,September,43.14
KMI_6434,2008,10,Oktober,63.63
KMI_6434,2008,11,November,74.0
KMI_6434,2008,12,December,17.67
KMI_6434,2009,1,Januari,28.03
KMI_6434,2009,2,Februari,29.29
KMI_6434,2009,3,Maart,84.42
KMI_6434,2009,4,April,13.44
KMI_6434,2009,5,Mei,393.36
KMI_6434,2009,6,Juni,85.94
KMI_6434,2009,7,Juli,110.51
KMI_6434,2009,8,Augustus,15.64
KMI_6434,2009,9,September,19.71
KMI_6434,2009,10,Oktober,306.38
KMI_6434,2009,11,November,154.63
KMI_6434,2009,12,December,59.03
KMI_6434,2011,1,Januari,5.47
KMI_6434,2011,2,Februari,16.09
KMI_6434,2011,3,Maart,5.94
KMI_6434,2011,4,April,7.85
KMI_6434,2011,5,Mei,31.56
KMI_6434,2011,6,Juni,111.61
KMI_6434,2011,7,Juli,393.95
KMI_6434,2011,8,Augustus,96.34
KMI_6434,2011,9,September,370.95
KMI_6434,2011,10,Oktober,19.07
KMI_6434,2011,11,November,0.83
KMI_6434,2011,12,December,138.5
KMI_6434,2012,1,Januari,60.76
KMI_6434,2012,2,Februari,6.86
KMI_6434,2012,3,Maart,52.77
KMI_6434,2012,4,April,158.53
KMI_6434,2012,5,Mei,76.97
KMI_6434,2012,6,Juni,220.22
KMI_6434,2012,7,Juli,370.93
KMI_6434,2012,8,Augustus,100.89
KMI_6434,2012,9,September,184.52
KMI_6434,2012,10,Oktober,127.62
KMI_6434,2012,11,November,8.99
KMI_6434,2012,12,December,139.63
KMI_6434,2013,1,Januari,43.42
KMI_6434,2013,2,Februari,18.84
KMI_6434,2013,3,Maart,18.06
KMI_6434,2013,4,April,7.33
KMI_6434,2013,5,Mei,84.84
KMI_6434,2013,6,Juni,168.23
KMI_6434,2013,7,Juli,1318.11
KMI_6434,2013,8,Augustus,16.89
KMI_6434,2013,9,September,120.52
KMI_6434,2013,10,Oktober,160.55
KMI_6434,2013,11,November,199.81
KMI_6434,2013,12,December,96.87
KMI_6434,2014,1,Januari,51.47
KMI_6434,2014,2,Februari,60.54
KMI_6434,2014,3,Maart,14.82
KMI_6434,2014,4,April,17.49
KMI_6434,2014,5,Mei,139.79
KMI_6434,2014,6,Juni,45.83
KMI_6434,2014,7,Juli,160.11
KMI_6434,2014,8,Augustus,1235.83
KMI_6434,2014,9,September,21.54
KMI_6434,2014,10,Oktober,83.36
KMI_6434,2014,11,November,80.2
KMI_6434,2014,12,December,79.28
KMI_6434,2015,1,Januari,118.91
KMI_6434,2015,2,Februari,31.66
KMI_6434,2015,3,Maart,42.3
KMI_6434,2015,4,April,43.07
KMI_6434,2015,5,Mei,87.57
KMI_6434,2015,6,Juni,66.25
KMI_6434,2015,7,Juli,41.86
KMI_6434,2015,8,Augustus,429.32
KMI_6434,2015,9,September,109.19
KMI_6434,2015,10,Oktober,15.92
KMI_6434,2015,11,November,118.28
KMI_6434,2015,12,December,16.05
KMI_6434,2016,1,Januari,100.77
KMI_6434,2016,2,Februari,42.82
KMI_6434,2016,3,Maart,62.02
KMI_6434,2016,4,April,56.01
KMI_6434,2016,5,Mei,484.9
KMI_6434,2016,6,Juni,867.04
KMI_6434,2016,7,Juli,123.6
KMI_6434,2016,8,Augustus,61.15
KMI_6434,2016,9,September,15.3
KMI_6434,2016,10,Oktober,2.85
KMI_6434,2016,11,November,152.6
KMI_6434,2016,12,December,5.89
KMI_6434,2017,1,Januari,51.1
KMI_6434,2017,2,Februari,56.97
KMI_6434,2017,3,Maart,17.22
KMI_6434,2017,4,April,18.05
KMI_6434,2017,5,Mei,9.34
KMI_6434,2017,6,Juni,26.64
KMI_6434,2017,7,Juli,77.21
KMI_6434,2017,8,Augustus,251.1
KMI_6434,2017,9,September,74.51
KMI_6434,2017,10,Oktober,33.11
KMI_6434,2017,11,November,98.75
KMI_6434,2017,12,December,124.82
KMI_6434,2018,1,Januari,46.63
KMI_6434,2018,2,Februari,11.67
KMI_6434,2018,3,Maart,73.41
KMI_6434,2018,4,April,36.64
KMI_6434,2018,5,Mei,499.32
KMI_6434,2018,6,Juni,0.85
KMI_6434,2018,7,Juli,21.35
KMI_6434,2018,8,Augustus,217.42
KMI_6434,2018,9,September,57.62
KMI_6434,2018,10,Oktober,109.94
KMI_6434,2018,11,November,8.6
KMI_6434,2018,12,December,46.73
KMI_6434,2019,1,Januari,19.06
KMI_6434,2019,2,Februari,16.45
KMI_6434,2019,3,Maart,72.08
KMI_6434,2019,4,April,6.45
KMI_6434,2019,5,Mei,47.95
KMI_6434,2019,6,Juni,334.0
KMI_6434,2019,7,Juli,47.08
KMI_6434,2019,8,Augustus,67.76
KMI_6434,2019,9,September,158.09
KMI_6434,2019,10,Oktober,42.8
KMI_6434,2019,11,November,46.0
KMI_6434,2019,12,December,39.98
KMI_6434,2020,1,Januari,20.01
KMI_6434,2020,2,Februari,81.95
KMI_6434,2020,3,Maart,34.16
KMI_6434,2020,4,April,21.69
KMI_6434,2020,5,Mei,9.65
KMI_6434,2020,6,Juni,147.98
KMI_6434,2020,7,Juli,11.34
KMI_6434,2020,8,Augustus,280.36
KMI_6434,2020,9,September,234.19
KMI_6434,2020,10,Oktober,82.29
KMI_6434,2020,11,November,28.22
KMI_6434,2020,12,December,31.93
KMI_6434,2021,1,Januari,42.13
KMI_6434,2021,2,Februari,35.99
KMI_6434,2021,3,Maart,9.04
KMI_6434,2021,4,April,16.75
KMI_6434,2021,5,Mei,495.71
KMI_6434,2021,6,Juni,1161.8
KMI_6434,2021,7,Juli,37.06
KMI_6434,2021,8,Augustus,245.64
KMI_6434,2021,9,September,20.35
KMI_6434,2021,10,Oktober,109.39
KMI_6434,2021,11,November,44.22
KMI_6434,2021,12,December,61.19
KMI_6434,2022,1,Januari,28.53
KMI_6434,2022,2,Februari,27.31
KMI_6434,2022,3,Maart,1.07
KMI_6434,2022,4,April,22.47
KMI_6434,2022,5,Mei,309.38
KMI_6434,2022,6,Juni,110.74
KMI_6434,2022,7,Juli,1.46
KMI_6434,2022,8,Augustus,124.37
KMI_6434,2022,9,September,657.2
KMI_6434,2022,10,Oktober,50.37
KMI_6434,2022,11,November,36.5
KMI_6434,2022,12,December,54.08
KMI_6434,2023,1,Januari,56.29
KMI_6434,2023,2,Februari,0.42
KMI_6434,2023,3,Maart,91.53
KMI_6434,2023,4,April,25.08
KMI_6434,2023,5,Mei,26.71
KMI_6434,2023,6,Juni,84.43
KMI_6434,2023,7,Juli,157.94
KMI_6434,2023,8,Augustus,281.16
KMI_6434,2023,9,September,171.32
KMI_6434,2023,10,Oktober,80.65
KMI_6434,2023,11,November,155.46
KMI_6434,2023,12,December,70.21
KMI_6434,2024,1,Januari,53.77
KMI_6434,2024,2,Februari,65.21
KMI_6434,2024,3,Maart,33.81
KMI_6434,2024,4,April,58.21
KMI_6434,2024,5,Mei,60.59
KMI_6434,2024,6,Juni,103.22
KMI_6434,2024,7,Juli,78.65
KMI_6434,2024,8,Augustus,248.28
KMI_6434,2024,9,September,200.8
KMI_6434,2024,10,Oktober,38.56
KMI_6434,2024,11,November,43.55
KMI_6434,2024,12,December,54.07
KMI_6438,2013,1,Januari,24.13
KMI_6438,2013,2,Februari,15.87
KMI_6438,2013,3,Maart,12.43
KMI_6438,2013,4,April,10.49
KMI_6438,2013,5,Mei,51.41
KMI_6438,2013,6,Juni,39.39
KMI_6438,2013,7,Juli,1195.87
KMI_6438,2013,8,Augustus,24.61
KMI_6438,2013,9,September,125.29
KMI_6438,2013,10,Oktober,83.11
KMI_6438,2013,11,November,59.13
KMI_6438,2013,12,December,15.4
KMI_6438,2014,1,Januari,42.99
KMI_6438,2014,2,Februari,24.77
KMI_6438,2014,3,Maart,21.84
KMI_6438,2014,4,April,9.09
KMI_6438,2014,5,Mei,159.71
KMI_6438,2014,6,Juni,426.75
KMI_6438,2014,7,Juli,179.96
KMI_6438,2014,8,Augustus,218.85
KMI_6438,2014,9,September,14.53
KMI_6438,2014,10,Oktober,121.01
KMI_6438,2014,11,November,32.08
KMI_6438,2014,12,December,65.73
KMI_6438,2015,1,Januari,77.37
KMI_6438,2015,2,Februari,23.83
KMI_6438,2015,3,Maart,29.28
KMI_6438,2015,4,April,611.69
KMI_6438,2015,5,Mei,77.15
KMI_6438,2015,6,Juni,13.06
KMI_6438,2015,7,Juli,70.47
KMI_6438,2015,8,Augustus,315.79
KMI_6438,2015,9,September,414.82
KMI_6438,2015,10,Oktober,8.12
KMI_6438,2015,11,November,65.81
KMI_6438,2015,12,December,14.96
KMI_6438,2016,1,Januari,100.59
KMI_6438,2016,2,Februari,38.11
KMI_6438,2016,3,Maart,50.36
KMI_6438,2016,4,April,56.99
KMI_6438,2016,5,Mei,305.25
KMI_6438,2016,6,Juni,716.02
KMI_6438,2016,7,Juli,57.05
KMI_6438,2016,8,Augustus,56.31
KMI_6438,2016,9,September,10.01
KMI_6438,2016,10,Oktober,19.92
KMI_6438,2016,11,November,183.98
KMI_6438,2016,12,December,4.33
KMI_6438,2017,1,Januari,44.1
KMI_6438,2017,2,Februari,46.57
KMI_6438,2017,3,Maart,17.27
KMI_6438,2017,4,April,12.63
KMI_6438,2017,5,Mei,50.42
KMI_6438,2017,6,Juni,115.15
KMI_6438,2017,7,Juli,374.39
KMI_6438,2017,8,Augustus,60.14
KMI_6438,2017,9,September,121.79
KMI_6438,2017,10,Oktober,118.36
KMI_6438,2017,11,November,60.81
KMI_6438,2017,12,December,54.23
KMI_6438,2018,1,Januari,44.42
KMI_6438,2018,2,Februari,11.38
KMI_6438,2018,3,Maart,48.68
KMI_6438,2018,4,April,92.14
KMI_6438,2018,5,Mei,706.02
KMI_6438,2018,6,Juni,2.12
KMI_6438,2018,7,Juli,32.86
KMI_6438,2018,8,Augustus,106.88
KMI_6438,2018,9,September,29.41
KMI_6438,2018,10,Oktober,33.61
KMI_6438,2018,11,November,8.89
KMI_6438,2018,12,December,58.72
KMI_6438,2019,1,Januari,19.29
KMI_6438,2019,2,Februari,7.16
KMI_6438,2019,3,Maart,44.14
KMI_6438,2019,4,April,30.33
KMI_6438,2019,5,Mei,48.14
KMI_6438,2019,6,Juni,1998.09
KMI_6438,2019,7,Juli,6.52
KMI_6438,2019,8,Augustus,29.43
KMI_6438,2019,9,September,89.35
KMI_6438,2019,10,Oktober,143.25
KMI_6438,2019,11,November,25.5
KMI_6438,2019,12,December,27.49
KMI_6438,2020,1,Januari,31.76
KMI_6438,2020,2,Februari,108.73
KMI_6438,2020,3,Maart,33.07
KMI_6438,2020,4,April,6.61
KMI_6438,2020,5,Mei,40.37
KMI_6438,2020,6,Juni,306.52
KMI_6438,2020,7,Juli,31.46
KMI_6438,2020,8,Augustus,774.89
KMI_6438,2020,9,September,95.13
KMI_6438,2020,10,Oktober,84.09
KMI_6438,2020,11,November,15.65
KMI_6438,2020,12,December,30.64
KMI_6438,2021,1,Januari,49.26
KMI_6438,2021,2,Februari,29.39
KMI_6438,2021,3,Maart,19.8
KMI_6438,2021,4,April,11.22
KMI_6438,2021,5,Mei,183.78
KMI_6438,2021,6,Juni,162.65
KMI_6438,2021,7,Juli,193.56
KMI_6438,2021,8,Augustus,113.11
KMI_6438,2021,9,September,40.19
KMI_6438,2021,10,Oktober,97.31
KMI_6438,2021,11,November,57.32
KMI_6438,2021,12,December,14.38
KMI_6438,2022,1,Januari,34.78
KMI_6438,2022,2,Februari,77.4
KMI_6438,2022,3,Maart,0.52
KMI_6438,2022,4,April,12.51
KMI_6438,2022,5,Mei,88.11
KMI_6438,2022,6,Juni,127.54
KMI_6438,2022,7,Juli,26.42
KMI_6438,2022,8,Augustus,27.3
KMI_6438,2022,9,September,274.19
KMI_6438,2022,10,Oktober,20.97
KMI_6438,2022,11,November,29.13
KMI_6438,2022,12,December,49.37
KMI_6438,2023,1,Januari,48.93
KMI_6438,2023,2,Februari,0.52
KMI_6438,2023,3,Maart,77.61
KMI_6438,2023,4,April,30.62
KMI_6438,2023,5,Mei,39.74
KMI_6438,2023,6,Juni,31.39
KMI_6438,2023,7,Juli,143.32
KMI_6438,2023,8,Augustus,364.06
KMI_6438,2023,9,September,153.07
KMI_6438,2023,10,Oktober,130.27
KMI_6438,2023,11,November,87.11
KMI_6438,2023,12,December,99.82
KMI_6438,2024,1,Januari,75.92
KMI_6438,2024,2,Februari,53.32
KMI_6438,2024,3,Maart,21.99
KMI_6438,2024,4,April,87.64
KMI_6438,2024,5,Mei,239.16
KMI_6438,2024,6,Juni,50.5
KMI_6438,2024,7,Juli,119.14
KMI_6438,2024,8,Augustus,101.16
KMI_6438,2024,9,September,101.76
KMI_6438,2024,10,Oktober,32.49
KMI_6438,2024,11,November,70.66
KMI_6438,2024,12,December,23.57
KMI_6439,2008,1,Januari,10.0
KMI_6439,2008,2,Februari,33.11
KMI_6439,2008,3,Maart,117.94
KMI_6439,2008,4,April,26.18
KMI_6439,2008,5,Mei,27.58
KMI_6439,2008,6,Juni,461.93
KMI_6439,2008,7,Juli,107.79
KMI_6439,2008,8,Augustus,56.68
KMI_6439,2008,9,September,42.22
KMI_6439,2008,10,Oktober,43.09
KMI_6439,2008,11,November,36.01
KMI_6439,2008,12,December,4.61
KMI_6439,2009,1,Januari,31.7
KMI_6439,2009,2,Februari,21.28
KMI_6439,2009,3,Maart,52.91
KMI_6439,2009,4,April,22.34
KMI_6439,2009,5,Mei,311.48
KMI_6439,2009,6,Juni,60.03
KMI_6439,2009,7,Juli,228.52
KMI_6439,2009,8,Augustus,48.3
KMI_6439,2009,9,September,12.1
KMI_6439,2009,10,Oktober,147.61
KMI_6439,2009,11,November,51.37
KMI_6439,2009,12,December,31.16
KMI_6439,2010,1,Januari,7.76
KMI_6439,2010,2,Februari,28.28
KMI_6439,2010,3,Maart,92.81
KMI_6439,2010,4,April,8.13
KMI_6439,2010,5,Mei,55.93
KMI_6439,2010,6,Juni,121.33
KMI_6439,2010,7,Juli,357.98
KMI_6439,2010,8,Augustus,173.34
KMI_6439,2010,9,September,170.45
KMI_6439,2010,10,Oktober,45.84
KMI_6439,2010,11,November,193.27
KMI_6439,2010,12,December,13.12
KMI_6439,2011,1,Januari,24.91
KMI_6439,2011,2,Februari,10.31
KMI_6439,2011,3,Maart,11.07
KMI_6439,2011,4,April,8.35
KMI_6439,2011,5,Mei,11.34
KMI_6439,2011,6,Juni,1525.72
KMI_6439,2011,7,Juli,21.21
KMI_6439,2011,8,Augustus,542.15
KMI_6439,2011,9,September,153.0
KMI_6439,2011,10,Oktober,12.38
KMI_6439,2011,11,November,0.86
KMI_6439,2011,12,December,117.77
KMI_6439,2012,1,Januari,117.45
KMI_6439,2012,2,Februari,8.35
KMI_6439,2012,3,Maart,8.87
KMI_6439,2012,4,April,55.25
KMI_6439,2012,5,Mei,35.3
KMI_6439,2012,6,Juni,314.48
KMI_6439,2012,7,Juli,267.36
KMI_6439,2012,8,Augustus,33.45
KMI_6439,2012,9,September,56.48
KMI_6439,2012,10,Oktober,68.89
KMI_6439,2012,11,November,11.32
KMI_6439,2012,12,December,114.23
KMI_6439,2013,1,Januari,29.82
KMI_6439,2013,2,Februari,14.96
KMI_6439,2013,3,Maart,7.15
KMI_6439,2013,4,April,6.17
KMI_6439,2013,5,Mei,67.66
KMI_6439,2013,6,Juni,276.06
KMI_6439,2013,7,Juli,243.22
KMI_6439,2013,8,Augustus,19.4
KMI_6439,2013,9,September,37.81
KMI_6439,2013,10,Oktober,197.19
KMI_6439,2013,11,November,65.6
KMI_6439,2013,12,December,54.49
KMI_6439,2014,1,Januari,34.6
KMI_6439,2014,2,Februari,27.21
KMI_6439,2014,3,Maart,15.47
KMI_6439,2014,4,April,6.56
KMI_6439,2014,5,Mei,127.21
KMI_6439,2014,6,Juni,349.1
KMI_6439,2014,7,Juli,529.34
KMI_6439,2014,8,Augustus,246.75
KMI_6439,2014,9,September,11.59
KMI_6439,2014,10,Oktober,61.35
KMI_6439,2014,11,November,54.63
KMI_6439,2014,12,December,56.29
KMI_6439,2015,1,Januari,71.93
KMI_6439,2015,2,Februari,9.7
KMI_6439,2015,3,Maart,55.17
KMI_6439,2015,4,April,10.41
KMI_6439,2015,5,Mei,56.09
KMI_6439,2015,6,Juni,58.96
KMI_6439,2015,7,Juli,47.68
KMI_6439,2015,8,Augustus,551.32
KMI_6439,2015,9,September,102.59
KMI_6439,2015,10,Oktober,12.52
KMI_6439,2015,11,November,57.19
KMI_6439,2015,12,December,10.08
KMI_6439,2016,1,Januari,105.24
KMI_6439,2016,2,Februari,49.94
KMI_6439,2016,3,Maart,20.87
KMI_6439,2016,4,April,41.0
KMI_6439,2016,5,Mei,227.45
KMI_6439,2016,6,Juni,773.78
KMI_6439,2016,7,Juli,125.26
KMI_6439,2016,8,Augustus,192.01
KMI_6439,2016,9,September,48.79
KMI_6439,2016,10,Oktober,11.9
KMI_6439,2016,11,November,96.2
KMI_6439,2016,12,December,6.46
KMI_6439,2017,1,Januari,21.66
KMI_6439,2017,2,Februari,29.83
KMI_6439,2017,3,Maart,13.56
KMI_6439,2017,4,April,9.29
KMI_6439,2017,5,Mei,14.33
KMI_6439,2017,6,Juni,20.29
KMI_6439,2017,7,Juli,189.46
KMI_6439,2017,8,Augustus,206.59
KMI_6439,2017,9,September,105.67
KMI_6439,2017,10,Oktober,29.06
KMI_6439,2017,11,November,41.38
KMI_6439,2017,12,December,59.48
KMI_6439,2018,1,Januari,33.78
KMI_6439,2018,2,Februari,11.74
KMI_6439,2018,3,Maart,33.86
KMI_6439,2018,4,April,65.68
KMI_6439,2018,5,Mei,22.38
KMI_6439,2018,6,Juni,29.22
KMI_6439,2018,7,Juli,0.31
KMI_6439,2018,8,Augustus,283.04
KMI_6439,2018,9,September,279.65
KMI_6439,2018,10,Oktober,32.38
KMI_6439,2018,11,November,5.48
KMI_6439,2018,12,December,45.43
KMI_6439,2019,1,Januari,19.37
KMI_6439,2019,2,Februari,12.28
KMI_6439,2019,3,Maart,56.06
KMI_6439,2019,4,April,18.65
KMI_6439,2019,5,Mei,26.13
KMI_6439,2019,6,Juni,87.92
KMI_6439,2019,7,Juli,58.67
KMI_6439,2019,8,Augustus,68.63
KMI_6439,2019,9,September,150.16
KMI_6439,2019,10,Oktober,37.37
KMI_6439,2019,11,November,125.39
KMI_6439,2019,12,December,28.03
KMI_6439,2020,1,Januari,10.27
KMI_6439,2020,2,Februari,94.19
KMI_6439,2020,3,Maart,26.17
KMI_6439,2020,4,April,37.2
KMI_6439,2020,5,Mei,7.01
KMI_6439,2020,6,Juni,135.59
KMI_6439,2020,7,Juli,13.87
KMI_6439,2020,8,Augustus,204.75
KMI_6439,2020,9,September,105.57
KMI_6439,2020,10,Oktober,72.91
KMI_6439,2020,11,November,17.07
KMI_6439,2020,12,December,23.01
KMI_6439,2021,1,Januari,42.41
KMI_6439,2021,2,Februari,66.81
KMI_6439,2021,3,Maart,12.38
KMI_6439,2021,4,April,7.37
KMI_6439,2021,5,Mei,80.91
KMI_6439,2021,6,Juni,678.29
KMI_6439,2021,7,Juli,247.17
KMI_6439,2021,8,Augustus,331.33
KMI_6439,2021,9,September,4.36
KMI_6439,2021,10,Oktober,66.32
KMI_6439,2021,11,November,33.67
KMI_6439,2021,12,December,54.15
KMI_6439,2022,1,Januari,19.85
KMI_6439,2022,2,Februari,95.22
KMI_6439,2022,3,Maart,0.0
KMI_6439,2022,4,April,4.65
KMI_6439,2022,5,Mei,123.29
KMI_6439,2022,6,Juni,357.74
KMI_6439,2022,7,Juli,50.32
KMI_6439,2022,8,Augustus,4.62
KMI_6439,2022,9,September,306.78
KMI_6439,2022,10,Oktober,41.1
KMI_6439,2022,11,November,28.62
KMI_6439,2022,12,December,44.73
KMI_6439,2023,1,Januari,49.46
KMI_6439,2023,2,Februari,0.3
KMI_6439,2023,3,Maart,80.95
KMI_6439,2023,4,April,13.28
KMI_6439,2023,5,Mei,73.46
KMI_6439,2023,6,Juni,104.88
KMI_6439,2023,7,Juli,390.72
KMI_6439,2023,8,Augustus,301.0
KMI_6439,2023,9,September,78.9
KMI_6439,2023,10,Oktober,133.65
KMI_6439,2023,11,November,105.0
KMI_6439,2023,12,December,49.07
KMI_6439,2024,1,Januari,44.26
KMI_6439,2024,2,Februari,52.3
KMI_6439,2024,3,Maart,28.56
KMI_6439,2024,4,April,26.71
KMI_6439,2024,5,Mei,231.39
KMI_6439,2024,6,Juni,226.5
KMI_6439,2024,7,Juli,874.32
KMI_6439,2024,8,Augustus,277.29
KMI_6439,2024,9,September,309.04
KMI_6439,2024,10,Oktober,38.64
KMI_6439,2024,11,November,56.21
KMI_6439,2024,12,December,54.22
KMI_6447,1898,1,Januari,4.21
KMI_6447,1898,2,Februari,31.14
KMI_6447,1898,3,Maart,20.29
KMI_6447,1898,4,April,19.39
KMI_6447,1898,5,Mei,31.64
KMI_6447,1898,6,Juni,271.08
KMI_6447,1898,7,Juli,16.03
KMI_6447,1898,8,Augustus,194.72
KMI_6447,1898,9,September,4.83
KMI_6447,1898,10,Oktober,21.51
KMI_6447,1898,11,November,16.1
KMI_6447,1898,12,December,4.73
KMI_6447,1899,1,Januari,25.57
KMI_6447,1899,2,Februari,5.0
KMI_6447,1899,3,Maart,2.47
KMI_6447,1899,4,April,29.6
KMI_6447,1899,5,Mei,82.17
KMI_6447,1899,6,Juni,25.79
KMI_6447,1899,7,Juli,264.03
KMI_6447,1899,8,Augustus,39.56
KMI_6447,1899,9,September,731.09
KMI_6447,1899,10,Oktober,80.75
KMI_6447,1899,11,November,15.38
KMI_6447,1899,12,December,21.14
KMI_6447,1900,1,Januari,21.96
KMI_6447,1900,2,Februari,17.84
KMI_6447,1900,3,Maart,3.52
KMI_6447,1900,4,April,16.62
KMI_6447,1900,5,Mei,57.32
KMI_6447,1900,6,Juni,62.33
KMI_6447,1900,7,Juli,167.04
KMI_6447,1900,8,Augustus,48.63
KMI_6447,1900,9,September,87.51
KMI_6447,1900,10,Oktober,107.17
KMI_6447,1900,11,November,13.57
KMI_6447,1900,12,December,173.17
KMI_6447,1901,1,Januari,31.85
KMI_6447,1901,2,Februari,7.38
KMI_6447,1901,3,Maart,70.6
KMI_6447,1901,4,April,40.5
KMI_6447,1901,5,Mei,1.53
KMI_6447,1901,6,Juni,104.84
KMI_6447,1901,7,Juli,387.55
KMI_6447,1901,8,Augustus,112.7
KMI_6447,1901,9,September,32.29
KMI_6447,1901,10,Oktober,73.83
KMI_6447,1901,11,November,12.24
KMI_6447,1901,12,December,28.0
KMI_6447,1902,1,Januari,17.21
KMI_6447,1902,2,Februari,17.55
KMI_6447,1902,3,Maart,7.95
KMI_6447,1902,4,April,28.54
KMI_6447,1902,5,Mei,44.59
KMI_6447,1902,6,Juni,63.4
KMI_6447,1902,7,Juli,129.59
KMI_6447,1902,8,Augustus,200.45
KMI_6447,1902,9,September,727.55
KMI_6447,1902,10,Oktober,72.09
KMI_6447,1902,11,November,11.09
KMI_6447,1902,12,December,38.88
KMI_6447,1903,1,Januari,30.97
KMI_6447,1903,2,Februari,6.17
KMI_6447,1903,3,Maart,21.66
KMI_6447,1903,4,April,58.85
KMI_6447,1903,5,Mei,22.62
KMI_6447,1903,6,Juni,57.82
KMI_6447,1903,7,Juli,247.79
KMI_6447,1903,8,Augustus,64.69
KMI_6447,1903,9,September,76.08
KMI_6447,1903,10,Oktober,432.5
KMI_6447,1903,11,November,16.6
KMI_6447,1903,12,December,7.57
KMI_6447,1904,1,Januari,20.8
KMI_6447,1904,2,Februari,39.56
KMI_6447,1904,3,Maart,27.55
KMI_6447,1904,4,April,5.54
KMI_6447,1904,5,Mei,31.16
KMI_6447,1904,6,Juni,25.73
KMI_6447,1904,7,Juli,121.66
KMI_6447,1904,8,Augustus,70.59
KMI_6447,1904,9,September,267.55
KMI_6447,1904,10,Oktober,17.6
KMI_6447,1904,11,November,37.06
KMI_6447,1904,12,December,66.96
KMI_6447,1905,1,Januari,11.21
KMI_6447,1905,2,Februari,4.19
KMI_6447,1905,3,Maart,60.98
KMI_6447,1905,4,April,48.52
KMI_6447,1905,5,Mei,189.55
KMI_6447,1905,6,Juni,74.2
KMI_6447,1905,7,Juli,335.48
KMI_6447,1905,8,Augustus,416.71
KMI_6447,1905,9,September,79.2
KMI_6447,1905,10,Oktober,84.14
KMI_6447,1905,11,November,34.76
KMI_6447,1905,12,December,8.57
KMI_6447,1906,1,Januari,62.46
KMI_6447,1906,2,Februari,23.91
KMI_6447,1906,3,Maart,23.53
KMI_6447,1906,4,April,20.99
KMI_6447,1906,5,Mei,112.62
KMI_6447,1906,6,Juni,23.23
KMI_6447,1906,7,Juli,337.46
KMI_6447,1906,8,Augustus,24.83
KMI_6447,1906,9,September,77.62
KMI_6447,1906,10,Oktober,26.32
KMI_6447,1906,11,November,38.11
KMI_6447,1906,12,December,17.9
KMI_6447,1907,1,Januari,16.87
KMI_6447,1907,2,Februari,26.93
KMI_6447,1907,3,Maart,19.96
KMI_6447,1907,4,April,45.56
KMI_6447,1907,5,Mei,74.83
KMI_6447,1907,6,Juni,38.08
KMI_6447,1907,7,Juli,64.84
KMI_6447,1907,8,Augustus,109.89
KMI_6447,1907,9,September,8.22
KMI_6447,1907,10,Oktober,51.66
KMI_6447,1907,11,November,14.72
KMI_6447,1907,12,December,20.27
KMI_6447,1908,1,Januari,9.7
KMI_6447,1908,2,Februari,21.75
KMI_6447,1908,3,Maart,11.5
KMI_6447,1908,4,April,14.78
KMI_6447,1908,5,Mei,182.74
KMI_6447,1908,6,Juni,190.73
KMI_6447,1908,7,Juli,139.42
KMI_6447,1908,8,Augustus,119.0
KMI_6447,1908,9,September,61.41
KMI_6447,1908,10,Oktober,8.72
KMI_6447,1908,11,November,51.27
KMI_6447,1908,12,December,11.42
KMI_6447,1909,1,Januari,12.41
KMI_6447,1909,2,Februari,6.31
KMI_6447,1909,3,Maart,36.31
KMI_6447,1909,4,April,71.64
KMI_6447,1909,5,Mei,8.37
KMI_6447,1909,6,Juni,67.65
KMI_6447,1909,7,Juli,127.39
KMI_6447,1909,8,Augustus,51.12
KMI_6447,1909,9,September,69.15
KMI_6447,1909,10,Oktober,49.56
KMI_6447,1909,11,November,12.41
KMI_6447,1909,12,December,103.39
KMI_6447,1910,1,Januari,34.16
KMI_6447,1910,2,Februari,59.01
KMI_6447,1910,3,Maart,17.64
KMI_6447,1910,4,April,29.18
KMI_6447,1910,5,Mei,262.87
KMI_6447,1910,6,Juni,125.13
KMI_6447,1910,7,Juli,401.98
KMI_6447,1910,8,Augustus,169.17
KMI_6447,1910,9,September,98.72
KMI_6447,1910,10,Oktober,37.82
KMI_6447,1910,11,November,110.55
KMI_6447,1910,12,December,34.54
KMI_6447,1911,1,Januari,8.04
KMI_6447,1911,2,Februari,15.89
KMI_6447,1911,3,Maart,77.69
KMI_6447,1911,4,April,22.06
KMI_6447,1911,5,Mei,56.73
KMI_6447,1911,6,Juni,86.45
KMI_6447,1911,7,Juli,5.07
KMI_6447,1911,8,Augustus,49.82
KMI_6447,1911,9,September,149.07
KMI_6447,1911,10,Oktober,42.54
KMI_6447,1911,11,November,32.2
KMI_6447,1911,12,December,51.43
KMI_6447,1912,1,Januari,26.94
KMI_6447,1912,2,Februari,18.63
KMI_6447,1912,3,Maart,53.67
KMI_6447,1912,4,April,8.36
KMI_6447,1912,5,Mei,14.31
KMI_6447,1912,6,Juni,95.27
KMI_6447,1912,7,Juli,498.19
KMI_6447,1912,8,Augustus,220.84
KMI_6447,1912,9,September,54.8
KMI_6447,1912,10,Oktober,53.66
KMI_6447,1912,11,November,62.41
KMI_6447,1912,12,December,56.43
KMI_6447,1913,1,Januari,31.46
KMI_6447,1913,2,Februari,7.52
KMI_6447,1913,3,Maart,72.67
KMI_6447,1913,4,April,47.66
KMI_6447,1913,5,Mei,227.76
KMI_6447,1913,6,Juni,78.4
KMI_6447,1913,7,Juli,202.93
KMI_6447,1913,8,Augustus,20.0
KMI_6447,1913,9,September,35.76
KMI_6447,1913,10,Oktober,25.42
KMI_6447,1913,11,November,73.7
KMI_6447,1913,12,December,25.82
KMI_6447,1914,1,Januari,80.59
KMI_6447,1914,2,Februari,19.56
KMI_6447,1914,3,Maart,78.26
KMI_6447,1914,4,April,29.45
KMI_6447,1914,5,Mei,64.09
KMI_6447,1914,6,Juni,100.92
KMI_6447,1914,7,Juli,891.51
KMI_6447,1914,8,Augustus,121.5
KMI_6447,1914,9,September,88.15
KMI_6447,1914,10,Oktober,12.41
KMI_6447,1914,11,November,62.05
KMI_6447,1914,12,December,48.49
KMI_6447,1915,1,Januari,59.7
KMI_6447,1915,2,Februari,68.56
KMI_6447,1915,3,Maart,16.26
KMI_6447,1915,4,April,41.6
KMI_6447,1915,5,Mei,112.62
KMI_6447,1915,6,Juni,232.08
KMI_6447,1915,7,Juli,61.49
KMI_6447,1915,8,Augustus,302.25
KMI_6447,1915,9,September,67.83
KMI_6447,1915,10,Oktober,16.67
KMI_6447,1915,11,November,58.5
KMI_6447,1915,12,December,75.35
KMI_6447,1916,1,Januari,28.89
KMI_6447,1916,2,Februari,39.64
KMI_6447,1916,3,Maart,34.29
KMI_6447,1916,4,April,94.93
KMI_6447,1916,5,Mei,67.12
KMI_6447,1916,6,Juni,168.18
KMI_6447,1916,7,Juli,688.2
KMI_6447,1916,8,Augustus,250.16
KMI_6447,1916,9,September,136.37
KMI_6447,1916,10,Oktober,33.88
KMI_6447,1916,11,November,56.96
KMI_6447,1916,12,December,112.34
KMI_6447,1917,1,Januari,17.17
KMI_6447,1917,2,Februari,4.84
KMI_6447,1917,3,Maart,28.48
KMI_6447,1917,4,April,34.65
KMI_6447,1917,5,Mei,400.53
KMI_6447,1917,6,Juni,275.89
KMI_6447,1917,7,Juli,282.7
KMI_6447,1917,8,Augustus,146.23
KMI_6447,1917,9,September,13.27
KMI_6447,1917,10,Oktober,132.34
KMI_6447,1917,11,November,39.46
KMI_6447,1917,12,December,7.29
KMI_6447,1918,1,Januari,113.76
KMI_6447,1918,2,Februari,16.94
KMI_6447,1918,3,Maart,26.03
KMI_6447,1918,4,April,24.34
KMI_6447,1918,5,Mei,107.53
KMI_6447,1918,6,Juni,20.6
KMI_6447,1918,7,Juli,142.85
KMI_6447,1918,8,Augustus,332.71
KMI_6447,1918,9,September,215.43
KMI_6447,1918,10,Oktober,30.66
KMI_6447,1918,11,November,15.82
KMI_6447,1918,12,December,70.7
KMI_6447,1919,1,Januari,17.16
KMI_6447,1919,2,Februari,16.58
KMI_6447,1919,3,Maart,82.54
KMI_6447,1919,4,April,63.34
KMI_6447,1919,5,Mei,19.17
KMI_6447,1919,6,Juni,30.61
KMI_6447,1919,7,Juli,368.6
KMI_6447,1919,8,Augustus,34.45
KMI_6447,1919,9,September,107.18
KMI_6447,1919,10,Oktober,63.63
KMI_6447,1919,11,November,50.98
KMI_6447,1919,12,December,104.35
KMI_6447,1920,1,Januari,112.44
KMI_6447,1920,2,Februari,16.77
KMI_6447,1920,3,Maart,7.75
KMI_6447,1920,4,April,72.18
KMI_6447,1920,5,Mei,150.96
KMI_6447,1920,6,Juni,26.34
KMI_6447,1920,7,Juli,726.86
KMI_6447,1920,8,Augustus,87.19
KMI_6447,1920,9,September,46.3
KMI_6447,1920,10,Oktober,9.8
KMI_6447,1920,11,November,32.16
KMI_6447,1920,12,December,21.68
KMI_6447,1921,1,Januari,54.0
KMI_6447,1921,2,Februari,1.19
KMI_6447,1921,3,Maart,12.18
KMI_6447,1921,4,April,15.39
KMI_6447,1921,5,Mei,4.95
KMI_6447,1921,6,Juni,5.7
KMI_6447,1921,7,Juli,2.7
KMI_6447,1921,8,Augustus,11.92
KMI_6447,1921,9,September,14.26
KMI_6447,1921,10,Oktober,36.9
KMI_6447,1921,11,November,57.86
KMI_6447,1921,12,December,24.78
KMI_6447,1922,1,Januari,39.06
KMI_6447,1922,2,Februari,19.14
KMI_6447,1922,3,Maart,19.11
KMI_6447,1922,4,April,86.27
KMI_6447,1922,5,Mei,4.27
KMI_6447,1922,6,Juni,1216.12
KMI_6447,1922,7,Juli,170.75
KMI_6447,1922,8,Augustus,145.41
KMI_6447,1922,9,September,70.45
KMI_6447,1922,10,Oktober,50.66
KMI_6447,1922,11,November,34.83
KMI_6447,1922,12,December,19.24
KMI_6447,1923,1,Januari,16.97
KMI_6447,1923,2,Februari,51.01
KMI_6447,1923,3,Maart,19.74
KMI_6447,1923,4,April,5.83
KMI_6447,1923,5,Mei,188.9
KMI_6447,1923,6,Juni,13.2
KMI_6447,1923,7,Juli,972.9
KMI_6447,1923,8,Augustus,59.67
KMI_6447,1923,9,September,42.65
KMI_6447,1923,10,Oktober,161.69
KMI_6447,1923,11,November,58.15
KMI_6447,1923,12,December,57.99
KMI_6447,1924,1,Januari,15.69
KMI_6447,1924,2,Februari,6.37
KMI_6447,1924,3,Maart,19.1
KMI_6447,1924,4,April,35.88
KMI_6447,1924,5,Mei,182.5
KMI_6447,1924,6,Juni,52.45
KMI_6447,1924,7,Juli,88.36
KMI_6447,1924,8,Augustus,231.28
KMI_6447,1924,9,September,140.07
KMI_6447,1924,10,Oktober,72.62
KMI_6447,1924,11,November,51.37
KMI_6447,1924,12,December,28.04
KMI_6447,1925,1,Januari,62.25
KMI_6447,1925,2,Februari,23.29
KMI_6447,1925,3,Maart,13.84
KMI_6447,1925,4,April,40.35
KMI_6447,1925,5,Mei,39.75
KMI_6447,1925,6,Juni,24.15
KMI_6447,1925,7,Juli,223.44
KMI_6447,1925,8,Augustus,251.37
KMI_6447,1925,9,September,79.66
KMI_6447,1925,10,Oktober,47.36
KMI_6447,1925,11,November,68.98
KMI_6447,1925,12,December,81.16
KMI_6447,1926,1,Januari,23.34
KMI_6447,1926,2,Februari,55.5
KMI_6447,1926,3,Maart,25.86
KMI_6447,1926,4,April,8.54
KMI_6447,1926,5,Mei,76.78
KMI_6447,1926,6,Juni,94.19
KMI_6447,1926,7,Juli,270.79
KMI_6447,1926,8,Augustus,209.57
KMI_6447,1926,9,September,89.52
KMI_6447,1926,10,Oktober,196.58
KMI_6447,1926,11,November,38.02
KMI_6447,1926,12,December,29.32
KMI_6447,1927,1,Januari,28.28
KMI_6447,1927,2,Februari,34.36
KMI_6447,1927,3,Maart,57.28
KMI_6447,1927,4,April,28.07
KMI_6447,1927,5,Mei,113.4
KMI_6447,1927,6,Juni,29.38
KMI_6447,1927,7,Juli,78.36
KMI_6447,1927,8,Augustus,88.54
KMI_6447,1927,9,September,149.19
KMI_6447,1927,10,Oktober,6.57
KMI_6447,1927,11,November,22.04
KMI_6447,1927,12,December,48.47
KMI_6447,1928,1,Januari,27.96
KMI_6447,1928,2,Februari,37.62
KMI_6447,1928,3,Maart,12.39
KMI_6447,1928,4,April,131.46
KMI_6447,1928,5,Mei,160.09
KMI_6447,1928,6,Juni,55.99
KMI_6447,1928,7,Juli,41.9
KMI_6447,1928,8,Augustus,277.19
KMI_6447,1928,9,September,15.97
KMI_6447,1928,10,Oktober,82.41
KMI_6447,1928,11,November,139.87
KMI_6447,1928,12,December,34.12
KMI_6447,1929,1,Januari,4.81
KMI_6447,1929,2,Februari,3.01
KMI_6447,1929,3,Maart,0.4
KMI_6447,1929,4,April,28.86
KMI_6447,1929,5,Mei,2.37
KMI_6447,1929,6,Juni,264.05
KMI_6447,1929,7,Juli,14.02
KMI_6447,1929,8,Augustus,10.91
KMI_6447,1929,9,September,62.3
KMI_6447,1929,10,Oktober,70.15
KMI_6447,1929,11,November,49.88
KMI_6447,1929,12,December,67.13
KMI_6447,1930,1,Januari,14.46
KMI_6447,1930,2,Februari,7.72
KMI_6447,1930,3,Maart,4.54
KMI_6447,1930,4,April,37.63
KMI_6447,1930,5,Mei,108.02
KMI_6447,1930,6,Juni,244.25
KMI_6447,1930,7,Juli,733.36
KMI_6447,1930,8,Augustus,78.7
KMI_6447,1930,9,September,60.79
KMI_6447,1930,10,Oktober,42.07
KMI_6447,1930,11,November,132.87
KMI_6447,1930,12,December,19.69
KMI_6447,1931,1,Januari,29.94
KMI_6447,1931,2,Februari,47.46
KMI_6447,1931,3,Maart,14.29
KMI_6447,1931,4,April,34.88
KMI_6447,1931,5,Mei,302.18
KMI_6447,1931,6,Juni,43.86
KMI_6447,1931,7,Juli,246.64
KMI_6447,1931,8,Augustus,244.98
KMI_6447,1931,9,September,95.78
KMI_6447,1931,10,Oktober,32.87
KMI_6447,1931,11,November,16.38
KMI_6447,1931,12,December,13.05
KMI_6447,1932,1,Januari,33.21
KMI_6447,1932,2,Februari,3.58
KMI_6447,1932,3,Maart,23.9
KMI_6447,1932,4,April,80.63
KMI_6447,1932,5,Mei,60.87
KMI_6447,1932,6,Juni,12.31
KMI_6447,1932,7,Juli,102.07
KMI_6447,1932,8,Augustus,184.87
KMI_6447,1932,9,September,557.48
KMI_6447,1932,10,Oktober,238.92
KMI_6447,1932,11,November,11.63
KMI_6447,1932,12,December,9.98
KMI_6447,1933,1,Januari,6.73
KMI_6447,1933,2,Februari,10.59
KMI_6447,1933,3,Maart,34.14
KMI_6447,1933,4,April,3.84
KMI_6447,1933,5,Mei,100.43
KMI_6447,1933,6,Juni,96.58
KMI_6447,1933,7,Juli,145.08
KMI_6447,1933,8,Augustus,59.66
KMI_6447,1933,9,September,122.06
KMI_6447,1933,10,Oktober,85.63
KMI_6447,1933,11,November,14.4
KMI_6447,1933,12,December,1.64
KMI_6447,1934,1,Januari,24.74
KMI_6447,1934,2,Februari,1.19
KMI_6447,1934,3,Maart,26.25
KMI_6447,1934,4,April,89.72
KMI_6447,1934,5,Mei,23.44
KMI_6447,1934,6,Juni,118.87
KMI_6447,1934,7,Juli,22.26
KMI_6447,1934,8,Augustus,56.63
KMI_6447,1934,9,September,18.9
KMI_6447,1934,10,Oktober,90.58
KMI_6447,1934,11,November,24.34
KMI_6447,1934,12,December,53.04
KMI_6447,1935,1,Januari,35.1
KMI_6447,1935,2,Februari,31.43
KMI_6447,1935,3,Maart,4.95
KMI_6447,1935,4,April,102.26
KMI_6447,1935,5,Mei,16.44
KMI_6447,1935,6,Juni,226.52
KMI_6447,1935,7,Juli,3.35
KMI_6447,1935,8,Augustus,186.59
KMI_6447,1935,9,September,214.18
KMI_6447,1935,10,Oktober,106.84
KMI_6447,1935,11,November,67.83
KMI_6447,1935,12,December,30.47
KMI_6447,1936,1,Januari,64.76
KMI_6447,1936,2,Februari,13.04
KMI_6447,1936,3,Maart,3.21
KMI_6447,1936,4,April,24.25
KMI_6447,1936,5,Mei,10.9
KMI_6447,1936,6,Juni,72.87
KMI_6447,1936,7,Juli,199.02
KMI_6447,1936,8,Augustus,2.35
KMI_6447,1936,9,September,52.88
KMI_6447,1936,10,Oktober,64.12
KMI_6447,1936,11,November,44.53
KMI_6447,1936,12,December,15.77
KMI_6447,1937,1,Januari,36.98
KMI_6447,1937,2,Februari,105.11
KMI_6447,1937,3,Maart,36.49
KMI_6447,1937,4,April,82.71
KMI_6447,1937,5,Mei,54.6
KMI_6447,1937,6,Juni,52.34
KMI_6447,1937,7,Juli,51.77
KMI_6447,1937,8,Augustus,35.93
KMI_6447,1937,9,September,24.07
KMI_6447,1937,10,Oktober,4.69
KMI_6447,1937,11,November,13.73
KMI_6447,1937,12,December,21.39
KMI_6447,1938,1,Januari,127.58
KMI_6447,1938,2,Februari,14.58
KMI_6447,1938,3,Maart,20.88
KMI_6447,1938,4,April,9.15
KMI_6447,1938,5,Mei,41.48
KMI_6447,1938,6,Juni,47.97
KMI_6447,1938,7,Juli,33.69
KMI_6447,1938,8,Augustus,169.68
KMI_6447,1938,9,September,31.28
KMI_6447,1938,10,Oktober,108.58
KMI_6447,1938,11,November,47.82
KMI_6447,1938,12,December,15.46
KMI_6447,1939,1,Januari,34.44
KMI_6447,1939,2,Februari,12.66
KMI_6447,1939,3,Maart,42.02
KMI_6447,1939,4,April,40.73
KMI_6447,1939,5,Mei,34.78
KMI_6447,1939,6,Juni,61.59
KMI_6447,1939,7,Juli,129.13
KMI_6447,1939,8,Augustus,120.33
KMI_6447,1939,9,September,184.46
KMI_6447,1939,10,Oktober,64.87
KMI_6447,1939,11,November,204.91
KMI_6447,1939,12,December,15.17
KMI_6447,1940,1,Januari,8.81
KMI_6447,1940,2,Februari,15.81
KMI_6447,1940,3,Maart,83.25
KMI_6447,1940,4,April,58.36
KMI_6447,1940,5,Mei,112.72
KMI_6447,1940,6,Juni,15.22
KMI_6447,1940,7,Juli,92.9
KMI_6447,1940,8,Augustus,22.43
KMI_6447,1940,9,September,27.98
KMI_6447,1940,10,Oktober,8.86
KMI_6447,1940,11,November,149.97
KMI_6447,1940,12,December,84.65
KMI_6447,1941,1,Januari,14.84
KMI_6447,1941,2,Februari,8.99
KMI_6447,1941,3,Maart,46.32
KMI_6447,1941,4,April,6.37
KMI_6447,1941,5,Mei,29.48
KMI_6447,1941,6,Juni,33.1
KMI_6447,1941,7,Juli,184.88
KMI_6447,1941,8,Augustus,72.81
KMI_6447,1941,9,September,12.91
KMI_6447,1941,10,Oktober,120.49
KMI_6447,1941,11,November,6.59
KMI_6447,1941,12,December,24.34
KMI_6447,1942,1,Januari,20.91
KMI_6447,1942,2,Februari,9.38
KMI_6447,1942,3,Maart,22.35
KMI_6447,1942,4,April,9.14
KMI_6447,1942,5,Mei,97.32
KMI_6447,1942,6,Juni,49.55
KMI_6447,1942,7,Juli,1341.13
KMI_6447,1942,8,Augustus,55.88
KMI_6447,1942,9,September,54.55
KMI_6447,1942,10,Oktober,38.61
KMI_6447,1942,11,November,15.74
KMI_6447,1942,12,December,46.88
KMI_6447,1943,1,Januari,54.01
KMI_6447,1943,2,Februari,14.04
KMI_6447,1943,3,Maart,9.6
KMI_6447,1943,4,April,24.26
KMI_6447,1943,5,Mei,59.75
KMI_6447,1943,6,Juni,43.17
KMI_6447,1943,7,Juli,894.56
KMI_6447,1943,8,Augustus,86.1
KMI_6447,1943,9,September,102.83
KMI_6447,1943,10,Oktober,7.0
KMI_6447,1943,11,November,66.99
KMI_6447,1943,12,December,66.31
KMI_6447,1944,1,Januari,17.8
KMI_6447,1944,2,Februari,12.27
KMI_6447,1944,3,Maart,4.01
KMI_6447,1944,4,April,10.45
KMI_6447,1944,5,Mei,14.38
KMI_6447,1944,6,Juni,22.63
KMI_6447,1944,7,Juli,36.94
KMI_6447,1944,8,Augustus,6.35
KMI_6447,1944,9,September,71.41
KMI_6447,1944,10,Oktober,88.98
KMI_6447,1944,11,November,105.58
KMI_6447,1944,12,December,44.34
KMI_6447,1945,1,Januari,31.81
KMI_6447,1945,2,Februari,25.88
KMI_6447,1945,3,Maart,6.2
KMI_6447,1945,4,April,19.7
KMI_6447,1945,5,Mei,140.24
KMI_6447,1945,6,Juni,70.14
KMI_6447,1945,7,Juli,308.18
KMI_6447,1945,8,Augustus,438.04
KMI_6447,1945,9,September,46.27
KMI_6447,1945,10,Oktober,32.86
KMI_6447,1945,11,November,10.08
KMI_6447,1945,12,December,30.08
KMI_6447,1946,1,Januari,65.99
KMI_6447,1946,2,Februari,85.31
KMI_6447,1946,3,Maart,38.04
KMI_6447,1946,4,April,21.92
KMI_6447,1946,5,Mei,40.55
KMI_6447,1946,6,Juni,187.11
KMI_6447,1946,7,Juli,100.27
KMI_6447,1946,8,Augustus,104.71
KMI_6447,1946,9,September,49.92
KMI_6447,1946,10,Oktober,129.32
KMI_6447,1946,11,November,13.18
KMI_6447,1946,12,December,23.9
KMI_6447,1947,1,Januari,4.02
KMI_6447,1947,2,Februari,2.73
KMI_6447,1947,3,Maart,63.01
KMI_6447,1947,4,April,29.79
KMI_6447,1947,5,Mei,82.66
KMI_6447,1947,6,Juni,27.46
KMI_6447,1947,7,Juli,353.19
KMI_6447,1947,8,Augustus,19.42
KMI_6447,1947,9,September,30.85
KMI_6447,1947,10,Oktober,24.81
KMI_6447,1947,11,November,40.81
KMI_6447,1947,12,December,50.36
KMI_6447,1948,1,Januari,74.98
KMI_6447,1948,2,Februari,12.34
KMI_6447,1948,3,Maart,17.38
KMI_6447,1948,4,April,32.94
KMI_6447,1948,5,Mei,97.01
KMI_6447,1948,6,Juni,125.46
KMI_6447,1948,7,Juli,227.58
KMI_6447,1948,8,Augustus,184.8
KMI_6447,1948,9,September,36.6
KMI_6447,1948,10,Oktober,40.33
KMI_6447,1948,11,November,32.2
KMI_6447,1948,12,December,29.57
KMI_6447,1949,1,Januari,5.28
KMI_6447,1949,2,Februari,6.45
KMI_6447,1949,3,Maart,18.62
KMI_6447,1949,4,April,20.48
KMI_6447,1949,5,Mei,24.48
KMI_6447,1949,6,Juni,12.32
KMI_6447,1949,7,Juli,13.6
KMI_6447,1949,8,Augustus,124.94
KMI_6447,1949,9,September,46.23
KMI_6447,1949,10,Oktober,76.75
KMI_6447,1949,11,November,20.88
KMI_6447,1949,12,December,49.46
KMI_6447,1950,1,Januari,22.58
KMI_6447,1950,2,Februari,43.17
KMI_6447,1950,3,Maart,6.25
KMI_6447,1950,4,April,38.94
KMI_6447,1950,5,Mei,302.34
KMI_6447,1950,6,Juni,290.31
KMI_6447,1950,7,Juli,362.91
KMI_6447,1950,8,Augustus,100.08
KMI_6447,1950,9,September,68.9
KMI_6447,1950,10,Oktober,19.93
KMI_6447,1950,11,November,67.48
KMI_6447,1950,12,December,43.99
KMI_6447,1951,1,Januari,41.01
KMI_6447,1951,2,Februari,14.21
KMI_6447,1951,3,Maart,124.42
KMI_6447,1951,4,April,46.23
KMI_6447,1951,5,Mei,31.52
KMI_6447,1951,6,Juni,27.2
KMI_6447,1951,7,Juli,242.41
KMI_6447,1951,8,Augustus,220.32
KMI_6447,1951,9,September,152.46
KMI_6447,1951,10,Oktober,2.54
KMI_6447,1951,11,November,50.65
KMI_6447,1951,12,December,28.52
KMI_6447,1952,1,Januari,53.22
KMI_6447,1952,2,Februari,38.22
KMI_6447,1952,3,Maart,29.12
KMI_6447,1952,4,April,13.49
KMI_6447,1952,5,Mei,51.81
KMI_6447,1952,6,Juni,7.87
KMI_6447,1952,7,Juli,629.93
KMI_6447,1952,8,Augustus,123.64
KMI_6447,1952,9,September,64.24
KMI_6447,1952,10,Oktober,44.52
KMI_6447,1952,11,November,92.87
KMI_6447,1952,12,December,89.26
KMI_6447,1953,1,Januari,4.64
KMI_6447,1953,2,Februari,23.67
KMI_6447,1953,3,Maart,2.16
KMI_6447,1953,4,April,102.55
KMI_6447,1953,5,Mei,18.32
KMI_6447,1953,6,Juni,104.47
KMI_6447,1953,7,Juli,60.27
KMI_6447,1953,8,Augustus,180.67
KMI_6447,1953,9,September,48.98
KMI_6447,1953,10,Oktober,0.15
KMI_6447,1953,11,November,7.43
KMI_6447,1953,12,December,12.63
KMI_6447,1954,1,Januari,19.51
KMI_6447,1954,2,Februari,12.76
KMI_6447,1954,3,Maart,13.39
KMI_6447,1954,4,April,18.56
KMI_6447,1954,5,Mei,29.42
KMI_6447,1954,6,Juni,37.89
KMI_6447,1954,7,Juli,145.93
KMI_6447,1954,8,Augustus,211.93
KMI_6447,1954,9,September,269.01
KMI_6447,1954,10,Oktober,66.17
KMI_6447,1954,11,November,25.48
KMI_6447,1954,12,December,18.94
KMI_6447,1955,1,Januari,40.5
KMI_6447,1955,2,Februari,36.35
KMI_6447,1955,3,Maart,7.13
KMI_6447,1955,4,April,3.53
KMI_6447,1955,5,Mei,89.36
KMI_6447,1955,6,Juni,25.02
KMI_6447,1955,7,Juli,9.55
KMI_6447,1955,8,Augustus,63.29
KMI_6447,1955,9,September,63.18
KMI_6447,1955,10,Oktober,26.33
KMI_6447,1955,11,November,23.65
KMI_6447,1955,12,December,26.96
KMI_6447,1956,1,Januari,50.04
KMI_6447,1956,2,Februari,4.18
KMI_6447,1956,3,Maart,12.66
KMI_6447,1956,4,April,11.57
KMI_6447,1956,5,Mei,14.33
KMI_6447,1956,6,Juni,77.02
KMI_6447,1956,7,Juli,444.83
KMI_6447,1956,8,Augustus,165.07
KMI_6447,1956,9,September,125.37
KMI_6447,1956,10,Oktober,235.52
KMI_6447,1956,11,November,36.84
KMI_6447,1956,12,December,20.0
KMI_6447,1957,1,Januari,18.61
KMI_6447,1957,2,Februari,95.33
KMI_6447,1957,3,Maart,18.69
KMI_6447,1957,4,April,26.11
KMI_6447,1957,5,Mei,19.3
KMI_6447,1957,6,Juni,17.86
KMI_6447,1957,7,Juli,67.16
KMI_6447,1957,8,Augustus,339.68
KMI_6447,1957,9,September,146.88
KMI_6447,1957,10,Oktober,21.9
KMI_6447,1957,11,November,7.45
KMI_6447,1957,12,December,13.28
KMI_6447,1958,1,Januari,26.64
KMI_6447,1958,2,Februari,74.69
KMI_6447,1958,3,Maart,11.86
KMI_6447,1958,4,April,24.82
KMI_6447,1958,5,Mei,27.35
KMI_6447,1958,6,Juni,64.12
KMI_6447,1958,7,Juli,247.68
KMI_6447,1958,8,Augustus,148.36
KMI_6447,1958,9,September,113.26
KMI_6447,1958,10,Oktober,70.34
KMI_6447,1958,11,November,22.45
KMI_6447,1958,12,December,23.68
KMI_6447,1959,1,Januari,92.21
KMI_6447,1959,2,Februari,0.65
KMI_6447,1959,3,Maart,46.87
KMI_6447,1959,4,April,33.48
KMI_6447,1959,5,Mei,6.04
KMI_6447,1959,6,Juni,104.42
KMI_6447,1959,7,Juli,102.42
KMI_6447,1959,8,Augustus,119.41
KMI_6447,1959,9,September,1.85
KMI_6447,1959,10,Oktober,26.87
KMI_6447,1959,11,November,13.32
KMI_6447,1959,12,December,26.27
KMI_6447,1960,1,Januari,23.53
KMI_6447,1960,2,Februari,14.05
KMI_6447,1960,3,Maart,66.32
KMI_6447,1960,4,April,26.2
KMI_6447,1960,5,Mei,54.77
KMI_6447,1960,6,Juni,59.05
KMI_6447,1960,7,Juli,539.12
KMI_6447,1960,8,Augustus,118.92
KMI_6447,1960,9,September,184.34
KMI_6447,1960,10,Oktober,64.33
KMI_6447,1960,11,November,151.39
KMI_6447,1960,12,December,90.92
KMI_6447,1961,1,Januari,36.59
KMI_6447,1961,2,Februari,61.93
KMI_6447,1961,3,Maart,6.14
KMI_6447,1961,4,April,150.3
KMI_6447,1961,5,Mei,18.06
KMI_6447,1961,6,Juni,57.61
KMI_6447,1961,7,Juli,331.77
KMI_6447,1961,8,Augustus,53.5
KMI_6447,1961,9,September,126.13
KMI_6447,1961,10,Oktober,141.35
KMI_6447,1961,11,November,61.64
KMI_6447,1961,12,December,38.23
KMI_6447,1962,1,Januari,43.39
KMI_6447,1962,2,Februari,33.94
KMI_6447,1962,3,Maart,28.28
KMI_6447,1962,4,April,33.1
KMI_6447,1962,5,Mei,71.47
KMI_6447,1962,6,Juni,36.13
KMI_6447,1962,7,Juli,1700.05
KMI_6447,1962,8,Augustus,283.77
KMI_6447,1962,9,September,40.37
KMI_6447,1962,10,Oktober,48.37
KMI_6447,1962,11,November,18.56
KMI_6447,1962,12,December,57.26
KMI_6447,1963,1,Januari,3.3
KMI_6447,1963,2,Februari,1.9
KMI_6447,1963,3,Maart,23.96
KMI_6447,1963,4,April,15.0
KMI_6447,1963,5,Mei,23.23
KMI_6447,1963,6,Juni,246.8
KMI_6447,1963,7,Juli,255.04
KMI_6447,1963,8,Augustus,175.67
KMI_6447,1963,9,September,61.88
KMI_6447,1963,10,Oktober,122.85
KMI_6447,1963,11,November,34.8
KMI_6447,1963,12,December,3.98
KMI_6447,1964,1,Januari,3.37
KMI_6447,1964,2,Februari,6.29
KMI_6447,1964,3,Maart,27.08
KMI_6447,1964,4,April,40.03
KMI_6447,1964,5,Mei,152.9
KMI_6447,1964,6,Juni,338.6
KMI_6447,1964,7,Juli,63.48
KMI_6447,1964,8,Augustus,97.32
KMI_6447,1964,9,September,259.88
KMI_6447,1964,10,Oktober,195.98
KMI_6447,1964,11,November,79.91
KMI_6447,1964,12,December,66.4
KMI_6447,1965,1,Januari,70.82
KMI_6447,1965,2,Februari,10.88
KMI_6447,1965,3,Maart,24.51
KMI_6447,1965,4,April,102.35
KMI_6447,1965,5,Mei,281.49
KMI_6447,1965,6,Juni,131.5
KMI_6447,1965,7,Juli,463.58
KMI_6447,1965,8,Augustus,86.72
KMI_6447,1965,9,September,38.19
KMI_6447,1965,10,Oktober,15.3
KMI_6447,1965,11,November,38.62
KMI_6447,1965,12,December,81.85
KMI_6447,1966,1,Januari,15.05
KMI_6447,1966,2,Februari,46.05
KMI_6447,1966,3,Maart,31.22
KMI_6447,1966,4,April,47.05
KMI_6447,1966,5,Mei,62.4
KMI_6447,1966,6,Juni,321.26
KMI_6447,1966,7,Juli,123.89
KMI_6447,1966,8,Augustus,111.76
KMI_6447,1966,9,September,21.2
KMI_6447,1966,10,Oktober,134.93
KMI_6447,1966,11,November,88.69
KMI_6447,1966,12,December,100.8
KMI_6447,1967,1,Januari,21.88
KMI_6447,1967,2,Februari,57.98
KMI_6447,1967,3,Maart,41.63
KMI_6447,1967,4,April,13.04
KMI_6447,1967,5,Mei,49.04
KMI_6447,1967,6,Juni,82.16
KMI_6447,1967,7,Juli,33.85
KMI_6447,1967,8,Augustus,197.82
KMI_6447,1967,9,September,52.8
KMI_6447,1967,10,Oktober,72.22
KMI_6447,1967,11,November,34.77
KMI_6447,1967,12,December,41.31
KMI_6447,1968,1,Januari,27.96
KMI_6447,1968,2,Februari,19.67
KMI_6447,1968,3,Maart,33.74
KMI_6447,1968,4,April,17.81
KMI_6447,1968,5,Mei,30.46
KMI_6447,1968,6,Juni,25.17
KMI_6447,1968,7,Juli,158.65
KMI_6447,1968,8,Augustus,289.37
KMI_6447,1968,9,September,187.64
KMI_6447,1968,10,Oktober,23.31
KMI_6447,1968,11,November,11.87
KMI_6447,1968,12,December,34.05
KMI_6447,1969,1,Januari,10.6
KMI_6447,1969,2,Februari,13.73
KMI_6447,1969,3,Maart,24.15
KMI_6447,1969,4,April,39.03
KMI_6447,1969,5,Mei,77.0
KMI_6447,1969,6,Juni,308.56
KMI_6447,1969,7,Juli,692.99
KMI_6447,1969,8,Augustus,226.57
KMI_6447,1969,9,September,2.63
KMI_6447,1969,10,Oktober,3.55
KMI_6447,1969,11,November,42.39
KMI_6447,1969,12,December,10.49
KMI_6447,1970,1,Januari,11.38
KMI_6447,1970,2,Februari,43.47
KMI_6447,1970,3,Maart,28.7
KMI_6447,1970,4,April,38.89
KMI_6447,1970,5,Mei,22.25
KMI_6447,1970,6,Juni,32.19
KMI_6447,1970,7,Juli,52.11
KMI_6447,1970,8,Augustus,354.04
KMI_6447,1970,9,September,108.28
KMI_6447,1970,10,Oktober,67.24
KMI_6447,1970,11,November,27.28
KMI_6447,1970,12,December,3.94
KMI_6447,1971,1,Januari,27.55
KMI_6447,1971,2,Februari,11.82
KMI_6447,1971,3,Maart,14.48
KMI_6447,1971,4,April,7.22
KMI_6447,1971,5,Mei,509.35
KMI_6447,1971,6,Juni,98.44
KMI_6447,1971,7,Juli,209.74
KMI_6447,1971,8,Augustus,109.83
KMI_6447,1971,9,September,17.68
KMI_6447,1971,10,Oktober,8.9
KMI_6447,1971,11,November,105.5
KMI_6447,1971,12,December,2.87
KMI_6447,1972,1,Januari,16.43
KMI_6447,1972,2,Februari,13.35
KMI_6447,1972,3,Maart,34.63
KMI_6447,1972,4,April,35.62
KMI_6447,1972,5,Mei,63.99
KMI_6447,1972,6,Juni,128.01
KMI_6447,1972,7,Juli,349.91
KMI_6447,1972,8,Augustus,148.15
KMI_6447,1972,9,September,39.4
KMI_6447,1972,10,Oktober,5.47
KMI_6447,1972,11,November,51.96
KMI_6447,1972,12,December,16.04
KMI_6447,1973,1,Januari,10.05
KMI_6447,1973,2,Februari,15.86
KMI_6447,1973,3,Maart,8.12
KMI_6447,1973,4,April,42.78
KMI_6447,1973,5,Mei,48.93
KMI_6447,1973,6,Juni,67.5
KMI_6447,1973,7,Juli,48.7
KMI_6447,1973,8,Augustus,29.69
KMI_6447,1973,9,September,107.56
KMI_6447,1973,10,Oktober,127.12
KMI_6447,1973,11,November,52.74
KMI_6447,1973,12,December,21.74
KMI_6447,1974,1,Januari,57.7
KMI_6447,1974,2,Februari,61.47
KMI_6447,1974,3,Maart,34.15
KMI_6447,1974,4,April,20.28
KMI_6447,1974,5,Mei,264.32
KMI_6447,1974,6,Juni,208.09
KMI_6447,1974,7,Juli,79.31
KMI_6447,1974,8,Augustus,139.97
KMI_6447,1974,9,September,151.12
KMI_6447,1974,10,Oktober,101.76
KMI_6447,1974,11,November,63.09
KMI_6447,1974,12,December,78.72
KMI_6447,1975,1,Januari,34.76
KMI_6447,1975,2,Februari,10.01
KMI_6447,1975,3,Maart,39.53
KMI_6447,1975,4,April,32.66
KMI_6447,1975,5,Mei,4.07
KMI_6447,1975,6,Juni,40.98
KMI_6447,1975,7,Juli,115.62
KMI_6447,1975,8,Augustus,145.25
KMI_6447,1975,9,September,82.69
KMI_6447,1975,10,Oktober,0.63
KMI_6447,1975,11,November,73.06
KMI_6447,1975,12,December,51.36
KMI_6447,1976,1,Januari,13.22
KMI_6447,1976,2,Februari,16.43
KMI_6447,1976,3,Maart,13.92
KMI_6447,1976,4,April,2.14
KMI_6447,1976,5,Mei,19.19
KMI_6447,1976,6,Juni,0.26
KMI_6447,1976,7,Juli,717.12
KMI_6447,1976,8,Augustus,23.85
KMI_6447,1976,9,September,73.53
KMI_6447,1976,10,Oktober,26.9
KMI_6447,1976,11,November,54.17
KMI_6447,1976,12,December,55.91
KMI_6447,1977,1,Januari,22.89
KMI_6447,1977,2,Februari,46.02
KMI_6447,1977,3,Maart,94.96
KMI_6447,1977,4,April,35.29
KMI_6447,1977,5,Mei,76.34
KMI_6447,1977,6,Juni,193.64
KMI_6447,1977,7,Juli,64.12
KMI_6447,1977,8,Augustus,32.12
KMI_6447,1977,9,September,18.16
KMI_6447,1977,10,Oktober,18.01
KMI_6447,1977,11,November,140.45
KMI_6447,1977,12,December,20.06
KMI_6447,1978,1,Januari,20.3
KMI_6447,1978,2,Februari,10.02
KMI_6447,1978,3,Maart,102.38
KMI_6447,1978,4,April,53.38
KMI_6447,1978,5,Mei,733.15
KMI_6447,1978,6,Juni,208.9
KMI_6447,1978,7,Juli,92.25
KMI_6447,1978,8,Augustus,23.97
KMI_6447,1978,9,September,33.97
KMI_6447,1978,10,Oktober,24.57
KMI_6447,1978,11,November,7.41
KMI_6447,1978,12,December,71.44
KMI_6447,1979,1,Januari,18.36
KMI_6447,1979,2,Februari,14.84
KMI_6447,1979,3,Maart,65.29
KMI_6447,1979,4,April,26.6
KMI_6447,1979,5,Mei,32.35
KMI_6447,1979,6,Juni,262.16
KMI_6447,1979,7,Juli,12.98
KMI_6447,1979,8,Augustus,436.04
KMI_6447,1979,9,September,1.04
KMI_6447,1979,10,Oktober,11.09
KMI_6447,1979,11,November,62.09
KMI_6447,1979,12,December,51.71
KMI_6447,1980,1,Januari,39.15
KMI_6447,1980,2,Februari,19.64
KMI_6447,1980,3,Maart,83.29
KMI_6447,1980,4,April,41.28
KMI_6447,1980,5,Mei,50.85
KMI_6447,1980,6,Juni,111.53
KMI_6447,1980,7,Juli,212.97
KMI_6447,1980,8,Augustus,499.34
KMI_6447,1980,9,September,8.83
KMI_6447,1980,10,Oktober,99.17
KMI_6447,1980,11,November,20.37
KMI_6447,1980,12,December,37.63
KMI_6447,1981,1,Januari,121.36
KMI_6447,1981,2,Februari,18.09
KMI_6447,1981,3,Maart,76.73
KMI_6447,1981,4,April,11.31
KMI_6447,1981,5,Mei,271.4
KMI_6447,1981,6,Juni,152.31
KMI_6447,1981,7,Juli,14.71
KMI_6447,1981,8,Augustus,144.35
KMI_6447,1981,9,September,64.01
KMI_6447,1981,10,Oktober,65.07
KMI_6447,1981,11,November,52.1
KMI_6447,1981,12,December,64.79
KMI_6447,1982,1,Januari,28.45
KMI_6447,1982,2,Februari,2.91
KMI_6447,1982,3,Maart,64.59
KMI_6447,1982,4,April,13.03
KMI_6447,1982,5,Mei,26.21
KMI_6447,1982,6,Juni,159.62
KMI_6447,1982,7,Juli,123.5
KMI_6447,1982,8,Augustus,137.63
KMI_6447,1982,9,September,25.4
KMI_6447,1982,10,Oktober,167.38
KMI_6447,1982,11,November,31.49
KMI_6447,1982,12,December,60.53
KMI_6447,1983,1,Januari,62.1
KMI_6447,1983,2,Februari,15.24
KMI_6447,1983,3,Maart,59.48
KMI_6447,1983,4,April,38.79
KMI_6447,1983,5,Mei,44.69
KMI_6447,1983,6,Juni,134.92
KMI_6447,1983,7,Juli,110.27
KMI_6447,1983,8,Augustus,4.83
KMI_6447,1983,9,September,49.43
KMI_6447,1983,10,Oktober,12.83
KMI_6447,1983,11,November,33.36
KMI_6447,1983,12,December,30.03
KMI_6447,1984,1,Januari,55.48
KMI_6447,1984,2,Februari,89.63
KMI_6447,1984,3,Maart,25.33
KMI_6447,1984,4,April,8.34
KMI_6447,1984,5,Mei,122.37
KMI_6447,1984,6,Juni,45.59
KMI_6447,1984,7,Juli,26.59
KMI_6447,1984,8,Augustus,28.24
KMI_6447,1984,9,September,331.14
KMI_6447,1984,10,Oktober,66.99
KMI_6447,1984,11,November,86.32
KMI_6447,1984,12,December,7.53
KMI_6447,1985,1,Januari,28.67
KMI_6447,1985,2,Februari,3.8
KMI_6447,1985,3,Maart,29.73
KMI_6447,1985,4,April,67.69
KMI_6447,1985,5,Mei,260.14
KMI_6447,1985,6,Juni,299.51
KMI_6447,1985,7,Juli,50.21
KMI_6447,1985,8,Augustus,83.33
KMI_6447,1985,9,September,32.23
KMI_6447,1985,10,Oktober,14.74
KMI_6447,1985,11,November,63.24
KMI_6447,1985,12,December,68.65
KMI_6447,1986,1,Januari,60.03
KMI_6447,1986,2,Februari,2.32
KMI_6447,1986,3,Maart,83.38
KMI_6447,1986,4,April,36.17
KMI_6447,1986,5,Mei,43.2
KMI_6447,1986,6,Juni,78.62
KMI_6447,1986,7,Juli,24.42
KMI_6447,1986,8,Augustus,83.44
KMI_6447,1986,9,September,219.42
KMI_6447,1986,10,Oktober,123.67
KMI_6447,1986,11,November,43.31
KMI_6447,1986,12,December,46.48
KMI_6447,1987,1,Januari,13.29
KMI_6447,1987,2,Februari,36.43
KMI_6447,1987,3,Maart,51.97
KMI_6447,1987,4,April,10.69
KMI_6447,1987,5,Mei,64.98
KMI_6447,1987,6,Juni,93.78
KMI_6447,1987,7,Juli,176.7
KMI_6447,1987,8,Augustus,90.45
KMI_6447,1987,9,September,14.81
KMI_6447,1987,10,Oktober,60.5
KMI_6447,1987,11,November,52.6
KMI_6447,1987,12,December,6.31
KMI_6447,1988,1,Januari,66.47
KMI_6447,1988,2,Februari,61.49
KMI_6447,1988,3,Maart,59.77
KMI_6447,1988,4,April,36.17
KMI_6447,1988,5,Mei,297.14
KMI_6447,1988,6,Juni,29.47
KMI_6447,1988,7,Juli,212.05
KMI_6447,1988,8,Augustus,224.04
KMI_6447,1988,9,September,108.48
KMI_6447,1988,10,Oktober,74.56
KMI_6447,1988,11,November,25.94
KMI_6447,1988,12,December,58.48
KMI_6447,1989,1,Januari,10.05
KMI_6447,1989,2,Februari,21.65
KMI_6447,1989,3,Maart,48.67
KMI_6447,1989,4,April,41.54
KMI_6447,1989,5,Mei,23.43
KMI_6447,1989,6,Juni,41.28
KMI_6447,1989,7,Juli,8.97
KMI_6447,1989,8,Augustus,25.49
KMI_6447,1989,9,September,85.65
KMI_6447,1989,10,Oktober,34.27
KMI_6447,1989,11,November,6.57
KMI_6447,1989,12,December,70.92
KMI_6447,1990,1,Januari,53.42
KMI_6447,1990,2,Februari,169.36
KMI_6447,1990,3,Maart,15.97
KMI_6447,1990,4,April,53.8
KMI_6447,1990,5,Mei,14.78
KMI_6447,1990,6,Juni,232.39
KMI_6447,1990,7,Juli,54.68
KMI_6447,1990,8,Augustus,69.39
KMI_6447,1990,9,September,61.56
KMI_6447,1990,10,Oktober,104.95
KMI_6447,1990,11,November,39.19
KMI_6447,1990,12,December,49.37
KMI_6447,1991,1,Januari,68.14
KMI_6447,1991,2,Februari,5.62
KMI_6447,1991,3,Maart,4.52
KMI_6447,1991,4,April,36.46
KMI_6447,1991,5,Mei,18.56
KMI_6447,1991,6,Juni,77.67
KMI_6447,1991,7,Juli,542.25
KMI_6447,1991,8,Augustus,107.69
KMI_6447,1991,9,September,108.96
KMI_6447,1991,10,Oktober,6.2
KMI_6447,1991,11,November,250.43
KMI_6447,1991,12,December,60.99
KMI_6447,1992,1,Januari,13.6
KMI_6447,1992,2,Februari,11.78
KMI_6447,1992,3,Maart,46.21
KMI_6447,1992,4,April,31.2
KMI_6447,1992,5,Mei,68.4
KMI_6447,1992,6,Juni,373.61
KMI_6447,1992,7,Juli,193.22
KMI_6447,1992,8,Augustus,840.71
KMI_6447,1992,9,September,14.95
KMI_6447,1992,10,Oktober,56.51
KMI_6447,1992,11,November,42.97
KMI_6447,1992,12,December,60.67
KMI_6447,1993,1,Januari,66.04
KMI_6447,1993,2,Februari,3.75
KMI_6447,1993,3,Maart,0.16
KMI_6447,1993,4,April,21.35
KMI_6447,1993,5,Mei,220.72
KMI_6447,1993,6,Juni,102.09
KMI_6447,1993,7,Juli,217.75
KMI_6447,1993,8,Augustus,56.89
KMI_6447,1993,9,September,166.75
KMI_6447,1993,10,Oktober,111.22
KMI_6447,1993,11,November,40.82
KMI_6447,1993,12,December,107.02
KMI_6447,1994,1,Januari,95.25
KMI_6447,1994,2,Februari,7.8
KMI_6447,1994,3,Maart,48.19
KMI_6447,1994,4,April,18.5
KMI_6447,1994,5,Mei,71.01
KMI_6447,1994,6,Juni,59.96
KMI_6447,1994,7,Juli,269.31
KMI_6447,1994,8,Augustus,320.99
KMI_6447,1994,9,September,236.46
KMI_6447,1994,10,Oktober,42.89
KMI_6447,1994,11,November,10.56
KMI_6447,1994,12,December,72.1
KMI_6447,1995,1,Januari,61.98
KMI_6447,1995,2,Februari,50.12
KMI_6447,1995,3,Maart,38.08
KMI_6447,1995,4,April,23.62
KMI_6447,1995,5,Mei,228.16
KMI_6447,1995,6,Juni,133.01
KMI_6447,1995,7,Juli,165.45
KMI_6447,1995,8,Augustus,10.44
KMI_6447,1995,9,September,45.53
KMI_6447,1995,10,Oktober,0.78
KMI_6447,1995,11,November,32.57
KMI_6447,1995,12,December,38.9
KMI_6447,1996,1,Januari,2.96
KMI_6447,1996,2,Februari,41.71
KMI_6447,1996,3,Maart,6.82
KMI_6447,1996,4,April,0.76
KMI_6447,1996,5,Mei,65.66
KMI_6447,1996,6,Juni,10.55
KMI_6447,1996,7,Juli,111.86
KMI_6447,1996,8,Augustus,739.96
KMI_6447,1996,9,September,21.41
KMI_6447,1996,10,Oktober,20.18
KMI_6447,1996,11,November,88.67
KMI_6447,1996,12,December,9.62
KMI_6447,1997,1,Januari,0.32
KMI_6447,1997,2,Februari,49.7
KMI_6447,1997,3,Maart,7.79
KMI_6447,1997,4,April,7.38
KMI_6447,1997,5,Mei,144.38
KMI_6447,1997,6,Juni,120.43
KMI_6447,1997,7,Juli,324.61
KMI_6447,1997,8,Augustus,243.41
KMI_6447,1997,9,September,14.22
KMI_6447,1997,10,Oktober,177.19
KMI_6447,1997,11,November,29.0
KMI_6447,1997,12,December,29.57
KMI_6447,1998,1,Januari,61.8
KMI_6447,1998,2,Februari,11.58
KMI_6447,1998,3,Maart,58.04
KMI_6447,1998,4,April,104.34
KMI_6447,1998,5,Mei,58.1
KMI_6447,1998,6,Juni,76.91
KMI_6447,1998,7,Juli,25.5
KMI_6447,1998,8,Augustus,140.77
KMI_6447,1998,9,September,248.44
KMI_6447,1998,10,Oktober,76.91
KMI_6447,1998,11,November,29.81
KMI_6447,1998,12,December,23.89
KMI_6447,1999,1,Januari,96.88
KMI_6447,1999,2,Februari,23.2
KMI_6447,1999,3,Maart,32.97
KMI_6447,1999,4,April,43.08
KMI_6447,1999,5,Mei,56.35
KMI_6447,1999,6,Juni,110.85
KMI_6447,1999,7,Juli,42.3
KMI_6447,1999,8,Augustus,512.21
KMI_6447,1999,9,September,43.25
KMI_6447,1999,10,Oktober,33.5
KMI_6447,1999,11,November,14.28
KMI_6447,1999,12,December,236.09
KMI_6447,2000,1,Januari,15.14
KMI_6447,2000,2,Februari,33.15
KMI_6447,2000,3,Maart,47.89
KMI_6447,2000,4,April,46.74
KMI_6447,2000,5,Mei,101.44
KMI_6447,2000,6,Juni,20.18
KMI_6447,2000,7,Juli,207.82
KMI_6447,2000,8,Augustus,48.64
KMI_6447,2000,9,September,101.23
KMI_6447,2000,10,Oktober,50.01
KMI_6447,2000,11,November,54.44
KMI_6447,2000,12,December,20.41
KMI_6447,2001,1,Januari,43.26
KMI_6447,2001,2,Februari,54.31
KMI_6447,2001,3,Maart,73.76
KMI_6447,2001,4,April,133.67
KMI_6447,2001,5,Mei,142.86
KMI_6447,2001,6,Juni,130.81
KMI_6447,2001,7,Juli,418.88
KMI_6447,2001,8,Augustus,60.5
KMI_6447,2001,9,September,273.06
KMI_6447,2001,10,Oktober,191.45
KMI_6447,2001,11,November,66.75
KMI_6447,2001,12,December,22.99
KMI_6447,2002,1,Januari,32.97
KMI_6447,2002,2,Februari,116.07
KMI_6447,2002,3,Maart,29.97
KMI_6447,2002,4,April,23.2
KMI_6447,2002,5,Mei,30.6
KMI_6447,2002,6,Juni,224.29
KMI_6447,2002,7,Juli,113.43
KMI_6447,2002,8,Augustus,670.77
KMI_6447,2002,9,September,16.17
KMI_6447,2002,10,Oktober,153.91
KMI_6447,2002,11,November,48.58
KMI_6447,2002,12,December,75.21
KMI_6447,2004,1,Januari,441.87
KMI_6447,2004,2,Februari,12.56
KMI_6447,2004,3,Maart,8.47
KMI_6447,2004,4,April,22.78
KMI_6447,2004,5,Mei,47.38
KMI_6447,2004,6,Juni,185.92
KMI_6447,2004,7,Juli,608.26
KMI_6447,2004,8,Augustus,226.0
KMI_6447,2004,9,September,130.52
KMI_6447,2004,10,Oktober,556.94
KMI_6447,2004,11,November,76.11
KMI_6447,2004,12,December,50.11
KMI_6447,2005,1,Januari,36.27
KMI_6447,2005,2,Februari,26.92
KMI_6447,2005,3,Maart,41.44
KMI_6447,2005,4,April,21.43
KMI_6447,2005,5,Mei,53.47
KMI_6447,2005,6,Juni,383.74
KMI_6447,2005,7,Juli,611.92
KMI_6447,2005,8,Augustus,71.53
KMI_6447,2005,9,September,501.77
KMI_6447,2005,10,Oktober,33.46
KMI_6447,2005,11,November,29.05
KMI_6447,2005,12,December,12.66
KMI_6447,2006,1,Januari,4.87
KMI_6447,2006,2,Februari,20.12
KMI_6447,2006,3,Maart,38.88
KMI_6447,2006,4,April,23.13
KMI_6447,2006,5,Mei,95.0
KMI_6447,2006,6,Juni,20.97
KMI_6447,2006,7,Juli,218.47
KMI_6447,2006,8,Augustus,477.03
KMI_6447,2006,9,September,1.83
KMI_6447,2006,10,Oktober,53.14
KMI_6447,2006,11,November,28.74
KMI_6447,2006,12,December,28.35
KMI_6447,2007,1,Januari,40.64
KMI_6447,2007,2,Februari,56.15
KMI_6447,2007,3,Maart,21.07
KMI_6447,2007,4,April,0.0
KMI_6447,2007,5,Mei,116.14
KMI_6447,2007,6,Juni,320.82
KMI_6447,2007,7,Juli,83.12
KMI_6447,2007,8,Augustus,34.92
KMI_6447,2007,9,September,32.9
KMI_6447,2007,10,Oktober,47.57
KMI_6447,2007,11,November,21.74
KMI_6447,2007,12,December,66.32
KMI_6447,2008,1,Januari,25.23
KMI_6447,2008,2,Februari,22.09
KMI_6447,2008,3,Maart,52.23
KMI_6447,2008,4,April,28.38
KMI_6447,2008,5,Mei,35.26
KMI_6447,2008,6,Juni,113.65
KMI_6447,2008,7,Juli,248.87
KMI_6447,2008,8,Augustus,150.58
KMI_6447,2008,9,September,89.45
KMI_6447,2008,10,Oktober,22.09
KMI_6447,2008,11,November,32.31
KMI_6447,2008,12,December,8.55
KMI_6447,2009,1,Januari,17.65
KMI_6447,2009,2,Februari,13.83
KMI_6447,2009,3,Maart,48.6
KMI_6447,2009,4,April,27.0
KMI_6447,2009,5,Mei,97.4
KMI_6447,2009,6,Juni,182.32
KMI_6447,2009,7,Juli,84.5
KMI_6447,2009,8,Augustus,46.25
KMI_6447,2009,9,September,41.08
KMI_6447,2009,10,Oktober,595.71
KMI_6447,2009,11,November,82.52
KMI_6447,2009,12,December,63.7
KMI_6447,2010,1,Januari,11.07
KMI_6447,2010,2,Februari,30.31
KMI_6447,2010,3,Maart,63.64
KMI_6447,2010,4,April,6.96
KMI_6447,2010,5,Mei,90.05
KMI_6447,2010,6,Juni,33.77
KMI_6447,2010,7,Juli,612.38
KMI_6447,2010,8,Augustus,309.64
KMI_6447,2010,9,September,187.04
KMI_6447,2010,10,Oktober,32.14
KMI_6447,2010,11,November,151.37
KMI_6447,2010,12,December,23.52
KMI_6447,2011,1,Januari,42.37
KMI_6447,2011,2,Februari,13.73
KMI_6447,2011,3,Maart,16.56
KMI_6447,2011,4,April,47.18
KMI_6447,2011,5,Mei,28.49
KMI_6447,2011,6,Juni,251.37
KMI_6447,2011,7,Juli,32.58
KMI_6447,2011,8,Augustus,2426.05
KMI_6447,2011,9,September,477.95
KMI_6447,2011,10,Oktober,26.7
KMI_6447,2011,11,November,1.65
KMI_6447,2011,12,December,96.6
KMI_6447,2012,1,Januari,42.13
KMI_6447,2012,2,Februari,6.91
KMI_6447,2012,3,Maart,16.39
KMI_6447,2012,4,April,102.06
KMI_6447,2012,5,Mei,158.91
KMI_6447,2012,6,Juni,457.84
KMI_6447,2012,7,Juli,136.32
KMI_6447,2012,8,Augustus,13.72
KMI_6447,2012,9,September,167.36
KMI_6447,2012,10,Oktober,140.82
KMI_6447,2012,11,November,18.58
KMI_6447,2012,12,December,91.06
KMI_6447,2013,1,Januari,17.82
KMI_6447,2013,2,Februari,29.44
KMI_6447,2013,3,Maart,19.13
KMI_6447,2013,4,April,7.85
KMI_6447,2013,5,Mei,302.96
KMI_6447,2013,6,Juni,60.12
KMI_6447,2013,7,Juli,388.17
KMI_6447,2013,8,Augustus,77.87
KMI_6447,2013,9,September,22.35
KMI_6447,2013,10,Oktober,71.99
KMI_6447,2013,11,November,59.6
KMI_6447,2013,12,December,46.42
KMI_6447,2014,1,Januari,23.9
KMI_6447,2014,2,Februari,29.81
KMI_6447,2014,3,Maart,4.97
KMI_6447,2014,4,April,34.08
KMI_6447,2014,5,Mei,41.96
KMI_6447,2014,6,Juni,200.1
KMI_6447,2014,7,Juli,260.08
KMI_6447,2014,8,Augustus,350.68
KMI_6447,2014,9,September,11.08
KMI_6447,2014,10,Oktober,39.64
KMI_6447,2014,11,November,18.92
KMI_6447,2014,12,December,41.28
KMI_6447,2015,1,Januari,90.06
KMI_6447,2015,2,Februari,22.06
KMI_6447,2015,3,Maart,21.18
KMI_6447,2015,4,April,6.32
KMI_6447,2015,5,Mei,55.51
KMI_6447,2015,6,Juni,246.26
KMI_6447,2015,7,Juli,16.96
KMI_6447,2015,8,Augustus,86.79
KMI_6447,2015,9,September,39.27
KMI_6447,2015,10,Oktober,9.39
KMI_6447,2015,11,November,66.62
KMI_6447,2015,12,December,16.16
KMI_6447,2016,1,Januari,82.34
KMI_6447,2016,2,Februari,70.06
KMI_6447,2016,3,Maart,43.27
KMI_6447,2016,4,April,52.49
KMI_6447,2016,5,Mei,104.44
KMI_6447,2016,6,Juni,533.1
KMI_6447,2016,7,Juli,210.62
KMI_6447,2016,8,Augustus,33.05
KMI_6447,2016,9,September,23.57
KMI_6447,2016,10,Oktober,53.75
KMI_6447,2016,11,November,102.08
KMI_6447,2016,12,December,8.17
KMI_6447,2017,1,Januari,35.87
KMI_6447,2017,2,Februari,15.06
KMI_6447,2017,3,Maart,15.89
KMI_6447,2017,4,April,5.29
KMI_6447,2017,5,Mei,53.19
KMI_6447,2017,6,Juni,34.6
KMI_6447,2017,7,Juli,118.81
KMI_6447,2017,8,Augustus,235.7
KMI_6447,2017,9,September,120.3
KMI_6447,2017,10,Oktober,29.98
KMI_6447,2017,11,November,60.2
KMI_6447,2017,12,December,82.35
KMI_6447,2018,1,Januari,30.68
KMI_6447,2018,2,Februari,4.18
KMI_6447,2018,3,Maart,20.4
KMI_6447,2018,4,April,154.55
KMI_6447,2018,5,Mei,9.37
KMI_6447,2018,6,Juni,18.42
KMI_6447,2018,7,Juli,750.46
KMI_6447,2018,8,Augustus,253.24
KMI_6447,2018,9,September,132.6
KMI_6447,2018,10,Oktober,41.77
KMI_6447,2018,11,November,38.46
KMI_6447,2018,12,December,55.74
KMI_6447,2019,1,Januari,24.04
KMI_6447,2019,2,Februari,37.68
KMI_6447,2019,3,Maart,40.65
KMI_6447,2019,4,April,19.96
KMI_6447,2019,5,Mei,47.36
KMI_6447,2019,6,Juni,301.71
KMI_6447,2019,7,Juli,137.24
KMI_6447,2019,8,Augustus,60.05
KMI_6447,2019,9,September,86.31
KMI_6447,2019,10,Oktober,34.17
KMI_6447,2019,11,November,32.52
KMI_6447,2019,12,December,21.55
KMI_6447,2020,1,Januari,31.55
KMI_6447,2020,2,Februari,54.95
KMI_6447,2020,3,Maart,31.57
KMI_6447,2020,4,April,9.35
KMI_6447,2020,5,Mei,0.56
KMI_6447,2020,6,Juni,243.46
KMI_6447,2020,7,Juli,4.59
KMI_6447,2020,8,Augustus,99.93
KMI_6447,2020,9,September,108.48
KMI_6447,2020,10,Oktober,53.87
KMI_6447,2020,11,November,28.5
KMI_6447,2020,12,December,23.02
KMI_6447,2021,1,Januari,91.15
KMI_6447,2021,2,Februari,24.83
KMI_6447,2021,3,Maart,20.48
KMI_6447,2021,4,April,17.0
KMI_6447,2021,5,Mei,87.84
KMI_6447,2021,6,Juni,574.56
KMI_6447,2021,7,Juli,1044.92
KMI_6447,2021,8,Augustus,517.66
KMI_6447,2021,9,September,46.57
KMI_6447,2021,10,Oktober,239.66
KMI_6447,2021,11,November,35.91
KMI_6447,2021,12,December,24.2
KMI_6447,2022,1,Januari,79.35
KMI_6447,2022,2,Februari,121.22
KMI_6447,2022,3,Maart,0.18
KMI_6447,2022,4,April,23.73
KMI_6447,2022,5,Mei,588.81
KMI_6447,2022,6,Juni,131.2
KMI_6447,2022,7,Juli,0.45
KMI_6447,2022,8,Augustus,49.13
KMI_6447,2022,9,September,186.0
KMI_6447,2022,10,Oktober,16.49
KMI_6447,2022,11,November,27.3
KMI_6447,2022,12,December,97.36
KMI_6447,2023,1,Januari,33.61
KMI_6447,2023,2,Februari,1.2
KMI_6447,2023,3,Maart,131.5
KMI_6447,2023,4,April,29.64
KMI_6447,2023,5,Mei,32.9
KMI_6447,2023,6,Juni,81.56
KMI_6447,2023,7,Juli,229.15
KMI_6447,2023,8,Augustus,383.68
KMI_6447,2023,9,September,140.85
KMI_6447,2023,10,Oktober,66.06
KMI_6447,2023,11,November,73.85
KMI_6447,2023,12,December,49.79
KMI_6447,2024,1,Januari,37.08
KMI_6447,2024,2,Februari,91.07
KMI_6447,2024,3,Maart,24.56
KMI_6447,2024,4,April,67.47
KMI_6447,2024,5,Mei,130.98
KMI_6447,2024,6,Juni,124.44
KMI_6447,2024,7,Juli,698.69
KMI_6447,2024,8,Augustus,1679.93
KMI_6447,2024,9,September,251.51
KMI_6447,2024,10,Oktober,42.77
KMI_6447,2024,11,November,83.4
KMI_6447,2024,12,December,61.93
KMI_6464,2003,1,Januari,70.61
KMI_6464,2003,2,Februari,7.63
KMI_6464,2003,3,Maart,12.86
KMI_6464,2003,4,April,82.14
KMI_6464,2003,5,Mei,140.77
KMI_6464,2003,6,Juni,183.57
KMI_6464,2003,7,Juli,252.11
KMI_6464,2003,8,Augustus,107.77
KMI_6464,2003,9,September,99.11
KMI_6464,2003,10,Oktober,80.83
KMI_6464,2003,11,November,8.12
KMI_6464,2003,12,December,39.6
KMI_6464,2004,1,Januari,42.81
KMI_6464,2004,2,Februari,26.29
KMI_6464,2004,3,Maart,9.57
KMI_6464,2004,4,April,25.46
KMI_6464,2004,5,Mei,548.4
KMI_6464,2004,6,Juni,14.69
KMI_6464,2004,7,Juli,335.8
KMI_6464,2004,8,Augustus,473.26
KMI_6464,2004,9,September,63.79
KMI_6464,2004,10,Oktober,82.55
KMI_6464,2004,11,November,126.41
KMI_6464,2004,12,December,25.97
KMI_6464,2005,1,Januari,46.12
KMI_6464,2005,2,Februari,16.82
KMI_6464,2005,3,Maart,32.97
KMI_6464,2005,4,April,24.4
KMI_6464,2005,5,Mei,27.58
KMI_6464,2005,6,Juni,164.3
KMI_6464,2005,7,Juli,268.62
KMI_6464,2005,8,Augustus,31.32
KMI_6464,2005,9,September,143.3
KMI_6464,2005,10,Oktober,23.12
KMI_6464,2005,11,November,20.27
KMI_6464,2005,12,December,5.38
KMI_6464,2006,1,Januari,2.26
KMI_6464,2006,2,Februari,28.31
KMI_6464,2006,3,Maart,20.19
KMI_6464,2006,4,April,5.34
KMI_6464,2006,5,Mei,50.83
KMI_6464,2006,6,Juni,116.51
KMI_6464,2006,7,Juli,292.92
KMI_6464,2006,8,Augustus,610.23
KMI_6464,2006,9,September,3.33
KMI_6464,2006,10,Oktober,137.41
KMI_6464,2006,11,November,18.53
KMI_6464,2006,12,December,35.94
KMI_6464,2007,1,Januari,76.25
KMI_6464,2007,2,Februari,27.55
KMI_6464,2007,3,Maart,16.22
KMI_6464,2007,4,April,0.0
KMI_6464,2007,5,Mei,208.72
KMI_6464,2007,6,Juni,309.36
KMI_6464,2007,7,Juli,349.29
KMI_6464,2007,8,Augustus,40.15
KMI_6464,2007,9,September,103.4
KMI_6464,2007,10,Oktober,35.76
KMI_6464,2007,11,November,29.27
KMI_6464,2007,12,December,25.25
KMI_6464,2008,1,Januari,10.58
KMI_6464,2008,2,Februari,13.92
KMI_6464,2008,3,Maart,26.64
KMI_6464,2008,4,April,27.0
KMI_6464,2008,5,Mei,88.94
KMI_6464,2008,6,Juni,193.48
KMI_6464,2008,7,Juli,456.03
KMI_6464,2008,8,Augustus,162.52
KMI_6464,2008,9,September,90.16
KMI_6464,2008,10,Oktober,234.28
KMI_6464,2008,11,November,27.01
KMI_6464,2008,12,December,1.86
KMI_6464,2009,1,Januari,12.67
KMI_6464,2009,2,Februari,8.54
KMI_6464,2009,3,Maart,15.88
KMI_6464,2009,4,April,23.15
KMI_6464,2009,5,Mei,86.66
KMI_6464,2009,6,Juni,98.3
KMI_6464,2009,7,Juli,230.42
KMI_6464,2009,8,Augustus,29.11
KMI_6464,2009,9,September,14.79
KMI_6464,2009,10,Oktober,109.47
KMI_6464,2009,11,November,72.7
KMI_6464,2009,12,December,26.3
KMI_6464,2010,1,Januari,2.31
KMI_6464,2010,2,Februari,11.94
KMI_6464,2010,3,Maart,73.66
KMI_6464,2010,4,April,37.31
KMI_6464,2010,5,Mei,36.07
KMI_6464,2010,6,Juni,2.76
KMI_6464,2010,7,Juli,204.84
KMI_6464,2010,8,Augustus,270.0
KMI_6464,2010,9,September,89.79
KMI_6464,2010,10,Oktober,21.17
KMI_6464,2010,11,November,203.94
KMI_6464,2010,12,December,5.43
KMI_6464,2011,1,Januari,23.66
KMI_6464,2011,2,Februari,11.4
KMI_6464,2011,3,Maart,3.87
KMI_6464,2011,4,April,2.28
KMI_6464,2011,5,Mei,4.57
KMI_6464,2011,6,Juni,980.88
KMI_6464,2011,7,Juli,29.72
KMI_6464,2011,8,Augustus,1661.06
KMI_6464,2011,9,September,74.62
KMI_6464,2011,10,Oktober,83.98
KMI_6464,2011,11,November,3.34
KMI_6464,2011,12,December,44.87
KMI_6464,2012,1,Januari,15.06
KMI_6464,2012,2,Februari,1.61
KMI_6464,2012,3,Maart,1.42
KMI_6464,2012,4,April,11.68
KMI_6464,2012,5,Mei,213.22
KMI_6464,2012,6,Juni,203.41
KMI_6464,2012,7,Juli,228.76
KMI_6464,2012,8,Augustus,49.91
KMI_6464,2012,9,September,94.84
KMI_6464,2012,10,Oktober,130.81
KMI_6464,2012,11,November,9.1
KMI_6464,2012,12,December,90.32
KMI_6464,2013,1,Januari,17.98
KMI_6464,2013,2,Februari,26.92
KMI_6464,2013,3,Maart,8.17
KMI_6464,2013,4,April,16.48
KMI_6464,2013,5,Mei,55.0
KMI_6464,2013,6,Juni,21.06
KMI_6464,2013,7,Juli,752.78
KMI_6464,2013,8,Augustus,12.96
KMI_6464,2013,9,September,42.58
KMI_6464,2013,10,Oktober,121.67
KMI_6464,2013,11,November,130.68
KMI_6464,2013,12,December,47.42
KMI_6464,2014,1,Januari,22.09
KMI_6464,2014,2,Februari,19.71
KMI_6464,2014,3,Maart,5.18
KMI_6464,2014,4,April,20.32
KMI_6464,2014,5,Mei,79.07
KMI_6464,2014,6,Juni,36.36
KMI_6464,2014,7,Juli,70.06
KMI_6464,2014,8,Augustus,327.27
KMI_6464,2014,9,September,4.14
KMI_6464,2014,10,Oktober,22.08
KMI_6464,2014,11,November,48.14
KMI_6464,2014,12,December,50.73
KMI_6464,2016,1,Januari,80.21
KMI_6464,2016,2,Februari,60.84
KMI_6464,2016,3,Maart,32.35
KMI_6464,2016,4,April,34.78
KMI_6464,2016,5,Mei,910.76
KMI_6464,2016,6,Juni,1084.76
KMI_6464,2016,7,Juli,27.95
KMI_6464,2016,8,Augustus,119.51
KMI_6464,2016,9,September,24.55
KMI_6464,2016,10,Oktober,30.6
KMI_6464,2016,11,November,83.78
KMI_6464,2016,12,December,9.23
KMI_6464,2017,1,Januari,22.16
KMI_6464,2017,2,Februari,25.75
KMI_6464,2017,3,Maart,58.27
KMI_6464,2017,4,April,5.44
KMI_6464,2017,5,Mei,22.53
KMI_6464,2017,6,Juni,77.16
KMI_6464,2017,7,Juli,146.51
KMI_6464,2017,8,Augustus,118.82
KMI_6464,2017,9,September,78.19
KMI_6464,2017,10,Oktober,81.84
KMI_6464,2017,11,November,40.23
KMI_6464,2017,12,December,111.36
KMI_6464,2018,1,Januari,66.25
KMI_6464,2018,2,Februari,7.63
KMI_6464,2018,3,Maart,15.79
KMI_6464,2018,4,April,166.78
KMI_6464,2018,5,Mei,231.97
KMI_6464,2018,6,Juni,26.76
KMI_6464,2018,7,Juli,10.65
KMI_6464,2018,8,Augustus,226.27
KMI_6464,2018,9,September,60.98
KMI_6464,2018,10,Oktober,36.78
KMI_6464,2018,11,November,12.27
KMI_6464,2018,12,December,61.16
KMI_6464,2019,1,Januari,20.4
KMI_6464,2019,2,Februari,27.3
KMI_6464,2019,3,Maart,91.41
KMI_6464,2019,4,April,10.65
KMI_6464,2019,5,Mei,36.37
KMI_6464,2019,6,Juni,193.65
KMI_6464,2019,7,Juli,161.75
KMI_6464,2019,8,Augustus,110.27
KMI_6464,2019,9,September,96.86
KMI_6464,2019,10,Oktober,21.04
KMI_6464,2019,11,November,39.22
KMI_6464,2019,12,December,36.68
KMI_6464,2020,1,Januari,14.81
KMI_6464,2020,2,Februari,120.32
KMI_6464,2020,3,Maart,25.65
KMI_6464,2020,4,April,11.28
KMI_6464,2020,5,Mei,20.58
KMI_6464,2020,6,Juni,202.05
KMI_6464,2020,7,Juli,26.3
KMI_6464,2020,8,Augustus,527.15
KMI_6464,2020,9,September,36.5
KMI_6464,2020,10,Oktober,76.72
KMI_6464,2020,11,November,16.88
KMI_6464,2020,12,December,16.4
KMI_6464,2021,1,Januari,50.66
KMI_6464,2021,2,Februari,45.9
KMI_6464,2021,3,Maart,14.72
KMI_6464,2021,4,April,21.27
KMI_6464,2021,5,Mei,337.95
KMI_6464,2021,6,Juni,536.58
KMI_6464,2021,7,Juli,420.47
KMI_6464,2021,8,Augustus,184.07
KMI_6464,2021,9,September,18.7
KMI_6464,2021,10,Oktober,245.7
KMI_6464,2021,11,November,11.76
KMI_6464,2021,12,December,26.12
KMI_6464,2022,1,Januari,30.7
KMI_6464,2022,2,Februari,56.69
KMI_6464,2022,3,Maart,0.47
KMI_6464,2022,4,April,20.23
KMI_6464,2022,5,Mei,137.33
KMI_6464,2022,6,Juni,240.45
KMI_6464,2022,7,Juli,15.18
KMI_6464,2022,8,Augustus,19.42
KMI_6464,2022,9,September,265.2
KMI_6464,2022,10,Oktober,52.58
KMI_6464,2022,11,November,19.03
KMI_6464,2022,12,December,54.35
KMI_6464,2023,1,Januari,54.78
KMI_6464,2023,2,Februari,1.06
KMI_6464,2023,3,Maart,62.15
KMI_6464,2023,4,April,18.14
KMI_6464,2023,5,Mei,37.49
KMI_6464,2023,6,Juni,92.02
KMI_6464,2023,7,Juli,261.95
KMI_6464,2023,8,Augustus,261.35
KMI_6464,2023,9,September,89.22
KMI_6464,2023,10,Oktober,274.06
KMI_6464,2023,11,November,88.79
KMI_6464,2023,12,December,38.3
KMI_6464,2024,1,Januari,57.25
KMI_6464,2024,2,Februari,70.68
KMI_6464,2024,3,Maart,36.37
KMI_6464,2024,4,April,72.25
KMI_6464,2024,5,Mei,123.37
KMI_6464,2024,6,Juni,201.16
KMI_6464,2024,7,Juli,344.59
KMI_6464,2024,8,Augustus,531.02
KMI_6464,2024,9,September,38.31
KMI_6464,2024,10,Oktober,53.0
KMI_6464,2024,11,November,67.24
KMI_6464,2024,12,December,56.41
KMI_6477,2005,1,Januari,28.72
KMI_6477,2005,2,Februari,21.58
KMI_6477,2005,3,Maart,13.3
KMI_6477,2005,4,April,95.69
KMI_6477,2005,5,Mei,68.3
KMI_6477,2005,6,Juni,134.32
KMI_6477,2005,7,Juli,163.7
KMI_6477,2005,8,Augustus,212.75
KMI_6477,2005,9,September,66.1
KMI_6477,2005,10,Oktober,120.29
KMI_6477,2005,11,November,22.89
KMI_6477,2005,12,December,8.94
KMI_6477,2006,1,Januari,5.46
KMI_6477,2006,2,Februari,24.08
KMI_6477,2006,3,Maart,31.59
KMI_6477,2006,4,April,12.59
KMI_6477,2006,5,Mei,169.65
KMI_6477,2006,6,Juni,20.67
KMI_6477,2006,7,Juli,60.37
KMI_6477,2006,8,Augustus,949.92
KMI_6477,2006,9,September,99.92
KMI_6477,2006,10,Oktober,78.2
KMI_6477,2006,11,November,22.09
KMI_6477,2006,12,December,25.39
KMI_6477,2007,1,Januari,37.64
KMI_6477,2007,2,Februari,37.22
KMI_6477,2007,3,Maart,21.43
KMI_6477,2007,4,April,0.0
KMI_6477,2007,5,Mei,116.83
KMI_6477,2007,6,Juni,1271.82
KMI_6477,2007,7,Juli,298.06
KMI_6477,2007,8,Augustus,240.52
KMI_6477,2007,9,September,17.14
KMI_6477,2007,10,Oktober,28.33
KMI_6477,2007,11,November,48.37
KMI_6477,2007,12,December,18.49
KMI_6477,2008,1,Januari,26.08
KMI_6477,2008,2,Februari,20.51
KMI_6477,2008,3,Maart,43.87
KMI_6477,2008,4,April,113.36
KMI_6477,2008,5,Mei,467.86
KMI_6477,2008,6,Juni,181.38
KMI_6477,2008,7,Juli,416.23
KMI_6477,2008,8,Augustus,267.06
KMI_6477,2008,9,September,62.15
KMI_6477,2008,10,Oktober,23.04
KMI_6477,2008,11,November,24.85
KMI_6477,2008,12,December,11.81
KMI_6477,2009,1,Januari,15.79
KMI_6477,2009,2,Februari,22.86
KMI_6477,2009,3,Maart,32.79
KMI_6477,2009,4,April,8.72
KMI_6477,2009,5,Mei,128.81
KMI_6477,2009,6,Juni,174.85
KMI_6477,2009,7,Juli,189.92
KMI_6477,2009,8,Augustus,36.76
KMI_6477,2009,9,September,25.16
KMI_6477,2009,10,Oktober,311.35
KMI_6477,2009,11,November,101.21
KMI_6477,2009,12,December,28.52
KMI_6477,2010,1,Januari,9.67
KMI_6477,2010,2,Februari,25.07
KMI_6477,2010,3,Maart,29.43
KMI_6477,2010,4,April,15.88
KMI_6477,2010,5,Mei,310.1
KMI_6477,2010,6,Juni,7.24
KMI_6477,2010,7,Juli,276.71
KMI_6477,2010,8,Augustus,207.19
KMI_6477,2010,9,September,70.16
KMI_6477,2010,10,Oktober,11.52
KMI_6477,2010,11,November,216.18
KMI_6477,2010,12,December,16.64
KMI_6477,2011,1,Januari,35.45
KMI_6477,2011,2,Februari,20.18
KMI_6477,2011,3,Maart,6.94
KMI_6477,2011,4,April,13.44
KMI_6477,2011,5,Mei,20.45
KMI_6477,2011,6,Juni,163.42
KMI_6477,2011,7,Juli,40.58
KMI_6477,2011,8,Augustus,739.62
KMI_6477,2011,9,September,22.82
KMI_6477,2011,10,Oktober,35.58
KMI_6477,2011,11,November,0.0
KMI_6477,2011,12,December,97.17
KMI_6477,2012,1,Januari,83.18
KMI_6477,2012,2,Februari,4.95
KMI_6477,2012,3,Maart,1.57
KMI_6477,2012,4,April,51.87
KMI_6477,2012,5,Mei,29.29
KMI_6477,2012,6,Juni,242.52
KMI_6477,2012,7,Juli,177.33
KMI_6477,2012,8,Augustus,43.07
KMI_6477,2012,9,September,16.8
KMI_6477,2012,10,Oktober,125.98
KMI_6477,2012,11,November,7.17
KMI_6477,2012,12,December,54.45
KMI_6477,2013,1,Januari,10.36
KMI_6477,2013,2,Februari,10.71
KMI_6477,2013,3,Maart,18.34
KMI_6477,2013,4,April,12.33
KMI_6477,2013,5,Mei,10.16
KMI_6477,2013,6,Juni,1.11
KMI_6477,2013,7,Juli,0.27
KMI_6477,2013,8,Augustus,0.9
KMI_6477,2013,9,September,44.52
KMI_6477,2013,10,Oktober,97.52
KMI_6477,2013,11,November,46.43
KMI_6477,2013,12,December,51.4
KMI_6477,2014,1,Januari,16.76
KMI_6477,2014,2,Februari,10.85
KMI_6477,2014,3,Maart,1.24
KMI_6477,2014,4,April,45.45
KMI_6477,2014,5,Mei,125.3
KMI_6477,2014,6,Juni,186.98
KMI_6477,2014,7,Juli,345.63
KMI_6477,2014,8,Augustus,284.4
KMI_6477,2014,9,September,70.12
KMI_6477,2014,10,Oktober,28.07
KMI_6477,2014,11,November,9.83
KMI_6477,2014,12,December,49.99
KMI_6477,2015,1,Januari,55.4
KMI_6477,2015,2,Februari,11.21
KMI_6477,2015,3,Maart,94.33
KMI_6477,2015,4,April,19.78
KMI_6477,2015,5,Mei,17.58
KMI_6477,2015,6,Juni,17.2
KMI_6477,2015,7,Juli,66.04
KMI_6477,2015,8,Augustus,1119.09
KMI_6477,2015,9,September,81.0
KMI_6477,2015,10,Oktober,10.26
KMI_6477,2015,11,November,46.63
KMI_6477,2015,12,December,12.52
KMI_6477,2016,1,Januari,45.77
KMI_6477,2016,2,Februari,52.65
KMI_6477,2016,3,Maart,10.69
KMI_6477,2016,4,April,33.01
KMI_6477,2016,5,Mei,821.77
KMI_6477,2016,6,Juni,1870.69
KMI_6477,2016,7,Juli,25.31
KMI_6477,2016,8,Augustus,77.89
KMI_6477,2016,9,September,17.32
KMI_6477,2016,10,Oktober,19.28
KMI_6477,2016,11,November,65.04
KMI_6477,2016,12,December,3.85
KMI_6477,2017,1,Januari,10.26
KMI_6477,2017,2,Februari,24.26
KMI_6477,2017,3,Maart,28.99
KMI_6477,2017,4,April,7.02
KMI_6477,2017,5,Mei,17.37
KMI_6477,2017,6,Juni,15.2
KMI_6477,2017,7,Juli,176.21
KMI_6477,2017,8,Augustus,126.32
KMI_6477,2017,9,September,78.27
KMI_6477,2017,10,Oktober,27.89
KMI_6477,2017,11,November,25.69
KMI_6477,2017,12,December,74.48
KMI_6477,2018,1,Januari,48.61
KMI_6477,2018,2,Februari,4.47
KMI_6477,2018,3,Maart,19.46
KMI_6477,2018,4,April,49.85
KMI_6477,2018,5,Mei,113.44
KMI_6477,2018,6,Juni,69.94
KMI_6477,2018,7,Juli,0.0
KMI_6477,2018,8,Augustus,197.33
KMI_6477,2018,9,September,1151.29
KMI_6477,2018,10,Oktober,33.96
KMI_6477,2018,11,November,3.19
KMI_6477,2018,12,December,58.37
KMI_6477,2019,1,Januari,27.5
KMI_6477,2019,2,Februari,20.43
KMI_6477,2019,3,Maart,169.14
KMI_6477,2019,4,April,6.81
KMI_6477,2019,5,Mei,80.77
KMI_6477,2019,6,Juni,334.64
KMI_6477,2019,7,Juli,44.15
KMI_6477,2019,8,Augustus,127.0
KMI_6477,2019,9,September,112.64
KMI_6477,2019,10,Oktober,52.02
KMI_6477,2019,11,November,20.78
KMI_6477,2019,12,December,29.46
KMI_6477,2020,1,Januari,20.8
KMI_6477,2020,2,Februari,122.13
KMI_6477,2020,3,Maart,52.78
KMI_6477,2020,4,April,1.37
KMI_6477,2020,5,Mei,8.6
KMI_6477,2020,6,Juni,142.63
KMI_6477,2020,7,Juli,16.66
KMI_6477,2020,8,Augustus,212.51
KMI_6477,2020,9,September,41.57
KMI_6477,2020,10,Oktober,33.02
KMI_6477,2020,11,November,9.39
KMI_6477,2020,12,December,24.67
KMI_6477,2021,1,Januari,78.37
KMI_6477,2021,2,Februari,31.92
KMI_6477,2021,3,Maart,46.14
KMI_6477,2021,4,April,14.69
KMI_6477,2021,5,Mei,74.02
KMI_6477,2021,6,Juni,784.6
KMI_6477,2021,7,Juli,702.69
KMI_6477,2021,8,Augustus,337.29
KMI_6477,2021,9,September,8.54
KMI_6477,2021,10,Oktober,149.44
KMI_6477,2021,11,November,4.59
KMI_6477,2021,12,December,27.67
KMI_6477,2022,1,Januari,48.93
KMI_6477,2022,2,Februari,64.93
KMI_6477,2022,3,Maart,0.26
KMI_6477,2022,4,April,16.94
KMI_6477,2022,5,Mei,100.45
KMI_6477,2022,6,Juni,250.53
KMI_6477,2022,7,Juli,10.21
KMI_6477,2022,8,Augustus,5.26
KMI_6477,2022,9,September,187.21
KMI_6477,2022,10,Oktober,34.34
KMI_6477,2022,11,November,32.33
KMI_6477,2022,12,December,56.03
KMI_6477,2023,1,Januari,72.94
KMI_6477,2023,2,Februari,0.83
KMI_6477,2023,3,Maart,77.8
KMI_6477,2023,4,April,20.05
KMI_6477,2023,5,Mei,97.93
KMI_6477,2023,6,Juni,319.7
KMI_6477,2023,7,Juli,187.85
KMI_6477,2023,8,Augustus,776.78
KMI_6477,2023,9,September,455.3
KMI_6477,2023,10,Oktober,87.93
KMI_6477,2023,11,November,87.7
KMI_6477,2023,12,December,31.38
KMI_6477,2024,1,Januari,41.25
KMI_6477,2024,2,Februari,64.89
KMI_6477,2024,3,Maart,50.5
KMI_6477,2024,4,April,110.8
KMI_6477,2024,5,Mei,703.42
KMI_6477,2024,6,Juni,112.03
KMI_6477,2024,7,Juli,86.66
KMI_6477,2024,8,Augustus,132.99
KMI_6477,2024,9,September,48.31
KMI_6477,2024,10,Oktober,54.53
KMI_6477,2024,11,November,65.14
KMI_6477,2024,12,December,75.58
VMM_P01_003,2005,1,Januari,16.67
VMM_P01_003,2005,2,Februari,35.39
VMM_P01_003,2005,3,Maart,25.46
VMM_P01_003,2005,4,April,33.78
VMM_P01_003,2005,5,Mei,105.41
VMM_P01_003,2005,6,Juni,246.55
VMM_P01_003,2005,7,Juli,1273.51
VMM_P01_003,2005,8,Augustus,64.65
VMM_P01_003,2005,9,September,44.91
VMM_P01_003,2005,10,Oktober,73.54
VMM_P01_003,2005,11,November,144.42
VMM_P01_003,2005,12,December,46.75
VMM_P01_003,2006,1,Januari,4.39
VMM_P01_003,2006,2,Februari,24.03
VMM_P01_003,2006,3,Maart,17.68
VMM_P01_003,2006,4,April,21.91
VMM_P01_003,2006,5,Mei,106.25
VMM_P01_003,2006,6,Juni,23.25
VMM_P01_003,2006,7,Juli,8.68
VMM_P01_003,2006,8,Augustus,393.6
VMM_P01_003,2006,9,September,4.2
VMM_P01_003,2006,10,Oktober,107.2
VMM_P01_003,2006,11,November,50.92
VMM_P01_003,2006,12,December,39.48
VMM_P01_003,2007,1,Januari,36.42
VMM_P01_003,2007,2,Februari,30.12
VMM_P01_003,2007,3,Maart,31.29
VMM_P01_003,2007,4,April,0.0
VMM_P01_003,2007,5,Mei,66.91
VMM_P01_003,2007,6,Juni,363.48
VMM_P01_003,2007,7,Juli,792.79
VMM_P01_003,2007,8,Augustus,162.8
VMM_P01_003,2007,9,September,155.81
VMM_P01_003,2007,10,Oktober,35.56
VMM_P01_003,2007,11,November,21.79
VMM_P01_003,2007,12,December,26.85
VMM_P01_003,2008,1,Januari,13.02
VMM_P01_003,2008,2,Februari,31.39
VMM_P01_003,2008,3,Maart,58.23
VMM_P01_003,2008,4,April,28.18
VMM_P01_003,2008,5,Mei,81.07
VMM_P01_003,2008,6,Juni,100.93
VMM_P01_003,2008,7,Juli,2305.31
VMM_P01_003,2008,8,Augustus,236.34
VMM_P01_003,2008,9,September,382.14
VMM_P01_003,2008,10,Oktober,24.01
VMM_P01_003,2008,11,November,132.7
VMM_P01_003,2008,12,December,23.51
VMM_P01_003,2009,1,Januari,20.05
VMM_P01_003,2009,2,Februari,18.05
VMM_P01_003,2009,3,Maart,23.18
VMM_P01_003,2009,4,April,13.92
VMM_P01_003,2009,5,Mei,650.66
VMM_P01_003,2009,6,Juni,148.98
VMM_P01_003,2009,7,Juli,78.62
VMM_P01_003,2009,8,Augustus,26.47
VMM_P01_003,2009,9,September,7.55
VMM_P01_003,2009,10,Oktober,259.51
VMM_P01_003,2009,11,November,170.87
VMM_P01_003,2009,12,December,44.75
VMM_P01_003,2010,1,Januari,38.52
VMM_P01_003,2010,2,Februari,32.24
VMM_P01_003,2010,3,Maart,129.64
VMM_P01_003,2010,4,April,6.93
VMM_P01_003,2010,5,Mei,15.34
VMM_P01_003,2010,6,Juni,31.7
VMM_P01_003,2010,7,Juli,131.35
VMM_P01_003,2010,8,Augustus,354.93
VMM_P01_003,2010,9,September,281.68
VMM_P01_003,2010,10,Oktober,35.75
VMM_P01_003,2010,11,November,101.37
VMM_P01_003,2010,12,December,18.31
VMM_P01_003,2011,1,Januari,29.96
VMM_P01_003,2011,2,Februari,9.31
VMM_P01_003,2011,3,Maart,5.9
VMM_P01_003,2011,4,April,5.86
VMM_P01_003,2011,5,Mei,13.4
VMM_P01_003,2011,6,Juni,49.87
VMM_P01_003,2011,7,Juli,31.33
VMM_P01_003,2011,8,Augustus,272.8
VMM_P01_003,2011,9,September,123.92
VMM_P01_003,2011,10,Oktober,26.38
VMM_P01_003,2011,11,November,1.69
VMM_P01_003,2011,12,December,177.26
VMM_P01_003,2012,1,Januari,18.03
VMM_P01_003,2012,2,Februari,11.54
VMM_P01_003,2012,3,Maart,82.38
VMM_P01_003,2012,4,April,61.53
VMM_P01_003,2012,5,Mei,23.75
VMM_P01_003,2012,6,Juni,115.25
VMM_P01_003,2012,7,Juli,182.69
VMM_P01_003,2012,8,Augustus,66.44
VMM_P01_003,2012,9,September,146.3
VMM_P01_003,2012,10,Oktober,98.47
VMM_P01_003,2012,11,November,66.86
VMM_P01_003,2012,12,December,76.91
VMM_P01_003,2013,1,Januari,25.07
VMM_P01_003,2013,2,Februari,20.81
VMM_P01_003,2013,3,Maart,39.99
VMM_P01_003,2013,4,April,16.82
VMM_P01_003,2013,5,Mei,46.92
VMM_P01_003,2013,6,Juni,35.23
VMM_P01_003,2013,7,Juli,375.65
VMM_P01_003,2013,8,Augustus,6.12
VMM_P01_003,2013,9,September,298.83
VMM_P01_003,2013,10,Oktober,429.48
VMM_P01_003,2013,11,November,67.32
VMM_P01_003,2013,12,December,31.96
VMM_P01_003,2014,1,Januari,32.75
VMM_P01_003,2014,2,Februari,39.98
VMM_P01_003,2014,3,Maart,12.93
VMM_P01_003,2014,4,April,59.13
VMM_P01_003,2014,5,Mei,86.78
VMM_P01_003,2014,6,Juni,161.89
VMM_P01_003,2014,7,Juli,583.93
VMM_P01_003,2014,8,Augustus,140.41
VMM_P01_003,2014,9,September,0.0
VMM_P01_003,2014,10,Oktober,37.65
VMM_P01_003,2014,11,November,37.82
VMM_P01_003,2014,12,December,37.34
VMM_P01_003,2015,1,Januari,87.87
VMM_P01_003,2015,2,Februari,19.95
VMM_P01_003,2015,3,Maart,15.9
VMM_P01_003,2015,4,April,2.93
VMM_P01_003,2015,5,Mei,93.7
VMM_P01_003,2015,6,Juni,43.3
VMM_P01_003,2015,7,Juli,66.78
VMM_P01_003,2015,8,Augustus,1486.55
VMM_P01_003,2015,9,September,120.49
VMM_P01_003,2015,10,Oktober,8.06
VMM_P01_003,2015,11,November,173.48
VMM_P01_003,2015,12,December,11.44
VMM_P01_003,2016,1,Januari,41.56
VMM_P01_003,2016,2,Februari,30.52
VMM_P01_003,2016,3,Maart,40.19
VMM_P01_003,2016,4,April,31.04
VMM_P01_003,2016,5,Mei,213.34
VMM_P01_003,2016,6,Juni,153.75
VMM_P01_003,2016,7,Juli,13.99
VMM_P01_003,2016,8,Augustus,82.87
VMM_P01_003,2016,9,September,26.51
VMM_P01_003,2016,10,Oktober,53.91
VMM_P01_003,2016,11,November,81.02
VMM_P01_003,2016,12,December,6.63
VMM_P01_003,2017,1,Januari,45.93
VMM_P01_003,2017,2,Februari,33.98
VMM_P01_003,2017,3,Maart,12.69
VMM_P01_003,2017,4,April,10.11
VMM_P01_003,2017,5,Mei,311.41
VMM_P01_003,2017,6,Juni,3.39
VMM_P01_003,2017,7,Juli,67.06
VMM_P01_003,2017,8,Augustus,440.83
VMM_P01_003,2017,9,September,196.33
VMM_P01_003,2017,10,Oktober,10.04
VMM_P01_003,2017,11,November,71.3
VMM_P01_003,2017,12,December,151.02
VMM_P01_003,2018,1,Januari,56.85
VMM_P01_003,2018,2,Februari,14.5
VMM_P01_003,2018,3,Maart,35.65
VMM_P01_003,2018,4,April,84.54
VMM_P01_003,2018,5,Mei,759.86
VMM_P01_003,2018,6,Juni,6.24
VMM_P01_003,2018,7,Juli,5.86
VMM_P01_003,2018,8,Augustus,326.71
VMM_P01_003,2018,9,September,49.65
VMM_P01_003,2018,10,Oktober,46.53
VMM_P01_003,2018,11,November,6.23
VMM_P01_003,2018,12,December,39.43
VMM_P01_003,2019,1,Januari,19.34
VMM_P01_003,2019,2,Februari,18.0
VMM_P01_003,2019,3,Maart,25.44
VMM_P01_003,2019,4,April,7.8
VMM_P01_003,2019,5,Mei,26.23
VMM_P01_003,2019,6,Juni,106.04
VMM_P01_003,2019,7,Juli,46.49
VMM_P01_003,2019,8,Augustus,11.33
VMM_P01_003,2019,9,September,103.32
VMM_P01_003,2019,10,Oktober,83.15
VMM_P01_003,2019,11,November,50.52
VMM_P01_003,2019,12,December,45.49
VMM_P01_003,2020,1,Januari,9.67
VMM_P01_003,2020,2,Februari,48.93
VMM_P01_003,2020,3,Maart,44.91
VMM_P01_003,2020,4,April,15.72
VMM_P01_003,2020,5,Mei,8.17
VMM_P01_003,2020,6,Juni,144.19
VMM_P01_003,2020,7,Juli,16.55
VMM_P01_003,2020,8,Augustus,145.15
VMM_P01_003,2020,9,September,57.83
VMM_P01_003,2020,10,Oktober,51.07
VMM_P01_003,2020,11,November,21.96
VMM_P01_003,2020,12,December,44.69
VMM_P01_003,2021,1,Januari,53.79
VMM_P01_003,2021,2,Februari,8.26
VMM_P01_003,2021,3,Maart,13.5
VMM_P01_003,2021,4,April,7.63
VMM_P01_003,2021,5,Mei,43.28
VMM_P01_003,2021,6,Juni,86.45
VMM_P01_003,2021,7,Juli,232.19
VMM_P01_003,2021,8,Augustus,71.2
VMM_P01_003,2021,9,September,53.67
VMM_P01_003,2021,10,Oktober,50.5
VMM_P01_003,2021,11,November,92.37
VMM_P01_003,2021,12,December,42.38
VMM_P01_003,2022,1,Januari,21.11
VMM_P01_003,2022,2,Februari,15.77
VMM_P01_003,2022,3,Maart,4.1
VMM_P01_003,2022,4,April,8.42
VMM_P01_003,2022,5,Mei,149.96
VMM_P01_003,2022,6,Juni,64.29
VMM_P01_003,2022,7,Juli,2.34
VMM_P01_003,2022,8,Augustus,540.76
VMM_P01_003,2022,9,September,179.33
VMM_P01_003,2022,10,Oktober,16.87
VMM_P01_003,2022,11,November,103.47
VMM_P01_003,2022,12,December,80.14
VMM_P01_003,2023,1,Januari,62.37
VMM_P01_003,2023,2,Februari,1.01
VMM_P01_003,2023,3,Maart,29.48
VMM_P01_003,2023,4,April,152.06
VMM_P01_003,2023,5,Mei,91.61
VMM_P01_003,2023,6,Juni,116.82
VMM_P01_003,2023,7,Juli,85.07
VMM_P01_003,2023,8,Augustus,80.21
VMM_P01_003,2023,9,September,41.95
VMM_P01_003,2023,10,Oktober,306.69
VMM_P01_003,2023,11,November,242.03
VMM_P01_003,2023,12,December,51.32
VMM_P01_003,2024,1,Januari,38.18
VMM_P01_003,2024,2,Februari,47.8
VMM_P01_003,2024,3,Maart,26.72
VMM_P01_003,2024,4,April,82.8
VMM_P01_003,2024,5,Mei,81.45
VMM_P01_003,2024,6,Juni,8.11
VMM_P01_003,2024,7,Juli,84.26
VMM_P01_003,2024,8,Augustus,178.03
VMM_P01_003,2024,9,September,105.63
VMM_P01_003,2024,10,Oktober,39.58
VMM_P01_003,2024,11,November,118.46
VMM_P01_003,2024,12,December,26.61
VMM_P01_010,2005,1,Januari,39.34
VMM_P01_010,2005,2,Februari,52.35
VMM_P01_010,2005,3,Maart,8.47
VMM_P01_010,2005,4,April,22.1
VMM_P01_010,2005,5,Mei,176.19
VMM_P01_010,2005,6,Juni,17.68
VMM_P01_010,2005,7,Juli,789.09
VMM_P01_010,2005,8,Augustus,194.53
VMM_P01_010,2005,9,September,104.37
VMM_P01_010,2005,10,Oktober,66.69
VMM_P01_010,2005,11,November,104.09
VMM_P01_010,2005,12,December,21.65
VMM_P01_010,2006,1,Januari,3.46
VMM_P01_010,2006,2,Februari,19.44
VMM_P01_010,2006,3,Maart,51.33
VMM_P01_010,2006,4,April,8.74
VMM_P01_010,2006,5,Mei,203.81
VMM_P01_010,2006,6,Juni,22.59
VMM_P01_010,2006,7,Juli,19.48
VMM_P01_010,2006,8,Augustus,394.74
VMM_P01_010,2006,9,September,31.25
VMM_P01_010,2006,10,Oktober,82.53
VMM_P01_010,2006,11,November,38.12
VMM_P01_010,2006,12,December,48.16
VMM_P01_010,2007,1,Januari,39.22
VMM_P01_010,2007,2,Februari,44.02
VMM_P01_010,2007,3,Maart,26.91
VMM_P01_010,2007,4,April,0.0
VMM_P01_010,2007,5,Mei,33.65
VMM_P01_010,2007,6,Juni,301.96
VMM_P01_010,2007,7,Juli,648.47
VMM_P01_010,2007,8,Augustus,126.9
VMM_P01_010,2007,9,September,56.35
VMM_P01_010,2007,10,Oktober,73.56
VMM_P01_010,2007,11,November,19.36
VMM_P01_010,2007,12,December,52.47
VMM_P01_010,2008,1,Januari,21.41
VMM_P01_010,2008,2,Februari,56.67
VMM_P01_010,2008,3,Maart,47.7
VMM_P01_010,2008,4,April,8.49
VMM_P01_010,2008,5,Mei,166.04
VMM_P01_010,2008,6,Juni,198.59
VMM_P01_010,2008,7,Juli,438.02
VMM_P01_010,2008,8,Augustus,278.24
VMM_P01_010,2008,9,September,290.22
VMM_P01_010,2008,10,Oktober,34.08
VMM_P01_010,2008,11,November,153.68
VMM_P01_010,2008,12,December,22.86
VMM_P01_010,2009,1,Januari,31.09
VMM_P01_010,2009,2,Februari,33.87
VMM_P01_010,2009,3,Maart,46.03
VMM_P01_010,2009,4,April,47.89
VMM_P01_010,2009,5,Mei,14.47
VMM_P01_010,2009,6,Juni,281.49
VMM_P01_010,2009,7,Juli,77.2
VMM_P01_010,2009,8,Augustus,4.56
VMM_P01_010,2009,9,September,12.17
VMM_P01_010,2009,10,Oktober,55.95
VMM_P01_010,2009,11,November,155.42
VMM_P01_010,2009,12,December,32.75
VMM_P01_010,2010,1,Januari,17.78
VMM_P01_010,2010,2,Februari,31.97
VMM_P01_010,2010,3,Maart,128.7
VMM_P01_010,2010,4,April,9.78
VMM_P01_010,2010,5,Mei,31.38
VMM_P01_010,2010,6,Juni,15.34
VMM_P01_010,2010,7,Juli,245.73
VMM_P01_010,2010,8,Augustus,617.82
VMM_P01_010,2010,9,September,100.31
VMM_P01_010,2010,10,Oktober,70.67
VMM_P01_010,2010,11,November,202.13
VMM_P01_010,2010,12,December,9.95
VMM_P01_010,2011,1,Januari,24.56
VMM_P01_010,2011,2,Februari,9.39
VMM_P01_010,2011,3,Maart,2.49
VMM_P01_010,2011,4,April,50.33
VMM_P01_010,2011,5,Mei,0.66
VMM_P01_010,2011,6,Juni,45.13
VMM_P01_010,2011,7,Juli,85.35
VMM_P01_010,2011,8,Augustus,1012.73
VMM_P01_010,2011,9,September,114.61
VMM_P01_010,2011,10,Oktober,53.35
VMM_P01_010,2011,11,November,2.82
VMM_P01_010,2011,12,December,223.64
VMM_P01_010,2012,1,Januari,22.34
VMM_P01_010,2012,2,Februari,7.87
VMM_P01_010,2012,3,Maart,61.33
VMM_P01_010,2012,4,April,74.01
VMM_P01_010,2012,5,Mei,98.56
VMM_P01_010,2012,6,Juni,137.43
VMM_P01_010,2012,7,Juli,1300.91
VMM_P01_010,2012,8,Augustus,6.05
VMM_P01_010,2012,9,September,58.78
VMM_P01_010,2012,10,Oktober,198.8
VMM_P01_010,2012,11,November,61.44
VMM_P01_010,2012,12,December,86.01
VMM_P01_010,2015,1,Januari,79.92
VMM_P01_010,2015,2,Februari,22.7
VMM_P01_010,2015,3,Maart,26.39
VMM_P01_010,2015,4,April,6.47
VMM_P01_010,2015,5,Mei,173.91
VMM_P01_010,2015,6,Juni,31.19
VMM_P01_010,2015,7,Juli,58.36
VMM_P01_010,2015,8,Augustus,192.35
VMM_P01_010,2015,9,September,110.63
VMM_P01_010,2015,10,Oktober,8.91
VMM_P01_010,2015,11,November,79.09
VMM_P01_010,2015,12,December,11.22
VMM_P01_010,2016,1,Januari,57.43
VMM_P01_010,2016,2,Februari,35.19
VMM_P01_010,2016,3,Maart,43.27
VMM_P01_010,2016,4,April,30.57
VMM_P01_010,2016,5,Mei,481.11
VMM_P01_010,2016,6,Juni,106.58
VMM_P01_010,2016,7,Juli,47.57
VMM_P01_010,2016,8,Augustus,37.18
VMM_P01_010,2016,9,September,72.99
VMM_P01_010,2016,10,Oktober,115.06
VMM_P01_010,2016,11,November,125.84
VMM_P01_010,2016,12,December,6.57
VMM_P01_010,2017,1,Januari,32.06
VMM_P01_010,2017,2,Februari,28.21
VMM_P01_010,2017,3,Maart,20.72
VMM_P01_010,2017,4,April,4.44
VMM_P01_010,2017,5,Mei,321.28
VMM_P01_010,2017,6,Juni,1.18
VMM_P01_010,2017,7,Juli,27.3
VMM_P01_010,2017,8,Augustus,320.09
VMM_P01_010,2017,9,September,63.85
VMM_P01_010,2017,10,Oktober,26.72
VMM_P01_010,2017,11,November,109.08
VMM_P01_010,2017,12,December,92.14
VMM_P01_010,2018,1,Januari,93.72
VMM_P01_010,2018,2,Februari,16.64
VMM_P01_010,2018,3,Maart,37.73
VMM_P01_010,2018,4,April,77.85
VMM_P01_010,2018,5,Mei,145.55
VMM_P01_010,2018,6,Juni,68.05
VMM_P01_010,2018,7,Juli,72.09
VMM_P01_010,2018,8,Augustus,177.23
VMM_P01_010,2018,9,September,69.37
VMM_P01_010,2018,10,Oktober,47.96
VMM_P01_010,2018,11,November,11.1
VMM_P01_010,2018,12,December,70.46
VMM_P01_010,2019,1,Januari,15.93
VMM_P01_010,2019,2,Februari,16.09
VMM_P01_010,2019,3,Maart,37.28
VMM_P01_010,2019,4,April,14.15
VMM_P01_010,2019,5,Mei,22.88
VMM_P01_010,2019,6,Juni,255.78
VMM_P01_010,2019,7,Juli,66.82
VMM_P01_010,2019,8,Augustus,9.58
VMM_P01_010,2019,9,September,228.86
VMM_P01_010,2019,10,Oktober,96.32
VMM_P01_010,2019,11,November,54.36
VMM_P01_010,2019,12,December,53.55
VMM_P01_010,2020,1,Januari,21.86
VMM_P01_010,2020,2,Februari,82.26
VMM_P01_010,2020,3,Maart,37.56
VMM_P01_010,2020,4,April,140.05
VMM_P01_010,2020,5,Mei,0.0
VMM_P01_010,2020,6,Juni,257.97
VMM_P01_010,2020,7,Juli,5.46
VMM_P01_010,2020,8,Augustus,506.44
VMM_P01_010,2020,9,September,240.76
VMM_P01_010,2020,10,Oktober,88.07
VMM_P01_010,2020,11,November,13.99
VMM_P01_010,2020,12,December,26.02
VMM_P01_010,2021,1,Januari,58.35
VMM_P01_010,2021,2,Februari,10.45
VMM_P01_010,2021,3,Maart,16.4
VMM_P01_010,2021,4,April,15.49
VMM_P01_010,2021,5,Mei,64.73
VMM_P01_010,2021,6,Juni,79.38
VMM_P01_010,2021,7,Juli,337.79
VMM_P01_010,2021,8,Augustus,413.66
VMM_P01_010,2021,9,September,515.85
VMM_P01_010,2021,10,Oktober,57.66
VMM_P01_010,2021,11,November,82.95
VMM_P01_010,2021,12,December,41.77
VMM_P01_010,2022,1,Januari,36.16
VMM_P01_010,2022,2,Februari,25.9
VMM_P01_010,2022,3,Maart,6.76
VMM_P01_010,2022,4,April,17.34
VMM_P01_010,2022,5,Mei,78.3
VMM_P01_010,2022,6,Juni,35.78
VMM_P01_010,2022,7,Juli,0.27
VMM_P01_010,2022,8,Augustus,2.03
VMM_P01_010,2022,9,September,188.71
VMM_P01_010,2022,10,Oktober,20.7
VMM_P01_010,2022,11,November,79.09
VMM_P01_010,2022,12,December,36.69
VMM_P01_010,2023,1,Januari,63.01
VMM_P01_010,2023,2,Februari,1.89
VMM_P01_010,2023,3,Maart,109.83
VMM_P01_010,2023,4,April,47.45
VMM_P01_010,2023,5,Mei,37.9
VMM_P01_010,2023,6,Juni,110.69
VMM_P01_010,2023,7,Juli,186.08
VMM_P01_010,2023,8,Augustus,303.32
VMM_P01_010,2023,9,September,81.14
VMM_P01_010,2023,10,Oktober,110.7
VMM_P01_010,2023,11,November,421.24
VMM_P01_010,2023,12,December,39.37
VMM_P01_010,2024,1,Januari,31.62
VMM_P01_010,2024,2,Februari,60.35
VMM_P01_010,2024,3,Maart,28.3
VMM_P01_010,2024,4,April,192.87
VMM_P01_010,2024,5,Mei,96.59
VMM_P01_010,2024,6,Juni,38.54
VMM_P01_010,2024,7,Juli,50.91
VMM_P01_010,2024,8,Augustus,125.4
VMM_P01_010,2024,9,September,240.05
VMM_P01_010,2024,10,Oktober,51.96
VMM_P01_010,2024,11,November,55.03
VMM_P01_010,2024,12,December,18.68
VMM_P01_015,2005,1,Januari,14.47
VMM_P01_015,2005,2,Februari,24.41
VMM_P01_015,2005,3,Maart,6.25
VMM_P01_015,2005,4,April,24.07
VMM_P01_015,2005,5,Mei,58.01
VMM_P01_015,2005,6,Juni,446.24
VMM_P01_015,2005,7,Juli,199.05
VMM_P01_015,2005,8,Augustus,47.79
VMM_P01_015,2005,9,September,45.23
VMM_P01_015,2005,10,Oktober,58.35
VMM_P01_015,2005,11,November,134.34
VMM_P01_015,2005,12,December,41.41
VMM_P01_015,2006,1,Januari,9.09
VMM_P01_015,2006,2,Februari,17.14
VMM_P01_015,2006,3,Maart,7.73
VMM_P01_015,2006,4,April,16.47
VMM_P01_015,2006,5,Mei,85.73
VMM_P01_015,2006,6,Juni,112.18
VMM_P01_015,2006,7,Juli,18.64
VMM_P01_015,2006,8,Augustus,439.95
VMM_P01_015,2006,9,September,50.56
VMM_P01_015,2006,10,Oktober,119.19
VMM_P01_015,2006,11,November,22.97
VMM_P01_015,2006,12,December,51.0
VMM_P01_015,2007,1,Januari,81.48
VMM_P01_015,2007,2,Februari,26.3
VMM_P01_015,2007,3,Maart,21.81
VMM_P01_015,2007,4,April,0.0
VMM_P01_015,2007,5,Mei,19.39
VMM_P01_015,2007,6,Juni,1056.7
VMM_P01_015,2007,7,Juli,372.6
VMM_P01_015,2007,8,Augustus,467.03
VMM_P01_015,2007,9,September,115.91
VMM_P01_015,2007,10,Oktober,25.46
VMM_P01_015,2007,11,November,33.45
VMM_P01_015,2007,12,December,54.84
VMM_P01_015,2008,1,Januari,13.73
VMM_P01_015,2008,2,Februari,3.14
VMM_P01_015,2008,3,Maart,77.88
VMM_P01_015,2008,4,April,5.49
VMM_P01_015,2008,5,Mei,42.63
VMM_P01_015,2008,6,Juni,319.04
VMM_P01_015,2008,7,Juli,247.71
VMM_P01_015,2008,8,Augustus,98.46
VMM_P01_015,2008,9,September,102.18
VMM_P01_015,2008,10,Oktober,27.94
VMM_P01_015,2008,11,November,90.45
VMM_P01_015,2008,12,December,31.05
VMM_P01_015,2009,1,Januari,13.19
VMM_P01_015,2009,2,Februari,22.66
VMM_P01_015,2009,3,Maart,16.46
VMM_P01_015,2009,4,April,16.62
VMM_P01_015,2009,5,Mei,23.02
VMM_P01_015,2009,6,Juni,67.54
VMM_P01_015,2009,7,Juli,31.54
VMM_P01_015,2009,8,Augustus,13.13
VMM_P01_015,2009,9,September,25.32
VMM_P01_015,2009,10,Oktober,276.76
VMM_P01_015,2009,11,November,231.32
VMM_P01_015,2009,12,December,31.9
VMM_P01_015,2011,1,Januari,33.92
VMM_P01_015,2011,2,Februari,15.83
VMM_P01_015,2011,3,Maart,10.77
VMM_P01_015,2011,4,April,11.4
VMM_P01_015,2011,5,Mei,6.75
VMM_P01_015,2011,6,Juni,71.45
VMM_P01_015,2011,7,Juli,200.9
VMM_P01_015,2011,8,Augustus,330.22
VMM_P01_015,2011,9,September,54.1
VMM_P01_015,2011,10,Oktober,45.06
VMM_P01_015,2011,11,November,2.31
VMM_P01_015,2011,12,December,158.49
VMM_P01_015,2012,1,Januari,51.83
VMM_P01_015,2012,2,Februari,8.35
VMM_P01_015,2012,3,Maart,57.26
VMM_P01_015,2012,4,April,52.6
VMM_P01_015,2012,5,Mei,58.27
VMM_P01_015,2012,6,Juni,177.08
VMM_P01_015,2012,7,Juli,331.73
VMM_P01_015,2012,8,Augustus,17.01
VMM_P01_015,2012,9,September,152.63
VMM_P01_015,2012,10,Oktober,221.08
VMM_P01_015,2012,11,November,86.93
VMM_P01_015,2012,12,December,71.74
VMM_P01_015,2013,1,Januari,63.27
VMM_P01_015,2013,2,Februari,9.54
VMM_P01_015,2013,3,Maart,32.08
VMM_P01_015,2013,4,April,3.64
VMM_P01_015,2013,5,Mei,26.25
VMM_P01_015,2013,6,Juni,203.09
VMM_P01_015,2013,7,Juli,117.82
VMM_P01_015,2013,8,Augustus,26.7
VMM_P01_015,2013,9,September,102.1
VMM_P01_015,2013,10,Oktober,126.9
VMM_P01_015,2013,11,November,74.99
VMM_P01_015,2013,12,December,17.27
VMM_P01_015,2014,1,Januari,46.95
VMM_P01_015,2014,2,Februari,38.98
VMM_P01_015,2014,3,Maart,12.74
VMM_P01_015,2014,4,April,123.73
VMM_P01_015,2014,5,Mei,82.7
VMM_P01_015,2014,6,Juni,266.55
VMM_P01_015,2014,7,Juli,984.13
VMM_P01_015,2014,8,Augustus,221.93
VMM_P01_015,2014,9,September,8.84
VMM_P01_015,2014,10,Oktober,32.62
VMM_P01_015,2014,11,November,28.83
VMM_P01_015,2014,12,December,36.9
VMM_P01_015,2015,1,Januari,91.68
VMM_P01_015,2015,2,Februari,22.53
VMM_P01_015,2015,3,Maart,10.3
VMM_P01_015,2015,4,April,4.62
VMM_P01_015,2015,5,Mei,20.35
VMM_P01_015,2015,6,Juni,65.88
VMM_P01_015,2015,7,Juli,120.26
VMM_P01_015,2015,8,Augustus,209.6
VMM_P01_015,2015,9,September,113.75
VMM_P01_015,2015,10,Oktober,12.87
VMM_P01_015,2015,11,November,93.58
VMM_P01_015,2015,12,December,17.1
VMM_P01_015,2016,1,Januari,57.64
VMM_P01_015,2016,2,Februari,26.09
VMM_P01_015,2016,3,Maart,49.17
VMM_P01_015,2016,4,April,28.24
VMM_P01_015,2016,5,Mei,30.2
VMM_P01_015,2016,6,Juni,198.7
VMM_P01_015,2016,7,Juli,21.7
VMM_P01_015,2016,8,Augustus,37.31
VMM_P01_015,2016,9,September,15.49
VMM_P01_015,2016,10,Oktober,55.75
VMM_P01_015,2016,11,November,116.36
VMM_P01_015,2016,12,December,3.89
VMM_P01_015,2017,1,Januari,39.76
VMM_P01_015,2017,2,Februari,20.68
VMM_P01_015,2017,3,Maart,9.38
VMM_P01_015,2017,4,April,6.35
VMM_P01_015,2017,5,Mei,36.13
VMM_P01_015,2017,6,Juni,1.4
VMM_P01_015,2017,7,Juli,160.31
VMM_P01_015,2017,8,Augustus,346.15
VMM_P01_015,2017,9,September,230.61
VMM_P01_015,2017,10,Oktober,10.77
VMM_P01_015,2017,11,November,67.93
VMM_P01_015,2017,12,December,85.36
VMM_P01_015,2018,1,Januari,56.46
VMM_P01_015,2018,2,Februari,9.36
VMM_P01_015,2018,3,Maart,51.26
VMM_P01_015,2018,4,April,79.31
VMM_P01_015,2018,5,Mei,268.91
VMM_P01_015,2018,6,Juni,0.0
VMM_P01_015,2018,7,Juli,50.9
VMM_P01_015,2018,8,Augustus,129.32
VMM_P01_015,2018,9,September,29.57
VMM_P01_015,2018,10,Oktober,91.84
VMM_P01_015,2018,11,November,4.96
VMM_P01_015,2018,12,December,53.15
VMM_P01_015,2019,1,Januari,10.48
VMM_P01_015,2019,2,Februari,25.77
VMM_P01_015,2019,3,Maart,34.41
VMM_P01_015,2019,4,April,10.83
VMM_P01_015,2019,5,Mei,99.31
VMM_P01_015,2019,6,Juni,142.13
VMM_P01_015,2019,7,Juli,65.02
VMM_P01_015,2019,8,Augustus,62.29
VMM_P01_015,2019,9,September,98.44
VMM_P01_015,2019,10,Oktober,49.49
VMM_P01_015,2019,11,November,48.02
VMM_P01_015,2019,12,December,49.27
VMM_P01_015,2020,1,Januari,26.68
VMM_P01_015,2020,2,Februari,49.39
VMM_P01_015,2020,3,Maart,36.38
VMM_P01_015,2020,4,April,5.29
VMM_P01_015,2020,5,Mei,0.0
VMM_P01_015,2020,6,Juni,126.79
VMM_P01_015,2020,7,Juli,79.08
VMM_P01_015,2020,8,Augustus,695.64
VMM_P01_015,2020,9,September,147.87
VMM_P01_015,2020,10,Oktober,73.96
VMM_P01_015,2020,11,November,13.5
VMM_P01_015,2020,12,December,50.47
VMM_P01_015,2021,1,Januari,50.73
VMM_P01_015,2021,2,Februari,24.26
VMM_P01_015,2021,3,Maart,16.58
VMM_P01_015,2021,4,April,24.26
VMM_P01_015,2021,5,Mei,39.98
VMM_P01_015,2021,6,Juni,326.42
VMM_P01_015,2021,7,Juli,1505.54
VMM_P01_015,2021,8,Augustus,89.84
VMM_P01_015,2021,9,September,35.48
VMM_P01_015,2021,10,Oktober,181.8
VMM_P01_015,2021,11,November,207.89
VMM_P01_015,2021,12,December,49.31
VMM_P01_015,2022,1,Januari,24.39
VMM_P01_015,2022,2,Februari,16.27
VMM_P01_015,2022,3,Maart,8.07
VMM_P01_015,2022,4,April,103.28
VMM_P01_015,2022,5,Mei,25.57
VMM_P01_015,2022,6,Juni,18.02
VMM_P01_015,2022,7,Juli,13.02
VMM_P01_015,2022,8,Augustus,149.56
VMM_P01_015,2022,9,September,215.27
VMM_P01_015,2022,10,Oktober,146.8
VMM_P01_015,2022,11,November,117.14
VMM_P01_015,2022,12,December,86.56
VMM_P01_015,2023,1,Januari,86.7
VMM_P01_015,2023,2,Februari,0.37
VMM_P01_015,2023,3,Maart,32.79
VMM_P01_015,2023,4,April,109.24
VMM_P01_015,2023,5,Mei,5.17
VMM_P01_015,2023,6,Juni,134.86
VMM_P01_015,2023,7,Juli,78.62
VMM_P01_015,2023,8,Augustus,217.76
VMM_P01_015,2023,9,September,64.94
VMM_P01_015,2023,10,Oktober,118.17
VMM_P01_015,2023,11,November,269.69
VMM_P01_015,2023,12,December,81.45
VMM_P01_015,2024,1,Januari,52.73
VMM_P01_015,2024,2,Februari,73.99
VMM_P01_015,2024,3,Maart,45.21
VMM_P01_015,2024,4,April,44.55
VMM_P01_015,2024,5,Mei,141.74
VMM_P01_015,2024,6,Juni,14.43
VMM_P01_015,2024,7,Juli,61.86
VMM_P01_015,2024,8,Augustus,84.5
VMM_P01_015,2024,9,September,99.59
VMM_P01_015,2024,10,Oktober,33.6
VMM_P01_015,2024,11,November,52.92
VMM_P01_015,2024,12,December,20.47
VMM_P01_029,2009,1,Januari,16.56
VMM_P01_029,2009,2,Februari,21.27
VMM_P01_029,2009,3,Maart,67.33
VMM_P01_029,2009,4,April,15.89
VMM_P01_029,2009,5,Mei,28.72
VMM_P01_029,2009,6,Juni,61.73
VMM_P01_029,2009,7,Juli,22.59
VMM_P01_029,2009,8,Augustus,5.27
VMM_P01_029,2009,9,September,33.47
VMM_P01_029,2009,10,Oktober,294.05
VMM_P01_029,2009,11,November,199.52
VMM_P01_029,2009,12,December,40.7
VMM_P01_029,2010,1,Januari,9.93
VMM_P01_029,2010,2,Februari,34.38
VMM_P01_029,2010,3,Maart,18.61
VMM_P01_029,2010,4,April,5.04
VMM_P01_029,2010,5,Mei,106.67
VMM_P01_029,2010,6,Juni,106.28
VMM_P01_029,2010,7,Juli,91.23
VMM_P01_029,2010,8,Augustus,533.13
VMM_P01_029,2010,9,September,58.96
VMM_P01_029,2010,10,Oktober,86.88
VMM_P01_029,2010,11,November,127.03
VMM_P01_029,2010,12,December,19.29
VMM_P01_029,2014,1,Januari,49.93
VMM_P01_029,2014,2,Februari,59.68
VMM_P01_029,2014,3,Maart,13.55
VMM_P01_029,2014,4,April,70.1
VMM_P01_029,2014,5,Mei,108.38
VMM_P01_029,2014,6,Juni,25.19
VMM_P01_029,2014,7,Juli,798.3
VMM_P01_029,2014,8,Augustus,554.87
VMM_P01_029,2014,9,September,329.34
VMM_P01_029,2014,10,Oktober,315.63
VMM_P01_029,2014,11,November,324.14
VMM_P01_029,2014,12,December,28.12
VMM_P01_029,2015,1,Januari,98.71
VMM_P01_029,2015,2,Februari,20.8
VMM_P01_029,2015,3,Maart,8.58
VMM_P01_029,2015,4,April,3.25
VMM_P01_029,2015,5,Mei,20.97
VMM_P01_029,2015,6,Juni,27.86
VMM_P01_029,2015,7,Juli,205.78
VMM_P01_029,2015,8,Augustus,594.24
VMM_P01_029,2015,9,September,189.91
VMM_P01_029,2015,10,Oktober,14.5
VMM_P01_029,2015,11,November,67.3
VMM_P01_029,2015,12,December,23.07
VMM_P01_029,2016,1,Januari,68.33
VMM_P01_029,2016,2,Februari,45.36
VMM_P01_029,2016,3,Maart,31.04
VMM_P01_029,2016,4,April,32.56
VMM_P01_029,2016,5,Mei,252.34
VMM_P01_029,2016,6,Juni,315.38
VMM_P01_029,2016,7,Juli,40.04
VMM_P01_029,2016,8,Augustus,69.84
VMM_P01_029,2016,9,September,47.03
VMM_P01_029,2016,10,Oktober,48.12
VMM_P01_029,2016,11,November,131.64
VMM_P01_029,2016,12,December,3.24
VMM_P01_029,2017,1,Januari,41.67
VMM_P01_029,2017,2,Februari,24.83
VMM_P01_029,2017,3,Maart,10.79
VMM_P01_029,2017,4,April,4.8
VMM_P01_029,2017,5,Mei,10.23
VMM_P01_029,2017,6,Juni,1.8
VMM_P01_029,2017,7,Juli,232.77
VMM_P01_029,2017,8,Augustus,3113.33
VMM_P01_029,2017,9,September,515.5
VMM_P01_029,2017,10,Oktober,11.0
VMM_P01_029,2017,11,November,87.02
VMM_P01_029,2017,12,December,137.09
VMM_P01_029,2018,1,Januari,52.36
VMM_P01_029,2018,2,Februari,14.89
VMM_P01_029,2018,3,Maart,35.21
VMM_P01_029,2018,4,April,144.88
VMM_P01_029,2018,5,Mei,55.01
VMM_P01_029,2018,6,Juni,0.56
VMM_P01_029,2018,7,Juli,57.25
VMM_P01_029,2018,8,Augustus,169.57
VMM_P01_029,2018,9,September,47.8
VMM_P01_029,2018,10,Oktober,79.45
VMM_P01_029,2018,11,November,8.0
VMM_P01_029,2018,12,December,65.3
VMM_P01_029,2019,1,Januari,17.17
VMM_P01_029,2019,2,Februari,24.91
VMM_P01_029,2019,3,Maart,36.99
VMM_P01_029,2019,4,April,7.84
VMM_P01_029,2019,5,Mei,77.58
VMM_P01_029,2019,6,Juni,280.1
VMM_P01_029,2019,7,Juli,37.95
VMM_P01_029,2019,8,Augustus,17.5
VMM_P01_029,2019,9,September,97.94
VMM_P01_029,2019,10,Oktober,145.59
VMM_P01_029,2019,11,November,62.48
VMM_P01_029,2019,12,December,44.59
VMM_P01_029,2020,1,Januari,20.1
VMM_P01_029,2020,2,Februari,69.5
VMM_P01_029,2020,3,Maart,33.87
VMM_P01_029,2020,4,April,24.39
VMM_P01_029,2020,5,Mei,0.0
VMM_P01_029,2020,6,Juni,177.45
VMM_P01_029,2020,7,Juli,268.87
VMM_P01_029,2020,8,Augustus,238.78
VMM_P01_029,2020,9,September,201.85
VMM_P01_029,2020,10,Oktober,81.52
VMM_P01_029,2020,11,November,50.84
VMM_P01_029,2020,12,December,54.47
VMM_P01_029,2021,1,Januari,55.68
VMM_P01_029,2021,2,Februari,17.04
VMM_P01_029,2021,3,Maart,11.69
VMM_P01_029,2021,4,April,9.59
VMM_P01_029,2021,5,Mei,64.73
VMM_P01_029,2021,6,Juni,144.09
VMM_P01_029,2021,7,Juli,443.11
VMM_P01_029,2021,8,Augustus,89.04
VMM_P01_029,2021,9,September,16.88
VMM_P01_029,2021,10,Oktober,103.11
VMM_P01_029,2021,11,November,215.06
VMM_P01_029,2021,12,December,46.58
VMM_P01_029,2022,1,Januari,15.19
VMM_P01_029,2022,2,Februari,15.15
VMM_P01_029,2022,3,Maart,33.01
VMM_P01_029,2022,4,April,34.28
VMM_P01_029,2022,5,Mei,37.4
VMM_P01_029,2022,6,Juni,26.9
VMM_P01_029,2022,7,Juli,16.76
VMM_P01_029,2022,8,Augustus,41.71
VMM_P01_029,2022,9,September,222.52
VMM_P01_029,2022,10,Oktober,77.93
VMM_P01_029,2022,11,November,259.44
VMM_P01_029,2022,12,December,75.32
VMM_P01_029,2023,1,Januari,58.14
VMM_P01_029,2023,2,Februari,0.14
VMM_P01_029,2023,3,Maart,39.06
VMM_P01_029,2023,4,April,57.37
VMM_P01_029,2023,5,Mei,5.6
VMM_P01_029,2023,6,Juni,70.66
VMM_P01_029,2023,7,Juli,77.32
VMM_P01_029,2023,8,Augustus,165.15
VMM_P01_029,2023,9,September,264.63
VMM_P01_029,2023,10,Oktober,124.68
VMM_P01_029,2023,11,November,254.27
VMM_P01_029,2023,12,December,71.91
VMM_P01_037,2009,1,Januari,24.19
VMM_P01_037,2009,2,Februari,12.79
VMM_P01_037,2009,3,Maart,20.7
VMM_P01_037,2009,4,April,138.02
VMM_P01_037,2009,5,Mei,82.46
VMM_P01_037,2009,6,Juni,78.85
VMM_P01_037,2009,7,Juli,47.68
VMM_P01_037,2009,8,Augustus,7.6
VMM_P01_037,2009,9,September,15.95
VMM_P01_037,2009,10,Oktober,225.82
VMM_P01_037,2009,11,November,198.12
VMM_P01_037,2009,12,December,39.56
VMM_P01_037,2015,1,Januari,89.0
VMM_P01_037,2015,2,Februari,30.24
VMM_P01_037,2015,3,Maart,10.37
VMM_P01_037,2015,4,April,5.29
VMM_P01_037,2015,5,Mei,83.39
VMM_P01_037,2015,6,Juni,38.14
VMM_P01_037,2015,7,Juli,99.55
VMM_P01_037,2015,8,Augustus,137.25
VMM_P01_037,2015,9,September,63.34
VMM_P01_037,2015,10,Oktober,16.69
VMM_P01_037,2015,11,November,95.35
VMM_P01_037,2015,12,December,12.23
VMM_P01_037,2016,1,Januari,52.22
VMM_P01_037,2016,2,Februari,37.6
VMM_P01_037,2016,3,Maart,42.44
VMM_P01_037,2016,4,April,29.73
VMM_P01_037,2016,5,Mei,372.85
VMM_P01_037,2016,6,Juni,172.53
VMM_P01_037,2016,7,Juli,32.16
VMM_P01_037,2016,8,Augustus,25.37
VMM_P01_037,2016,9,September,76.61
VMM_P01_037,2016,10,Oktober,89.79
VMM_P01_037,2016,11,November,154.32
VMM_P01_037,2016,12,December,7.53
VMM_P01_037,2017,1,Januari,54.15
VMM_P01_037,2017,2,Februari,35.75
VMM_P01_037,2017,3,Maart,24.13
VMM_P01_037,2017,4,April,9.32
VMM_P01_037,2017,5,Mei,115.67
VMM_P01_037,2017,6,Juni,0.35
VMM_P01_037,2017,7,Juli,30.69
VMM_P01_037,2017,8,Augustus,639.69
VMM_P01_037,2017,9,September,102.27
VMM_P01_037,2017,10,Oktober,25.46
VMM_P01_037,2017,11,November,125.24
VMM_P01_037,2017,12,December,72.43
VMM_P01_037,2018,1,Januari,61.36
VMM_P01_037,2018,2,Februari,9.51
VMM_P01_037,2018,3,Maart,39.99
VMM_P01_037,2018,4,April,55.51
VMM_P01_037,2018,5,Mei,181.52
VMM_P01_037,2018,6,Juni,0.0
VMM_P01_037,2018,7,Juli,591.94
VMM_P01_037,2018,8,Augustus,203.58
VMM_P01_037,2018,9,September,59.54
VMM_P01_037,2018,10,Oktober,60.35
VMM_P01_037,2018,11,November,11.98
VMM_P01_037,2018,12,December,55.09
VMM_P01_037,2019,1,Januari,21.62
VMM_P01_037,2019,2,Februari,32.92
VMM_P01_037,2019,3,Maart,22.95
VMM_P01_037,2019,4,April,13.31
VMM_P01_037,2019,5,Mei,10.27
VMM_P01_037,2019,6,Juni,232.23
VMM_P01_037,2019,7,Juli,43.32
VMM_P01_037,2019,8,Augustus,6.97
VMM_P01_037,2019,9,September,192.56
VMM_P01_037,2019,10,Oktober,62.56
VMM_P01_037,2019,11,November,50.18
VMM_P01_037,2019,12,December,60.86
VMM_P01_037,2020,1,Januari,11.35
VMM_P01_037,2020,2,Februari,53.44
VMM_P01_037,2020,3,Maart,48.27
VMM_P01_037,2020,4,April,30.08
VMM_P01_037,2020,5,Mei,0.19
VMM_P01_037,2020,6,Juni,75.29
VMM_P01_037,2020,7,Juli,6.62
VMM_P01_037,2020,8,Augustus,418.76
VMM_P01_037,2020,9,September,172.54
VMM_P01_037,2020,10,Oktober,128.08
VMM_P01_037,2020,11,November,28.64
VMM_P01_037,2020,12,December,35.62
VMM_P01_037,2021,1,Januari,69.78
VMM_P01_037,2021,2,Februari,11.1
VMM_P01_037,2021,3,Maart,13.3
VMM_P01_037,2021,4,April,15.8
VMM_P01_037,2021,5,Mei,32.37
VMM_P01_037,2021,6,Juni,275.15
VMM_P01_037,2021,7,Juli,381.46
VMM_P01_037,2021,8,Augustus,472.86
VMM_P01_037,2021,9,September,296.18
VMM_P01_037,2021,10,Oktober,60.0
VMM_P01_037,2021,11,November,187.59
VMM_P01_037,2021,12,December,75.56
VMM_P01_037,2022,1,Januari,37.85
VMM_P01_037,2022,2,Februari,14.07
VMM_P01_037,2022,3,Maart,18.61
VMM_P01_037,2022,4,April,9.1
VMM_P01_037,2022,5,Mei,110.9
VMM_P01_037,2022,6,Juni,24.78
VMM_P01_037,2022,7,Juli,361.9
VMM_P01_037,2022,8,Augustus,7.32
VMM_P01_037,2022,9,September,186.12
VMM_P01_037,2022,10,Oktober,38.42
VMM_P01_037,2022,11,November,78.41
VMM_P01_037,2022,12,December,45.54
VMM_P01_037,2023,1,Januari,78.61
VMM_P01_037,2023,2,Februari,0.68
VMM_P01_037,2023,3,Maart,64.13
VMM_P01_037,2023,4,April,74.69
VMM_P01_037,2023,5,Mei,15.36
VMM_P01_037,2023,6,Juni,84.7
VMM_P01_037,2023,7,Juli,53.27
VMM_P01_037,2023,8,Augustus,553.49
VMM_P01_037,2023,9,September,47.64
VMM_P01_037,2023,10,Oktober,241.81
VMM_P01_037,2023,11,November,363.54
VMM_P01_037,2023,12,December,57.17
VMM_P01_037,2024,1,Januari,34.99
VMM_P01_037,2024,2,Februari,60.92
VMM_P01_037,2024,3,Maart,44.76
VMM_P01_037,2024,4,April,39.06
VMM_P01_037,2024,5,Mei,114.4
VMM_P01_037,2024,6,Juni,85.15
VMM_P01_037,2024,7,Juli,154.85
VMM_P01_037,2024,8,Augustus,148.04
VMM_P01_037,2024,9,September,126.47
VMM_P01_037,2024,10,Oktober,45.66
VMM_P01_037,2024,11,November,56.83
VMM_P01_037,2024,12,December,19.4
VMM_P02_004,2005,1,Januari,19.62
VMM_P02_004,2005,2,Februari,37.9
VMM_P02_004,2005,3,Maart,10.04
VMM_P02_004,2005,4,April,33.31
VMM_P02_004,2005,5,Mei,117.34
VMM_P02_004,2005,6,Juni,50.01
VMM_P02_004,2005,7,Juli,3174.69
VMM_P02_004,2005,8,Augustus,276.0
VMM_P02_004,2005,9,September,56.51
VMM_P02_004,2005,10,Oktober,46.05
VMM_P02_004,2005,11,November,151.34
VMM_P02_004,2005,12,December,38.16
VMM_P02_004,2006,1,Januari,3.39
VMM_P02_004,2006,2,Februari,39.0
VMM_P02_004,2006,3,Maart,121.91
VMM_P02_004,2006,4,April,28.73
VMM_P02_004,2006,5,Mei,93.24
VMM_P02_004,2006,6,Juni,16.55
VMM_P02_004,2006,7,Juli,113.59
VMM_P02_004,2006,8,Augustus,540.52
VMM_P02_004,2006,9,September,8.54
VMM_P02_004,2006,10,Oktober,125.55
VMM_P02_004,2006,11,November,25.95
VMM_P02_004,2006,12,December,38.23
VMM_P02_004,2007,1,Januari,55.8
VMM_P02_004,2007,2,Februari,26.43
VMM_P02_004,2007,3,Maart,26.85
VMM_P02_004,2007,4,April,0.0
VMM_P02_004,2007,5,Mei,55.39
VMM_P02_004,2007,6,Juni,206.43
VMM_P02_004,2007,7,Juli,375.93
VMM_P02_004,2007,8,Augustus,92.13
VMM_P02_004,2007,9,September,131.49
VMM_P02_004,2007,10,Oktober,44.21
VMM_P02_004,2007,11,November,66.24
VMM_P02_004,2007,12,December,63.91
VMM_P02_004,2008,1,Januari,19.7
VMM_P02_004,2008,2,Februari,37.48
VMM_P02_004,2008,3,Maart,103.82
VMM_P02_004,2008,4,April,7.81
VMM_P02_004,2008,5,Mei,216.31
VMM_P02_004,2008,6,Juni,52.02
VMM_P02_004,2008,7,Juli,501.51
VMM_P02_004,2008,8,Augustus,164.12
VMM_P02_004,2008,9,September,100.99
VMM_P02_004,2008,10,Oktober,47.24
VMM_P02_004,2008,11,November,118.6
VMM_P02_004,2008,12,December,48.58
VMM_P02_004,2009,1,Januari,17.47
VMM_P02_004,2009,2,Februari,20.93
VMM_P02_004,2009,3,Maart,28.12
VMM_P02_004,2009,4,April,7.9
VMM_P02_004,2009,5,Mei,105.47
VMM_P02_004,2009,6,Juni,72.1
VMM_P02_004,2009,7,Juli,125.46
VMM_P02_004,2009,8,Augustus,26.37
VMM_P02_004,2009,9,September,14.21
VMM_P02_004,2009,10,Oktober,186.34
VMM_P02_004,2009,11,November,228.49
VMM_P02_004,2009,12,December,57.24
VMM_P02_004,2010,1,Januari,27.13
VMM_P02_004,2010,2,Februari,28.44
VMM_P02_004,2010,3,Maart,55.61
VMM_P02_004,2010,4,April,7.66
VMM_P02_004,2010,5,Mei,26.85
VMM_P02_004,2010,6,Juni,25.24
VMM_P02_004,2010,7,Juli,176.67
VMM_P02_004,2010,8,Augustus,500.98
VMM_P02_004,2010,9,September,212.36
VMM_P02_004,2010,10,Oktober,80.64
VMM_P02_004,2010,11,November,72.53
VMM_P02_004,2010,12,December,16.37
VMM_P02_004,2011,1,Januari,48.93
VMM_P02_004,2011,2,Februari,11.11
VMM_P02_004,2011,3,Maart,5.09
VMM_P02_004,2011,4,April,50.64
VMM_P02_004,2011,5,Mei,10.51
VMM_P02_004,2011,6,Juni,74.69
VMM_P02_004,2011,7,Juli,134.51
VMM_P02_004,2011,8,Augustus,102.97
VMM_P02_004,2011,9,September,269.95
VMM_P02_004,2011,10,Oktober,37.87
VMM_P02_004,2011,11,November,0.38
VMM_P02_004,2011,12,December,168.0
VMM_P02_004,2012,1,Januari,33.47
VMM_P02_004,2012,2,Februari,4.88
VMM_P02_004,2012,3,Maart,55.29
VMM_P02_004,2012,4,April,73.38
VMM_P02_004,2012,5,Mei,57.82
VMM_P02_004,2012,6,Juni,430.08
VMM_P02_004,2012,7,Juli,260.55
VMM_P02_004,2012,8,Augustus,59.58
VMM_P02_004,2012,9,September,103.71
VMM_P02_004,2012,10,Oktober,101.44
VMM_P02_004,2012,11,November,60.56
VMM_P02_004,2012,12,December,104.57
VMM_P02_004,2013,1,Januari,55.25
VMM_P02_004,2013,2,Februari,16.45
VMM_P02_004,2013,3,Maart,20.06
VMM_P02_004,2013,4,April,9.86
VMM_P02_004,2013,5,Mei,33.04
VMM_P02_004,2013,6,Juni,20.57
VMM_P02_004,2013,7,Juli,632.59
VMM_P02_004,2013,8,Augustus,19.44
VMM_P02_004,2013,9,September,156.13
VMM_P02_004,2013,10,Oktober,359.33
VMM_P02_004,2013,11,November,62.62
VMM_P02_004,2013,12,December,63.68
VMM_P02_004,2014,1,Januari,39.44
VMM_P02_004,2014,2,Februari,41.66
VMM_P02_004,2014,3,Maart,19.49
VMM_P02_004,2014,4,April,182.87
VMM_P02_004,2014,5,Mei,121.0
VMM_P02_004,2014,6,Juni,804.12
VMM_P02_004,2014,7,Juli,233.77
VMM_P02_004,2014,8,Augustus,226.02
VMM_P02_004,2014,9,September,55.24
VMM_P02_004,2014,10,Oktober,58.98
VMM_P02_004,2014,11,November,15.76
VMM_P02_004,2014,12,December,54.89
VMM_P02_004,2015,1,Januari,96.99
VMM_P02_004,2015,2,Februari,17.9
VMM_P02_004,2015,3,Maart,10.27
VMM_P02_004,2015,4,April,5.02
VMM_P02_004,2015,5,Mei,461.13
VMM_P02_004,2015,6,Juni,80.38
VMM_P02_004,2015,7,Juli,131.74
VMM_P02_004,2015,8,Augustus,1820.16
VMM_P02_004,2015,9,September,105.11
VMM_P02_004,2015,10,Oktober,8.85
VMM_P02_004,2015,11,November,112.14
VMM_P02_004,2015,12,December,12.87
VMM_P02_004,2016,1,Januari,114.49
VMM_P02_004,2016,2,Februari,96.29
VMM_P02_004,2016,3,Maart,50.13
VMM_P02_004,2016,4,April,49.33
VMM_P02_004,2016,5,Mei,264.13
VMM_P02_004,2016,6,Juni,75.75
VMM_P02_004,2016,7,Juli,76.61
VMM_P02_004,2016,8,Augustus,82.11
VMM_P02_004,2016,9,September,63.35
VMM_P02_004,2016,10,Oktober,117.86
VMM_P02_004,2016,11,November,84.58
VMM_P02_004,2016,12,December,6.4
VMM_P02_004,2017,1,Januari,56.94
VMM_P02_004,2017,2,Februari,32.25
VMM_P02_004,2017,3,Maart,20.63
VMM_P02_004,2017,4,April,8.71
VMM_P02_004,2017,5,Mei,92.43
VMM_P02_004,2017,6,Juni,9.29
VMM_P02_004,2017,7,Juli,77.29
VMM_P02_004,2017,8,Augustus,188.85
VMM_P02_004,2017,9,September,407.04
VMM_P02_004,2017,10,Oktober,26.88
VMM_P02_004,2017,11,November,74.17
VMM_P02_004,2017,12,December,152.47
VMM_P02_004,2018,1,Januari,45.2
VMM_P02_004,2018,2,Februari,12.01
VMM_P02_004,2018,3,Maart,49.36
VMM_P02_004,2018,4,April,59.92
VMM_P02_004,2018,5,Mei,65.92
VMM_P02_004,2018,6,Juni,0.0
VMM_P02_004,2018,7,Juli,27.44
VMM_P02_004,2018,8,Augustus,151.48
VMM_P02_004,2018,9,September,78.27
VMM_P02_004,2018,10,Oktober,54.28
VMM_P02_004,2018,11,November,6.39
VMM_P02_004,2018,12,December,62.97
VMM_P02_004,2020,1,Januari,7.07
VMM_P02_004,2020,2,Februari,75.27
VMM_P02_004,2020,3,Maart,43.0
VMM_P02_004,2020,4,April,17.01
VMM_P02_004,2020,5,Mei,0.0
VMM_P02_004,2020,6,Juni,97.89
VMM_P02_004,2020,7,Juli,12.24
VMM_P02_004,2020,8,Augustus,73.51
VMM_P02_004,2020,9,September,36.69
VMM_P02_004,2020,10,Oktober,99.08
VMM_P02_004,2020,11,November,25.91
VMM_P02_004,2020,12,December,30.2
VMM_P02_004,2021,1,Januari,50.15
VMM_P02_004,2021,2,Februari,10.55
VMM_P02_004,2021,3,Maart,10.19
VMM_P02_004,2021,4,April,23.78
VMM_P02_004,2021,5,Mei,71.08
VMM_P02_004,2021,6,Juni,714.36
VMM_P02_004,2021,7,Juli,220.43
VMM_P02_004,2021,8,Augustus,150.76
VMM_P02_004,2021,9,September,61.55
VMM_P02_004,2021,10,Oktober,49.63
VMM_P02_004,2021,11,November,75.3
VMM_P02_004,2021,12,December,63.8
VMM_P02_004,2022,1,Januari,12.63
VMM_P02_004,2022,2,Februari,22.78
VMM_P02_004,2022,3,Maart,11.33
VMM_P02_004,2022,4,April,67.64
VMM_P02_004,2022,5,Mei,93.41
VMM_P02_004,2022,6,Juni,141.87
VMM_P02_004,2022,7,Juli,14.43
VMM_P02_004,2022,8,Augustus,29.59
VMM_P02_004,2022,9,September,332.46
VMM_P02_004,2022,10,Oktober,47.37
VMM_P02_004,2022,11,November,94.67
VMM_P02_004,2022,12,December,69.51
VMM_P02_004,2023,1,Januari,76.11
VMM_P02_004,2023,2,Februari,1.85
VMM_P02_004,2023,3,Maart,59.76
VMM_P02_004,2023,4,April,65.42
VMM_P02_004,2023,5,Mei,35.76
VMM_P02_004,2023,6,Juni,106.38
VMM_P02_004,2023,7,Juli,58.46
VMM_P02_004,2023,8,Augustus,273.65
VMM_P02_004,2023,9,September,48.84
VMM_P02_004,2023,10,Oktober,107.94
VMM_P02_004,2023,11,November,272.77
VMM_P02_004,2023,12,December,72.67
VMM_P02_004,2024,1,Januari,54.87
VMM_P02_004,2024,2,Februari,54.76
VMM_P02_004,2024,3,Maart,44.31
VMM_P02_004,2024,4,April,42.51
VMM_P02_004,2024,5,Mei,43.18
VMM_P02_004,2024,6,Juni,96.9
VMM_P02_004,2024,7,Juli,107.93
VMM_P02_004,2024,8,Augustus,80.62
VMM_P02_004,2024,9,September,97.97
VMM_P02_004,2024,10,Oktober,35.0
VMM_P02_004,2024,11,November,79.58
VMM_P02_004,2024,12,December,43.25
VMM_P02_008,2005,1,Januari,13.63
VMM_P02_008,2005,2,Februari,27.26
VMM_P02_008,2005,3,Maart,17.64
VMM_P02_008,2005,4,April,32.33
VMM_P02_008,2005,5,Mei,109.52
VMM_P02_008,2005,6,Juni,152.85
VMM_P02_008,2005,7,Juli,520.88
VMM_P02_008,2005,8,Augustus,108.42
VMM_P02_008,2005,9,September,64.71
VMM_P02_008,2005,10,Oktober,75.27
VMM_P02_008,2005,11,November,63.41
VMM_P02_008,2005,12,December,38.24
VMM_P02_008,2007,1,Januari,84.42
VMM_P02_008,2007,2,Februari,53.28
VMM_P02_008,2007,3,Maart,34.71
VMM_P02_008,2007,4,April,0.0
VMM_P02_008,2007,5,Mei,22.28
VMM_P02_008,2007,6,Juni,852.24
VMM_P02_008,2007,7,Juli,230.15
VMM_P02_008,2007,8,Augustus,78.88
VMM_P02_008,2007,9,September,65.55
VMM_P02_008,2007,10,Oktober,40.6
VMM_P02_008,2007,11,November,16.72
VMM_P02_008,2007,12,December,54.3
VMM_P02_008,2008,1,Januari,10.87
VMM_P02_008,2008,2,Februari,1.81
VMM_P02_008,2008,3,Maart,62.01
VMM_P02_008,2008,4,April,41.34
VMM_P02_008,2008,5,Mei,43.11
VMM_P02_008,2008,6,Juni,150.12
VMM_P02_008,2008,7,Juli,147.62
VMM_P02_008,2008,8,Augustus,676.66
VMM_P02_008,2008,9,September,330.28
VMM_P02_008,2008,10,Oktober,36.66
VMM_P02_008,2008,11,November,107.62
VMM_P02_008,2008,12,December,19.97
VMM_P02_008,2009,1,Januari,16.4
VMM_P02_008,2009,2,Februari,13.1
VMM_P02_008,2009,3,Maart,35.94
VMM_P02_008,2009,4,April,7.06
VMM_P02_008,2009,5,Mei,86.98
VMM_P02_008,2009,6,Juni,209.84
VMM_P02_008,2009,7,Juli,62.12
VMM_P02_008,2009,8,Augustus,93.73
VMM_P02_008,2009,9,September,26.87
VMM_P02_008,2009,10,Oktober,261.84
VMM_P02_008,2009,11,November,190.9
VMM_P02_008,2009,12,December,35.58
VMM_P02_008,2010,1,Januari,10.18
VMM_P02_008,2010,2,Februari,36.39
VMM_P02_008,2010,3,Maart,15.25
VMM_P02_008,2010,4,April,5.38
VMM_P02_008,2010,5,Mei,50.83
VMM_P02_008,2010,6,Juni,91.61
VMM_P02_008,2010,7,Juli,85.7
VMM_P02_008,2010,8,Augustus,747.32
VMM_P02_008,2010,9,September,77.51
VMM_P02_008,2010,10,Oktober,151.58
VMM_P02_008,2010,11,November,54.39
VMM_P02_008,2010,12,December,14.12
VMM_P02_008,2011,1,Januari,44.12
VMM_P02_008,2011,2,Februari,17.77
VMM_P02_008,2011,3,Maart,4.97
VMM_P02_008,2011,4,April,10.35
VMM_P02_008,2011,5,Mei,15.22
VMM_P02_008,2011,6,Juni,55.77
VMM_P02_008,2011,7,Juli,75.39
VMM_P02_008,2011,8,Augustus,192.77
VMM_P02_008,2011,9,September,57.23
VMM_P02_008,2011,10,Oktober,31.19
VMM_P02_008,2011,11,November,1.11
VMM_P02_008,2011,12,December,142.19
VMM_P02_008,2012,1,Januari,63.97
VMM_P02_008,2012,2,Februari,4.31
VMM_P02_008,2012,3,Maart,44.94
VMM_P02_008,2012,4,April,75.99
VMM_P02_008,2012,5,Mei,16.02
VMM_P02_008,2012,6,Juni,313.07
VMM_P02_008,2012,7,Juli,208.81
VMM_P02_008,2012,8,Augustus,64.65
VMM_P02_008,2012,9,September,165.1
VMM_P02_008,2012,10,Oktober,250.25
VMM_P02_008,2012,11,November,65.45
VMM_P02_008,2012,12,December,76.72
VMM_P02_008,2013,1,Januari,20.33
VMM_P02_008,2013,2,Februari,18.08
VMM_P02_008,2013,3,Maart,16.62
VMM_P02_008,2013,4,April,4.9
VMM_P02_008,2013,5,Mei,46.05
VMM_P02_008,2013,6,Juni,78.97
VMM_P02_008,2013,7,Juli,52.08
VMM_P02_008,2013,8,Augustus,7.4
VMM_P02_008,2013,9,September,116.66
VMM_P02_008,2013,10,Oktober,267.35
VMM_P02_008,2013,11,November,69.18
VMM_P02_008,2013,12,December,22.29
VMM_P02_008,2014,1,Januari,37.46
VMM_P02_008,2014,2,Februari,29.37
VMM_P02_008,2014,3,Maart,9.34
VMM_P02_008,2014,4,April,154.7
VMM_P02_008,2014,5,Mei,39.85
VMM_P02_008,2014,6,Juni,49.29
VMM_P02_008,2014,7,Juli,139.12
VMM_P02_008,2014,8,Augustus,200.47
VMM_P02_008,2014,9,September,3.33
VMM_P02_008,2014,10,Oktober,27.12
VMM_P02_008,2014,11,November,20.18
VMM_P02_008,2014,12,December,48.72
VMM_P02_008,2015,1,Januari,88.06
VMM_P02_008,2015,2,Februari,22.62
VMM_P02_008,2015,3,Maart,11.18
VMM_P02_008,2015,4,April,4.34
VMM_P02_008,2015,5,Mei,21.59
VMM_P02_008,2015,6,Juni,126.01
VMM_P02_008,2015,7,Juli,120.06
VMM_P02_008,2015,8,Augustus,146.89
VMM_P02_008,2015,9,September,129.84
VMM_P02_008,2015,10,Oktober,13.36
VMM_P02_008,2015,11,November,135.36
VMM_P02_008,2015,12,December,28.67
VMM_P02_008,2016,1,Januari,63.3
VMM_P02_008,2016,2,Februari,35.68
VMM_P02_008,2016,3,Maart,64.25
VMM_P02_008,2016,4,April,19.86
VMM_P02_008,2016,5,Mei,26.45
VMM_P02_008,2016,6,Juni,190.47
VMM_P02_008,2016,7,Juli,61.38
VMM_P02_008,2016,8,Augustus,36.12
VMM_P02_008,2016,9,September,30.48
VMM_P02_008,2016,10,Oktober,111.7
VMM_P02_008,2016,11,November,112.63
VMM_P02_008,2016,12,December,5.43
VMM_P02_008,2017,1,Januari,43.05
VMM_P02_008,2017,2,Februari,29.09
VMM_P02_008,2017,3,Maart,19.08
VMM_P02_008,2017,4,April,2.72
VMM_P02_008,2017,5,Mei,114.63
VMM_P02_008,2017,6,Juni,6.7
VMM_P02_008,2017,7,Juli,280.14
VMM_P02_008,2017,8,Augustus,820.94
VMM_P02_008,2017,9,September,645.89
VMM_P02_008,2017,10,Oktober,6.97
VMM_P02_008,2017,11,November,89.93
VMM_P02_008,2017,12,December,59.07
VMM_P02_008,2018,1,Januari,78.75
VMM_P02_008,2018,2,Februari,9.01
VMM_P02_008,2018,3,Maart,26.82
VMM_P02_008,2018,4,April,104.64
VMM_P02_008,2018,5,Mei,412.21
VMM_P02_008,2018,6,Juni,0.0
VMM_P02_008,2018,7,Juli,5.56
VMM_P02_008,2018,8,Augustus,259.88
VMM_P02_008,2018,9,September,30.33
VMM_P02_008,2018,10,Oktober,55.93
VMM_P02_008,2018,11,November,5.78
VMM_P02_008,2018,12,December,53.38
VMM_P02_008,2019,1,Januari,12.93
VMM_P02_008,2019,2,Februari,43.92
VMM_P02_008,2019,3,Maart,33.1
VMM_P02_008,2019,4,April,4.24
VMM_P02_008,2019,5,Mei,70.85
VMM_P02_008,2019,6,Juni,112.75
VMM_P02_008,2019,7,Juli,103.06
VMM_P02_008,2019,8,Augustus,118.48
VMM_P02_008,2019,9,September,65.28
VMM_P02_008,2019,10,Oktober,63.69
VMM_P02_008,2019,11,November,25.92
VMM_P02_008,2019,12,December,77.17
VMM_P02_008,2020,1,Januari,18.08
VMM_P02_008,2020,2,Februari,60.02
VMM_P02_008,2020,3,Maart,40.24
VMM_P02_008,2020,4,April,12.5
VMM_P02_008,2020,5,Mei,3.17
VMM_P02_008,2020,6,Juni,106.02
VMM_P02_008,2020,7,Juli,149.04
VMM_P02_008,2020,8,Augustus,274.37
VMM_P02_008,2020,9,September,114.66
VMM_P02_008,2020,10,Oktober,76.01
VMM_P02_008,2020,11,November,17.77
VMM_P02_008,2020,12,December,47.36
VMM_P02_008,2021,1,Januari,37.64
VMM_P02_008,2021,2,Februari,22.25
VMM_P02_008,2021,3,Maart,8.24
VMM_P02_008,2021,4,April,24.84
VMM_P02_008,2021,5,Mei,51.52
VMM_P02_008,2021,6,Juni,718.04
VMM_P02_008,2021,7,Juli,173.99
VMM_P02_008,2021,8,Augustus,50.6
VMM_P02_008,2021,9,September,61.24
VMM_P02_008,2021,10,Oktober,55.93
VMM_P02_008,2021,11,November,85.47
VMM_P02_008,2021,12,December,33.45
VMM_P02_008,2022,1,Januari,7.64
VMM_P02_008,2022,2,Februari,24.79
VMM_P02_008,2022,3,Maart,8.28
VMM_P02_008,2022,4,April,9.01
VMM_P02_008,2022,5,Mei,43.07
VMM_P02_008,2022,6,Juni,86.74
VMM_P02_008,2022,7,Juli,1.41
VMM_P02_008,2022,8,Augustus,38.17
VMM_P02_008,2022,9,September,93.16
VMM_P02_008,2022,10,Oktober,31.88
VMM_P02_008,2022,11,November,95.99
VMM_P02_008,2022,12,December,54.74
VMM_P02_008,2023,1,Januari,54.68
VMM_P02_008,2023,2,Februari,0.22
VMM_P02_008,2023,3,Maart,34.5
VMM_P02_008,2023,4,April,72.57
VMM_P02_008,2023,5,Mei,26.6
VMM_P02_008,2023,6,Juni,225.8
VMM_P02_008,2023,7,Juli,46.81
VMM_P02_008,2023,8,Augustus,94.37
VMM_P02_008,2023,9,September,91.48
VMM_P02_008,2023,10,Oktober,95.14
VMM_P02_008,2023,11,November,170.03
VMM_P02_008,2023,12,December,51.63
VMM_P02_008,2024,1,Januari,37.42
VMM_P02_008,2024,2,Februari,54.76
VMM_P02_008,2024,3,Maart,20.0
VMM_P02_008,2024,4,April,95.85
VMM_P02_008,2024,5,Mei,71.35
VMM_P02_008,2024,6,Juni,3.31
VMM_P02_008,2024,7,Juli,110.32
VMM_P02_008,2024,8,Augustus,9.6
VMM_P02_008,2024,9,September,113.01
VMM_P02_008,2024,10,Oktober,21.76
VMM_P02_008,2024,11,November,33.49
VMM_P02_008,2024,12,December,27.4
VMM_P02_030,2010,1,Januari,11.61
VMM_P02_030,2010,2,Februari,25.21
VMM_P02_030,2010,3,Maart,10.77
VMM_P02_030,2010,4,April,14.84
VMM_P02_030,2010,5,Mei,21.72
VMM_P02_030,2010,6,Juni,221.37
VMM_P02_030,2010,7,Juli,295.79
VMM_P02_030,2010,8,Augustus,362.68
VMM_P02_030,2010,9,September,170.68
VMM_P02_030,2010,10,Oktober,64.39
VMM_P02_030,2010,11,November,36.67
VMM_P02_030,2010,12,December,15.79
VMM_P02_030,2011,1,Januari,40.21
VMM_P02_030,2011,2,Februari,22.41
VMM_P02_030,2011,3,Maart,6.28
VMM_P02_030,2011,4,April,7.81
VMM_P02_030,2011,5,Mei,14.04
VMM_P02_030,2011,6,Juni,66.73
VMM_P02_030,2011,7,Juli,60.79
VMM_P02_030,2011,8,Augustus,97.99
VMM_P02_030,2011,9,September,34.18
VMM_P02_030,2011,10,Oktober,26.02
VMM_P02_030,2011,11,November,0.52
VMM_P02_030,2011,12,December,144.73
VMM_P02_030,2012,1,Januari,181.87
VMM_P02_030,2012,2,Februari,4.64
VMM_P02_030,2012,3,Maart,20.99
VMM_P02_030,2012,4,April,60.09
VMM_P02_030,2012,5,Mei,13.71
VMM_P02_030,2012,6,Juni,158.38
VMM_P02_030,2012,7,Juli,205.54
VMM_P02_030,2012,8,Augustus,29.91
VMM_P02_030,2012,9,September,167.43
VMM_P02_030,2012,10,Oktober,101.12
VMM_P02_030,2012,11,November,35.09
VMM_P02_030,2012,12,December,89.49
VMM_P02_030,2013,1,Januari,31.19
VMM_P02_030,2013,2,Februari,8.75
VMM_P02_030,2013,3,Maart,21.28
VMM_P02_030,2013,4,April,12.12
VMM_P02_030,2013,5,Mei,63.27
VMM_P02_030,2013,6,Juni,16.21
VMM_P02_030,2013,7,Juli,295.71
VMM_P02_030,2013,8,Augustus,83.8
VMM_P02_030,2013,9,September,93.57
VMM_P02_030,2013,10,Oktober,282.27
VMM_P02_030,2013,11,November,189.66
VMM_P02_030,2013,12,December,32.49
VMM_P02_030,2014,1,Januari,37.56
VMM_P02_030,2014,2,Februari,19.73
VMM_P02_030,2014,3,Maart,1.93
VMM_P02_030,2014,4,April,49.6
VMM_P02_030,2014,5,Mei,227.85
VMM_P02_030,2014,6,Juni,33.76
VMM_P02_030,2014,7,Juli,408.63
VMM_P02_030,2014,8,Augustus,195.59
VMM_P02_030,2014,9,September,10.47
VMM_P02_030,2014,10,Oktober,69.87
VMM_P02_030,2014,11,November,14.6
VMM_P02_030,2014,12,December,49.8
VMM_P02_030,2015,1,Januari,72.88
VMM_P02_030,2015,2,Februari,13.12
VMM_P02_030,2015,3,Maart,8.51
VMM_P02_030,2015,4,April,2.47
VMM_P02_030,2015,5,Mei,34.35
VMM_P02_030,2015,6,Juni,114.63
VMM_P02_030,2015,7,Juli,66.92
VMM_P02_030,2015,8,Augustus,527.4
VMM_P02_030,2015,9,September,232.91
VMM_P02_030,2015,10,Oktober,9.45
VMM_P02_030,2015,11,November,102.32
VMM_P02_030,2015,12,December,10.23
VMM_P02_030,2016,1,Januari,60.57
VMM_P02_030,2016,2,Februari,27.07
VMM_P02_030,2016,3,Maart,55.67
VMM_P02_030,2016,4,April,44.51
VMM_P02_030,2016,5,Mei,66.79
VMM_P02_030,2016,6,Juni,551.02
VMM_P02_030,2016,7,Juli,56.82
VMM_P02_030,2016,8,Augustus,75.39
VMM_P02_030,2016,9,September,16.11
VMM_P02_030,2016,10,Oktober,62.33
VMM_P02_030,2016,11,November,145.7
VMM_P02_030,2016,12,December,4.58
VMM_P02_030,2017,1,Januari,45.72
VMM_P02_030,2017,2,Februari,28.24
VMM_P02_030,2017,3,Maart,13.75
VMM_P02_030,2017,4,April,10.57
VMM_P02_030,2017,5,Mei,91.01
VMM_P02_030,2017,6,Juni,27.74
VMM_P02_030,2017,7,Juli,187.89
VMM_P02_030,2017,8,Augustus,778.43
VMM_P02_030,2017,9,September,322.64
VMM_P02_030,2017,10,Oktober,14.6
VMM_P02_030,2017,11,November,92.18
VMM_P02_030,2017,12,December,116.44
VMM_P02_030,2018,1,Januari,31.19
VMM_P02_030,2018,2,Februari,6.34
VMM_P02_030,2018,3,Maart,52.23
VMM_P02_030,2018,4,April,71.22
VMM_P02_030,2018,5,Mei,36.02
VMM_P02_030,2018,6,Juni,0.0
VMM_P02_030,2018,7,Juli,4.52
VMM_P02_030,2018,8,Augustus,243.05
VMM_P02_030,2018,9,September,298.08
VMM_P02_030,2018,10,Oktober,82.59
VMM_P02_030,2018,11,November,7.0
VMM_P02_030,2018,12,December,49.04
VMM_P02_030,2019,1,Januari,28.8
VMM_P02_030,2019,2,Februari,41.19
VMM_P02_030,2019,3,Maart,58.98
VMM_P02_030,2019,4,April,9.78
VMM_P02_030,2019,5,Mei,15.36
VMM_P02_030,2019,6,Juni,464.81
VMM_P02_030,2019,7,Juli,35.13
VMM_P02_030,2019,8,Augustus,165.75
VMM_P02_030,2019,9,September,72.52
VMM_P02_030,2019,10,Oktober,42.18
VMM_P02_030,2019,11,November,40.29
VMM_P02_030,2019,12,December,52.2
VMM_P02_030,2020,1,Januari,17.67
VMM_P02_030,2020,2,Februari,76.61
VMM_P02_030,2020,3,Maart,44.29
VMM_P02_030,2020,4,April,12.37
VMM_P02_030,2020,5,Mei,0.73
VMM_P02_030,2020,6,Juni,202.21
VMM_P02_030,2020,7,Juli,62.35
VMM_P02_030,2020,8,Augustus,224.52
VMM_P02_030,2020,9,September,135.5
VMM_P02_030,2020,10,Oktober,101.43
VMM_P02_030,2020,11,November,18.72
VMM_P02_030,2020,12,December,35.77
VMM_P02_030,2023,1,Januari,97.02
VMM_P02_030,2023,2,Februari,0.8
VMM_P02_030,2023,3,Maart,62.54
VMM_P02_030,2023,4,April,171.8
VMM_P02_030,2023,5,Mei,15.88
VMM_P02_030,2023,6,Juni,75.68
VMM_P02_030,2023,7,Juli,103.45
VMM_P02_030,2023,8,Augustus,131.52
VMM_P02_030,2023,9,September,323.51
VMM_P02_030,2023,10,Oktober,149.04
VMM_P02_030,2023,11,November,333.63
VMM_P02_030,2023,12,December,102.3
VMM_P02_030,2024,1,Januari,84.69
VMM_P02_030,2024,2,Februari,122.9
VMM_P02_030,2024,3,Maart,52.96
VMM_P02_030,2024,4,April,163.79
VMM_P02_030,2024,5,Mei,125.53
VMM_P02_030,2024,6,Juni,32.3
VMM_P02_030,2024,7,Juli,108.49
VMM_P02_030,2024,8,Augustus,33.75
VMM_P02_030,2024,9,September,332.55
VMM_P02_030,2024,10,Oktober,53.66
VMM_P02_030,2024,11,November,81.48
VMM_P02_030,2024,12,December,27.66
VMM_P03_005,2005,1,Januari,15.14
VMM_P03_005,2005,2,Februari,44.82
VMM_P03_005,2005,3,Maart,6.59
VMM_P03_005,2005,4,April,29.37
VMM_P03_005,2005,5,Mei,205.71
VMM_P03_005,2005,6,Juni,43.77
VMM_P03_005,2005,7,Juli,668.23
VMM_P03_005,2005,8,Augustus,916.76
VMM_P03_005,2005,9,September,104.24
VMM_P03_005,2005,10,Oktober,43.92
VMM_P03_005,2005,11,November,76.54
VMM_P03_005,2005,12,December,48.49
VMM_P03_005,2006,1,Januari,3.06
VMM_P03_005,2006,2,Februari,50.07
VMM_P03_005,2006,3,Maart,35.81
VMM_P03_005,2006,4,April,23.63
VMM_P03_005,2006,5,Mei,52.99
VMM_P03_005,2006,6,Juni,41.18
VMM_P03_005,2006,7,Juli,9.54
VMM_P03_005,2006,8,Augustus,505.02
VMM_P03_005,2006,9,September,5.24
VMM_P03_005,2006,10,Oktober,141.58
VMM_P03_005,2006,11,November,26.13
VMM_P03_005,2006,12,December,39.78
VMM_P03_005,2007,1,Januari,58.14
VMM_P03_005,2007,2,Februari,49.24
VMM_P03_005,2007,3,Maart,24.2
VMM_P03_005,2007,4,April,0.0
VMM_P03_005,2007,5,Mei,68.09
VMM_P03_005,2007,6,Juni,476.47
VMM_P03_005,2007,7,Juli,414.09
VMM_P03_005,2007,8,Augustus,123.48
VMM_P03_005,2007,9,September,79.17
VMM_P03_005,2007,10,Oktober,30.7
VMM_P03_005,2007,11,November,62.03
VMM_P03_005,2007,12,December,79.9
VMM_P03_005,2008,1,Januari,16.88
VMM_P03_005,2008,2,Februari,30.31
VMM_P03_005,2008,3,Maart,48.62
VMM_P03_005,2008,4,April,43.4
VMM_P03_005,2008,5,Mei,150.99
VMM_P03_005,2008,6,Juni,196.89
VMM_P03_005,2008,7,Juli,54.78
VMM_P03_005,2008,8,Augustus,1018.72
VMM_P03_005,2008,9,September,39.65
VMM_P03_005,2008,10,Oktober,59.51
VMM_P03_005,2008,11,November,123.81
VMM_P03_005,2008,12,December,42.08
VMM_P03_005,2009,1,Januari,22.69
VMM_P03_005,2009,2,Februari,22.08
VMM_P03_005,2009,3,Maart,25.77
VMM_P03_005,2009,4,April,6.84
VMM_P03_005,2009,5,Mei,653.8
VMM_P03_005,2009,6,Juni,46.87
VMM_P03_005,2009,7,Juli,139.15
VMM_P03_005,2009,8,Augustus,18.97
VMM_P03_005,2009,9,September,4.97
VMM_P03_005,2009,10,Oktober,328.65
VMM_P03_005,2009,11,November,166.79
VMM_P03_005,2009,12,December,47.14
VMM_P03_005,2010,1,Januari,15.66
VMM_P03_005,2010,2,Februari,31.71
VMM_P03_005,2010,3,Maart,90.13
VMM_P03_005,2010,4,April,8.73
VMM_P03_005,2010,5,Mei,23.17
VMM_P03_005,2010,6,Juni,11.41
VMM_P03_005,2010,7,Juli,152.19
VMM_P03_005,2010,8,Augustus,1048.39
VMM_P03_005,2010,9,September,125.87
VMM_P03_005,2010,10,Oktober,67.29
VMM_P03_005,2010,11,November,88.74
VMM_P03_005,2010,12,December,24.55
VMM_P03_005,2011,1,Januari,33.41
VMM_P03_005,2011,2,Februari,22.15
VMM_P03_005,2011,3,Maart,13.6
VMM_P03_005,2011,4,April,15.64
VMM_P03_005,2011,5,Mei,50.7
VMM_P03_005,2011,6,Juni,67.72
VMM_P03_005,2011,7,Juli,216.83
VMM_P03_005,2011,8,Augustus,281.86
VMM_P03_005,2011,9,September,49.34
VMM_P03_005,2011,10,Oktober,29.14
VMM_P03_005,2011,11,November,0.37
VMM_P03_005,2011,12,December,160.43
VMM_P03_005,2012,1,Januari,38.48
VMM_P03_005,2012,2,Februari,6.84
VMM_P03_005,2012,3,Maart,60.68
VMM_P03_005,2012,4,April,78.61
VMM_P03_005,2012,5,Mei,85.3
VMM_P03_005,2012,6,Juni,112.23
VMM_P03_005,2012,7,Juli,529.61
VMM_P03_005,2012,8,Augustus,205.0
VMM_P03_005,2012,9,September,51.35
VMM_P03_005,2012,10,Oktober,158.64
VMM_P03_005,2012,11,November,18.53
VMM_P03_005,2012,12,December,93.21
VMM_P03_005,2013,1,Januari,59.79
VMM_P03_005,2013,2,Februari,13.21
VMM_P03_005,2013,3,Maart,28.56
VMM_P03_005,2013,4,April,6.74
VMM_P03_005,2013,5,Mei,140.77
VMM_P03_005,2013,6,Juni,20.85
VMM_P03_005,2013,7,Juli,378.05
VMM_P03_005,2013,8,Augustus,4.44
VMM_P03_005,2013,9,September,102.45
VMM_P03_005,2013,10,Oktober,64.89
VMM_P03_005,2013,11,November,122.76
VMM_P03_005,2013,12,December,28.65
VMM_P03_005,2014,1,Januari,55.67
VMM_P03_005,2014,2,Februari,46.0
VMM_P03_005,2014,3,Maart,9.61
VMM_P03_005,2014,4,April,14.67
VMM_P03_005,2014,5,Mei,44.43
VMM_P03_005,2014,6,Juni,144.23
VMM_P03_005,2014,7,Juli,190.66
VMM_P03_005,2014,8,Augustus,215.14
VMM_P03_005,2014,9,September,36.02
VMM_P03_005,2014,10,Oktober,137.69
VMM_P03_005,2014,11,November,27.35
VMM_P03_005,2014,12,December,48.43
VMM_P03_005,2015,1,Januari,96.02
VMM_P03_005,2015,2,Februari,14.27
VMM_P03_005,2015,3,Maart,13.08
VMM_P03_005,2015,4,April,3.26
VMM_P03_005,2015,5,Mei,96.66
VMM_P03_005,2015,6,Juni,13.05
VMM_P03_005,2015,7,Juli,30.64
VMM_P03_005,2015,8,Augustus,384.06
VMM_P03_005,2015,9,September,34.41
VMM_P03_005,2015,10,Oktober,4.28
VMM_P03_005,2015,11,November,120.36
VMM_P03_005,2015,12,December,9.31
VMM_P03_005,2016,1,Januari,63.44
VMM_P03_005,2016,2,Februari,28.35
VMM_P03_005,2016,3,Maart,59.59
VMM_P03_005,2016,4,April,28.36
VMM_P03_005,2016,5,Mei,573.89
VMM_P03_005,2016,6,Juni,399.95
VMM_P03_005,2016,7,Juli,26.85
VMM_P03_005,2016,8,Augustus,32.67
VMM_P03_005,2016,9,September,22.78
VMM_P03_005,2016,10,Oktober,88.26
VMM_P03_005,2016,11,November,63.45
VMM_P03_005,2016,12,December,5.91
VMM_P03_005,2017,1,Januari,79.49
VMM_P03_005,2017,2,Februari,31.91
VMM_P03_005,2017,3,Maart,9.66
VMM_P03_005,2017,4,April,8.77
VMM_P03_005,2017,5,Mei,26.12
VMM_P03_005,2017,6,Juni,17.71
VMM_P03_005,2017,7,Juli,114.92
VMM_P03_005,2017,8,Augustus,217.62
VMM_P03_005,2017,9,September,157.98
VMM_P03_005,2017,10,Oktober,24.52
VMM_P03_005,2017,11,November,94.26
VMM_P03_005,2017,12,December,195.67
VMM_P03_005,2018,1,Januari,53.15
VMM_P03_005,2018,2,Februari,14.31
VMM_P03_005,2018,3,Maart,197.72
VMM_P03_005,2018,4,April,57.51
VMM_P03_005,2018,5,Mei,18.5
VMM_P03_005,2018,6,Juni,0.22
VMM_P03_005,2018,7,Juli,0.57
VMM_P03_005,2018,8,Augustus,148.9
VMM_P03_005,2018,9,September,47.48
VMM_P03_005,2018,10,Oktober,42.21
VMM_P03_005,2018,11,November,28.04
VMM_P03_005,2018,12,December,46.7
VMM_P03_005,2019,1,Januari,23.34
VMM_P03_005,2019,2,Februari,12.14
VMM_P03_005,2019,3,Maart,40.54
VMM_P03_005,2019,4,April,92.18
VMM_P03_005,2019,5,Mei,24.46
VMM_P03_005,2019,6,Juni,289.31
VMM_P03_005,2019,7,Juli,62.1
VMM_P03_005,2019,8,Augustus,74.67
VMM_P03_005,2019,9,September,311.36
VMM_P03_005,2019,10,Oktober,87.38
VMM_P03_005,2019,11,November,26.17
VMM_P03_005,2019,12,December,49.89
VMM_P03_005,2020,1,Januari,17.89
VMM_P03_005,2020,2,Februari,225.24
VMM_P03_005,2020,3,Maart,44.17
VMM_P03_005,2020,4,April,156.28
VMM_P03_005,2020,5,Mei,12.49
VMM_P03_005,2020,6,Juni,81.88
VMM_P03_005,2020,7,Juli,24.54
VMM_P03_005,2020,8,Augustus,435.49
VMM_P03_005,2020,9,September,411.62
VMM_P03_005,2020,10,Oktober,81.13
VMM_P03_005,2020,11,November,45.32
VMM_P03_005,2020,12,December,42.26
VMM_P03_005,2021,1,Januari,51.94
VMM_P03_005,2021,2,Februari,17.05
VMM_P03_005,2021,3,Maart,13.75
VMM_P03_005,2021,4,April,17.97
VMM_P03_005,2021,5,Mei,138.88
VMM_P03_005,2021,6,Juni,704.14
VMM_P03_005,2021,7,Juli,345.2
VMM_P03_005,2021,8,Augustus,84.66
VMM_P03_005,2021,9,September,156.01
VMM_P03_005,2021,10,Oktober,75.88
VMM_P03_005,2021,11,November,67.95
VMM_P03_005,2021,12,December,49.52
VMM_P03_005,2022,1,Januari,17.37
VMM_P03_005,2022,2,Februari,28.41
VMM_P03_005,2022,3,Maart,0.27
VMM_P03_005,2022,4,April,57.54
VMM_P03_005,2022,5,Mei,21.38
VMM_P03_005,2022,6,Juni,554.53
VMM_P03_005,2022,7,Juli,0.94
VMM_P03_005,2022,8,Augustus,631.73
VMM_P03_005,2022,9,September,172.85
VMM_P03_005,2022,10,Oktober,18.14
VMM_P03_005,2022,11,November,42.37
VMM_P03_005,2022,12,December,51.34
VMM_P03_005,2023,1,Januari,56.59
VMM_P03_005,2023,2,Februari,0.52
VMM_P03_005,2023,3,Maart,84.63
VMM_P03_005,2023,4,April,20.52
VMM_P03_005,2023,5,Mei,216.49
VMM_P03_005,2023,6,Juni,3.39
VMM_P03_005,2023,7,Juli,244.02
VMM_P03_005,2023,8,Augustus,252.4
VMM_P03_005,2023,9,September,115.52
VMM_P03_005,2023,10,Oktober,98.44
VMM_P03_005,2023,11,November,250.87
VMM_P03_005,2023,12,December,69.38
VMM_P03_005,2024,1,Januari,58.89
VMM_P03_005,2024,2,Februari,60.03
VMM_P03_005,2024,3,Maart,26.54
VMM_P03_005,2024,4,April,57.61
VMM_P03_005,2024,5,Mei,133.44
VMM_P03_005,2024,6,Juni,34.7
VMM_P03_005,2024,7,Juli,29.23
VMM_P03_005,2024,8,Augustus,70.13
VMM_P03_005,2024,9,September,81.38
VMM_P03_005,2024,10,Oktober,31.37
VMM_P03_005,2024,11,November,95.23
VMM_P03_005,2024,12,December,46.81
VMM_P03_017,2005,1,Januari,14.81
VMM_P03_017,2005,2,Februari,49.36
VMM_P03_017,2005,3,Maart,6.73
VMM_P03_017,2005,4,April,12.29
VMM_P03_017,2005,5,Mei,83.25
VMM_P03_017,2005,6,Juni,15.46
VMM_P03_017,2005,7,Juli,1585.83
VMM_P03_017,2005,8,Augustus,252.57
VMM_P03_017,2005,9,September,21.26
VMM_P03_017,2005,10,Oktober,95.76
VMM_P03_017,2005,11,November,86.75
VMM_P03_017,2005,12,December,29.38
VMM_P03_017,2006,1,Januari,4.86
VMM_P03_017,2006,2,Februari,31.54
VMM_P03_017,2006,3,Maart,11.75
VMM_P03_017,2006,4,April,31.67
VMM_P03_017,2006,5,Mei,79.19
VMM_P03_017,2006,6,Juni,21.21
VMM_P03_017,2006,7,Juli,16.58
VMM_P03_017,2006,8,Augustus,2525.8
VMM_P03_017,2006,9,September,1.8
VMM_P03_017,2006,10,Oktober,49.3
VMM_P03_017,2006,11,November,86.3
VMM_P03_017,2006,12,December,40.31
VMM_P03_017,2007,1,Januari,132.67
VMM_P03_017,2007,2,Februari,33.66
VMM_P03_017,2007,3,Maart,47.37
VMM_P03_017,2007,4,April,0.0
VMM_P03_017,2007,5,Mei,33.15
VMM_P03_017,2007,6,Juni,223.1
VMM_P03_017,2007,7,Juli,239.05
VMM_P03_017,2007,8,Augustus,60.62
VMM_P03_017,2007,9,September,54.9
VMM_P03_017,2007,10,Oktober,95.28
VMM_P03_017,2007,11,November,40.63
VMM_P03_017,2007,12,December,40.97
VMM_P03_017,2008,1,Januari,15.15
VMM_P03_017,2008,2,Februari,28.44
VMM_P03_017,2008,3,Maart,204.78
VMM_P03_017,2008,4,April,39.97
VMM_P03_017,2008,5,Mei,54.22
VMM_P03_017,2008,6,Juni,197.87
VMM_P03_017,2008,7,Juli,620.41
VMM_P03_017,2008,8,Augustus,436.58
VMM_P03_017,2008,9,September,98.34
VMM_P03_017,2008,10,Oktober,48.41
VMM_P03_017,2008,11,November,106.75
VMM_P03_017,2008,12,December,31.07
VMM_P03_017,2009,1,Januari,16.5
VMM_P03_017,2009,2,Februari,18.66
VMM_P03_017,2009,3,Maart,25.71
VMM_P03_017,2009,4,April,8.08
VMM_P03_017,2009,5,Mei,329.6
VMM_P03_017,2009,6,Juni,330.71
VMM_P03_017,2009,7,Juli,78.16
VMM_P03_017,2009,8,Augustus,28.21
VMM_P03_017,2009,9,September,8.24
VMM_P03_017,2009,10,Oktober,236.27
VMM_P03_017,2009,11,November,343.97
VMM_P03_017,2009,12,December,51.89
VMM_P03_017,2010,1,Januari,17.29
VMM_P03_017,2010,2,Februari,25.43
VMM_P03_017,2010,3,Maart,25.59
VMM_P03_017,2010,4,April,58.37
VMM_P03_017,2010,5,Mei,11.62
VMM_P03_017,2010,6,Juni,129.31
VMM_P03_017,2010,7,Juli,157.38
VMM_P03_017,2010,8,Augustus,1385.87
VMM_P03_017,2010,9,September,134.71
VMM_P03_017,2010,10,Oktober,73.39
VMM_P03_017,2010,11,November,41.37
VMM_P03_017,2010,12,December,25.89
VMM_P03_017,2014,1,Januari,22.46
VMM_P03_017,2014,2,Februari,27.04
VMM_P03_017,2014,3,Maart,14.23
VMM_P03_017,2014,4,April,32.33
VMM_P03_017,2014,5,Mei,68.48
VMM_P03_017,2014,6,Juni,574.22
VMM_P03_017,2014,7,Juli,178.55
VMM_P03_017,2014,8,Augustus,311.66
VMM_P03_017,2014,9,September,78.62
VMM_P03_017,2014,10,Oktober,226.17
VMM_P03_017,2014,11,November,10.73
VMM_P03_017,2014,12,December,55.94
VMM_P03_017,2015,1,Januari,82.19
VMM_P03_017,2015,2,Februari,21.79
VMM_P03_017,2015,3,Maart,11.45
VMM_P03_017,2015,4,April,1.26
VMM_P03_017,2015,5,Mei,102.73
VMM_P03_017,2015,6,Juni,16.54
VMM_P03_017,2015,7,Juli,50.48
VMM_P03_017,2015,8,Augustus,313.33
VMM_P03_017,2015,9,September,151.83
VMM_P03_017,2015,10,Oktober,5.0
VMM_P03_017,2015,11,November,75.63
VMM_P03_017,2015,12,December,7.32
VMM_P03_017,2017,1,Januari,75.99
VMM_P03_017,2017,2,Februari,25.58
VMM_P03_017,2017,3,Maart,12.99
VMM_P03_017,2017,4,April,4.47
VMM_P03_017,2017,5,Mei,21.55
VMM_P03_017,2017,6,Juni,28.98
VMM_P03_017,2017,7,Juli,191.05
VMM_P03_017,2017,8,Augustus,166.98
VMM_P03_017,2017,9,September,133.0
VMM_P03_017,2017,10,Oktober,30.15
VMM_P03_017,2017,11,November,67.23
VMM_P03_017,2017,12,December,79.13
VMM_P03_017,2018,1,Januari,52.12
VMM_P03_017,2018,2,Februari,14.07
VMM_P03_017,2018,3,Maart,90.97
VMM_P03_017,2018,4,April,49.48
VMM_P03_017,2018,5,Mei,168.43
VMM_P03_017,2018,6,Juni,0.0
VMM_P03_017,2018,7,Juli,4.86
VMM_P03_017,2018,8,Augustus,79.62
VMM_P03_017,2018,9,September,44.29
VMM_P03_017,2018,10,Oktober,51.07
VMM_P03_017,2018,11,November,6.16
VMM_P03_017,2018,12,December,66.55
VMM_P03_017,2019,1,Januari,21.57
VMM_P03_017,2019,2,Februari,12.87
VMM_P03_017,2019,3,Maart,54.65
VMM_P03_017,2019,4,April,6.44
VMM_P03_017,2019,5,Mei,20.82
VMM_P03_017,2019,6,Juni,213.41
VMM_P03_017,2019,7,Juli,190.82
VMM_P03_017,2019,8,Augustus,29.46
VMM_P03_017,2019,9,September,107.13
VMM_P03_017,2019,10,Oktober,33.86
VMM_P03_017,2019,11,November,43.75
VMM_P03_017,2019,12,December,39.95
VMM_P03_017,2020,1,Januari,9.73
VMM_P03_017,2020,2,Februari,123.62
VMM_P03_017,2020,3,Maart,31.96
VMM_P03_017,2020,4,April,27.35
VMM_P03_017,2020,5,Mei,29.22
VMM_P03_017,2020,6,Juni,171.12
VMM_P03_017,2020,7,Juli,13.94
VMM_P03_017,2020,8,Augustus,270.17
VMM_P03_017,2020,9,September,302.98
VMM_P03_017,2020,10,Oktober,137.24
VMM_P03_017,2020,11,November,35.83
VMM_P03_017,2020,12,December,21.09
VMM_P03_017,2021,1,Januari,39.03
VMM_P03_017,2021,2,Februari,28.19
VMM_P03_017,2021,3,Maart,14.44
VMM_P03_017,2021,4,April,20.69
VMM_P03_017,2021,5,Mei,163.91
VMM_P03_017,2021,6,Juni,448.64
VMM_P03_017,2021,7,Juli,382.49
VMM_P03_017,2021,8,Augustus,56.71
VMM_P03_017,2021,9,September,269.86
VMM_P03_017,2021,10,Oktober,135.04
VMM_P03_017,2021,11,November,45.17
VMM_P03_017,2021,12,December,41.24
VMM_P03_017,2022,1,Januari,11.78
VMM_P03_017,2022,2,Februari,60.04
VMM_P03_017,2022,3,Maart,1.18
VMM_P03_017,2022,4,April,14.76
VMM_P03_017,2022,5,Mei,37.42
VMM_P03_017,2022,6,Juni,183.02
VMM_P03_017,2022,7,Juli,65.07
VMM_P03_017,2022,8,Augustus,33.54
VMM_P03_017,2022,9,September,453.16
VMM_P03_017,2022,10,Oktober,7.11
VMM_P03_017,2022,11,November,49.22
VMM_P03_017,2022,12,December,63.05
VMM_P03_017,2023,1,Januari,46.69
VMM_P03_017,2023,2,Februari,1.41
VMM_P03_017,2023,3,Maart,46.71
VMM_P03_017,2023,4,April,31.73
VMM_P03_017,2023,5,Mei,107.1
VMM_P03_017,2023,6,Juni,19.26
VMM_P03_017,2023,7,Juli,69.56
VMM_P03_017,2023,8,Augustus,105.37
VMM_P03_017,2023,9,September,122.34
VMM_P03_017,2023,10,Oktober,164.82
VMM_P03_017,2023,11,November,266.97
VMM_P03_017,2023,12,December,48.91
VMM_P03_017,2024,1,Januari,58.94
VMM_P03_017,2024,2,Februari,57.19
VMM_P03_017,2024,3,Maart,25.95
VMM_P03_017,2024,4,April,48.82
VMM_P03_017,2024,5,Mei,261.29
VMM_P03_017,2024,6,Juni,52.88
VMM_P03_017,2024,7,Juli,59.31
VMM_P03_017,2024,8,Augustus,77.1
VMM_P03_017,2024,9,September,198.46
VMM_P03_017,2024,10,Oktober,15.15
VMM_P03_017,2024,11,November,49.07
VMM_P03_017,2024,12,December,36.09
VMM_P03_036,2009,1,Januari,18.62
VMM_P03_036,2009,2,Februari,15.61
VMM_P03_036,2009,3,Maart,30.31
VMM_P03_036,2009,4,April,4.47
VMM_P03_036,2009,5,Mei,1872.06
VMM_P03_036,2009,6,Juni,53.58
VMM_P03_036,2009,7,Juli,662.39
VMM_P03_036,2009,8,Augustus,22.56
VMM_P03_036,2009,9,September,7.79
VMM_P03_036,2009,10,Oktober,252.52
VMM_P03_036,2009,11,November,258.34
VMM_P03_036,2009,12,December,48.5
VMM_P03_036,2010,1,Januari,21.43
VMM_P03_036,2010,2,Februari,22.2
VMM_P03_036,2010,3,Maart,81.66
VMM_P03_036,2010,4,April,10.42
VMM_P03_036,2010,5,Mei,17.36
VMM_P03_036,2010,6,Juni,38.9
VMM_P03_036,2010,7,Juli,266.18
VMM_P03_036,2010,8,Augustus,562.02
VMM_P03_036,2010,9,September,358.85
VMM_P03_036,2010,10,Oktober,61.97
VMM_P03_036,2010,11,November,107.26
VMM_P03_036,2010,12,December,18.13
VMM_P03_036,2011,1,Januari,28.92
VMM_P03_036,2011,2,Februari,9.6
VMM_P03_036,2011,3,Maart,9.83
VMM_P03_036,2011,4,April,0.0
VMM_P03_036,2011,5,Mei,16.88
VMM_P03_036,2011,6,Juni,79.5
VMM_P03_036,2011,7,Juli,399.08
VMM_P03_036,2011,8,Augustus,152.33
VMM_P03_036,2011,9,September,201.44
VMM_P03_036,2011,10,Oktober,35.3
VMM_P03_036,2011,11,November,0.0
VMM_P03_036,2011,12,December,158.81
VMM_P03_036,2012,1,Januari,112.48
VMM_P03_036,2012,2,Februari,4.9
VMM_P03_036,2012,3,Maart,9.77
VMM_P03_036,2012,4,April,141.8
VMM_P03_036,2012,5,Mei,76.38
VMM_P03_036,2012,6,Juni,152.76
VMM_P03_036,2012,7,Juli,919.08
VMM_P03_036,2012,8,Augustus,47.3
VMM_P03_036,2012,9,September,137.66
VMM_P03_036,2012,10,Oktober,66.46
VMM_P03_036,2012,11,November,8.05
VMM_P03_036,2012,12,December,108.64
VMM_P03_036,2013,1,Januari,59.14
VMM_P03_036,2013,2,Februari,10.7
VMM_P03_036,2013,3,Maart,0.0
VMM_P03_036,2013,4,April,2.19
VMM_P03_036,2013,5,Mei,71.75
VMM_P03_036,2013,6,Juni,73.01
VMM_P03_036,2013,7,Juli,557.44
VMM_P03_036,2013,8,Augustus,16.9
VMM_P03_036,2013,9,September,131.41
VMM_P03_036,2013,10,Oktober,87.19
VMM_P03_036,2013,11,November,106.55
VMM_P03_036,2013,12,December,27.58
VMM_P03_036,2014,1,Januari,40.75
VMM_P03_036,2014,2,Februari,26.86
VMM_P03_036,2014,3,Maart,15.47
VMM_P03_036,2014,4,April,6.46
VMM_P03_036,2014,5,Mei,269.45
VMM_P03_036,2014,6,Juni,227.95
VMM_P03_036,2014,7,Juli,126.0
VMM_P03_036,2014,8,Augustus,308.51
VMM_P03_036,2014,9,September,218.96
VMM_P03_036,2014,10,Oktober,52.84
VMM_P03_036,2014,11,November,36.78
VMM_P03_036,2014,12,December,81.98
VMM_P03_036,2015,1,Januari,75.6
VMM_P03_036,2015,2,Februari,32.56
VMM_P03_036,2015,3,Maart,19.79
VMM_P03_036,2015,4,April,3.34
VMM_P03_036,2015,5,Mei,67.46
VMM_P03_036,2015,6,Juni,13.34
VMM_P03_036,2015,7,Juli,51.34
VMM_P03_036,2015,8,Augustus,253.78
VMM_P03_036,2015,9,September,151.85
VMM_P03_036,2015,10,Oktober,11.83
VMM_P03_036,2015,11,November,71.47
VMM_P03_036,2015,12,December,12.96
VMM_P03_036,2016,1,Januari,116.28
VMM_P03_036,2016,2,Februari,37.38
VMM_P03_036,2016,3,Maart,41.03
VMM_P03_036,2016,4,April,46.31
VMM_P03_036,2016,5,Mei,1816.76
VMM_P03_036,2016,6,Juni,575.2
VMM_P03_036,2016,7,Juli,140.45
VMM_P03_036,2016,8,Augustus,47.45
VMM_P03_036,2016,9,September,4.24
VMM_P03_036,2016,10,Oktober,62.63
VMM_P03_036,2016,11,November,78.98
VMM_P03_036,2016,12,December,7.76
VMM_P03_036,2017,1,Januari,56.43
VMM_P03_036,2017,2,Februari,57.43
VMM_P03_036,2017,3,Maart,17.88
VMM_P03_036,2017,4,April,18.15
VMM_P03_036,2017,5,Mei,64.7
VMM_P03_036,2017,6,Juni,52.92
VMM_P03_036,2017,7,Juli,70.43
VMM_P03_036,2017,8,Augustus,160.63
VMM_P03_036,2017,9,September,363.62
VMM_P03_036,2017,10,Oktober,77.2
VMM_P03_036,2017,11,November,78.16
VMM_P03_036,2017,12,December,76.08
VMM_P03_036,2018,1,Januari,59.72
VMM_P03_036,2018,2,Februari,8.77
VMM_P03_036,2018,3,Maart,94.84
VMM_P03_036,2018,4,April,70.03
VMM_P03_036,2018,5,Mei,18.72
VMM_P03_036,2018,6,Juni,7.76
VMM_P03_036,2018,7,Juli,14.64
VMM_P03_036,2018,8,Augustus,171.53
VMM_P03_036,2018,9,September,46.03
VMM_P03_036,2018,10,Oktober,48.34
VMM_P03_036,2018,11,November,43.63
VMM_P03_036,2018,12,December,48.27
VMM_P03_036,2019,1,Januari,22.51
VMM_P03_036,2019,2,Februari,15.53
VMM_P03_036,2019,3,Maart,77.01
VMM_P03_036,2019,4,April,25.22
VMM_P03_036,2019,5,Mei,65.09
VMM_P03_036,2019,6,Juni,267.5
VMM_P03_036,2019,7,Juli,46.96
VMM_P03_036,2019,8,Augustus,44.74
VMM_P03_036,2019,9,September,170.27
VMM_P03_036,2019,10,Oktober,77.76
VMM_P03_036,2019,11,November,24.25
VMM_P03_036,2019,12,December,42.39
VMM_P03_036,2020,1,Januari,15.59
VMM_P03_036,2020,2,Februari,143.8
VMM_P03_036,2020,3,Maart,37.47
VMM_P03_036,2020,4,April,7.3
VMM_P03_036,2020,5,Mei,3.7
VMM_P03_036,2020,6,Juni,168.63
VMM_P03_036,2020,7,Juli,9.42
VMM_P03_036,2020,8,Augustus,255.02
VMM_P03_036,2020,9,September,131.18
VMM_P03_036,2020,10,Oktober,49.14
VMM_P03_036,2020,11,November,27.8
VMM_P03_036,2020,12,December,18.88
VMM_P03_036,2021,1,Januari,48.39
VMM_P03_036,2021,2,Februari,19.82
VMM_P03_036,2021,3,Maart,17.86
VMM_P03_036,2021,4,April,14.17
VMM_P03_036,2021,5,Mei,373.57
VMM_P03_036,2021,6,Juni,615.27
VMM_P03_036,2021,7,Juli,260.77
VMM_P03_036,2021,8,Augustus,66.92
VMM_P03_036,2021,9,September,12.92
VMM_P03_036,2021,10,Oktober,122.31
VMM_P03_036,2021,11,November,57.99
VMM_P03_036,2021,12,December,24.54
VMM_P03_036,2022,1,Januari,21.97
VMM_P03_036,2022,2,Februari,64.52
VMM_P03_036,2022,3,Maart,0.11
VMM_P03_036,2022,4,April,37.48
VMM_P03_036,2022,5,Mei,75.66
VMM_P03_036,2022,6,Juni,110.13
VMM_P03_036,2022,7,Juli,5.48
VMM_P03_036,2022,8,Augustus,38.74
VMM_P03_036,2022,9,September,693.96
VMM_P03_036,2022,10,Oktober,13.44
VMM_P03_036,2022,11,November,55.22
VMM_P03_036,2022,12,December,58.45
VMM_P03_036,2023,1,Januari,40.82
VMM_P03_036,2023,2,Februari,0.66
VMM_P03_036,2023,3,Maart,81.71
VMM_P03_036,2023,4,April,100.15
VMM_P03_036,2023,5,Mei,18.56
VMM_P03_036,2023,6,Juni,91.62
VMM_P03_036,2023,7,Juli,213.18
VMM_P03_036,2023,8,Augustus,188.86
VMM_P03_036,2023,9,September,62.15
VMM_P03_036,2023,10,Oktober,75.4
VMM_P03_036,2023,11,November,193.2
VMM_P03_036,2023,12,December,50.13
VMM_P03_036,2024,1,Januari,96.83
VMM_P03_036,2024,2,Februari,49.87
VMM_P03_036,2024,3,Maart,33.24
VMM_P03_036,2024,4,April,51.87
VMM_P03_036,2024,5,Mei,272.27
VMM_P03_036,2024,6,Juni,142.05
VMM_P03_036,2024,7,Juli,58.68
VMM_P03_036,2024,8,Augustus,92.6
VMM_P03_036,2024,9,September,177.92
VMM_P03_036,2024,10,Oktober,25.62
VMM_P03_036,2024,11,November,57.88
VMM_P03_036,2024,12,December,40.18
VMM_P03_041,2009,1,Januari,17.68
VMM_P03_041,2009,2,Februari,24.63
VMM_P03_041,2009,3,Maart,34.98
VMM_P03_041,2009,4,April,6.39
VMM_P03_041,2009,5,Mei,232.37
VMM_P03_041,2009,6,Juni,89.96
VMM_P03_041,2009,7,Juli,194.18
VMM_P03_041,2009,8,Augustus,11.67
VMM_P03_041,2009,9,September,8.55
VMM_P03_041,2009,10,Oktober,333.98
VMM_P03_041,2009,11,November,128.07
VMM_P03_041,2009,12,December,44.63
VMM_P03_041,2010,1,Januari,17.96
VMM_P03_041,2010,2,Februari,27.78
VMM_P03_041,2010,3,Maart,164.32
VMM_P03_041,2010,4,April,7.72
VMM_P03_041,2010,5,Mei,13.55
VMM_P03_041,2010,6,Juni,35.22
VMM_P03_041,2010,7,Juli,106.4
VMM_P03_041,2010,8,Augustus,802.9
VMM_P03_041,2010,9,September,135.49
VMM_P03_041,2010,10,Oktober,54.44
VMM_P03_041,2010,11,November,66.28
VMM_P03_041,2010,12,December,17.34
VMM_P03_041,2011,1,Januari,32.72
VMM_P03_041,2011,2,Februari,13.54
VMM_P03_041,2011,3,Maart,7.52
VMM_P03_041,2011,4,April,0.78
VMM_P03_041,2011,5,Mei,10.02
VMM_P03_041,2011,6,Juni,47.45
VMM_P03_041,2011,7,Juli,98.8
VMM_P03_041,2011,8,Augustus,49.68
VMM_P03_041,2011,9,September,26.98
VMM_P03_041,2011,10,Oktober,13.03
VMM_P03_041,2011,11,November,0.42
VMM_P03_041,2011,12,December,116.51
VMM_P03_041,2012,1,Januari,82.1
VMM_P03_041,2012,2,Februari,3.38
VMM_P03_041,2012,3,Maart,43.42
VMM_P03_041,2012,4,April,51.99
VMM_P03_041,2012,5,Mei,175.31
VMM_P03_041,2012,6,Juni,201.8
VMM_P03_041,2012,7,Juli,230.84
VMM_P03_041,2012,8,Augustus,784.07
VMM_P03_041,2012,9,September,26.96
VMM_P03_041,2012,10,Oktober,77.69
VMM_P03_041,2012,11,November,16.38
VMM_P03_041,2012,12,December,85.36
VMM_P03_041,2013,1,Januari,55.59
VMM_P03_041,2013,2,Februari,12.17
VMM_P03_041,2013,3,Maart,10.74
VMM_P03_041,2013,4,April,6.56
VMM_P03_041,2013,5,Mei,70.29
VMM_P03_041,2013,6,Juni,31.37
VMM_P03_041,2013,7,Juli,276.32
VMM_P03_041,2013,8,Augustus,19.6
VMM_P03_041,2013,9,September,120.23
VMM_P03_041,2013,10,Oktober,105.44
VMM_P03_041,2013,11,November,77.61
VMM_P03_041,2013,12,December,31.6
VMM_P03_041,2014,1,Januari,120.79
VMM_P03_041,2014,2,Februari,28.57
VMM_P03_041,2014,3,Maart,12.76
VMM_P03_041,2014,4,April,23.73
VMM_P03_041,2014,5,Mei,106.39
VMM_P03_041,2014,6,Juni,387.56
VMM_P03_041,2014,7,Juli,252.99
VMM_P03_041,2014,8,Augustus,147.73
VMM_P03_041,2014,9,September,29.1
VMM_P03_041,2014,10,Oktober,88.32
VMM_P03_041,2014,11,November,23.66
VMM_P03_041,2014,12,December,59.34
VMM_P03_041,2015,1,Januari,81.58
VMM_P03_041,2015,2,Februari,16.66
VMM_P03_041,2015,3,Maart,45.79
VMM_P03_041,2015,4,April,2.36
VMM_P03_041,2015,5,Mei,154.5
VMM_P03_041,2015,6,Juni,14.29
VMM_P03_041,2015,7,Juli,30.27
VMM_P03_041,2015,8,Augustus,401.16
VMM_P03_041,2015,9,September,99.38
VMM_P03_041,2015,10,Oktober,4.47
VMM_P03_041,2015,11,November,82.62
VMM_P03_041,2015,12,December,10.38
VMM_P03_041,2016,1,Januari,144.61
VMM_P03_041,2016,2,Februari,33.79
VMM_P03_041,2016,3,Maart,36.41
VMM_P03_041,2016,4,April,56.51
VMM_P03_041,2016,5,Mei,592.76
VMM_P03_041,2016,6,Juni,244.0
VMM_P03_041,2016,7,Juli,51.93
VMM_P03_041,2016,8,Augustus,39.07
VMM_P03_041,2016,9,September,2.84
VMM_P03_041,2016,10,Oktober,55.18
VMM_P03_041,2016,11,November,70.08
VMM_P03_041,2016,12,December,6.21
VMM_P03_041,2017,1,Januari,78.67
VMM_P03_041,2017,2,Februari,30.34
VMM_P03_041,2017,3,Maart,13.98
VMM_P03_041,2017,4,April,4.82
VMM_P03_041,2017,5,Mei,59.82
VMM_P03_041,2017,6,Juni,30.93
VMM_P03_041,2017,7,Juli,116.94
VMM_P03_041,2017,8,Augustus,84.98
VMM_P03_041,2017,9,September,158.66
VMM_P03_041,2017,10,Oktober,33.94
VMM_P03_041,2017,11,November,80.48
VMM_P03_041,2017,12,December,84.58
VMM_P03_041,2018,1,Januari,88.96
VMM_P03_041,2018,2,Februari,11.51
VMM_P03_041,2018,3,Maart,115.24
VMM_P03_041,2018,4,April,59.85
VMM_P03_041,2018,5,Mei,144.9
VMM_P03_041,2018,6,Juni,82.59
VMM_P03_041,2018,7,Juli,0.22
VMM_P03_041,2018,8,Augustus,96.31
VMM_P03_041,2018,9,September,74.46
VMM_P03_041,2018,10,Oktober,81.82
VMM_P03_041,2018,11,November,22.39
VMM_P03_041,2018,12,December,49.81
VMM_P03_041,2019,1,Januari,28.56
VMM_P03_041,2019,2,Februari,26.98
VMM_P03_041,2019,3,Maart,61.99
VMM_P03_041,2019,4,April,22.92
VMM_P03_041,2019,5,Mei,38.85
VMM_P03_041,2019,6,Juni,669.87
VMM_P03_041,2019,7,Juli,37.52
VMM_P03_041,2019,8,Augustus,13.09
VMM_P03_041,2019,9,September,86.29
VMM_P03_041,2019,10,Oktober,51.35
VMM_P03_041,2019,11,November,33.06
VMM_P03_041,2019,12,December,37.16
VMM_P03_041,2020,1,Januari,8.11
VMM_P03_041,2020,2,Februari,65.02
VMM_P03_041,2020,3,Maart,35.78
VMM_P03_041,2020,4,April,47.92
VMM_P03_041,2020,5,Mei,4.54
VMM_P03_041,2020,6,Juni,402.38
VMM_P03_041,2020,7,Juli,10.03
VMM_P03_041,2020,8,Augustus,27.52
VMM_P03_041,2020,9,September,236.51
VMM_P03_041,2020,10,Oktober,41.2
VMM_P03_041,2020,11,November,22.25
VMM_P03_041,2020,12,December,20.23
VMM_P03_041,2021,1,Januari,45.3
VMM_P03_041,2021,2,Februari,13.69
VMM_P03_041,2021,3,Maart,19.14
VMM_P03_041,2021,4,April,14.87
VMM_P03_041,2021,5,Mei,101.28
VMM_P03_041,2021,6,Juni,619.5
VMM_P03_041,2021,7,Juli,232.21
VMM_P03_041,2021,8,Augustus,85.46
VMM_P03_041,2021,9,September,155.19
VMM_P03_041,2021,10,Oktober,140.82
VMM_P03_041,2021,11,November,53.45
VMM_P03_041,2021,12,December,38.96
VMM_P03_041,2022,1,Januari,22.42
VMM_P03_041,2022,2,Februari,41.74
VMM_P03_041,2022,3,Maart,1.29
VMM_P03_041,2022,4,April,36.79
VMM_P03_041,2022,5,Mei,34.86
VMM_P03_041,2022,6,Juni,302.76
VMM_P03_041,2022,7,Juli,266.57
VMM_P03_041,2022,8,Augustus,13.81
VMM_P03_041,2022,9,September,228.77
VMM_P03_041,2022,10,Oktober,14.59
VMM_P03_041,2022,11,November,48.98
VMM_P03_041,2022,12,December,66.43
VMM_P03_041,2023,1,Januari,63.26
VMM_P03_041,2023,2,Februari,0.07
VMM_P03_041,2023,3,Maart,77.84
VMM_P03_041,2023,4,April,26.35
VMM_P03_041,2023,5,Mei,98.49
VMM_P03_041,2023,6,Juni,38.15
VMM_P03_041,2023,7,Juli,85.82
VMM_P03_041,2023,8,Augustus,121.58
VMM_P03_041,2023,9,September,80.93
VMM_P03_041,2023,10,Oktober,103.01
VMM_P03_041,2023,11,November,107.97
VMM_P03_041,2023,12,December,62.69
VMM_P03_041,2024,1,Januari,77.16
VMM_P03_041,2024,2,Februari,49.61
VMM_P03_041,2024,3,Maart,23.76
VMM_P03_041,2024,4,April,29.84
VMM_P03_041,2024,5,Mei,442.52
VMM_P03_041,2024,6,Juni,26.47
VMM_P03_041,2024,7,Juli,40.08
VMM_P03_041,2024,8,Augustus,36.97
VMM_P03_041,2024,9,September,175.39
VMM_P03_041,2024,10,Oktober,21.45
VMM_P03_041,2024,11,November,65.55
VMM_P03_041,2024,12,December,34.65
VMM_P04_001,2005,1,Januari,24.92
VMM_P04_001,2005,2,Februari,22.89
VMM_P04_001,2005,3,Maart,6.32
VMM_P04_001,2005,4,April,23.69
VMM_P04_001,2005,5,Mei,195.16
VMM_P04_001,2005,6,Juni,67.83
VMM_P04_001,2005,7,Juli,702.18
VMM_P04_001,2005,8,Augustus,571.17
VMM_P04_001,2005,9,September,425.77
VMM_P04_001,2005,10,Oktober,12.81
VMM_P04_001,2005,11,November,32.71
VMM_P04_001,2005,12,December,15.24
VMM_P04_001,2006,1,Januari,1.67
VMM_P04_001,2006,2,Februari,38.84
VMM_P04_001,2006,3,Maart,13.91
VMM_P04_001,2006,4,April,27.37
VMM_P04_001,2006,5,Mei,158.61
VMM_P04_001,2006,6,Juni,164.01
VMM_P04_001,2006,7,Juli,71.22
VMM_P04_001,2006,8,Augustus,701.23
VMM_P04_001,2006,9,September,0.37
VMM_P04_001,2006,10,Oktober,187.97
VMM_P04_001,2006,11,November,33.76
VMM_P04_001,2006,12,December,27.87
VMM_P04_001,2007,1,Januari,70.14
VMM_P04_001,2007,2,Februari,27.96
VMM_P04_001,2007,3,Maart,26.98
VMM_P04_001,2007,4,April,0.0
VMM_P04_001,2007,5,Mei,57.02
VMM_P04_001,2007,6,Juni,313.07
VMM_P04_001,2007,7,Juli,732.77
VMM_P04_001,2007,8,Augustus,232.59
VMM_P04_001,2007,9,September,20.05
VMM_P04_001,2007,10,Oktober,19.5
VMM_P04_001,2007,11,November,23.32
VMM_P04_001,2007,12,December,16.25
VMM_P04_001,2008,1,Januari,11.37
VMM_P04_001,2008,2,Februari,94.84
VMM_P04_001,2008,3,Maart,56.65
VMM_P04_001,2008,4,April,17.86
VMM_P04_001,2008,5,Mei,318.98
VMM_P04_001,2008,6,Juni,448.53
VMM_P04_001,2008,7,Juli,1415.81
VMM_P04_001,2008,8,Augustus,215.83
VMM_P04_001,2008,9,September,86.48
VMM_P04_001,2008,10,Oktober,28.67
VMM_P04_001,2008,11,November,21.76
VMM_P04_001,2008,12,December,13.53
VMM_P04_001,2009,1,Januari,17.06
VMM_P04_001,2009,2,Februari,14.71
VMM_P04_001,2009,3,Maart,25.6
VMM_P04_001,2009,4,April,12.87
VMM_P04_001,2009,5,Mei,258.87
VMM_P04_001,2009,6,Juni,81.11
VMM_P04_001,2009,7,Juli,745.08
VMM_P04_001,2009,8,Augustus,19.43
VMM_P04_001,2009,9,September,6.33
VMM_P04_001,2009,10,Oktober,312.7
VMM_P04_001,2009,11,November,133.09
VMM_P04_001,2009,12,December,44.69
VMM_P04_001,2010,1,Januari,13.69
VMM_P04_001,2010,2,Februari,19.69
VMM_P04_001,2010,3,Maart,113.87
VMM_P04_001,2010,4,April,27.92
VMM_P04_001,2010,5,Mei,32.5
VMM_P04_001,2010,6,Juni,9.74
VMM_P04_001,2010,7,Juli,333.53
VMM_P04_001,2010,8,Augustus,622.02
VMM_P04_001,2010,9,September,759.99
VMM_P04_001,2010,10,Oktober,56.5
VMM_P04_001,2010,11,November,330.74
VMM_P04_001,2010,12,December,11.71
VMM_P04_001,2011,1,Januari,21.82
VMM_P04_001,2011,2,Februari,9.93
VMM_P04_001,2011,3,Maart,10.24
VMM_P04_001,2011,4,April,0.7
VMM_P04_001,2011,5,Mei,35.72
VMM_P04_001,2011,6,Juni,652.88
VMM_P04_001,2011,7,Juli,265.66
VMM_P04_001,2011,8,Augustus,215.75
VMM_P04_001,2011,9,September,93.07
VMM_P04_001,2011,10,Oktober,28.59
VMM_P04_001,2011,11,November,1.62
VMM_P04_001,2011,12,December,149.93
VMM_P04_001,2012,1,Januari,32.28
VMM_P04_001,2012,2,Februari,5.06
VMM_P04_001,2012,3,Maart,2.15
VMM_P04_001,2012,4,April,56.85
VMM_P04_001,2012,5,Mei,61.01
VMM_P04_001,2012,6,Juni,100.5
VMM_P04_001,2012,7,Juli,453.7
VMM_P04_001,2012,8,Augustus,47.32
VMM_P04_001,2012,9,September,110.32
VMM_P04_001,2012,10,Oktober,65.12
VMM_P04_001,2012,11,November,9.46
VMM_P04_001,2012,12,December,73.47
VMM_P04_001,2015,1,Januari,12.1
VMM_P04_001,2015,2,Februari,20.87
VMM_P04_001,2015,3,Maart,54.9
VMM_P04_001,2015,4,April,5.49
VMM_P04_001,2015,5,Mei,71.24
VMM_P04_001,2015,6,Juni,30.84
VMM_P04_001,2015,7,Juli,34.1
VMM_P04_001,2015,8,Augustus,284.46
VMM_P04_001,2015,9,September,114.42
VMM_P04_001,2015,10,Oktober,11.72
VMM_P04_001,2015,11,November,44.82
VMM_P04_001,2015,12,December,10.57
VMM_P04_001,2016,1,Januari,128.12
VMM_P04_001,2016,2,Februari,28.22
VMM_P04_001,2016,3,Maart,30.43
VMM_P04_001,2016,4,April,67.52
VMM_P04_001,2016,5,Mei,711.57
VMM_P04_001,2016,6,Juni,313.7
VMM_P04_001,2016,7,Juli,56.63
VMM_P04_001,2016,8,Augustus,24.72
VMM_P04_001,2016,9,September,13.56
VMM_P04_001,2016,10,Oktober,27.81
VMM_P04_001,2016,11,November,82.31
VMM_P04_001,2016,12,December,7.3
VMM_P04_001,2017,1,Januari,33.51
VMM_P04_001,2017,2,Februari,47.65
VMM_P04_001,2017,3,Maart,8.9
VMM_P04_001,2017,4,April,3.48
VMM_P04_001,2017,5,Mei,42.32
VMM_P04_001,2017,6,Juni,133.67
VMM_P04_001,2017,7,Juli,111.25
VMM_P04_001,2017,8,Augustus,123.49
VMM_P04_001,2017,9,September,76.65
VMM_P04_001,2017,10,Oktober,45.59
VMM_P04_001,2017,11,November,125.89
VMM_P04_001,2017,12,December,64.55
VMM_P04_001,2019,1,Januari,16.9
VMM_P04_001,2019,2,Februari,8.45
VMM_P04_001,2019,3,Maart,59.34
VMM_P04_001,2019,4,April,23.03
VMM_P04_001,2019,5,Mei,11.94
VMM_P04_001,2019,6,Juni,167.84
VMM_P04_001,2019,7,Juli,57.78
VMM_P04_001,2019,8,Augustus,36.09
VMM_P04_001,2019,9,September,82.39
VMM_P04_001,2019,10,Oktober,75.01
VMM_P04_001,2019,11,November,25.83
VMM_P04_001,2019,12,December,26.04
VMM_P04_001,2020,1,Januari,19.5
VMM_P04_001,2020,2,Februari,159.77
VMM_P04_001,2020,3,Maart,29.26
VMM_P04_001,2020,4,April,17.3
VMM_P04_001,2020,5,Mei,9.03
VMM_P04_001,2020,6,Juni,666.43
VMM_P04_001,2020,7,Juli,25.51
VMM_P04_001,2020,8,Augustus,457.29
VMM_P04_001,2020,9,September,147.21
VMM_P04_001,2020,10,Oktober,29.1
VMM_P04_001,2020,11,November,21.69
VMM_P04_001,2020,12,December,17.73
VMM_P04_001,2021,1,Januari,44.01
VMM_P04_001,2021,2,Februari,13.87
VMM_P04_001,2021,3,Maart,8.91
VMM_P04_001,2021,4,April,19.66
VMM_P04_001,2021,5,Mei,136.33
VMM_P04_001,2021,6,Juni,524.9
VMM_P04_001,2021,7,Juli,359.44
VMM_P04_001,2021,8,Augustus,140.87
VMM_P04_001,2021,9,September,15.42
VMM_P04_001,2021,10,Oktober,104.06
VMM_P04_001,2021,11,November,67.34
VMM_P04_001,2021,12,December,16.56
VMM_P04_001,2022,1,Januari,25.91
VMM_P04_001,2022,2,Februari,46.22
VMM_P04_001,2022,3,Maart,0.26
VMM_P04_001,2022,4,April,10.53
VMM_P04_001,2022,5,Mei,206.4
VMM_P04_001,2022,6,Juni,93.7
VMM_P04_001,2022,7,Juli,4.0
VMM_P04_001,2022,8,Augustus,330.08
VMM_P04_001,2022,9,September,288.0
VMM_P04_001,2022,10,Oktober,15.89
VMM_P04_001,2022,11,November,36.58
VMM_P04_001,2022,12,December,53.99
VMM_P04_001,2023,1,Januari,46.4
VMM_P04_001,2023,2,Februari,0.51
VMM_P04_001,2023,3,Maart,75.78
VMM_P04_001,2023,4,April,21.39
VMM_P04_001,2023,5,Mei,34.59
VMM_P04_001,2023,6,Juni,86.11
VMM_P04_001,2023,7,Juli,120.73
VMM_P04_001,2023,8,Augustus,174.51
VMM_P04_001,2023,9,September,48.74
VMM_P04_001,2023,10,Oktober,116.89
VMM_P04_001,2023,11,November,176.6
VMM_P04_001,2023,12,December,30.97
VMM_P04_001,2024,1,Januari,82.91
VMM_P04_001,2024,2,Februari,54.37
VMM_P04_001,2024,3,Maart,39.28
VMM_P04_001,2024,4,April,71.89
VMM_P04_001,2024,5,Mei,319.68
VMM_P04_001,2024,6,Juni,32.63
VMM_P04_001,2024,7,Juli,60.2
VMM_P04_001,2024,8,Augustus,175.8
VMM_P04_001,2024,9,September,202.17
VMM_P04_001,2024,10,Oktober,21.42
VMM_P04_001,2024,11,November,53.62
VMM_P04_001,2024,12,December,19.3
VMM_P04_020,2007,1,Januari,28.55
VMM_P04_020,2007,2,Februari,68.55
VMM_P04_020,2007,3,Maart,32.9
VMM_P04_020,2007,4,April,0.0
VMM_P04_020,2007,5,Mei,276.19
VMM_P04_020,2007,6,Juni,429.2
VMM_P04_020,2007,7,Juli,673.77
VMM_P04_020,2007,8,Augustus,157.32
VMM_P04_020,2007,9,September,56.07
VMM_P04_020,2007,10,Oktober,41.0
VMM_P04_020,2007,11,November,63.5
VMM_P04_020,2007,12,December,33.26
VMM_P04_020,2010,1,Januari,10.25
VMM_P04_020,2010,2,Februari,27.02
VMM_P04_020,2010,3,Maart,54.17
VMM_P04_020,2010,4,April,15.66
VMM_P04_020,2010,5,Mei,31.97
VMM_P04_020,2010,6,Juni,26.32
VMM_P04_020,2010,7,Juli,249.04
VMM_P04_020,2010,8,Augustus,244.08
VMM_P04_020,2010,9,September,161.05
VMM_P04_020,2010,10,Oktober,38.01
VMM_P04_020,2010,11,November,100.65
VMM_P04_020,2010,12,December,18.49
VMM_P04_020,2011,1,Januari,20.9
VMM_P04_020,2011,2,Februari,12.38
VMM_P04_020,2011,3,Maart,3.85
VMM_P04_020,2011,4,April,33.49
VMM_P04_020,2011,5,Mei,24.68
VMM_P04_020,2011,6,Juni,316.59
VMM_P04_020,2011,7,Juli,307.8
VMM_P04_020,2011,8,Augustus,184.1
VMM_P04_020,2011,9,September,372.25
VMM_P04_020,2011,10,Oktober,19.13
VMM_P04_020,2011,11,November,0.52
VMM_P04_020,2011,12,December,100.61
VMM_P04_020,2012,1,Januari,30.9
VMM_P04_020,2012,2,Februari,5.28
VMM_P04_020,2012,3,Maart,41.4
VMM_P04_020,2012,4,April,62.2
VMM_P04_020,2012,5,Mei,34.33
VMM_P04_020,2012,6,Juni,173.11
VMM_P04_020,2012,7,Juli,244.13
VMM_P04_020,2012,8,Augustus,19.69
VMM_P04_020,2012,9,September,58.12
VMM_P04_020,2012,10,Oktober,60.84
VMM_P04_020,2012,11,November,6.73
VMM_P04_020,2012,12,December,84.12
VMM_P04_020,2013,1,Januari,33.23
VMM_P04_020,2013,2,Februari,19.21
VMM_P04_020,2013,3,Maart,18.32
VMM_P04_020,2013,4,April,7.04
VMM_P04_020,2013,5,Mei,72.02
VMM_P04_020,2013,6,Juni,73.14
VMM_P04_020,2013,7,Juli,363.44
VMM_P04_020,2013,8,Augustus,12.76
VMM_P04_020,2013,9,September,105.51
VMM_P04_020,2013,10,Oktober,106.68
VMM_P04_020,2013,11,November,116.43
VMM_P04_020,2013,12,December,54.49
VMM_P04_020,2014,1,Januari,33.47
VMM_P04_020,2014,2,Februari,38.96
VMM_P04_020,2014,3,Maart,9.82
VMM_P04_020,2014,4,April,16.75
VMM_P04_020,2014,5,Mei,58.97
VMM_P04_020,2014,6,Juni,56.31
VMM_P04_020,2014,7,Juli,207.43
VMM_P04_020,2014,8,Augustus,812.88
VMM_P04_020,2014,9,September,17.39
VMM_P04_020,2014,10,Oktober,53.13
VMM_P04_020,2014,11,November,39.46
VMM_P04_020,2014,12,December,58.33
VMM_P04_020,2016,1,Januari,56.78
VMM_P04_020,2016,2,Februari,22.89
VMM_P04_020,2016,3,Maart,39.87
VMM_P04_020,2016,4,April,46.09
VMM_P04_020,2016,5,Mei,314.52
VMM_P04_020,2016,6,Juni,526.36
VMM_P04_020,2016,7,Juli,111.38
VMM_P04_020,2016,8,Augustus,23.0
VMM_P04_020,2016,9,September,40.45
VMM_P04_020,2016,10,Oktober,48.17
VMM_P04_020,2016,11,November,170.13
VMM_P04_020,2016,12,December,6.07
VMM_P04_020,2017,1,Januari,61.46
VMM_P04_020,2017,2,Februari,38.73
VMM_P04_020,2017,3,Maart,15.01
VMM_P04_020,2017,4,April,7.31
VMM_P04_020,2017,5,Mei,14.07
VMM_P04_020,2017,6,Juni,21.6
VMM_P04_020,2017,7,Juli,203.31
VMM_P04_020,2017,8,Augustus,188.3
VMM_P04_020,2017,9,September,28.83
VMM_P04_020,2017,10,Oktober,17.27
VMM_P04_020,2017,11,November,72.94
VMM_P04_020,2017,12,December,152.06
VMM_P04_020,2018,1,Januari,43.42
VMM_P04_020,2018,2,Februari,9.74
VMM_P04_020,2018,3,Maart,80.44
VMM_P04_020,2018,4,April,42.6
VMM_P04_020,2018,5,Mei,58.44
VMM_P04_020,2018,6,Juni,0.65
VMM_P04_020,2018,7,Juli,100.45
VMM_P04_020,2018,8,Augustus,130.98
VMM_P04_020,2018,9,September,60.53
VMM_P04_020,2018,10,Oktober,49.44
VMM_P04_020,2018,11,November,6.89
VMM_P04_020,2018,12,December,44.81
VMM_P04_020,2019,1,Januari,18.54
VMM_P04_020,2019,2,Februari,13.75
VMM_P04_020,2019,3,Maart,47.98
VMM_P04_020,2019,4,April,23.18
VMM_P04_020,2019,5,Mei,272.83
VMM_P04_020,2019,6,Juni,172.52
VMM_P04_020,2019,7,Juli,56.65
VMM_P04_020,2019,8,Augustus,45.48
VMM_P04_020,2019,9,September,72.44
VMM_P04_020,2019,10,Oktober,64.07
VMM_P04_020,2019,11,November,28.64
VMM_P04_020,2019,12,December,32.43
VMM_P04_020,2020,1,Januari,17.49
VMM_P04_020,2020,2,Februari,60.13
VMM_P04_020,2020,3,Maart,21.01
VMM_P04_020,2020,4,April,26.3
VMM_P04_020,2020,5,Mei,9.11
VMM_P04_020,2020,6,Juni,395.05
VMM_P04_020,2020,7,Juli,10.38
VMM_P04_020,2020,8,Augustus,1611.43
VMM_P04_020,2020,9,September,379.23
VMM_P04_020,2020,10,Oktober,50.17
VMM_P04_020,2020,11,November,28.85
VMM_P04_020,2020,12,December,19.83
VMM_P04_020,2021,1,Januari,36.5
VMM_P04_020,2021,2,Februari,66.33
VMM_P04_020,2021,3,Maart,6.64
VMM_P04_020,2021,4,April,9.95
VMM_P04_020,2021,5,Mei,80.99
VMM_P04_020,2021,6,Juni,1142.23
VMM_P04_020,2021,7,Juli,199.19
VMM_P04_020,2021,8,Augustus,1186.96
VMM_P04_020,2021,9,September,106.73
VMM_P04_020,2021,10,Oktober,186.02
VMM_P04_020,2021,11,November,49.41
VMM_P04_020,2021,12,December,76.49
VMM_P04_020,2022,1,Januari,19.32
VMM_P04_020,2022,2,Februari,25.97
VMM_P04_020,2022,3,Maart,0.0
VMM_P04_020,2022,4,April,19.53
VMM_P04_020,2022,5,Mei,302.28
VMM_P04_020,2022,6,Juni,476.25
VMM_P04_020,2022,7,Juli,4.23
VMM_P04_020,2022,8,Augustus,16.9
VMM_P04_020,2022,9,September,347.78
VMM_P04_020,2022,10,Oktober,33.26
VMM_P04_020,2022,11,November,30.26
VMM_P04_020,2022,12,December,49.64
VMM_P04_020,2023,1,Januari,36.69
VMM_P04_020,2023,2,Februari,0.2
VMM_P04_020,2023,3,Maart,57.5
VMM_P04_020,2023,4,April,60.08
VMM_P04_020,2023,5,Mei,16.42
VMM_P04_020,2023,6,Juni,139.66
VMM_P04_020,2023,7,Juli,134.01
VMM_P04_020,2023,8,Augustus,279.59
VMM_P04_020,2023,9,September,129.99
VMM_P04_020,2023,10,Oktober,69.41
VMM_P04_020,2023,11,November,162.72
VMM_P04_020,2023,12,December,52.96
VMM_P04_020,2024,1,Januari,28.82
VMM_P04_020,2024,2,Februari,36.04
VMM_P04_020,2024,3,Maart,25.72
VMM_P04_020,2024,4,April,43.82
VMM_P04_020,2024,5,Mei,47.46
VMM_P04_020,2024,6,Juni,78.31
VMM_P04_020,2024,7,Juli,91.65
VMM_P04_020,2024,8,Augustus,235.74
VMM_P04_020,2024,9,September,114.95
VMM_P04_020,2024,10,Oktober,46.44
VMM_P04_020,2024,11,November,34.38
VMM_P04_020,2024,12,December,37.5
VMM_P04_027,2009,1,Januari,29.15
VMM_P04_027,2009,2,Februari,27.29
VMM_P04_027,2009,3,Maart,39.49
VMM_P04_027,2009,4,April,7.69
VMM_P04_027,2009,5,Mei,105.91
VMM_P04_027,2009,6,Juni,101.64
VMM_P04_027,2009,7,Juli,299.2
VMM_P04_027,2009,8,Augustus,35.34
VMM_P04_027,2009,9,September,3.89
VMM_P04_027,2009,10,Oktober,158.85
VMM_P04_027,2009,11,November,120.85
VMM_P04_027,2009,12,December,38.51
VMM_P04_027,2010,1,Januari,12.27
VMM_P04_027,2010,2,Februari,28.9
VMM_P04_027,2010,3,Maart,32.18
VMM_P04_027,2010,4,April,10.06
VMM_P04_027,2010,5,Mei,45.23
VMM_P04_027,2010,6,Juni,342.15
VMM_P04_027,2010,7,Juli,90.28
VMM_P04_027,2010,8,Augustus,264.98
VMM_P04_027,2010,9,September,94.94
VMM_P04_027,2010,10,Oktober,58.24
VMM_P04_027,2010,11,November,254.81
VMM_P04_027,2010,12,December,17.07
VMM_P04_027,2011,1,Januari,26.87
VMM_P04_027,2011,2,Februari,17.09
VMM_P04_027,2011,3,Maart,9.81
VMM_P04_027,2011,4,April,1.54
VMM_P04_027,2011,5,Mei,5.96
VMM_P04_027,2011,6,Juni,1178.67
VMM_P04_027,2011,7,Juli,217.15
VMM_P04_027,2011,8,Augustus,215.6
VMM_P04_027,2011,9,September,67.81
VMM_P04_027,2011,10,Oktober,17.86
VMM_P04_027,2011,11,November,2.5
VMM_P04_027,2011,12,December,141.59
VMM_P04_027,2012,1,Januari,74.57
VMM_P04_027,2012,2,Februari,7.02
VMM_P04_027,2012,3,Maart,9.84
VMM_P04_027,2012,4,April,56.09
VMM_P04_027,2012,5,Mei,35.24
VMM_P04_027,2012,6,Juni,133.14
VMM_P04_027,2012,7,Juli,223.45
VMM_P04_027,2012,8,Augustus,36.93
VMM_P04_027,2012,9,September,34.53
VMM_P04_027,2012,10,Oktober,105.84
VMM_P04_027,2012,11,November,7.99
VMM_P04_027,2012,12,December,115.08
VMM_P04_027,2013,1,Januari,41.13
VMM_P04_027,2013,2,Februari,12.87
VMM_P04_027,2013,3,Maart,4.96
VMM_P04_027,2013,4,April,6.17
VMM_P04_027,2013,5,Mei,45.89
VMM_P04_027,2013,6,Juni,298.8
VMM_P04_027,2013,7,Juli,141.66
VMM_P04_027,2013,8,Augustus,32.53
VMM_P04_027,2013,9,September,145.7
VMM_P04_027,2013,10,Oktober,63.05
VMM_P04_027,2013,11,November,142.67
VMM_P04_027,2013,12,December,82.89
VMM_P04_027,2014,1,Januari,25.94
VMM_P04_027,2014,2,Februari,25.17
VMM_P04_027,2014,3,Maart,8.42
VMM_P04_027,2014,4,April,18.48
VMM_P04_027,2014,5,Mei,115.58
VMM_P04_027,2014,6,Juni,67.92
VMM_P04_027,2014,7,Juli,486.51
VMM_P04_027,2014,8,Augustus,421.59
VMM_P04_027,2014,9,September,18.96
VMM_P04_027,2014,10,Oktober,62.0
VMM_P04_027,2014,11,November,33.14
VMM_P04_027,2014,12,December,83.8
VMM_P04_027,2015,1,Januari,70.81
VMM_P04_027,2015,2,Februari,19.28
VMM_P04_027,2015,3,Maart,36.12
VMM_P04_027,2015,4,April,5.78
VMM_P04_027,2015,5,Mei,51.91
VMM_P04_027,2015,6,Juni,139.94
VMM_P04_027,2015,7,Juli,27.27
VMM_P04_027,2015,8,Augustus,451.32
VMM_P04_027,2015,9,September,73.97
VMM_P04_027,2015,10,Oktober,7.1
VMM_P04_027,2015,11,November,63.7
VMM_P04_027,2015,12,December,9.65
VMM_P04_027,2016,1,Januari,149.99
VMM_P04_027,2016,2,Februari,30.7
VMM_P04_027,2016,3,Maart,29.42
VMM_P04_027,2016,4,April,53.86
VMM_P04_027,2016,5,Mei,522.5
VMM_P04_027,2016,6,Juni,212.74
VMM_P04_027,2016,7,Juli,72.88
VMM_P04_027,2016,8,Augustus,55.76
VMM_P04_027,2016,9,September,24.9
VMM_P04_027,2016,10,Oktober,32.5
VMM_P04_027,2016,11,November,136.89
VMM_P04_027,2016,12,December,7.77
VMM_P04_027,2017,1,Januari,42.0
VMM_P04_027,2017,2,Februari,38.12
VMM_P04_027,2017,3,Maart,19.88
VMM_P04_027,2017,4,April,4.36
VMM_P04_027,2017,5,Mei,169.95
VMM_P04_027,2017,6,Juni,95.59
VMM_P04_027,2017,7,Juli,52.36
VMM_P04_027,2017,8,Augustus,130.79
VMM_P04_027,2017,9,September,117.44
VMM_P04_027,2017,10,Oktober,17.93
VMM_P04_027,2017,11,November,61.99
VMM_P04_027,2017,12,December,95.79
VMM_P04_027,2018,1,Januari,84.92
VMM_P04_027,2018,2,Februari,13.69
VMM_P04_027,2018,3,Maart,48.45
VMM_P04_027,2018,4,April,46.35
VMM_P04_027,2018,5,Mei,30.12
VMM_P04_027,2018,6,Juni,10.33
VMM_P04_027,2018,7,Juli,3.32
VMM_P04_027,2018,8,Augustus,147.95
VMM_P04_027,2018,9,September,1582.12
VMM_P04_027,2018,10,Oktober,31.04
VMM_P04_027,2018,11,November,7.06
VMM_P04_027,2018,12,December,43.73
VMM_P04_027,2019,1,Januari,20.09
VMM_P04_027,2019,2,Februari,15.12
VMM_P04_027,2019,3,Maart,57.18
VMM_P04_027,2019,4,April,26.8
VMM_P04_027,2019,5,Mei,25.89
VMM_P04_027,2019,6,Juni,311.28
VMM_P04_027,2019,7,Juli,79.12
VMM_P04_027,2019,8,Augustus,65.89
VMM_P04_027,2019,9,September,174.05
VMM_P04_027,2019,10,Oktober,54.83
VMM_P04_027,2019,11,November,21.16
VMM_P04_027,2019,12,December,43.13
VMM_P04_027,2020,1,Januari,9.98
VMM_P04_027,2020,2,Februari,127.98
VMM_P04_027,2020,3,Maart,27.3
VMM_P04_027,2020,4,April,12.81
VMM_P04_027,2020,5,Mei,122.11
VMM_P04_027,2020,6,Juni,142.03
VMM_P04_027,2020,7,Juli,16.42
VMM_P04_027,2020,8,Augustus,125.68
VMM_P04_027,2020,9,September,330.14
VMM_P04_027,2020,10,Oktober,27.04
VMM_P04_027,2020,11,November,19.15
VMM_P04_027,2020,12,December,29.21
VMM_P04_027,2022,1,Januari,30.65
VMM_P04_027,2022,2,Februari,69.83
VMM_P04_027,2022,3,Maart,1.19
VMM_P04_027,2022,4,April,32.19
VMM_P04_027,2022,5,Mei,486.49
VMM_P04_027,2022,6,Juni,37.62
VMM_P04_027,2022,7,Juli,12.48
VMM_P04_027,2022,8,Augustus,15.99
VMM_P04_027,2022,9,September,734.65
VMM_P04_027,2022,10,Oktober,55.78
VMM_P04_027,2022,11,November,28.2
VMM_P04_027,2022,12,December,44.09
VMM_P04_027,2023,1,Januari,53.21
VMM_P04_027,2023,2,Februari,0.54
VMM_P04_027,2023,3,Maart,117.27
VMM_P04_027,2023,4,April,17.4
VMM_P04_027,2023,5,Mei,64.54
VMM_P04_027,2023,6,Juni,40.12
VMM_P04_027,2023,7,Juli,160.56
VMM_P04_027,2023,8,Augustus,195.9
VMM_P04_027,2023,9,September,32.32
VMM_P04_027,2023,10,Oktober,113.31
VMM_P04_027,2023,11,November,78.09
VMM_P04_027,2023,12,December,40.19
VMM_P04_027,2024,1,Januari,50.62
VMM_P04_027,2024,2,Februari,54.06
VMM_P04_027,2024,3,Maart,31.89
VMM_P04_027,2024,4,April,39.95
VMM_P04_027,2024,5,Mei,154.99
VMM_P04_027,2024,6,Juni,121.58
VMM_P04_027,2024,7,Juli,170.33
VMM_P04_027,2024,8,Augustus,1586.73
VMM_P04_027,2024,9,September,388.75
VMM_P04_027,2024,10,Oktober,26.61
VMM_P04_027,2024,11,November,63.88
VMM_P04_027,2024,12,December,46.24
VMM_P05_019,2007,1,Januari,49.43
VMM_P05_019,2007,2,Februari,51.24
VMM_P05_019,2007,3,Maart,28.33
VMM_P05_019,2007,4,April,0.0
VMM_P05_019,2007,5,Mei,140.35
VMM_P05_019,2007,6,Juni,187.04
VMM_P05_019,2007,7,Juli,428.09
VMM_P05_019,2007,8,Augustus,32.12
VMM_P05_019,2007,9,September,67.41
VMM_P05_019,2007,10,Oktober,39.17
VMM_P05_019,2007,11,November,38.26
VMM_P05_019,2007,12,December,14.3
VMM_P05_019,2008,1,Januari,16.56
VMM_P05_019,2008,2,Februari,40.87
VMM_P05_019,2008,3,Maart,59.66
VMM_P05_019,2008,4,April,53.78
VMM_P05_019,2008,5,Mei,106.14
VMM_P05_019,2008,6,Juni,102.85
VMM_P05_019,2008,7,Juli,102.78
VMM_P05_019,2008,8,Augustus,211.95
VMM_P05_019,2008,9,September,71.76
VMM_P05_019,2008,10,Oktober,57.59
VMM_P05_019,2008,11,November,103.27
VMM_P05_019,2008,12,December,32.13
VMM_P05_019,2009,1,Januari,35.64
VMM_P05_019,2009,2,Februari,20.54
VMM_P05_019,2009,3,Maart,47.51
VMM_P05_019,2009,4,April,8.4
VMM_P05_019,2009,5,Mei,289.99
VMM_P05_019,2009,6,Juni,59.3
VMM_P05_019,2009,7,Juli,129.55
VMM_P05_019,2009,8,Augustus,50.12
VMM_P05_019,2009,9,September,5.52
VMM_P05_019,2009,10,Oktober,196.69
VMM_P05_019,2009,11,November,94.6
VMM_P05_019,2009,12,December,41.72
VMM_P05_019,2010,1,Januari,10.85
VMM_P05_019,2010,2,Februari,28.84
VMM_P05_019,2010,3,Maart,30.72
VMM_P05_019,2010,4,April,4.57
VMM_P05_019,2010,5,Mei,84.45
VMM_P05_019,2010,6,Juni,13.64
VMM_P05_019,2010,7,Juli,100.72
VMM_P05_019,2010,8,Augustus,397.49
VMM_P05_019,2010,9,September,169.88
VMM_P05_019,2010,10,Oktober,52.97
VMM_P05_019,2010,11,November,53.22
VMM_P05_019,2010,12,December,7.45
VMM_P05_019,2012,1,Januari,30.1
VMM_P05_019,2012,2,Februari,3.63
VMM_P05_019,2012,3,Maart,37.99
VMM_P05_019,2012,4,April,53.06
VMM_P05_019,2012,5,Mei,103.86
VMM_P05_019,2012,6,Juni,154.82
VMM_P05_019,2012,7,Juli,105.94
VMM_P05_019,2012,8,Augustus,29.71
VMM_P05_019,2012,9,September,25.59
VMM_P05_019,2012,10,Oktober,109.28
VMM_P05_019,2012,11,November,13.69
VMM_P05_019,2012,12,December,87.23
VMM_P05_019,2013,1,Januari,42.34
VMM_P05_019,2013,2,Februari,15.66
VMM_P05_019,2013,3,Maart,22.1
VMM_P05_019,2013,4,April,3.8
VMM_P05_019,2013,5,Mei,72.08
VMM_P05_019,2013,6,Juni,78.49
VMM_P05_019,2013,7,Juli,410.57
VMM_P05_019,2013,8,Augustus,9.89
VMM_P05_019,2013,9,September,91.94
VMM_P05_019,2013,10,Oktober,68.17
VMM_P05_019,2013,11,November,80.73
VMM_P05_019,2013,12,December,55.09
VMM_P05_019,2016,1,Januari,68.2
VMM_P05_019,2016,2,Februari,28.42
VMM_P05_019,2016,3,Maart,46.04
VMM_P05_019,2016,4,April,22.07
VMM_P05_019,2016,5,Mei,163.08
VMM_P05_019,2016,6,Juni,211.79
VMM_P05_019,2016,7,Juli,20.37
VMM_P05_019,2016,8,Augustus,42.55
VMM_P05_019,2016,9,September,19.03
VMM_P05_019,2016,10,Oktober,86.5
VMM_P05_019,2016,11,November,97.76
VMM_P05_019,2016,12,December,5.68
VMM_P05_019,2017,1,Januari,44.58
VMM_P05_019,2017,2,Februari,29.71
VMM_P05_019,2017,3,Maart,17.17
VMM_P05_019,2017,4,April,5.26
VMM_P05_019,2017,5,Mei,23.58
VMM_P05_019,2017,6,Juni,24.57
VMM_P05_019,2017,7,Juli,93.75
VMM_P05_019,2017,8,Augustus,128.2
VMM_P05_019,2017,9,September,69.21
VMM_P05_019,2017,10,Oktober,32.99
VMM_P05_019,2017,11,November,93.54
VMM_P05_019,2017,12,December,105.53
VMM_P05_019,2018,1,Januari,46.68
VMM_P05_019,2018,2,Februari,8.45
VMM_P05_019,2018,3,Maart,69.97
VMM_P05_019,2018,4,April,48.73
VMM_P05_019,2018,5,Mei,92.82
VMM_P05_019,2018,6,Juni,0.0
VMM_P05_019,2018,7,Juli,10.43
VMM_P05_019,2018,8,Augustus,94.49
VMM_P05_019,2018,9,September,86.97
VMM_P05_019,2018,10,Oktober,29.95
VMM_P05_019,2018,11,November,32.39
VMM_P05_019,2018,12,December,41.4
VMM_P05_019,2019,1,Januari,13.98
VMM_P05_019,2019,2,Februari,15.35
VMM_P05_019,2019,3,Maart,60.42
VMM_P05_019,2019,4,April,5.86
VMM_P05_019,2019,5,Mei,13.27
VMM_P05_019,2019,6,Juni,210.91
VMM_P05_019,2019,7,Juli,62.13
VMM_P05_019,2019,8,Augustus,37.64
VMM_P05_019,2019,9,September,106.04
VMM_P05_019,2019,10,Oktober,84.07
VMM_P05_019,2019,11,November,42.98
VMM_P05_019,2019,12,December,24.13
VMM_P05_019,2020,1,Januari,16.47
VMM_P05_019,2020,2,Februari,72.36
VMM_P05_019,2020,3,Maart,30.93
VMM_P05_019,2020,4,April,27.62
VMM_P05_019,2020,5,Mei,6.66
VMM_P05_019,2020,6,Juni,117.78
VMM_P05_019,2020,7,Juli,5.74
VMM_P05_019,2020,8,Augustus,24.12
VMM_P05_019,2020,9,September,37.77
VMM_P05_019,2020,10,Oktober,122.39
VMM_P05_019,2020,11,November,18.16
VMM_P05_019,2020,12,December,31.44
VMM_P05_019,2021,1,Januari,83.29
VMM_P05_019,2021,2,Februari,22.58
VMM_P05_019,2021,3,Maart,9.69
VMM_P05_019,2021,4,April,9.4
VMM_P05_019,2021,5,Mei,669.89
VMM_P05_019,2021,6,Juni,205.65
VMM_P05_019,2021,7,Juli,206.94
VMM_P05_019,2021,8,Augustus,134.83
VMM_P05_019,2021,9,September,12.0
VMM_P05_019,2021,10,Oktober,98.27
VMM_P05_019,2021,11,November,34.73
VMM_P05_019,2021,12,December,117.96
VMM_P05_019,2022,1,Januari,130.43
VMM_P05_019,2022,2,Februari,39.47
VMM_P05_019,2022,3,Maart,1.17
VMM_P05_019,2022,4,April,34.39
VMM_P05_019,2022,5,Mei,331.82
VMM_P05_019,2022,6,Juni,813.57
VMM_P05_019,2022,7,Juli,0.0
VMM_P05_019,2022,8,Augustus,18.76
VMM_P05_019,2022,9,September,116.1
VMM_P05_019,2022,10,Oktober,227.94
VMM_P05_019,2022,11,November,36.24
VMM_P05_019,2022,12,December,36.76
VMM_P05_019,2023,1,Januari,427.04
VMM_P05_019,2023,2,Februari,1.14
VMM_P05_019,2023,3,Maart,79.21
VMM_P05_019,2023,4,April,21.26
VMM_P05_019,2023,5,Mei,34.36
VMM_P05_019,2023,6,Juni,36.17
VMM_P05_019,2023,7,Juli,173.4
VMM_P05_019,2023,8,Augustus,540.46
VMM_P05_019,2023,9,September,97.35
VMM_P05_019,2023,10,Oktober,136.07
VMM_P05_019,2023,11,November,245.47
VMM_P05_019,2023,12,December,90.28
VMM_P05_019,2024,1,Januari,118.1
VMM_P05_019,2024,2,Februari,77.18
VMM_P05_019,2024,3,Maart,68.95
VMM_P05_019,2024,4,April,46.66
VMM_P05_019,2024,5,Mei,267.35
VMM_P05_019,2024,6,Juni,102.92
VMM_P05_019,2024,7,Juli,49.77
VMM_P05_019,2024,8,Augustus,196.92
VMM_P05_019,2024,9,September,201.27
VMM_P05_019,2024,10,Oktober,22.55
VMM_P05_019,2024,11,November,60.92
VMM_P05_019,2024,12,December,55.29
VMM_P05_038,2010,1,Januari,10.89
VMM_P05_038,2010,2,Februari,23.23
VMM_P05_038,2010,3,Maart,13.35
VMM_P05_038,2010,4,April,20.59
VMM_P05_038,2010,5,Mei,139.85
VMM_P05_038,2010,6,Juni,12.66
VMM_P05_038,2010,7,Juli,367.74
VMM_P05_038,2010,8,Augustus,142.1
VMM_P05_038,2010,9,September,152.0
VMM_P05_038,2010,10,Oktober,32.84
VMM_P05_038,2010,11,November,49.95
VMM_P05_038,2010,12,December,14.26
VMM_P05_038,2011,1,Januari,24.35
VMM_P05_038,2011,2,Februari,9.29
VMM_P05_038,2011,3,Maart,2.02
VMM_P05_038,2011,4,April,52.58
VMM_P05_038,2011,5,Mei,5.47
VMM_P05_038,2011,6,Juni,71.57
VMM_P05_038,2011,7,Juli,133.94
VMM_P05_038,2011,8,Augustus,126.06
VMM_P05_038,2011,9,September,154.59
VMM_P05_038,2011,10,Oktober,18.04
VMM_P05_038,2011,11,November,10.32
VMM_P05_038,2011,12,December,96.61
VMM_P05_038,2012,1,Januari,103.6
VMM_P05_038,2012,2,Februari,5.46
VMM_P05_038,2012,3,Maart,44.81
VMM_P05_038,2012,4,April,84.58
VMM_P05_038,2012,5,Mei,30.14
VMM_P05_038,2012,6,Juni,107.88
VMM_P05_038,2012,7,Juli,709.98
VMM_P05_038,2012,8,Augustus,10.22
VMM_P05_038,2012,9,September,39.24
VMM_P05_038,2012,10,Oktober,121.24
VMM_P05_038,2012,11,November,18.82
VMM_P05_038,2012,12,December,58.82
VMM_P05_038,2013,1,Januari,44.29
VMM_P05_038,2013,2,Februari,8.92
VMM_P05_038,2013,3,Maart,83.59
VMM_P05_038,2013,4,April,10.38
VMM_P05_038,2013,5,Mei,108.21
VMM_P05_038,2013,6,Juni,22.96
VMM_P05_038,2013,7,Juli,544.91
VMM_P05_038,2013,8,Augustus,14.93
VMM_P05_038,2013,9,September,132.48
VMM_P05_038,2013,10,Oktober,422.79
VMM_P05_038,2013,11,November,110.13
VMM_P05_038,2013,12,December,21.17
VMM_P05_038,2015,1,Januari,78.53
VMM_P05_038,2015,2,Februari,14.81
VMM_P05_038,2015,3,Maart,10.23
VMM_P05_038,2015,4,April,8.04
VMM_P05_038,2015,5,Mei,46.67
VMM_P05_038,2015,6,Juni,47.94
VMM_P05_038,2015,7,Juli,63.16
VMM_P05_038,2015,8,Augustus,517.2
VMM_P05_038,2015,9,September,86.14
VMM_P05_038,2015,10,Oktober,12.23
VMM_P05_038,2015,11,November,79.79
VMM_P05_038,2015,12,December,7.91
VMM_P05_038,2016,1,Januari,61.28
VMM_P05_038,2016,2,Februari,24.84
VMM_P05_038,2016,3,Maart,47.24
VMM_P05_038,2016,4,April,63.36
VMM_P05_038,2016,5,Mei,312.74
VMM_P05_038,2016,6,Juni,69.29
VMM_P05_038,2016,7,Juli,43.38
VMM_P05_038,2016,8,Augustus,29.93
VMM_P05_038,2016,9,September,41.56
VMM_P05_038,2016,10,Oktober,95.02
VMM_P05_038,2016,11,November,116.02
VMM_P05_038,2016,12,December,8.18
VMM_P05_038,2017,1,Januari,27.62
VMM_P05_038,2017,2,Februari,31.11
VMM_P05_038,2017,3,Maart,15.62
VMM_P05_038,2017,4,April,2.08
VMM_P05_038,2017,5,Mei,384.74
VMM_P05_038,2017,6,Juni,1.79
VMM_P05_038,2017,7,Juli,24.64
VMM_P05_038,2017,8,Augustus,175.47
VMM_P05_038,2017,9,September,39.51
VMM_P05_038,2017,10,Oktober,31.58
VMM_P05_038,2017,11,November,132.71
VMM_P05_038,2017,12,December,89.8
VMM_P05_038,2018,1,Januari,47.57
VMM_P05_038,2018,2,Februari,10.34
VMM_P05_038,2018,3,Maart,40.37
VMM_P05_038,2018,4,April,40.9
VMM_P05_038,2018,5,Mei,369.94
VMM_P05_038,2018,6,Juni,121.26
VMM_P05_038,2018,7,Juli,0.46
VMM_P05_038,2018,8,Augustus,235.69
VMM_P05_038,2018,9,September,61.0
VMM_P05_038,2018,10,Oktober,35.39
VMM_P05_038,2018,11,November,9.03
VMM_P05_038,2018,12,December,50.15
VMM_P05_038,2019,1,Januari,17.96
VMM_P05_038,2019,2,Februari,39.51
VMM_P05_038,2019,3,Maart,25.99
VMM_P05_038,2019,4,April,3.02
VMM_P05_038,2019,5,Mei,14.49
VMM_P05_038,2019,6,Juni,177.43
VMM_P05_038,2019,7,Juli,67.27
VMM_P05_038,2019,8,Augustus,16.49
VMM_P05_038,2019,9,September,178.72
VMM_P05_038,2019,10,Oktober,152.35
VMM_P05_038,2019,11,November,101.08
VMM_P05_038,2019,12,December,41.63
VMM_P05_038,2020,1,Januari,12.85
VMM_P05_038,2020,2,Februari,57.47
VMM_P05_038,2020,3,Maart,48.97
VMM_P05_038,2020,4,April,41.15
VMM_P05_038,2020,5,Mei,0.0
VMM_P05_038,2020,6,Juni,94.69
VMM_P05_038,2020,7,Juli,5.29
VMM_P05_038,2020,8,Augustus,182.42
VMM_P05_038,2020,9,September,26.23
VMM_P05_038,2020,10,Oktober,77.34
VMM_P05_038,2020,11,November,19.96
VMM_P05_038,2020,12,December,27.72
VMM_P05_038,2021,1,Januari,65.09
VMM_P05_038,2021,2,Februari,7.35
VMM_P05_038,2021,3,Maart,12.74
VMM_P05_038,2021,4,April,30.12
VMM_P05_038,2021,5,Mei,207.83
VMM_P05_038,2021,6,Juni,276.1
VMM_P05_038,2021,7,Juli,109.88
VMM_P05_038,2021,8,Augustus,468.47
VMM_P05_038,2021,9,September,16.61
VMM_P05_038,2021,10,Oktober,95.55
VMM_P05_038,2021,11,November,57.86
VMM_P05_038,2021,12,December,31.38
VMM_P05_038,2022,1,Januari,33.47
VMM_P05_038,2022,2,Februari,20.06
VMM_P05_038,2022,3,Maart,1.7
VMM_P05_038,2022,4,April,37.65
VMM_P05_038,2022,5,Mei,23.68
VMM_P05_038,2022,6,Juni,48.99
VMM_P05_038,2022,7,Juli,0.82
VMM_P05_038,2022,8,Augustus,25.03
VMM_P05_038,2022,9,September,243.19
VMM_P05_038,2022,10,Oktober,124.7
VMM_P05_038,2022,11,November,73.78
VMM_P05_038,2022,12,December,44.41
VMM_P05_038,2023,1,Januari,72.85
VMM_P05_038,2023,2,Februari,2.99
VMM_P05_038,2023,3,Maart,64.05
VMM_P05_038,2023,4,April,18.95
VMM_P05_038,2023,5,Mei,76.97
VMM_P05_038,2023,6,Juni,490.38
VMM_P05_038,2023,7,Juli,64.71
VMM_P05_038,2023,8,Augustus,776.17
VMM_P05_038,2023,9,September,118.64
VMM_P05_038,2023,10,Oktober,130.56
VMM_P05_038,2023,11,November,139.2
VMM_P05_038,2023,12,December,74.18
VMM_P05_038,2024,1,Januari,52.8
VMM_P05_038,2024,2,Februari,51.0
VMM_P05_038,2024,3,Maart,33.5
VMM_P05_038,2024,4,April,140.88
VMM_P05_038,2024,5,Mei,132.44
VMM_P05_038,2024,6,Juni,113.27
VMM_P05_038,2024,7,Juli,27.94
VMM_P05_038,2024,8,Augustus,106.77
VMM_P05_038,2024,9,September,104.08
VMM_P05_038,2024,10,Oktober,16.4
VMM_P05_038,2024,11,November,47.9
VMM_P05_038,2024,12,December,34.91
VMM_P05_039,2009,1,Januari,27.1
VMM_P05_039,2009,2,Februari,35.52
VMM_P05_039,2009,3,Maart,37.33
VMM_P05_039,2009,4,April,12.78
VMM_P05_039,2009,5,Mei,494.8
VMM_P05_039,2009,6,Juni,57.83
VMM_P05_039,2009,7,Juli,372.67
VMM_P05_039,2009,8,Augustus,2.69
VMM_P05_039,2009,9,September,6.54
VMM_P05_039,2009,10,Oktober,411.87
VMM_P05_039,2009,11,November,203.2
VMM_P05_039,2009,12,December,38.01
VMM_P05_039,2010,1,Januari,23.14
VMM_P05_039,2010,2,Februari,32.69
VMM_P05_039,2010,3,Maart,125.14
VMM_P05_039,2010,4,April,30.37
VMM_P05_039,2010,5,Mei,51.23
VMM_P05_039,2010,6,Juni,21.45
VMM_P05_039,2010,7,Juli,252.72
VMM_P05_039,2010,8,Augustus,681.32
VMM_P05_039,2010,9,September,150.05
VMM_P05_039,2010,10,Oktober,53.82
VMM_P05_039,2010,11,November,92.74
VMM_P05_039,2010,12,December,9.27
VMM_P05_039,2011,1,Januari,31.53
VMM_P05_039,2011,2,Februari,15.09
VMM_P05_039,2011,3,Maart,3.39
VMM_P05_039,2011,4,April,12.82
VMM_P05_039,2011,5,Mei,10.06
VMM_P05_039,2011,6,Juni,114.32
VMM_P05_039,2011,7,Juli,53.05
VMM_P05_039,2011,8,Augustus,238.04
VMM_P05_039,2011,9,September,114.34
VMM_P05_039,2011,10,Oktober,20.87
VMM_P05_039,2011,11,November,3.38
VMM_P05_039,2011,12,December,155.7
VMM_P05_039,2012,1,Januari,27.47
VMM_P05_039,2012,2,Februari,6.02
VMM_P05_039,2012,3,Maart,45.91
VMM_P05_039,2012,4,April,68.96
VMM_P05_039,2012,5,Mei,119.09
VMM_P05_039,2012,6,Juni,152.3
VMM_P05_039,2012,7,Juli,1263.67
VMM_P05_039,2012,8,Augustus,12.35
VMM_P05_039,2012,9,September,66.77
VMM_P05_039,2012,10,Oktober,218.32
VMM_P05_039,2012,11,November,44.16
VMM_P05_039,2012,12,December,94.77
VMM_P05_039,2013,1,Januari,58.23
VMM_P05_039,2013,2,Februari,32.72
VMM_P05_039,2013,3,Maart,30.09
VMM_P05_039,2013,4,April,4.42
VMM_P05_039,2013,5,Mei,131.37
VMM_P05_039,2013,6,Juni,36.75
VMM_P05_039,2013,7,Juli,328.01
VMM_P05_039,2013,8,Augustus,129.3
VMM_P05_039,2013,9,September,120.56
VMM_P05_039,2013,10,Oktober,176.51
VMM_P05_039,2013,11,November,76.35
VMM_P05_039,2013,12,December,23.87
VMM_P05_039,2014,1,Januari,47.95
VMM_P05_039,2014,2,Februari,38.35
VMM_P05_039,2014,3,Maart,21.46
VMM_P05_039,2014,4,April,45.96
VMM_P05_039,2014,5,Mei,88.56
VMM_P05_039,2014,6,Juni,373.7
VMM_P05_039,2014,7,Juli,1951.06
VMM_P05_039,2014,8,Augustus,93.99
VMM_P05_039,2014,9,September,21.93
VMM_P05_039,2014,10,Oktober,89.21
VMM_P05_039,2014,11,November,78.38
VMM_P05_039,2014,12,December,75.35
VMM_P05_039,2015,1,Januari,93.97
VMM_P05_039,2015,2,Februari,16.83
VMM_P05_039,2015,3,Maart,7.53
VMM_P05_039,2015,4,April,4.58
VMM_P05_039,2015,5,Mei,38.6
VMM_P05_039,2015,6,Juni,30.83
VMM_P05_039,2015,7,Juli,74.08
VMM_P05_039,2015,8,Augustus,1097.73
VMM_P05_039,2015,9,September,103.18
VMM_P05_039,2015,10,Oktober,11.42
VMM_P05_039,2015,11,November,83.74
VMM_P05_039,2015,12,December,20.37
VMM_P05_039,2016,1,Januari,67.95
VMM_P05_039,2016,2,Februari,32.66
VMM_P05_039,2016,3,Maart,64.86
VMM_P05_039,2016,4,April,27.75
VMM_P05_039,2016,5,Mei,546.69
VMM_P05_039,2016,6,Juni,68.18
VMM_P05_039,2016,7,Juli,51.61
VMM_P05_039,2016,8,Augustus,51.22
VMM_P05_039,2016,9,September,24.57
VMM_P05_039,2016,10,Oktober,89.63
VMM_P05_039,2016,11,November,116.59
VMM_P05_039,2016,12,December,5.58
VMM_P05_039,2017,1,Januari,34.41
VMM_P05_039,2017,2,Februari,27.5
VMM_P05_039,2017,3,Maart,33.1
VMM_P05_039,2017,4,April,3.0
VMM_P05_039,2017,5,Mei,110.02
VMM_P05_039,2017,6,Juni,3.74
VMM_P05_039,2017,7,Juli,27.43
VMM_P05_039,2017,8,Augustus,93.28
VMM_P05_039,2017,9,September,123.1
VMM_P05_039,2017,10,Oktober,42.94
VMM_P05_039,2017,11,November,128.15
VMM_P05_039,2017,12,December,147.05
VMM_P05_039,2018,1,Januari,54.56
VMM_P05_039,2018,2,Februari,7.85
VMM_P05_039,2018,3,Maart,44.62
VMM_P05_039,2018,4,April,69.34
VMM_P05_039,2018,5,Mei,284.96
VMM_P05_039,2018,6,Juni,0.7
VMM_P05_039,2018,7,Juli,1.79
VMM_P05_039,2018,8,Augustus,243.59
VMM_P05_039,2018,9,September,60.55
VMM_P05_039,2018,10,Oktober,31.46
VMM_P05_039,2018,11,November,5.64
VMM_P05_039,2018,12,December,34.78
VMM_P05_039,2019,1,Januari,32.23
VMM_P05_039,2019,2,Februari,18.83
VMM_P05_039,2019,3,Maart,37.12
VMM_P05_039,2019,4,April,6.81
VMM_P05_039,2019,5,Mei,32.65
VMM_P05_039,2019,6,Juni,189.26
VMM_P05_039,2019,7,Juli,50.06
VMM_P05_039,2019,8,Augustus,113.89
VMM_P05_039,2019,9,September,338.22
VMM_P05_039,2019,10,Oktober,122.06
VMM_P05_039,2019,11,November,38.36
VMM_P05_039,2019,12,December,44.36
VMM_P05_039,2020,1,Januari,11.73
VMM_P05_039,2020,2,Februari,102.32
VMM_P05_039,2020,3,Maart,49.24
VMM_P05_039,2020,4,April,21.25
VMM_P05_039,2020,5,Mei,0.54
VMM_P05_039,2020,6,Juni,259.25
VMM_P05_039,2020,7,Juli,9.44
VMM_P05_039,2020,8,Augustus,64.9
VMM_P05_039,2020,9,September,70.54
VMM_P05_039,2020,10,Oktober,50.39
VMM_P05_039,2020,11,November,19.59
VMM_P05_039,2020,12,December,34.12
VMM_P05_039,2021,1,Januari,64.66
VMM_P05_039,2021,2,Februari,9.69
VMM_P05_039,2021,3,Maart,11.96
VMM_P05_039,2021,4,April,21.33
VMM_P05_039,2021,5,Mei,95.78
VMM_P05_039,2021,6,Juni,191.88
VMM_P05_039,2021,7,Juli,409.11
VMM_P05_039,2021,8,Augustus,280.08
VMM_P05_039,2021,9,September,64.3
VMM_P05_039,2021,10,Oktober,98.9
VMM_P05_039,2021,11,November,56.82
VMM_P05_039,2021,12,December,54.32
VMM_P05_039,2022,1,Januari,24.3
VMM_P05_039,2022,2,Februari,27.23
VMM_P05_039,2022,3,Maart,4.13
VMM_P05_039,2022,4,April,15.58
VMM_P05_039,2022,5,Mei,24.56
VMM_P05_039,2022,6,Juni,41.79
VMM_P05_039,2022,7,Juli,4.35
VMM_P05_039,2022,8,Augustus,8.29
VMM_P05_039,2022,9,September,260.07
VMM_P05_039,2022,10,Oktober,17.94
VMM_P05_039,2022,11,November,73.77
VMM_P05_039,2022,12,December,53.53
VMM_P05_039,2023,1,Januari,60.71
VMM_P05_039,2023,2,Februari,3.37
VMM_P05_039,2023,3,Maart,57.31
VMM_P05_039,2023,4,April,28.19
VMM_P05_039,2023,5,Mei,221.54
VMM_P05_039,2023,6,Juni,108.41
VMM_P05_039,2023,7,Juli,296.35
VMM_P05_039,2023,8,Augustus,179.61
VMM_P05_039,2023,9,September,42.14
VMM_P05_039,2023,10,Oktober,115.74
VMM_P05_039,2023,11,November,198.16
VMM_P05_039,2023,12,December,45.84
VMM_P06_014,2006,1,Januari,3.04
VMM_P06_014,2006,2,Februari,30.75
VMM_P06_014,2006,3,Maart,43.37
VMM_P06_014,2006,4,April,17.61
VMM_P06_014,2006,5,Mei,116.08
VMM_P06_014,2006,6,Juni,168.43
VMM_P06_014,2006,7,Juli,70.15
VMM_P06_014,2006,8,Augustus,727.15
VMM_P06_014,2006,9,September,1.12
VMM_P06_014,2006,10,Oktober,70.82
VMM_P06_014,2006,11,November,22.72
VMM_P06_014,2006,12,December,43.61
VMM_P06_014,2007,1,Januari,15.88
VMM_P06_014,2007,2,Februari,49.34
VMM_P06_014,2007,3,Maart,33.1
VMM_P06_014,2007,4,April,0.0
VMM_P06_014,2007,5,Mei,150.6
VMM_P06_014,2007,6,Juni,110.37
VMM_P06_014,2007,7,Juli,285.69
VMM_P06_014,2007,8,Augustus,36.9
VMM_P06_014,2007,9,September,92.5
VMM_P06_014,2007,10,Oktober,89.2
VMM_P06_014,2007,11,November,24.19
VMM_P06_014,2007,12,December,45.26
VMM_P06_014,2008,1,Januari,14.82
VMM_P06_014,2008,2,Februari,11.67
VMM_P06_014,2008,3,Maart,81.4
VMM_P06_014,2008,4,April,31.65
VMM_P06_014,2008,5,Mei,12.81
VMM_P06_014,2008,6,Juni,252.98
VMM_P06_014,2008,7,Juli,153.27
VMM_P06_014,2008,8,Augustus,118.15
VMM_P06_014,2008,9,September,101.53
VMM_P06_014,2008,10,Oktober,73.27
VMM_P06_014,2008,11,November,49.28
VMM_P06_014,2008,12,December,18.61
VMM_P06_014,2009,1,Januari,27.11
VMM_P06_014,2009,2,Februari,23.12
VMM_P06_014,2009,3,Maart,54.44
VMM_P06_014,2009,4,April,8.24
VMM_P06_014,2009,5,Mei,409.79
VMM_P06_014,2009,6,Juni,152.74
VMM_P06_014,2009,7,Juli,88.1
VMM_P06_014,2009,8,Augustus,39.97
VMM_P06_014,2009,9,September,6.16
VMM_P06_014,2009,10,Oktober,50.55
VMM_P06_014,2009,11,November,68.65
VMM_P06_014,2009,12,December,29.12
VMM_P06_014,2010,1,Januari,8.85
VMM_P06_014,2010,2,Februari,28.23
VMM_P06_014,2010,3,Maart,52.35
VMM_P06_014,2010,4,April,8.83
VMM_P06_014,2010,5,Mei,54.2
VMM_P06_014,2010,6,Juni,33.59
VMM_P06_014,2010,7,Juli,175.06
VMM_P06_014,2010,8,Augustus,314.1
VMM_P06_014,2010,9,September,218.75
VMM_P06_014,2010,10,Oktober,47.62
VMM_P06_014,2010,11,November,152.83
VMM_P06_014,2010,12,December,11.04
VMM_P06_014,2011,1,Januari,22.71
VMM_P06_014,2011,2,Februari,16.31
VMM_P06_014,2011,3,Maart,2.71
VMM_P06_014,2011,4,April,11.14
VMM_P06_014,2011,5,Mei,3.11
VMM_P06_014,2011,6,Juni,381.05
VMM_P06_014,2011,7,Juli,255.92
VMM_P06_014,2011,8,Augustus,339.22
VMM_P06_014,2011,9,September,22.94
VMM_P06_014,2011,10,Oktober,12.69
VMM_P06_014,2011,11,November,0.74
VMM_P06_014,2011,12,December,144.82
VMM_P06_014,2012,1,Januari,40.0
VMM_P06_014,2012,2,Februari,4.97
VMM_P06_014,2012,3,Maart,16.72
VMM_P06_014,2012,4,April,32.66
VMM_P06_014,2012,5,Mei,196.78
VMM_P06_014,2012,6,Juni,112.57
VMM_P06_014,2012,7,Juli,221.45
VMM_P06_014,2012,8,Augustus,10.18
VMM_P06_014,2012,9,September,65.92
VMM_P06_014,2012,10,Oktober,103.2
VMM_P06_014,2012,11,November,9.1
VMM_P06_014,2012,12,December,71.69
VMM_P06_014,2013,1,Januari,25.77
VMM_P06_014,2013,2,Februari,20.74
VMM_P06_014,2013,3,Maart,17.64
VMM_P06_014,2013,4,April,46.21
VMM_P06_014,2013,5,Mei,64.49
VMM_P06_014,2013,6,Juni,31.41
VMM_P06_014,2013,7,Juli,407.96
VMM_P06_014,2013,8,Augustus,10.1
VMM_P06_014,2013,9,September,99.77
VMM_P06_014,2013,10,Oktober,128.56
VMM_P06_014,2013,11,November,198.12
VMM_P06_014,2013,12,December,243.05
VMM_P06_014,2014,1,Januari,26.78
VMM_P06_014,2014,2,Februari,35.53
VMM_P06_014,2014,3,Maart,7.86
VMM_P06_014,2014,4,April,23.49
VMM_P06_014,2014,5,Mei,226.47
VMM_P06_014,2014,6,Juni,70.75
VMM_P06_014,2014,7,Juli,92.59
VMM_P06_014,2014,8,Augustus,230.9
VMM_P06_014,2014,9,September,114.53
VMM_P06_014,2014,10,Oktober,69.53
VMM_P06_014,2014,11,November,52.83
VMM_P06_014,2014,12,December,44.4
VMM_P06_014,2015,1,Januari,69.42
VMM_P06_014,2015,2,Februari,19.16
VMM_P06_014,2015,3,Maart,10.13
VMM_P06_014,2015,4,April,10.14
VMM_P06_014,2015,5,Mei,93.14
VMM_P06_014,2015,6,Juni,35.88
VMM_P06_014,2015,7,Juli,26.66
VMM_P06_014,2015,8,Augustus,810.78
VMM_P06_014,2015,9,September,58.61
VMM_P06_014,2015,10,Oktober,10.52
VMM_P06_014,2015,11,November,53.36
VMM_P06_014,2015,12,December,11.06
VMM_P06_014,2016,1,Januari,82.77
VMM_P06_014,2016,2,Februari,34.35
VMM_P06_014,2016,3,Maart,48.13
VMM_P06_014,2016,4,April,8.9
VMM_P06_014,2016,5,Mei,170.18
VMM_P06_014,2016,6,Juni,146.76
VMM_P06_014,2016,7,Juli,11.9
VMM_P06_014,2016,8,Augustus,25.93
VMM_P06_014,2016,9,September,6.93
VMM_P06_014,2016,10,Oktober,53.11
VMM_P06_014,2016,11,November,75.09
VMM_P06_014,2016,12,December,4.66
VMM_P06_014,2017,1,Januari,43.55
VMM_P06_014,2017,2,Februari,62.55
VMM_P06_014,2017,3,Maart,14.72
VMM_P06_014,2017,4,April,1.95
VMM_P06_014,2017,5,Mei,5.84
VMM_P06_014,2017,6,Juni,15.5
VMM_P06_014,2017,7,Juli,29.91
VMM_P06_014,2017,8,Augustus,200.19
VMM_P06_014,2017,9,September,387.11
VMM_P06_014,2017,10,Oktober,17.35
VMM_P06_014,2017,11,November,63.46
VMM_P06_014,2017,12,December,90.8
VMM_P06_014,2019,1,Januari,38.97
VMM_P06_014,2019,2,Februari,28.31
VMM_P06_014,2019,3,Maart,82.36
VMM_P06_014,2019,4,April,66.19
VMM_P06_014,2019,5,Mei,11.84
VMM_P06_014,2019,6,Juni,178.78
VMM_P06_014,2019,7,Juli,102.28
VMM_P06_014,2019,8,Augustus,53.8
VMM_P06_014,2019,9,September,72.47
VMM_P06_014,2019,10,Oktober,37.01
VMM_P06_014,2019,11,November,31.25
VMM_P06_014,2019,12,December,46.9
VMM_P06_014,2021,1,Januari,56.87
VMM_P06_014,2021,2,Februari,63.35
VMM_P06_014,2021,3,Maart,10.52
VMM_P06_014,2021,4,April,9.76
VMM_P06_014,2021,5,Mei,100.17
VMM_P06_014,2021,6,Juni,286.66
VMM_P06_014,2021,7,Juli,861.37
VMM_P06_014,2021,8,Augustus,78.06
VMM_P06_014,2021,9,September,21.46
VMM_P06_014,2021,10,Oktober,112.84
VMM_P06_014,2021,11,November,24.22
VMM_P06_014,2021,12,December,41.91
VMM_P06_014,2022,1,Januari,25.89
VMM_P06_014,2022,2,Februari,43.99
VMM_P06_014,2022,3,Maart,1.22
VMM_P06_014,2022,4,April,3.91
VMM_P06_014,2022,5,Mei,350.08
VMM_P06_014,2022,6,Juni,169.73
VMM_P06_014,2022,7,Juli,2.35
VMM_P06_014,2022,8,Augustus,19.44
VMM_P06_014,2022,9,September,138.2
VMM_P06_014,2022,10,Oktober,65.34
VMM_P06_014,2022,11,November,34.47
VMM_P06_014,2022,12,December,85.49
VMM_P06_014,2023,1,Januari,62.93
VMM_P06_014,2023,2,Februari,0.49
VMM_P06_014,2023,3,Maart,114.52
VMM_P06_014,2023,4,April,33.23
VMM_P06_014,2023,5,Mei,52.76
VMM_P06_014,2023,6,Juni,223.61
VMM_P06_014,2023,7,Juli,291.43
VMM_P06_014,2023,8,Augustus,251.31
VMM_P06_014,2023,9,September,100.67
VMM_P06_014,2023,10,Oktober,110.04
VMM_P06_014,2023,11,November,86.46
VMM_P06_014,2023,12,December,61.21
VMM_P06_014,2024,1,Januari,57.99
VMM_P06_014,2024,2,Februari,86.81
VMM_P06_014,2024,3,Maart,37.47
VMM_P06_014,2024,4,April,27.95
VMM_P06_014,2024,5,Mei,159.49
VMM_P06_014,2024,6,Juni,139.74
VMM_P06_014,2024,7,Juli,201.06
VMM_P06_014,2024,8,Augustus,85.31
VMM_P06_014,2024,9,September,221.16
VMM_P06_014,2024,10,Oktober,30.49
VMM_P06_014,2024,11,November,59.7
VMM_P06_014,2024,12,December,15.78
VMM_P06_040,2009,1,Januari,23.21
VMM_P06_040,2009,2,Februari,21.21
VMM_P06_040,2009,3,Maart,49.65
VMM_P06_040,2009,4,April,5.32
VMM_P06_040,2009,5,Mei,1029.7
VMM_P06_040,2009,6,Juni,76.85
VMM_P06_040,2009,7,Juli,136.72
VMM_P06_040,2009,8,Augustus,16.02
VMM_P06_040,2009,9,September,7.48
VMM_P06_040,2009,10,Oktober,204.79
VMM_P06_040,2009,11,November,255.19
VMM_P06_040,2009,12,December,37.01
VMM_P06_040,2010,1,Januari,10.53
VMM_P06_040,2010,2,Februari,32.72
VMM_P06_040,2010,3,Maart,91.25
VMM_P06_040,2010,4,April,4.65
VMM_P06_040,2010,5,Mei,72.41
VMM_P06_040,2010,6,Juni,17.6
VMM_P06_040,2010,7,Juli,186.07
VMM_P06_040,2010,8,Augustus,383.11
VMM_P06_040,2010,9,September,346.39
VMM_P06_040,2010,10,Oktober,67.28
VMM_P06_040,2010,11,November,75.27
VMM_P06_040,2010,12,December,10.65
VMM_P06_040,2011,1,Januari,20.81
VMM_P06_040,2011,2,Februari,14.27
VMM_P06_040,2011,3,Maart,5.34
VMM_P06_040,2011,4,April,4.18
VMM_P06_040,2011,5,Mei,27.52
VMM_P06_040,2011,6,Juni,51.34
VMM_P06_040,2011,7,Juli,156.74
VMM_P06_040,2011,8,Augustus,196.36
VMM_P06_040,2011,9,September,23.62
VMM_P06_040,2011,10,Oktober,28.83
VMM_P06_040,2011,11,November,3.2
VMM_P06_040,2011,12,December,121.16
VMM_P06_040,2012,1,Januari,52.79
VMM_P06_040,2012,2,Februari,6.26
VMM_P06_040,2012,3,Maart,18.93
VMM_P06_040,2012,4,April,75.97
VMM_P06_040,2012,5,Mei,38.52
VMM_P06_040,2012,6,Juni,286.1
VMM_P06_040,2012,7,Juli,157.94
VMM_P06_040,2012,8,Augustus,172.81
VMM_P06_040,2012,9,September,39.28
VMM_P06_040,2012,10,Oktober,78.23
VMM_P06_040,2012,11,November,7.64
VMM_P06_040,2012,12,December,89.01
VMM_P06_040,2013,1,Januari,42.78
VMM_P06_040,2013,2,Februari,14.37
VMM_P06_040,2013,3,Maart,0.0
VMM_P06_040,2013,4,April,3.86
VMM_P06_040,2013,5,Mei,9.99
VMM_P06_040,2013,6,Juni,124.11
VMM_P06_040,2013,7,Juli,508.17
VMM_P06_040,2013,8,Augustus,10.88
VMM_P06_040,2013,9,September,63.75
VMM_P06_040,2013,10,Oktober,166.16
VMM_P06_040,2013,11,November,218.89
VMM_P06_040,2013,12,December,70.97
VMM_P06_040,2014,1,Januari,56.47
VMM_P06_040,2014,2,Februari,62.58
VMM_P06_040,2014,3,Maart,12.37
VMM_P06_040,2014,4,April,20.01
VMM_P06_040,2014,5,Mei,90.49
VMM_P06_040,2014,6,Juni,80.91
VMM_P06_040,2014,7,Juli,98.56
VMM_P06_040,2014,8,Augustus,316.88
VMM_P06_040,2014,9,September,11.01
VMM_P06_040,2014,10,Oktober,59.88
VMM_P06_040,2014,11,November,77.07
VMM_P06_040,2014,12,December,46.67
VMM_P06_040,2015,1,Januari,84.4
VMM_P06_040,2015,2,Februari,25.61
VMM_P06_040,2015,3,Maart,22.76
VMM_P06_040,2015,4,April,13.32
VMM_P06_040,2015,5,Mei,69.2
VMM_P06_040,2015,6,Juni,20.69
VMM_P06_040,2015,7,Juli,48.47
VMM_P06_040,2015,8,Augustus,407.47
VMM_P06_040,2015,9,September,46.2
VMM_P06_040,2015,10,Oktober,9.27
VMM_P06_040,2015,11,November,70.79
VMM_P06_040,2015,12,December,12.75
VMM_P06_040,2016,1,Januari,71.71
VMM_P06_040,2016,2,Februari,31.39
VMM_P06_040,2016,3,Maart,45.53
VMM_P06_040,2016,4,April,20.02
VMM_P06_040,2016,5,Mei,188.01
VMM_P06_040,2016,6,Juni,506.32
VMM_P06_040,2016,7,Juli,23.21
VMM_P06_040,2016,8,Augustus,44.56
VMM_P06_040,2016,9,September,21.64
VMM_P06_040,2016,10,Oktober,54.15
VMM_P06_040,2016,11,November,133.46
VMM_P06_040,2016,12,December,8.2
VMM_P06_040,2017,1,Januari,39.47
VMM_P06_040,2017,2,Februari,43.79
VMM_P06_040,2017,3,Maart,17.24
VMM_P06_040,2017,4,April,1.35
VMM_P06_040,2017,5,Mei,3.36
VMM_P06_040,2017,6,Juni,26.78
VMM_P06_040,2017,7,Juli,67.18
VMM_P06_040,2017,8,Augustus,214.11
VMM_P06_040,2017,9,September,225.5
VMM_P06_040,2017,10,Oktober,39.74
VMM_P06_040,2017,11,November,81.83
VMM_P06_040,2017,12,December,110.58
VMM_P06_040,2018,1,Januari,152.03
VMM_P06_040,2018,2,Februari,8.46
VMM_P06_040,2018,3,Maart,138.12
VMM_P06_040,2018,4,April,47.18
VMM_P06_040,2018,5,Mei,421.68
VMM_P06_040,2018,6,Juni,0.23
VMM_P06_040,2018,7,Juli,0.54
VMM_P06_040,2018,8,Augustus,76.03
VMM_P06_040,2018,9,September,57.92
VMM_P06_040,2018,10,Oktober,33.36
VMM_P06_040,2018,11,November,9.26
VMM_P06_040,2018,12,December,66.0
VMM_P06_040,2019,1,Januari,22.22
VMM_P06_040,2019,2,Februari,14.58
VMM_P06_040,2019,3,Maart,68.38
VMM_P06_040,2019,4,April,17.12
VMM_P06_040,2019,5,Mei,23.06
VMM_P06_040,2019,6,Juni,348.63
VMM_P06_040,2019,7,Juli,16.31
VMM_P06_040,2019,8,Augustus,53.18
VMM_P06_040,2019,9,September,115.39
VMM_P06_040,2019,10,Oktober,55.0
VMM_P06_040,2019,11,November,45.46
VMM_P06_040,2019,12,December,66.9
VMM_P06_040,2020,1,Januari,23.18
VMM_P06_040,2020,2,Februari,93.14
VMM_P06_040,2020,3,Maart,35.01
VMM_P06_040,2020,4,April,27.35
VMM_P06_040,2020,5,Mei,5.52
VMM_P06_040,2020,6,Juni,91.86
VMM_P06_040,2020,7,Juli,4.16
VMM_P06_040,2020,8,Augustus,490.1
VMM_P06_040,2020,9,September,173.74
VMM_P06_040,2020,10,Oktober,95.38
VMM_P06_040,2020,11,November,64.73
VMM_P06_040,2020,12,December,29.52
VMM_P06_040,2021,1,Januari,60.51
VMM_P06_040,2021,2,Februari,27.84
VMM_P06_040,2021,3,Maart,8.88
VMM_P06_040,2021,4,April,9.22
VMM_P06_040,2021,5,Mei,99.13
VMM_P06_040,2021,6,Juni,68.74
VMM_P06_040,2021,7,Juli,271.88
VMM_P06_040,2021,8,Augustus,216.26
VMM_P06_040,2021,9,September,9.1
VMM_P06_040,2021,10,Oktober,106.53
VMM_P06_040,2021,11,November,19.28
VMM_P06_040,2021,12,December,74.65
VMM_P06_040,2022,1,Januari,32.56
VMM_P06_040,2022,2,Februari,32.54
VMM_P06_040,2022,3,Maart,0.0
VMM_P06_040,2022,4,April,15.32
VMM_P06_040,2022,5,Mei,31.26
VMM_P06_040,2022,6,Juni,157.98
VMM_P06_040,2022,7,Juli,3.8
VMM_P06_040,2022,8,Augustus,17.83
VMM_P06_040,2022,9,September,327.95
VMM_P06_040,2022,10,Oktober,97.49
VMM_P06_040,2022,11,November,33.7
VMM_P06_040,2022,12,December,59.24
VMM_P06_040,2023,1,Januari,82.03
VMM_P06_040,2023,2,Februari,0.47
VMM_P06_040,2023,3,Maart,70.55
VMM_P06_040,2023,4,April,22.29
VMM_P06_040,2023,5,Mei,28.17
VMM_P06_040,2023,6,Juni,23.81
VMM_P06_040,2023,7,Juli,173.78
VMM_P06_040,2023,8,Augustus,531.39
VMM_P06_040,2023,9,September,107.35
VMM_P06_040,2023,10,Oktober,95.05
VMM_P06_040,2023,11,November,151.41
VMM_P06_040,2023,12,December,82.56
VMM_P06_040,2024,1,Januari,74.68
VMM_P06_040,2024,2,Februari,55.53
VMM_P06_040,2024,3,Maart,47.17
VMM_P06_040,2024,4,April,54.5
VMM_P06_040,2024,5,Mei,119.02
VMM_P06_040,2024,6,Juni,78.99
VMM_P06_040,2024,7,Juli,81.81
VMM_P06_040,2024,8,Augustus,168.75
VMM_P06_040,2024,9,September,115.41
VMM_P06_040,2024,10,Oktober,44.96
VMM_P06_040,2024,11,November,36.74
VMM_P06_040,2024,12,December,31.72
VMM_P07_006,2005,1,Januari,14.07
VMM_P07_006,2005,2,Februari,28.65
VMM_P07_006,2005,3,Maart,7.03
VMM_P07_006,2005,4,April,33.13
VMM_P07_006,2005,5,Mei,65.52
VMM_P07_006,2005,6,Juni,545.24
VMM_P07_006,2005,7,Juli,292.72
VMM_P07_006,2005,8,Augustus,92.37
VMM_P07_006,2005,9,September,33.63
VMM_P07_006,2005,10,Oktober,136.93
VMM_P07_006,2005,11,November,41.45
VMM_P07_006,2005,12,December,15.53
VMM_P07_006,2006,1,Januari,5.29
VMM_P07_006,2006,2,Februari,35.55
VMM_P07_006,2006,3,Maart,27.22
VMM_P07_006,2006,4,April,32.09
VMM_P07_006,2006,5,Mei,208.02
VMM_P07_006,2006,6,Juni,121.34
VMM_P07_006,2006,7,Juli,68.22
VMM_P07_006,2006,8,Augustus,311.32
VMM_P07_006,2006,9,September,7.08
VMM_P07_006,2006,10,Oktober,29.68
VMM_P07_006,2006,11,November,29.24
VMM_P07_006,2006,12,December,61.13
VMM_P07_006,2007,1,Januari,30.88
VMM_P07_006,2007,2,Februari,78.16
VMM_P07_006,2007,3,Maart,34.4
VMM_P07_006,2007,4,April,0.0
VMM_P07_006,2007,5,Mei,82.62
VMM_P07_006,2007,6,Juni,215.72
VMM_P07_006,2007,7,Juli,330.5
VMM_P07_006,2007,8,Augustus,77.79
VMM_P07_006,2007,9,September,38.38
VMM_P07_006,2007,10,Oktober,54.3
VMM_P07_006,2007,11,November,40.36
VMM_P07_006,2007,12,December,54.23
VMM_P07_006,2008,1,Januari,27.84
VMM_P07_006,2008,2,Februari,15.32
VMM_P07_006,2008,3,Maart,77.91
VMM_P07_006,2008,4,April,27.33
VMM_P07_006,2008,5,Mei,905.18
VMM_P07_006,2008,6,Juni,66.8
VMM_P07_006,2008,7,Juli,71.67
VMM_P07_006,2008,8,Augustus,661.36
VMM_P07_006,2008,9,September,23.95
VMM_P07_006,2008,10,Oktober,34.54
VMM_P07_006,2008,11,November,43.29
VMM_P07_006,2008,12,December,10.19
VMM_P07_006,2009,1,Januari,31.23
VMM_P07_006,2009,2,Februari,19.27
VMM_P07_006,2009,3,Maart,48.99
VMM_P07_006,2009,4,April,19.23
VMM_P07_006,2009,5,Mei,232.58
VMM_P07_006,2009,6,Juni,55.34
VMM_P07_006,2009,7,Juli,147.39
VMM_P07_006,2009,8,Augustus,18.47
VMM_P07_006,2009,9,September,3.95
VMM_P07_006,2009,10,Oktober,64.42
VMM_P07_006,2009,11,November,95.27
VMM_P07_006,2009,12,December,34.31
VMM_P07_006,2010,1,Januari,10.18
VMM_P07_006,2010,2,Februari,25.05
VMM_P07_006,2010,3,Maart,53.53
VMM_P07_006,2010,4,April,6.06
VMM_P07_006,2010,5,Mei,21.38
VMM_P07_006,2010,6,Juni,53.55
VMM_P07_006,2010,7,Juli,108.02
VMM_P07_006,2010,8,Augustus,339.59
VMM_P07_006,2010,9,September,78.1
VMM_P07_006,2010,10,Oktober,42.54
VMM_P07_006,2010,11,November,155.72
VMM_P07_006,2010,12,December,16.99
VMM_P07_006,2011,1,Januari,24.8
VMM_P07_006,2011,2,Februari,20.17
VMM_P07_006,2011,3,Maart,6.09
VMM_P07_006,2011,4,April,1.5
VMM_P07_006,2011,5,Mei,7.63
VMM_P07_006,2011,6,Juni,145.47
VMM_P07_006,2011,7,Juli,112.59
VMM_P07_006,2011,8,Augustus,559.08
VMM_P07_006,2011,9,September,58.28
VMM_P07_006,2011,10,Oktober,15.91
VMM_P07_006,2011,11,November,2.13
VMM_P07_006,2011,12,December,111.39
VMM_P07_006,2012,1,Januari,34.67
VMM_P07_006,2012,2,Februari,8.9
VMM_P07_006,2012,3,Maart,26.48
VMM_P07_006,2012,4,April,129.49
VMM_P07_006,2012,5,Mei,32.26
VMM_P07_006,2012,6,Juni,161.92
VMM_P07_006,2012,7,Juli,578.5
VMM_P07_006,2012,8,Augustus,10.9
VMM_P07_006,2012,9,September,47.23
VMM_P07_006,2012,10,Oktober,52.46
VMM_P07_006,2012,11,November,9.36
VMM_P07_006,2012,12,December,80.18
VMM_P07_006,2013,1,Januari,22.62
VMM_P07_006,2013,2,Februari,10.48
VMM_P07_006,2013,3,Maart,14.42
VMM_P07_006,2013,4,April,11.62
VMM_P07_006,2013,5,Mei,111.54
VMM_P07_006,2013,6,Juni,59.63
VMM_P07_006,2013,7,Juli,678.74
VMM_P07_006,2013,8,Augustus,39.65
VMM_P07_006,2013,9,September,125.52
VMM_P07_006,2013,10,Oktober,68.04
VMM_P07_006,2013,11,November,99.15
VMM_P07_006,2013,12,December,89.42
VMM_P07_006,2014,1,Januari,29.31
VMM_P07_006,2014,2,Februari,39.28
VMM_P07_006,2014,3,Maart,7.53
VMM_P07_006,2014,4,April,10.53
VMM_P07_006,2014,5,Mei,94.83
VMM_P07_006,2014,6,Juni,138.11
VMM_P07_006,2014,7,Juli,230.36
VMM_P07_006,2014,8,Augustus,313.74
VMM_P07_006,2014,9,September,5.68
VMM_P07_006,2014,10,Oktober,136.67
VMM_P07_006,2014,11,November,97.08
VMM_P07_006,2014,12,December,54.73
VMM_P07_006,2015,1,Januari,89.05
VMM_P07_006,2015,2,Februari,18.75
VMM_P07_006,2015,3,Maart,45.88
VMM_P07_006,2015,4,April,4.49
VMM_P07_006,2015,5,Mei,86.73
VMM_P07_006,2015,6,Juni,60.84
VMM_P07_006,2015,7,Juli,22.02
VMM_P07_006,2015,8,Augustus,497.59
VMM_P07_006,2015,9,September,55.46
VMM_P07_006,2015,10,Oktober,12.64
VMM_P07_006,2015,11,November,70.89
VMM_P07_006,2015,12,December,13.3
VMM_P07_006,2016,1,Januari,114.61
VMM_P07_006,2016,2,Februari,42.44
VMM_P07_006,2016,3,Maart,59.99
VMM_P07_006,2016,4,April,85.84
VMM_P07_006,2016,5,Mei,201.39
VMM_P07_006,2016,6,Juni,219.32
VMM_P07_006,2016,7,Juli,560.53
VMM_P07_006,2016,8,Augustus,54.5
VMM_P07_006,2016,9,September,2.32
VMM_P07_006,2016,10,Oktober,38.22
VMM_P07_006,2016,11,November,85.41
VMM_P07_006,2016,12,December,6.98
VMM_P07_006,2019,1,Januari,32.19
VMM_P07_006,2019,2,Februari,22.95
VMM_P07_006,2019,3,Maart,25.92
VMM_P07_006,2019,4,April,3.17
VMM_P07_006,2019,5,Mei,117.03
VMM_P07_006,2019,6,Juni,292.7
VMM_P07_006,2019,7,Juli,30.29
VMM_P07_006,2019,8,Augustus,59.5
VMM_P07_006,2019,9,September,72.56
VMM_P07_006,2019,10,Oktober,46.29
VMM_P07_006,2019,11,November,28.23
VMM_P07_006,2019,12,December,23.39
VMM_P07_006,2020,1,Januari,18.85
VMM_P07_006,2020,2,Februari,42.74
VMM_P07_006,2020,3,Maart,25.0
VMM_P07_006,2020,4,April,32.33
VMM_P07_006,2020,5,Mei,34.64
VMM_P07_006,2020,6,Juni,151.33
VMM_P07_006,2020,7,Juli,17.9
VMM_P07_006,2020,8,Augustus,217.63
VMM_P07_006,2020,9,September,188.59
VMM_P07_006,2020,10,Oktober,77.61
VMM_P07_006,2020,11,November,32.09
VMM_P07_006,2020,12,December,28.83
VMM_P07_006,2021,1,Januari,45.09
VMM_P07_006,2021,2,Februari,32.3
VMM_P07_006,2021,3,Maart,13.19
VMM_P07_006,2021,4,April,8.47
VMM_P07_006,2021,5,Mei,48.04
VMM_P07_006,2021,6,Juni,327.09
VMM_P07_006,2021,7,Juli,108.88
VMM_P07_006,2021,8,Augustus,198.99
VMM_P07_006,2021,9,September,44.51
VMM_P07_006,2021,10,Oktober,130.45
VMM_P07_006,2021,11,November,36.28
VMM_P07_006,2021,12,December,55.3
VMM_P07_006,2022,1,Januari,23.35
VMM_P07_006,2022,2,Februari,39.5
VMM_P07_006,2022,3,Maart,0.0
VMM_P07_006,2022,4,April,62.54
VMM_P07_006,2022,5,Mei,149.66
VMM_P07_006,2022,6,Juni,79.3
VMM_P07_006,2022,7,Juli,1.35
VMM_P07_006,2022,8,Augustus,3.64
VMM_P07_006,2022,9,September,157.22
VMM_P07_006,2022,10,Oktober,42.4
VMM_P07_006,2022,11,November,29.86
VMM_P07_006,2022,12,December,55.35
VMM_P07_006,2023,1,Januari,39.71
VMM_P07_006,2023,2,Februari,0.34
VMM_P07_006,2023,3,Maart,89.22
VMM_P07_006,2023,4,April,17.91
VMM_P07_006,2023,5,Mei,47.7
VMM_P07_006,2023,6,Juni,84.41
VMM_P07_006,2023,7,Juli,198.84
VMM_P07_006,2023,8,Augustus,297.24
VMM_P07_006,2023,9,September,28.02
VMM_P07_006,2023,10,Oktober,127.85
VMM_P07_006,2023,11,November,123.86
VMM_P07_006,2023,12,December,63.12
VMM_P07_006,2024,1,Januari,66.85
VMM_P07_006,2024,2,Februari,62.5
VMM_P07_006,2024,3,Maart,44.85
VMM_P07_006,2024,4,April,27.61
VMM_P07_006,2024,5,Mei,89.03
VMM_P07_006,2024,6,Juni,109.04
VMM_P07_006,2024,7,Juli,156.78
VMM_P07_006,2024,8,Augustus,157.69
VMM_P07_006,2024,9,September,70.03
VMM_P07_006,2024,10,Oktober,45.08
VMM_P07_006,2024,11,November,56.99
VMM_P07_006,2024,12,December,45.33
VMM_P07_021,2009,1,Januari,25.73
VMM_P07_021,2009,2,Februari,21.34
VMM_P07_021,2009,3,Maart,38.55
VMM_P07_021,2009,4,April,12.6
VMM_P07_021,2009,5,Mei,299.69
VMM_P07_021,2009,6,Juni,100.83
VMM_P07_021,2009,7,Juli,90.42
VMM_P07_021,2009,8,Augustus,83.71
VMM_P07_021,2009,9,September,12.76
VMM_P07_021,2009,10,Oktober,68.25
VMM_P07_021,2009,11,November,51.65
VMM_P07_021,2009,12,December,28.86
VMM_P07_021,2010,1,Januari,8.04
VMM_P07_021,2010,2,Februari,29.55
VMM_P07_021,2010,3,Maart,27.1
VMM_P07_021,2010,4,April,15.98
VMM_P07_021,2010,5,Mei,51.91
VMM_P07_021,2010,6,Juni,17.87
VMM_P07_021,2010,7,Juli,148.83
VMM_P07_021,2010,8,Augustus,189.01
VMM_P07_021,2010,9,September,207.94
VMM_P07_021,2010,10,Oktober,42.23
VMM_P07_021,2010,11,November,100.7
VMM_P07_021,2010,12,December,29.31
VMM_P07_021,2011,1,Januari,23.43
VMM_P07_021,2011,2,Februari,14.09
VMM_P07_021,2011,3,Maart,11.63
VMM_P07_021,2011,4,April,130.82
VMM_P07_021,2011,5,Mei,1.93
VMM_P07_021,2011,6,Juni,45.1
VMM_P07_021,2011,7,Juli,345.4
VMM_P07_021,2011,8,Augustus,627.38
VMM_P07_021,2011,9,September,118.92
VMM_P07_021,2011,10,Oktober,38.89
VMM_P07_021,2011,11,November,1.16
VMM_P07_021,2011,12,December,108.79
VMM_P07_021,2012,1,Januari,31.41
VMM_P07_021,2012,2,Februari,3.79
VMM_P07_021,2012,3,Maart,15.12
VMM_P07_021,2012,4,April,29.92
VMM_P07_021,2012,5,Mei,59.8
VMM_P07_021,2012,6,Juni,175.91
VMM_P07_021,2012,7,Juli,524.51
VMM_P07_021,2012,8,Augustus,20.97
VMM_P07_021,2012,9,September,24.79
VMM_P07_021,2012,10,Oktober,132.4
VMM_P07_021,2012,11,November,10.18
VMM_P07_021,2012,12,December,69.64
VMM_P07_021,2013,1,Januari,18.51
VMM_P07_021,2013,2,Februari,18.83
VMM_P07_021,2013,3,Maart,11.8
VMM_P07_021,2013,4,April,8.8
VMM_P07_021,2013,5,Mei,102.4
VMM_P07_021,2013,6,Juni,683.59
VMM_P07_021,2013,7,Juli,423.13
VMM_P07_021,2013,8,Augustus,75.94
VMM_P07_021,2013,9,September,124.0
VMM_P07_021,2013,10,Oktober,46.32
VMM_P07_021,2013,11,November,69.42
VMM_P07_021,2013,12,December,45.11
VMM_P07_021,2014,1,Januari,61.41
VMM_P07_021,2014,2,Februari,21.53
VMM_P07_021,2014,3,Maart,6.69
VMM_P07_021,2014,4,April,16.19
VMM_P07_021,2014,5,Mei,115.7
VMM_P07_021,2014,6,Juni,137.66
VMM_P07_021,2014,7,Juli,176.96
VMM_P07_021,2014,8,Augustus,158.96
VMM_P07_021,2014,9,September,367.7
VMM_P07_021,2014,10,Oktober,82.18
VMM_P07_021,2014,11,November,117.54
VMM_P07_021,2014,12,December,53.92
VMM_P07_021,2015,1,Januari,73.73
VMM_P07_021,2015,2,Februari,24.0
VMM_P07_021,2015,3,Maart,22.28
VMM_P07_021,2015,4,April,14.99
VMM_P07_021,2015,5,Mei,58.13
VMM_P07_021,2015,6,Juni,110.73
VMM_P07_021,2015,7,Juli,55.41
VMM_P07_021,2015,8,Augustus,131.95
VMM_P07_021,2015,9,September,29.93
VMM_P07_021,2015,10,Oktober,8.67
VMM_P07_021,2015,11,November,21.44
VMM_P07_021,2015,12,December,18.35
VMM_P07_021,2016,1,Januari,55.16
VMM_P07_021,2016,2,Februari,56.03
VMM_P07_021,2016,3,Maart,48.7
VMM_P07_021,2016,4,April,16.29
VMM_P07_021,2016,5,Mei,737.13
VMM_P07_021,2016,6,Juni,1054.1
VMM_P07_021,2016,7,Juli,427.25
VMM_P07_021,2016,8,Augustus,31.28
VMM_P07_021,2016,9,September,19.26
VMM_P07_021,2016,10,Oktober,18.5
VMM_P07_021,2016,11,November,45.82
VMM_P07_021,2016,12,December,4.26
VMM_P07_021,2017,1,Januari,28.79
VMM_P07_021,2017,2,Februari,28.13
VMM_P07_021,2017,3,Maart,14.33
VMM_P07_021,2017,4,April,0.38
VMM_P07_021,2017,5,Mei,22.06
VMM_P07_021,2017,6,Juni,42.83
VMM_P07_021,2017,7,Juli,65.86
VMM_P07_021,2017,8,Augustus,232.07
VMM_P07_021,2017,9,September,37.67
VMM_P07_021,2017,10,Oktober,22.86
VMM_P07_021,2017,11,November,72.47
VMM_P07_021,2017,12,December,64.01
VMM_P07_021,2019,1,Januari,24.56
VMM_P07_021,2019,2,Februari,31.9
VMM_P07_021,2019,3,Maart,66.57
VMM_P07_021,2019,4,April,33.67
VMM_P07_021,2019,5,Mei,10.18
VMM_P07_021,2019,6,Juni,263.81
VMM_P07_021,2019,7,Juli,34.73
VMM_P07_021,2019,8,Augustus,61.85
VMM_P07_021,2019,9,September,258.11
VMM_P07_021,2019,10,Oktober,40.01
VMM_P07_021,2019,11,November,19.11
VMM_P07_021,2019,12,December,34.48
VMM_P07_021,2020,1,Januari,12.67
VMM_P07_021,2020,2,Februari,59.71
VMM_P07_021,2020,3,Maart,52.02
VMM_P07_021,2020,4,April,83.45
VMM_P07_021,2020,5,Mei,4.52
VMM_P07_021,2020,6,Juni,138.69
VMM_P07_021,2020,7,Juli,3.82
VMM_P07_021,2020,8,Augustus,5.84
VMM_P07_021,2020,9,September,210.32
VMM_P07_021,2020,10,Oktober,49.78
VMM_P07_021,2020,11,November,35.19
VMM_P07_021,2020,12,December,32.03
VMM_P07_021,2021,1,Januari,65.98
VMM_P07_021,2021,2,Februari,27.29
VMM_P07_021,2021,3,Maart,24.69
VMM_P07_021,2021,4,April,13.76
VMM_P07_021,2021,5,Mei,57.94
VMM_P07_021,2021,6,Juni,751.3
VMM_P07_021,2021,7,Juli,87.21
VMM_P07_021,2021,8,Augustus,272.36
VMM_P07_021,2021,9,September,255.94
VMM_P07_021,2021,10,Oktober,126.0
VMM_P07_021,2021,11,November,24.39
VMM_P07_021,2021,12,December,51.32
VMM_P07_021,2022,1,Januari,128.26
VMM_P07_021,2022,2,Februari,36.01
VMM_P07_021,2022,3,Maart,0.12
VMM_P07_021,2022,4,April,4.42
VMM_P07_021,2022,5,Mei,92.26
VMM_P07_021,2022,6,Juni,115.47
VMM_P07_021,2022,7,Juli,0.89
VMM_P07_021,2022,8,Augustus,0.62
VMM_P07_021,2022,9,September,214.96
VMM_P07_021,2022,10,Oktober,147.45
VMM_P07_021,2022,11,November,35.8
VMM_P07_021,2022,12,December,65.42
VMM_P07_021,2023,1,Januari,25.36
VMM_P07_021,2023,2,Februari,0.13
VMM_P07_021,2023,3,Maart,66.57
VMM_P07_021,2023,4,April,31.41
VMM_P07_021,2023,5,Mei,32.28
VMM_P07_021,2023,6,Juni,370.93
VMM_P07_021,2023,7,Juli,130.94
VMM_P07_021,2023,8,Augustus,209.11
VMM_P07_021,2023,9,September,53.66
VMM_P07_021,2023,10,Oktober,55.66
VMM_P07_021,2023,11,November,66.0
VMM_P07_021,2023,12,December,62.48
VMM_P07_021,2024,1,Januari,34.14
VMM_P07_021,2024,2,Februari,76.63
VMM_P07_021,2024,3,Maart,23.07
VMM_P07_021,2024,4,April,135.99
VMM_P07_021,2024,5,Mei,127.59
VMM_P07_021,2024,6,Juni,288.76
VMM_P07_021,2024,7,Juli,597.2
VMM_P07_021,2024,8,Augustus,37.73
VMM_P07_021,2024,9,September,281.35
VMM_P07_021,2024,10,Oktober,45.56
VMM_P07_021,2024,11,November,106.07
VMM_P07_021,2024,12,December,24.69
VMM_P07_022,2007,1,Januari,32.08
VMM_P07_022,2007,2,Februari,52.48
VMM_P07_022,2007,3,Maart,32.8
VMM_P07_022,2007,4,April,0.0
VMM_P07_022,2007,5,Mei,195.2
VMM_P07_022,2007,6,Juni,71.93
VMM_P07_022,2007,7,Juli,721.55
VMM_P07_022,2007,8,Augustus,89.3
VMM_P07_022,2007,9,September,73.41
VMM_P07_022,2007,10,Oktober,69.15
VMM_P07_022,2007,11,November,31.17
VMM_P07_022,2007,12,December,23.41
VMM_P07_022,2009,1,Januari,23.34
VMM_P07_022,2009,2,Februari,18.08
VMM_P07_022,2009,3,Maart,47.75
VMM_P07_022,2009,4,April,8.68
VMM_P07_022,2009,5,Mei,166.95
VMM_P07_022,2009,6,Juni,62.82
VMM_P07_022,2009,7,Juli,762.03
VMM_P07_022,2009,8,Augustus,21.33
VMM_P07_022,2009,9,September,3.76
VMM_P07_022,2009,10,Oktober,89.15
VMM_P07_022,2009,11,November,89.15
VMM_P07_022,2009,12,December,38.81
VMM_P07_022,2012,1,Januari,52.84
VMM_P07_022,2012,2,Februari,7.59
VMM_P07_022,2012,3,Maart,8.45
VMM_P07_022,2012,4,April,91.1
VMM_P07_022,2012,5,Mei,34.39
VMM_P07_022,2012,6,Juni,119.78
VMM_P07_022,2012,7,Juli,492.39
VMM_P07_022,2012,8,Augustus,17.65
VMM_P07_022,2012,9,September,115.55
VMM_P07_022,2012,10,Oktober,106.27
VMM_P07_022,2012,11,November,5.74
VMM_P07_022,2012,12,December,155.94
VMM_P07_022,2013,1,Januari,22.76
VMM_P07_022,2013,2,Februari,36.31
VMM_P07_022,2013,3,Maart,16.77
VMM_P07_022,2013,4,April,4.15
VMM_P07_022,2013,5,Mei,28.8
VMM_P07_022,2013,6,Juni,38.94
VMM_P07_022,2013,7,Juli,946.1
VMM_P07_022,2013,8,Augustus,25.14
VMM_P07_022,2013,9,September,122.56
VMM_P07_022,2013,10,Oktober,45.04
VMM_P07_022,2013,11,November,111.07
VMM_P07_022,2013,12,December,70.52
VMM_P07_022,2014,1,Januari,41.38
VMM_P07_022,2014,2,Februari,31.99
VMM_P07_022,2014,3,Maart,7.26
VMM_P07_022,2014,4,April,13.87
VMM_P07_022,2014,5,Mei,87.79
VMM_P07_022,2014,6,Juni,94.84
VMM_P07_022,2014,7,Juli,630.45
VMM_P07_022,2014,8,Augustus,400.16
VMM_P07_022,2014,9,September,26.18
VMM_P07_022,2014,10,Oktober,83.49
VMM_P07_022,2014,11,November,49.81
VMM_P07_022,2014,12,December,52.88
VMM_P07_022,2015,1,Januari,64.76
VMM_P07_022,2015,2,Februari,21.55
VMM_P07_022,2015,3,Maart,23.43
VMM_P07_022,2015,4,April,16.24
VMM_P07_022,2015,5,Mei,100.45
VMM_P07_022,2015,6,Juni,491.39
VMM_P07_022,2015,7,Juli,39.6
VMM_P07_022,2015,8,Augustus,341.83
VMM_P07_022,2015,9,September,47.93
VMM_P07_022,2015,10,Oktober,9.44
VMM_P07_022,2015,11,November,72.65
VMM_P07_022,2015,12,December,11.33
VMM_P07_022,2016,1,Januari,96.71
VMM_P07_022,2016,2,Februari,39.74
VMM_P07_022,2016,3,Maart,34.07
VMM_P07_022,2016,4,April,52.29
VMM_P07_022,2016,5,Mei,244.16
VMM_P07_022,2016,6,Juni,234.71
VMM_P07_022,2016,7,Juli,39.32
VMM_P07_022,2016,8,Augustus,59.18
VMM_P07_022,2016,9,September,27.39
VMM_P07_022,2016,10,Oktober,32.78
VMM_P07_022,2016,11,November,128.88
VMM_P07_022,2016,12,December,5.99
VMM_P07_022,2017,1,Januari,47.6
VMM_P07_022,2017,2,Februari,33.95
VMM_P07_022,2017,3,Maart,24.72
VMM_P07_022,2017,4,April,5.98
VMM_P07_022,2017,5,Mei,50.02
VMM_P07_022,2017,6,Juni,25.0
VMM_P07_022,2017,7,Juli,78.62
VMM_P07_022,2017,8,Augustus,124.65
VMM_P07_022,2017,9,September,22.51
VMM_P07_022,2017,10,Oktober,29.81
VMM_P07_022,2017,11,November,51.45
VMM_P07_022,2017,12,December,90.2
VMM_P07_022,2018,1,Januari,41.04
VMM_P07_022,2018,2,Februari,9.24
VMM_P07_022,2018,3,Maart,40.14
VMM_P07_022,2018,4,April,51.64
VMM_P07_022,2018,5,Mei,73.54
VMM_P07_022,2018,6,Juni,42.91
VMM_P07_022,2018,7,Juli,42.33
VMM_P07_022,2018,8,Augustus,128.92
VMM_P07_022,2018,9,September,380.41
VMM_P07_022,2018,10,Oktober,43.31
VMM_P07_022,2018,11,November,18.59
VMM_P07_022,2018,12,December,49.7
VMM_P07_022,2019,1,Januari,26.53
VMM_P07_022,2019,2,Februari,16.34
VMM_P07_022,2019,3,Maart,42.99
VMM_P07_022,2019,4,April,15.0
VMM_P07_022,2019,5,Mei,18.34
VMM_P07_022,2019,6,Juni,754.64
VMM_P07_022,2019,7,Juli,143.33
VMM_P07_022,2019,8,Augustus,36.79
VMM_P07_022,2019,9,September,144.0
VMM_P07_022,2019,10,Oktober,63.01
VMM_P07_022,2019,11,November,67.2
VMM_P07_022,2019,12,December,31.79
VMM_P07_022,2020,1,Januari,9.54
VMM_P07_022,2020,2,Februari,87.15
VMM_P07_022,2020,3,Maart,27.86
VMM_P07_022,2020,4,April,25.86
VMM_P07_022,2020,5,Mei,20.34
VMM_P07_022,2020,6,Juni,116.74
VMM_P07_022,2020,7,Juli,16.58
VMM_P07_022,2020,8,Augustus,527.09
VMM_P07_022,2020,9,September,118.18
VMM_P07_022,2020,10,Oktober,78.31
VMM_P07_022,2020,11,November,35.44
VMM_P07_022,2020,12,December,23.67
VMM_P07_022,2021,1,Januari,54.3
VMM_P07_022,2021,2,Februari,51.23
VMM_P07_022,2021,3,Maart,13.4
VMM_P07_022,2021,4,April,8.74
VMM_P07_022,2021,5,Mei,202.07
VMM_P07_022,2021,6,Juni,288.31
VMM_P07_022,2021,7,Juli,1017.86
VMM_P07_022,2021,8,Augustus,116.36
VMM_P07_022,2021,9,September,6.57
VMM_P07_022,2021,10,Oktober,135.67
VMM_P07_022,2021,11,November,42.14
VMM_P07_022,2021,12,December,55.52
VMM_P07_022,2022,1,Januari,17.02
VMM_P07_022,2022,2,Februari,27.44
VMM_P07_022,2022,3,Maart,0.68
VMM_P07_022,2022,4,April,5.67
VMM_P07_022,2022,5,Mei,454.36
VMM_P07_022,2022,6,Juni,71.0
VMM_P07_022,2022,7,Juli,12.04
VMM_P07_022,2022,8,Augustus,60.63
VMM_P07_022,2022,9,September,180.48
VMM_P07_022,2022,10,Oktober,49.14
VMM_P07_022,2022,11,November,22.61
VMM_P07_022,2022,12,December,50.31
VMM_P07_022,2023,1,Januari,39.45
VMM_P07_022,2023,2,Februari,0.45
VMM_P07_022,2023,3,Maart,102.03
VMM_P07_022,2023,4,April,21.43
VMM_P07_022,2023,5,Mei,20.33
VMM_P07_022,2023,6,Juni,58.4
VMM_P07_022,2023,7,Juli,141.21
VMM_P07_022,2023,8,Augustus,193.9
VMM_P07_022,2023,9,September,53.85
VMM_P07_022,2023,10,Oktober,83.04
VMM_P07_022,2023,11,November,85.6
VMM_P07_022,2023,12,December,81.45
VMM_P07_022,2024,1,Januari,28.37
VMM_P07_022,2024,2,Februari,60.52
VMM_P07_022,2024,3,Maart,351.03
VMM_P07_022,2024,4,April,34.66
VMM_P07_022,2024,5,Mei,438.12
VMM_P07_022,2024,6,Juni,293.7
VMM_P07_022,2024,7,Juli,295.98
VMM_P07_022,2024,8,Augustus,366.24
VMM_P07_022,2024,9,September,109.08
VMM_P07_022,2024,10,Oktober,26.9
VMM_P07_022,2024,11,November,42.23
VMM_P07_022,2024,12,December,54.07
VMM_P08_009,2005,1,Januari,35.0
VMM_P08_009,2005,2,Februari,30.23
VMM_P08_009,2005,3,Maart,15.62
VMM_P08_009,2005,4,April,22.38
VMM_P08_009,2005,5,Mei,31.23
VMM_P08_009,2005,6,Juni,61.41
VMM_P08_009,2005,7,Juli,3316.2
VMM_P08_009,2005,8,Augustus,118.93
VMM_P08_009,2005,9,September,90.86
VMM_P08_009,2005,10,Oktober,26.06
VMM_P08_009,2005,11,November,40.9
VMM_P08_009,2005,12,December,15.69
VMM_P08_009,2006,1,Januari,2.64
VMM_P08_009,2006,2,Februari,23.06
VMM_P08_009,2006,3,Maart,63.63
VMM_P08_009,2006,4,April,23.48
VMM_P08_009,2006,5,Mei,107.97
VMM_P08_009,2006,6,Juni,27.89
VMM_P08_009,2006,7,Juli,63.85
VMM_P08_009,2006,8,Augustus,388.52
VMM_P08_009,2006,9,September,2.62
VMM_P08_009,2006,10,Oktober,79.32
VMM_P08_009,2006,11,November,62.28
VMM_P08_009,2006,12,December,38.86
VMM_P08_009,2008,1,Januari,19.72
VMM_P08_009,2008,2,Februari,21.72
VMM_P08_009,2008,3,Maart,80.8
VMM_P08_009,2008,4,April,15.89
VMM_P08_009,2008,5,Mei,31.9
VMM_P08_009,2008,6,Juni,68.25
VMM_P08_009,2008,7,Juli,200.68
VMM_P08_009,2008,8,Augustus,213.5
VMM_P08_009,2008,9,September,59.66
VMM_P08_009,2008,10,Oktober,30.65
VMM_P08_009,2008,11,November,40.91
VMM_P08_009,2008,12,December,10.78
VMM_P08_009,2010,1,Januari,11.0
VMM_P08_009,2010,2,Februari,29.17
VMM_P08_009,2010,3,Maart,40.25
VMM_P08_009,2010,4,April,11.08
VMM_P08_009,2010,5,Mei,120.24
VMM_P08_009,2010,6,Juni,22.83
VMM_P08_009,2010,7,Juli,381.09
VMM_P08_009,2010,8,Augustus,125.6
VMM_P08_009,2010,9,September,177.78
VMM_P08_009,2010,10,Oktober,35.42
VMM_P08_009,2010,11,November,116.9
VMM_P08_009,2010,12,December,21.35
VMM_P08_009,2011,1,Januari,32.71
VMM_P08_009,2011,2,Februari,9.62
VMM_P08_009,2011,3,Maart,10.23
VMM_P08_009,2011,4,April,5.29
VMM_P08_009,2011,5,Mei,38.92
VMM_P08_009,2011,6,Juni,136.17
VMM_P08_009,2011,7,Juli,13.54
VMM_P08_009,2011,8,Augustus,809.58
VMM_P08_009,2011,9,September,384.29
VMM_P08_009,2011,10,Oktober,37.29
VMM_P08_009,2011,11,November,2.39
VMM_P08_009,2011,12,December,69.82
VMM_P08_009,2012,1,Januari,43.61
VMM_P08_009,2012,2,Februari,7.74
VMM_P08_009,2012,3,Maart,15.69
VMM_P08_009,2012,4,April,113.53
VMM_P08_009,2012,5,Mei,870.87
VMM_P08_009,2012,6,Juni,194.66
VMM_P08_009,2012,7,Juli,116.81
VMM_P08_009,2012,8,Augustus,11.3
VMM_P08_009,2012,9,September,47.22
VMM_P08_009,2012,10,Oktober,103.25
VMM_P08_009,2012,11,November,21.87
VMM_P08_009,2012,12,December,55.85
VMM_P08_009,2013,1,Januari,18.23
VMM_P08_009,2013,2,Februari,27.35
VMM_P08_009,2013,3,Maart,11.11
VMM_P08_009,2013,4,April,6.08
VMM_P08_009,2013,5,Mei,542.77
VMM_P08_009,2013,6,Juni,111.94
VMM_P08_009,2013,7,Juli,162.58
VMM_P08_009,2013,8,Augustus,39.46
VMM_P08_009,2013,9,September,40.13
VMM_P08_009,2013,10,Oktober,53.12
VMM_P08_009,2013,11,November,58.12
VMM_P08_009,2013,12,December,35.48
VMM_P08_009,2014,1,Januari,43.07
VMM_P08_009,2014,2,Februari,31.36
VMM_P08_009,2014,3,Maart,6.27
VMM_P08_009,2014,4,April,48.27
VMM_P08_009,2014,5,Mei,99.99
VMM_P08_009,2014,6,Juni,68.03
VMM_P08_009,2014,7,Juli,120.7
VMM_P08_009,2014,8,Augustus,200.89
VMM_P08_009,2014,9,September,31.51
VMM_P08_009,2014,10,Oktober,58.36
VMM_P08_009,2014,11,November,38.2
VMM_P08_009,2014,12,December,61.64
VMM_P08_009,2015,1,Januari,85.58
VMM_P08_009,2015,2,Februari,29.29
VMM_P08_009,2015,3,Maart,21.09
VMM_P08_009,2015,4,April,19.43
VMM_P08_009,2015,5,Mei,55.49
VMM_P08_009,2015,6,Juni,26.86
VMM_P08_009,2015,7,Juli,11.44
VMM_P08_009,2015,8,Augustus,94.85
VMM_P08_009,2015,9,September,47.99
VMM_P08_009,2015,10,Oktober,10.18
VMM_P08_009,2015,11,November,66.31
VMM_P08_009,2015,12,December,17.47
VMM_P08_009,2017,1,Januari,42.8
VMM_P08_009,2017,2,Februari,19.97
VMM_P08_009,2017,3,Maart,14.88
VMM_P08_009,2017,4,April,4.18
VMM_P08_009,2017,5,Mei,26.89
VMM_P08_009,2017,6,Juni,33.16
VMM_P08_009,2017,7,Juli,203.25
VMM_P08_009,2017,8,Augustus,196.17
VMM_P08_009,2017,9,September,177.1
VMM_P08_009,2017,10,Oktober,32.56
VMM_P08_009,2017,11,November,77.93
VMM_P08_009,2017,12,December,110.26
VMM_P08_009,2018,1,Januari,34.95
VMM_P08_009,2018,2,Februari,4.04
VMM_P08_009,2018,3,Maart,35.24
VMM_P08_009,2018,4,April,50.16
VMM_P08_009,2018,5,Mei,5.64
VMM_P08_009,2018,6,Juni,31.13
VMM_P08_009,2018,7,Juli,201.37
VMM_P08_009,2018,8,Augustus,67.41
VMM_P08_009,2018,9,September,189.47
VMM_P08_009,2018,10,Oktober,43.78
VMM_P08_009,2018,11,November,36.09
VMM_P08_009,2018,12,December,70.51
VMM_P08_009,2019,1,Januari,19.97
VMM_P08_009,2019,2,Februari,30.05
VMM_P08_009,2019,3,Maart,34.83
VMM_P08_009,2019,4,April,26.1
VMM_P08_009,2019,5,Mei,134.71
VMM_P08_009,2019,6,Juni,381.08
VMM_P08_009,2019,7,Juli,63.09
VMM_P08_009,2019,8,Augustus,67.66
VMM_P08_009,2019,9,September,213.7
VMM_P08_009,2019,10,Oktober,56.74
VMM_P08_009,2019,11,November,44.99
VMM_P08_009,2019,12,December,25.71
VMM_P08_009,2020,1,Januari,19.28
VMM_P08_009,2020,2,Februari,58.39
VMM_P08_009,2020,3,Maart,57.48
VMM_P08_009,2020,4,April,5.64
VMM_P08_009,2020,5,Mei,1.56
VMM_P08_009,2020,6,Juni,248.6
VMM_P08_009,2020,7,Juli,7.1
VMM_P08_009,2020,8,Augustus,95.91
VMM_P08_009,2020,9,September,113.49
VMM_P08_009,2020,10,Oktober,120.62
VMM_P08_009,2020,11,November,37.15
VMM_P08_009,2020,12,December,31.28
VMM_P08_009,2021,1,Januari,83.28
VMM_P08_009,2021,2,Februari,30.9
VMM_P08_009,2021,3,Maart,12.53
VMM_P08_009,2021,4,April,13.57
VMM_P08_009,2021,5,Mei,72.98
VMM_P08_009,2021,6,Juni,582.45
VMM_P08_009,2021,7,Juli,778.46
VMM_P08_009,2021,8,Augustus,178.9
VMM_P08_009,2021,9,September,107.07
VMM_P08_009,2021,10,Oktober,308.3
VMM_P08_009,2021,11,November,47.83
VMM_P08_009,2021,12,December,23.13
VMM_P08_009,2022,1,Januari,131.78
VMM_P08_009,2022,2,Februari,126.38
VMM_P08_009,2022,3,Maart,0.0
VMM_P08_009,2022,4,April,32.53
VMM_P08_009,2022,5,Mei,203.99
VMM_P08_009,2022,6,Juni,124.7
VMM_P08_009,2022,7,Juli,0.72
VMM_P08_009,2022,8,Augustus,24.01
VMM_P08_009,2022,9,September,229.68
VMM_P08_009,2022,10,Oktober,33.02
VMM_P08_009,2022,11,November,19.86
VMM_P08_009,2022,12,December,85.93
VMM_P08_009,2023,1,Januari,26.2
VMM_P08_009,2023,2,Februari,0.61
VMM_P08_009,2023,3,Maart,143.4
VMM_P08_009,2023,4,April,24.73
VMM_P08_009,2023,5,Mei,39.8
VMM_P08_009,2023,6,Juni,142.2
VMM_P08_009,2023,7,Juli,215.57
VMM_P08_009,2023,8,Augustus,329.28
VMM_P08_009,2023,9,September,130.42
VMM_P08_009,2023,10,Oktober,62.34
VMM_P08_009,2023,11,November,111.7
VMM_P08_009,2023,12,December,43.14
VMM_P08_009,2024,1,Januari,49.53
VMM_P08_009,2024,2,Februari,89.73
VMM_P08_009,2024,3,Maart,24.68
VMM_P08_009,2024,4,April,76.96
VMM_P08_009,2024,5,Mei,151.66
VMM_P08_009,2024,6,Juni,116.68
VMM_P08_009,2024,7,Juli,287.39
VMM_P08_009,2024,8,Augustus,125.04
VMM_P08_009,2024,9,September,136.25
VMM_P08_009,2024,10,Oktober,49.36
VMM_P08_009,2024,11,November,27.92
VMM_P08_009,2024,12,December,43.34
VMM_P08_013,2005,1,Januari,47.42
VMM_P08_013,2005,2,Februari,44.15
VMM_P08_013,2005,3,Maart,71.64
VMM_P08_013,2005,4,April,17.58
VMM_P08_013,2005,5,Mei,64.96
VMM_P08_013,2005,6,Juni,492.94
VMM_P08_013,2005,7,Juli,415.78
VMM_P08_013,2005,8,Augustus,171.0
VMM_P08_013,2005,9,September,340.91
VMM_P08_013,2005,10,Oktober,59.51
VMM_P08_013,2005,11,November,29.69
VMM_P08_013,2005,12,December,14.12
VMM_P08_013,2006,1,Januari,5.23
VMM_P08_013,2006,2,Februari,35.93
VMM_P08_013,2006,3,Maart,51.79
VMM_P08_013,2006,4,April,13.73
VMM_P08_013,2006,5,Mei,146.22
VMM_P08_013,2006,6,Juni,31.33
VMM_P08_013,2006,7,Juli,164.47
VMM_P08_013,2006,8,Augustus,472.11
VMM_P08_013,2006,9,September,0.0
VMM_P08_013,2006,10,Oktober,87.27
VMM_P08_013,2006,11,November,23.93
VMM_P08_013,2006,12,December,29.75
VMM_P08_013,2007,1,Januari,56.79
VMM_P08_013,2007,2,Februari,70.23
VMM_P08_013,2007,3,Maart,32.22
VMM_P08_013,2007,4,April,0.0
VMM_P08_013,2007,5,Mei,66.8
VMM_P08_013,2007,6,Juni,57.08
VMM_P08_013,2007,7,Juli,78.09
VMM_P08_013,2007,8,Augustus,39.96
VMM_P08_013,2007,9,September,29.83
VMM_P08_013,2007,10,Oktober,44.57
VMM_P08_013,2007,11,November,26.92
VMM_P08_013,2007,12,December,40.8
VMM_P08_013,2008,1,Januari,18.43
VMM_P08_013,2008,2,Februari,24.62
VMM_P08_013,2008,3,Maart,132.37
VMM_P08_013,2008,4,April,49.2
VMM_P08_013,2008,5,Mei,201.72
VMM_P08_013,2008,6,Juni,198.49
VMM_P08_013,2008,7,Juli,112.52
VMM_P08_013,2008,8,Augustus,194.4
VMM_P08_013,2008,9,September,27.26
VMM_P08_013,2008,10,Oktober,25.25
VMM_P08_013,2008,11,November,34.59
VMM_P08_013,2008,12,December,8.13
VMM_P08_013,2009,1,Januari,22.39
VMM_P08_013,2009,2,Februari,21.18
VMM_P08_013,2009,3,Maart,51.25
VMM_P08_013,2009,4,April,25.6
VMM_P08_013,2009,5,Mei,323.68
VMM_P08_013,2009,6,Juni,98.2
VMM_P08_013,2009,7,Juli,349.5
VMM_P08_013,2009,8,Augustus,161.61
VMM_P08_013,2009,9,September,7.62
VMM_P08_013,2009,10,Oktober,472.71
VMM_P08_013,2009,11,November,59.11
VMM_P08_013,2009,12,December,37.15
VMM_P08_013,2010,1,Januari,6.13
VMM_P08_013,2010,2,Februari,30.06
VMM_P08_013,2010,3,Maart,51.95
VMM_P08_013,2010,4,April,39.55
VMM_P08_013,2010,5,Mei,187.1
VMM_P08_013,2010,6,Juni,7.82
VMM_P08_013,2010,7,Juli,1058.03
VMM_P08_013,2010,8,Augustus,266.27
VMM_P08_013,2010,9,September,55.82
VMM_P08_013,2010,10,Oktober,18.29
VMM_P08_013,2010,11,November,109.94
VMM_P08_013,2010,12,December,24.29
VMM_P08_013,2011,1,Januari,24.88
VMM_P08_013,2011,2,Februari,8.54
VMM_P08_013,2011,3,Maart,3.26
VMM_P08_013,2011,4,April,6.09
VMM_P08_013,2011,5,Mei,3.75
VMM_P08_013,2011,6,Juni,294.83
VMM_P08_013,2011,7,Juli,56.67
VMM_P08_013,2011,8,Augustus,1863.36
VMM_P08_013,2011,9,September,159.91
VMM_P08_013,2011,10,Oktober,13.16
VMM_P08_013,2011,11,November,2.33
VMM_P08_013,2011,12,December,96.8
VMM_P08_013,2012,1,Januari,41.25
VMM_P08_013,2012,2,Februari,5.19
VMM_P08_013,2012,3,Maart,5.99
VMM_P08_013,2012,4,April,39.34
VMM_P08_013,2012,5,Mei,63.02
VMM_P08_013,2012,6,Juni,218.98
VMM_P08_013,2012,7,Juli,190.13
VMM_P08_013,2012,8,Augustus,22.36
VMM_P08_013,2012,9,September,74.4
VMM_P08_013,2012,10,Oktober,110.67
VMM_P08_013,2012,11,November,11.69
VMM_P08_013,2012,12,December,57.66
VMM_P08_013,2013,1,Januari,12.68
VMM_P08_013,2013,2,Februari,10.28
VMM_P08_013,2013,3,Maart,8.61
VMM_P08_013,2013,4,April,14.11
VMM_P08_013,2013,5,Mei,54.55
VMM_P08_013,2013,6,Juni,36.28
VMM_P08_013,2013,7,Juli,556.81
VMM_P08_013,2013,8,Augustus,17.04
VMM_P08_013,2013,9,September,31.83
VMM_P08_013,2013,10,Oktober,34.26
VMM_P08_013,2013,11,November,49.81
VMM_P08_013,2013,12,December,45.17
VMM_P08_013,2015,1,Januari,54.28
VMM_P08_013,2015,2,Februari,21.81
VMM_P08_013,2015,3,Maart,19.68
VMM_P08_013,2015,4,April,17.14
VMM_P08_013,2015,5,Mei,41.52
VMM_P08_013,2015,6,Juni,64.23
VMM_P08_013,2015,7,Juli,111.43
VMM_P08_013,2015,8,Augustus,139.62
VMM_P08_013,2015,9,September,95.35
VMM_P08_013,2015,10,Oktober,7.95
VMM_P08_013,2015,11,November,49.54
VMM_P08_013,2015,12,December,7.12
VMM_P08_013,2016,1,Januari,112.88
VMM_P08_013,2016,2,Februari,56.22
VMM_P08_013,2016,3,Maart,24.86
VMM_P08_013,2016,4,April,44.59
VMM_P08_013,2016,5,Mei,171.07
VMM_P08_013,2016,6,Juni,384.27
VMM_P08_013,2016,7,Juli,252.55
VMM_P08_013,2016,8,Augustus,38.71
VMM_P08_013,2016,9,September,8.42
VMM_P08_013,2016,10,Oktober,42.93
VMM_P08_013,2016,11,November,73.53
VMM_P08_013,2016,12,December,3.54
VMM_P08_013,2017,1,Januari,28.26
VMM_P08_013,2017,2,Februari,26.23
VMM_P08_013,2017,3,Maart,14.4
VMM_P08_013,2017,4,April,4.35
VMM_P08_013,2017,5,Mei,79.03
VMM_P08_013,2017,6,Juni,32.06
VMM_P08_013,2017,7,Juli,112.68
VMM_P08_013,2017,8,Augustus,345.67
VMM_P08_013,2017,9,September,124.38
VMM_P08_013,2017,10,Oktober,15.93
VMM_P08_013,2017,11,November,30.51
VMM_P08_013,2017,12,December,79.21
VMM_P08_013,2018,1,Januari,30.32
VMM_P08_013,2018,2,Februari,6.02
VMM_P08_013,2018,3,Maart,36.5
VMM_P08_013,2018,4,April,57.79
VMM_P08_013,2018,5,Mei,186.46
VMM_P08_013,2018,6,Juni,12.78
VMM_P08_013,2018,7,Juli,0.0
VMM_P08_013,2018,8,Augustus,205.37
VMM_P08_013,2018,9,September,245.23
VMM_P08_013,2018,10,Oktober,20.81
VMM_P08_013,2018,11,November,7.4
VMM_P08_013,2018,12,December,58.45
VMM_P08_013,2019,1,Januari,36.76
VMM_P08_013,2019,2,Februari,20.4
VMM_P08_013,2019,3,Maart,30.85
VMM_P08_013,2019,4,April,15.16
VMM_P08_013,2019,5,Mei,30.64
VMM_P08_013,2019,6,Juni,82.21
VMM_P08_013,2019,7,Juli,258.04
VMM_P08_013,2019,8,Augustus,182.26
VMM_P08_013,2019,9,September,90.57
VMM_P08_013,2019,10,Oktober,116.76
VMM_P08_013,2019,11,November,27.88
VMM_P08_013,2019,12,December,17.17
VMM_P08_013,2020,1,Januari,22.06
VMM_P08_013,2020,2,Februari,85.14
VMM_P08_013,2020,3,Maart,36.36
VMM_P08_013,2020,4,April,9.0
VMM_P08_013,2020,5,Mei,48.07
VMM_P08_013,2020,6,Juni,94.76
VMM_P08_013,2020,7,Juli,3.87
VMM_P08_013,2020,8,Augustus,184.89
VMM_P08_013,2020,9,September,127.6
VMM_P08_013,2020,10,Oktober,48.21
VMM_P08_013,2020,11,November,15.13
VMM_P08_013,2020,12,December,22.73
VMM_P08_013,2021,1,Januari,33.77
VMM_P08_013,2021,2,Februari,19.97
VMM_P08_013,2021,3,Maart,27.18
VMM_P08_013,2021,4,April,24.14
VMM_P08_013,2021,5,Mei,49.44
VMM_P08_013,2021,6,Juni,82.85
VMM_P08_013,2021,7,Juli,514.55
VMM_P08_013,2021,8,Augustus,282.73
VMM_P08_013,2021,9,September,16.0
VMM_P08_013,2021,10,Oktober,70.03
VMM_P08_013,2021,11,November,20.39
VMM_P08_013,2021,12,December,24.32
VMM_P08_013,2022,1,Januari,63.85
VMM_P08_013,2022,2,Februari,94.9
VMM_P08_013,2022,3,Maart,1.38
VMM_P08_013,2022,4,April,72.37
VMM_P08_013,2022,5,Mei,341.28
VMM_P08_013,2022,6,Juni,161.88
VMM_P08_013,2022,7,Juli,2.84
VMM_P08_013,2022,8,Augustus,21.34
VMM_P08_013,2022,9,September,124.02
VMM_P08_013,2022,10,Oktober,25.95
VMM_P08_013,2022,11,November,32.11
VMM_P08_013,2022,12,December,70.74
VMM_P08_013,2023,1,Januari,45.23
VMM_P08_013,2023,2,Februari,2.32
VMM_P08_013,2023,3,Maart,63.72
VMM_P08_013,2023,4,April,11.66
VMM_P08_013,2023,5,Mei,194.72
VMM_P08_013,2023,6,Juni,37.5
VMM_P08_013,2023,7,Juli,248.7
VMM_P08_013,2023,8,Augustus,208.15
VMM_P08_013,2023,9,September,196.78
VMM_P08_013,2023,10,Oktober,80.55
VMM_P08_013,2023,11,November,60.73
VMM_P08_013,2023,12,December,25.71
VMM_P08_013,2024,1,Januari,47.14
VMM_P08_013,2024,2,Februari,67.95
VMM_P08_013,2024,3,Maart,23.24
VMM_P08_013,2024,4,April,43.34
VMM_P08_013,2024,5,Mei,221.66
VMM_P08_013,2024,6,Juni,187.04
VMM_P08_013,2024,7,Juli,298.05
VMM_P08_013,2024,8,Augustus,360.05
VMM_P08_013,2024,9,September,239.32
VMM_P08_013,2024,10,Oktober,52.87
VMM_P08_013,2024,11,November,93.34
VMM_P08_013,2024,12,December,46.7
VMM_P08_018,2005,1,Januari,18.44
VMM_P08_018,2005,2,Februari,35.47
VMM_P08_018,2005,3,Maart,23.58
VMM_P08_018,2005,4,April,292.66
VMM_P08_018,2005,5,Mei,225.11
VMM_P08_018,2005,6,Juni,112.97
VMM_P08_018,2005,7,Juli,142.39
VMM_P08_018,2005,8,Augustus,51.47
VMM_P08_018,2005,9,September,87.92
VMM_P08_018,2005,10,Oktober,27.3
VMM_P08_018,2005,11,November,38.0
VMM_P08_018,2005,12,December,10.3
VMM_P08_018,2006,1,Januari,1.98
VMM_P08_018,2006,2,Februari,35.43
VMM_P08_018,2006,3,Maart,35.18
VMM_P08_018,2006,4,April,20.78
VMM_P08_018,2006,5,Mei,58.06
VMM_P08_018,2006,6,Juni,107.82
VMM_P08_018,2006,7,Juli,18.07
VMM_P08_018,2006,8,Augustus,328.33
VMM_P08_018,2006,9,September,180.83
VMM_P08_018,2006,10,Oktober,19.7
VMM_P08_018,2006,11,November,22.18
VMM_P08_018,2006,12,December,34.78
VMM_P08_018,2007,1,Januari,83.94
VMM_P08_018,2007,2,Februari,48.41
VMM_P08_018,2007,3,Maart,19.92
VMM_P08_018,2007,4,April,0.0
VMM_P08_018,2007,5,Mei,76.12
VMM_P08_018,2007,6,Juni,238.92
VMM_P08_018,2007,7,Juli,150.56
VMM_P08_018,2007,8,Augustus,61.22
VMM_P08_018,2007,9,September,32.33
VMM_P08_018,2007,10,Oktober,66.23
VMM_P08_018,2007,11,November,27.48
VMM_P08_018,2007,12,December,34.0
VMM_P08_018,2008,1,Januari,11.72
VMM_P08_018,2008,2,Februari,14.11
VMM_P08_018,2008,3,Maart,56.05
VMM_P08_018,2008,4,April,128.37
VMM_P08_018,2008,5,Mei,31.0
VMM_P08_018,2008,6,Juni,637.39
VMM_P08_018,2008,7,Juli,61.07
VMM_P08_018,2008,8,Augustus,136.27
VMM_P08_018,2008,9,September,35.25
VMM_P08_018,2008,10,Oktober,58.36
VMM_P08_018,2008,11,November,41.02
VMM_P08_018,2008,12,December,4.51
VMM_P08_018,2009,1,Januari,45.08
VMM_P08_018,2009,2,Februari,17.72
VMM_P08_018,2009,3,Maart,42.64
VMM_P08_018,2009,4,April,13.3
VMM_P08_018,2009,5,Mei,185.75
VMM_P08_018,2009,6,Juni,119.17
VMM_P08_018,2009,7,Juli,205.18
VMM_P08_018,2009,8,Augustus,121.47
VMM_P08_018,2009,9,September,2.58
VMM_P08_018,2009,10,Oktober,110.42
VMM_P08_018,2009,11,November,45.62
VMM_P08_018,2009,12,December,35.8
VMM_P08_018,2010,1,Januari,10.18
VMM_P08_018,2010,2,Februari,27.38
VMM_P08_018,2010,3,Maart,79.03
VMM_P08_018,2010,4,April,16.18
VMM_P08_018,2010,5,Mei,45.04
VMM_P08_018,2010,6,Juni,37.63
VMM_P08_018,2010,7,Juli,519.47
VMM_P08_018,2010,8,Augustus,160.25
VMM_P08_018,2010,9,September,51.15
VMM_P08_018,2010,10,Oktober,33.25
VMM_P08_018,2010,11,November,237.93
VMM_P08_018,2010,12,December,22.0
VMM_P08_018,2011,1,Januari,24.57
VMM_P08_018,2011,2,Februari,7.39
VMM_P08_018,2011,3,Maart,14.31
VMM_P08_018,2011,4,April,6.81
VMM_P08_018,2011,5,Mei,16.67
VMM_P08_018,2011,6,Juni,1497.39
VMM_P08_018,2011,7,Juli,23.55
VMM_P08_018,2011,8,Augustus,1471.07
VMM_P08_018,2011,9,September,372.64
VMM_P08_018,2011,10,Oktober,34.91
VMM_P08_018,2011,11,November,0.43
VMM_P08_018,2011,12,December,100.37
VMM_P08_018,2012,1,Januari,62.77
VMM_P08_018,2012,2,Februari,5.67
VMM_P08_018,2012,3,Maart,7.75
VMM_P08_018,2012,4,April,99.82
VMM_P08_018,2012,5,Mei,31.38
VMM_P08_018,2012,6,Juni,306.54
VMM_P08_018,2012,7,Juli,1087.55
VMM_P08_018,2012,8,Augustus,31.49
VMM_P08_018,2012,9,September,63.79
VMM_P08_018,2012,10,Oktober,129.18
VMM_P08_018,2012,11,November,7.29
VMM_P08_018,2012,12,December,79.06
VMM_P08_018,2013,1,Januari,1128.02
VMM_P08_018,2013,2,Februari,18.0
VMM_P08_018,2013,3,Maart,10.92
VMM_P08_018,2013,4,April,40.2
VMM_P08_018,2013,5,Mei,37.87
VMM_P08_018,2013,6,Juni,612.93
VMM_P08_018,2013,7,Juli,343.06
VMM_P08_018,2013,8,Augustus,19.96
VMM_P08_018,2013,9,September,44.6
VMM_P08_018,2013,10,Oktober,104.01
VMM_P08_018,2013,11,November,45.33
VMM_P08_018,2013,12,December,118.8
VMM_P08_018,2015,1,Januari,57.41
VMM_P08_018,2015,2,Februari,18.47
VMM_P08_018,2015,3,Maart,24.83
VMM_P08_018,2015,4,April,4.82
VMM_P08_018,2015,5,Mei,400.89
VMM_P08_018,2015,6,Juni,62.02
VMM_P08_018,2015,7,Juli,101.04
VMM_P08_018,2015,8,Augustus,316.42
VMM_P08_018,2015,9,September,75.35
VMM_P08_018,2015,10,Oktober,12.13
VMM_P08_018,2015,11,November,79.02
VMM_P08_018,2015,12,December,11.9
VMM_P08_018,2017,1,Januari,28.9
VMM_P08_018,2017,2,Februari,41.54
VMM_P08_018,2017,3,Maart,15.21
VMM_P08_018,2017,4,April,11.36
VMM_P08_018,2017,5,Mei,662.02
VMM_P08_018,2017,6,Juni,22.12
VMM_P08_018,2017,7,Juli,170.3
VMM_P08_018,2017,8,Augustus,133.2
VMM_P08_018,2017,9,September,102.79
VMM_P08_018,2017,10,Oktober,29.42
VMM_P08_018,2017,11,November,52.1
VMM_P08_018,2017,12,December,78.06
VMM_P08_018,2019,1,Januari,37.25
VMM_P08_018,2019,2,Februari,13.93
VMM_P08_018,2019,3,Maart,32.76
VMM_P08_018,2019,4,April,14.25
VMM_P08_018,2019,5,Mei,24.53
VMM_P08_018,2019,6,Juni,100.64
VMM_P08_018,2019,7,Juli,168.02
VMM_P08_018,2019,8,Augustus,55.57
VMM_P08_018,2019,9,September,21.64
VMM_P08_018,2019,10,Oktober,89.67
VMM_P08_018,2019,11,November,66.21
VMM_P08_018,2019,12,December,40.92
VMM_P08_018,2020,1,Januari,17.73
VMM_P08_018,2020,2,Februari,101.0
VMM_P08_018,2020,3,Maart,24.56
VMM_P08_018,2020,4,April,7.45
VMM_P08_018,2020,5,Mei,3.6
VMM_P08_018,2020,6,Juni,108.95
VMM_P08_018,2020,7,Juli,40.16
VMM_P08_018,2020,8,Augustus,71.85
VMM_P08_018,2020,9,September,87.97
VMM_P08_018,2020,10,Oktober,108.55
VMM_P08_018,2020,11,November,22.12
VMM_P08_018,2020,12,December,19.85
VMM_P08_018,2021,1,Januari,40.41
VMM_P08_018,2021,2,Februari,52.03
VMM_P08_018,2021,3,Maart,10.43
VMM_P08_018,2021,4,April,7.39
VMM_P08_018,2021,5,Mei,71.48
VMM_P08_018,2021,6,Juni,289.98
VMM_P08_018,2021,7,Juli,264.24
VMM_P08_018,2021,8,Augustus,124.41
VMM_P08_018,2021,9,September,3.68
VMM_P08_018,2021,10,Oktober,114.12
VMM_P08_018,2021,11,November,32.05
VMM_P08_018,2021,12,December,48.43
VMM_P08_018,2022,1,Januari,23.27
VMM_P08_018,2022,2,Februari,50.14
VMM_P08_018,2022,3,Maart,9.77
VMM_P08_018,2022,4,April,4.77
VMM_P08_018,2022,5,Mei,116.83
VMM_P08_018,2022,6,Juni,76.29
VMM_P08_018,2022,7,Juli,104.22
VMM_P08_018,2022,8,Augustus,5.87
VMM_P08_018,2022,9,September,232.14
VMM_P08_018,2022,10,Oktober,57.13
VMM_P08_018,2022,11,November,74.15
VMM_P08_018,2022,12,December,73.56
VMM_P08_018,2023,1,Januari,116.38
VMM_P08_018,2023,2,Februari,0.39
VMM_P08_018,2023,3,Maart,99.66
VMM_P08_018,2023,4,April,46.38
VMM_P08_018,2023,5,Mei,98.32
VMM_P08_018,2023,6,Juni,217.56
VMM_P08_018,2023,7,Juli,257.79
VMM_P08_018,2023,8,Augustus,360.27
VMM_P08_018,2023,9,September,177.94
VMM_P08_018,2023,10,Oktober,188.94
VMM_P08_018,2023,11,November,130.46
VMM_P08_018,2023,12,December,108.62
VMM_P08_018,2024,1,Januari,113.96
VMM_P08_018,2024,2,Februari,72.55
VMM_P08_018,2024,3,Maart,34.14
VMM_P08_018,2024,4,April,27.84
VMM_P08_018,2024,5,Mei,170.01
VMM_P08_018,2024,6,Juni,145.47
VMM_P08_018,2024,7,Juli,771.1
VMM_P08_018,2024,8,Augustus,264.26
VMM_P08_018,2024,9,September,351.1
VMM_P08_018,2024,10,Oktober,57.27
VMM_P08_018,2024,11,November,73.67
VMM_P08_018,2024,12,December,101.01
VMM_P08_023,2009,1,Januari,28.0
VMM_P08_023,2009,2,Februari,22.3
VMM_P08_023,2009,3,Maart,44.01
VMM_P08_023,2009,4,April,16.84
VMM_P08_023,2009,5,Mei,70.87
VMM_P08_023,2009,6,Juni,251.14
VMM_P08_023,2009,7,Juli,74.18
VMM_P08_023,2009,8,Augustus,117.28
VMM_P08_023,2009,9,September,42.76
VMM_P08_023,2009,10,Oktober,11.31
VMM_P08_023,2009,11,November,54.04
VMM_P08_023,2009,12,December,21.55
VMM_P08_023,2015,1,Januari,62.77
VMM_P08_023,2015,2,Februari,17.7
VMM_P08_023,2015,3,Maart,24.69
VMM_P08_023,2015,4,April,7.76
VMM_P08_023,2015,5,Mei,71.99
VMM_P08_023,2015,6,Juni,82.34
VMM_P08_023,2015,7,Juli,29.41
VMM_P08_023,2015,8,Augustus,141.76
VMM_P08_023,2015,9,September,40.44
VMM_P08_023,2015,10,Oktober,8.07
VMM_P08_023,2015,11,November,81.73
VMM_P08_023,2015,12,December,13.85
VMM_P08_023,2016,1,Januari,67.08
VMM_P08_023,2016,2,Februari,67.38
VMM_P08_023,2016,3,Maart,44.21
VMM_P08_023,2016,4,April,59.45
VMM_P08_023,2016,5,Mei,186.85
VMM_P08_023,2016,6,Juni,353.9
VMM_P08_023,2016,7,Juli,21.91
VMM_P08_023,2016,8,Augustus,68.21
VMM_P08_023,2016,9,September,14.48
VMM_P08_023,2016,10,Oktober,46.63
VMM_P08_023,2016,11,November,55.81
VMM_P08_023,2016,12,December,4.22
VMM_P08_023,2017,1,Januari,50.12
VMM_P08_023,2017,2,Februari,17.94
VMM_P08_023,2017,3,Maart,13.69
VMM_P08_023,2017,4,April,1.9
VMM_P08_023,2017,5,Mei,6.96
VMM_P08_023,2017,6,Juni,122.46
VMM_P08_023,2017,7,Juli,92.22
VMM_P08_023,2017,8,Augustus,164.75
VMM_P08_023,2017,9,September,49.76
VMM_P08_023,2017,10,Oktober,14.42
VMM_P08_023,2017,11,November,68.99
VMM_P08_023,2017,12,December,89.07
VMM_P08_023,2018,1,Januari,71.05
VMM_P08_023,2018,2,Februari,5.76
VMM_P08_023,2018,3,Maart,25.17
VMM_P08_023,2018,4,April,26.85
VMM_P08_023,2018,5,Mei,13.49
VMM_P08_023,2018,6,Juni,29.62
VMM_P08_023,2018,7,Juli,471.85
VMM_P08_023,2018,8,Augustus,89.51
VMM_P08_023,2018,9,September,43.01
VMM_P08_023,2018,10,Oktober,49.34
VMM_P08_023,2018,11,November,33.53
VMM_P08_023,2018,12,December,66.99
VMM_P08_023,2019,1,Januari,54.78
VMM_P08_023,2019,2,Februari,31.46
VMM_P08_023,2019,3,Maart,50.25
VMM_P08_023,2019,4,April,17.9
VMM_P08_023,2019,5,Mei,115.03
VMM_P08_023,2019,6,Juni,224.5
VMM_P08_023,2019,7,Juli,31.22
VMM_P08_023,2019,8,Augustus,219.84
VMM_P08_023,2019,9,September,72.47
VMM_P08_023,2019,10,Oktober,192.71
VMM_P08_023,2019,11,November,33.0
VMM_P08_023,2019,12,December,39.84
VMM_P08_023,2020,1,Januari,19.28
VMM_P08_023,2020,2,Februari,73.89
VMM_P08_023,2020,3,Maart,27.41
VMM_P08_023,2020,4,April,6.54
VMM_P08_023,2020,5,Mei,0.0
VMM_P08_023,2020,6,Juni,110.26
VMM_P08_023,2020,7,Juli,29.24
VMM_P08_023,2020,8,Augustus,112.37
VMM_P08_023,2020,9,September,166.39
VMM_P08_023,2020,10,Oktober,68.08
VMM_P08_023,2020,11,November,67.01
VMM_P08_023,2020,12,December,23.59
VMM_P08_023,2021,1,Januari,78.96
VMM_P08_023,2021,2,Februari,21.76
VMM_P08_023,2021,3,Maart,36.86
VMM_P08_023,2021,4,April,19.98
VMM_P08_023,2021,5,Mei,38.56
VMM_P08_023,2021,6,Juni,971.3
VMM_P08_023,2021,7,Juli,548.59
VMM_P08_023,2021,8,Augustus,612.59
VMM_P08_023,2021,9,September,157.97
VMM_P08_023,2021,10,Oktober,334.64
VMM_P08_023,2021,11,November,20.07
VMM_P08_023,2021,12,December,45.11
VMM_P08_023,2022,1,Januari,56.13
VMM_P08_023,2022,2,Februari,38.54
VMM_P08_023,2022,3,Maart,0.0
VMM_P08_023,2022,4,April,11.38
VMM_P08_023,2022,5,Mei,223.17
VMM_P08_023,2022,6,Juni,186.41
VMM_P08_023,2022,7,Juli,1.15
VMM_P08_023,2022,8,Augustus,2.02
VMM_P08_023,2022,9,September,200.56
VMM_P08_023,2022,10,Oktober,16.68
VMM_P08_023,2022,11,November,30.32
VMM_P08_023,2022,12,December,84.44
VMM_P08_023,2023,1,Januari,30.18
VMM_P08_023,2023,2,Februari,0.87
VMM_P08_023,2023,3,Maart,81.73
VMM_P08_023,2023,4,April,26.76
VMM_P08_023,2023,5,Mei,43.28
VMM_P08_023,2023,6,Juni,89.66
VMM_P08_023,2023,7,Juli,285.85
VMM_P08_023,2023,8,Augustus,623.72
VMM_P08_023,2023,9,September,98.74
VMM_P08_023,2023,10,Oktober,60.59
VMM_P08_023,2023,11,November,76.75
VMM_P08_023,2023,12,December,36.56
VMM_P08_023,2024,1,Januari,69.94
VMM_P08_023,2024,2,Februari,71.67
VMM_P08_023,2024,3,Maart,22.97
VMM_P08_023,2024,4,April,67.7
VMM_P08_023,2024,5,Mei,122.09
VMM_P08_023,2024,6,Juni,65.43
VMM_P08_023,2024,7,Juli,855.33
VMM_P08_023,2024,8,Augustus,402.16
VMM_P08_023,2024,9,September,138.93
VMM_P08_023,2024,10,Oktober,44.7
VMM_P08_023,2024,11,November,57.61
VMM_P08_023,2024,12,December,47.55
VMM_P08_028,2010,1,Januari,8.52
VMM_P08_028,2010,2,Februari,22.86
VMM_P08_028,2010,3,Maart,46.16
VMM_P08_028,2010,4,April,6.34
VMM_P08_028,2010,5,Mei,38.65
VMM_P08_028,2010,6,Juni,7.25
VMM_P08_028,2010,7,Juli,683.12
VMM_P08_028,2010,8,Augustus,355.31
VMM_P08_028,2010,9,September,85.72
VMM_P08_028,2010,10,Oktober,21.75
VMM_P08_028,2010,11,November,120.71
VMM_P08_028,2010,12,December,21.22
VMM_P08_028,2011,1,Januari,18.99
VMM_P08_028,2011,2,Februari,11.35
VMM_P08_028,2011,3,Maart,4.72
VMM_P08_028,2011,4,April,15.73
VMM_P08_028,2011,5,Mei,27.26
VMM_P08_028,2011,6,Juni,539.0
VMM_P08_028,2011,7,Juli,121.45
VMM_P08_028,2011,8,Augustus,2115.63
VMM_P08_028,2011,9,September,215.34
VMM_P08_028,2011,10,Oktober,15.27
VMM_P08_028,2011,11,November,2.76
VMM_P08_028,2011,12,December,76.21
VMM_P08_028,2012,1,Januari,37.85
VMM_P08_028,2012,2,Februari,4.04
VMM_P08_028,2012,3,Maart,8.19
VMM_P08_028,2012,4,April,49.26
VMM_P08_028,2012,5,Mei,43.34
VMM_P08_028,2012,6,Juni,155.29
VMM_P08_028,2012,7,Juli,195.88
VMM_P08_028,2012,8,Augustus,132.38
VMM_P08_028,2012,9,September,161.47
VMM_P08_028,2012,10,Oktober,64.72
VMM_P08_028,2012,11,November,16.46
VMM_P08_028,2012,12,December,59.88
VMM_P08_028,2013,1,Januari,225.31
VMM_P08_028,2013,2,Februari,10.25
VMM_P08_028,2013,3,Maart,9.19
VMM_P08_028,2013,4,April,6.26
VMM_P08_028,2013,5,Mei,73.16
VMM_P08_028,2013,6,Juni,39.47
VMM_P08_028,2013,7,Juli,389.47
VMM_P08_028,2013,8,Augustus,29.84
VMM_P08_028,2013,9,September,32.67
VMM_P08_028,2013,10,Oktober,41.19
VMM_P08_028,2013,11,November,50.86
VMM_P08_028,2013,12,December,31.15
VMM_P08_028,2014,1,Januari,35.98
VMM_P08_028,2014,2,Februari,13.14
VMM_P08_028,2014,3,Maart,2.83
VMM_P08_028,2014,4,April,5.9
VMM_P08_028,2014,5,Mei,118.46
VMM_P08_028,2014,6,Juni,208.47
VMM_P08_028,2014,7,Juli,136.66
VMM_P08_028,2014,8,Augustus,232.66
VMM_P08_028,2014,9,September,6.18
VMM_P08_028,2014,10,Oktober,95.08
VMM_P08_028,2014,11,November,15.97
VMM_P08_028,2014,12,December,48.73
VMM_P08_028,2015,1,Januari,51.9
VMM_P08_028,2015,2,Februari,16.88
VMM_P08_028,2015,3,Maart,15.92
VMM_P08_028,2015,4,April,4.02
VMM_P08_028,2015,5,Mei,19.43
VMM_P08_028,2015,6,Juni,58.65
VMM_P08_028,2015,7,Juli,19.8
VMM_P08_028,2015,8,Augustus,258.18
VMM_P08_028,2015,9,September,96.37
VMM_P08_028,2015,10,Oktober,7.27
VMM_P08_028,2015,11,November,85.74
VMM_P08_028,2015,12,December,20.08
VMM_P08_028,2016,1,Januari,103.41
VMM_P08_028,2016,2,Februari,55.99
VMM_P08_028,2016,3,Maart,18.27
VMM_P08_028,2016,4,April,35.94
VMM_P08_028,2016,5,Mei,135.18
VMM_P08_028,2016,6,Juni,897.88
VMM_P08_028,2016,7,Juli,95.51
VMM_P08_028,2016,8,Augustus,66.93
VMM_P08_028,2016,9,September,28.63
VMM_P08_028,2016,10,Oktober,12.91
VMM_P08_028,2016,11,November,73.46
VMM_P08_028,2016,12,December,4.39
VMM_P08_028,2017,1,Januari,15.06
VMM_P08_028,2017,2,Februari,21.59
VMM_P08_028,2017,3,Maart,10.01
VMM_P08_028,2017,4,April,21.16
VMM_P08_028,2017,5,Mei,94.14
VMM_P08_028,2017,6,Juni,83.14
VMM_P08_028,2017,7,Juli,161.83
VMM_P08_028,2017,8,Augustus,105.56
VMM_P08_028,2017,9,September,27.69
VMM_P08_028,2017,10,Oktober,19.53
VMM_P08_028,2017,11,November,27.22
VMM_P08_028,2017,12,December,65.8
VMM_P08_028,2018,1,Januari,36.63
VMM_P08_028,2018,2,Februari,6.39
VMM_P08_028,2018,3,Maart,28.63
VMM_P08_028,2018,4,April,61.29
VMM_P08_028,2018,5,Mei,19.34
VMM_P08_028,2018,6,Juni,46.79
VMM_P08_028,2018,7,Juli,1.07
VMM_P08_028,2018,8,Augustus,84.94
VMM_P08_028,2018,9,September,253.96
VMM_P08_028,2018,10,Oktober,13.92
VMM_P08_028,2018,11,November,14.09
VMM_P08_028,2018,12,December,69.52
VMM_P08_028,2020,1,Januari,11.51
VMM_P08_028,2020,2,Februari,112.86
VMM_P08_028,2020,3,Maart,27.02
VMM_P08_028,2020,4,April,28.02
VMM_P08_028,2020,5,Mei,1.09
VMM_P08_028,2020,6,Juni,192.1
VMM_P08_028,2020,7,Juli,7.79
VMM_P08_028,2020,8,Augustus,28.85
VMM_P08_028,2020,9,September,65.73
VMM_P08_028,2020,10,Oktober,42.37
VMM_P08_028,2020,11,November,15.08
VMM_P08_028,2020,12,December,18.23
VMM_P08_028,2021,1,Januari,40.21
VMM_P08_028,2021,2,Februari,32.84
VMM_P08_028,2021,3,Maart,11.99
VMM_P08_028,2021,4,April,13.49
VMM_P08_028,2021,5,Mei,51.66
VMM_P08_028,2021,6,Juni,570.35
VMM_P08_028,2021,7,Juli,772.98
VMM_P08_028,2021,8,Augustus,270.52
VMM_P08_028,2021,9,September,165.9
VMM_P08_028,2021,10,Oktober,108.58
VMM_P08_028,2021,11,November,12.85
VMM_P08_028,2021,12,December,30.63
VMM_P08_028,2022,1,Januari,39.55
VMM_P08_028,2022,2,Februari,15.07
VMM_P08_028,2022,3,Maart,0.71
VMM_P08_028,2022,4,April,5.56
VMM_P08_028,2022,5,Mei,116.93
VMM_P08_028,2022,6,Juni,184.04
VMM_P08_028,2022,7,Juli,67.59
VMM_P08_028,2022,8,Augustus,17.26
VMM_P08_028,2022,9,September,112.78
VMM_P08_028,2022,10,Oktober,19.7
VMM_P08_028,2022,11,November,103.41
VMM_P08_028,2022,12,December,69.79
VMM_P08_028,2023,1,Januari,25.26
VMM_P08_028,2023,2,Februari,1.77
VMM_P08_028,2023,3,Maart,36.77
VMM_P08_028,2023,4,April,11.82
VMM_P08_028,2023,5,Mei,147.27
VMM_P08_028,2023,6,Juni,58.52
VMM_P08_028,2023,7,Juli,224.01
VMM_P08_028,2023,8,Augustus,122.66
VMM_P08_028,2023,9,September,354.24
VMM_P08_028,2023,10,Oktober,94.5
VMM_P08_028,2023,11,November,47.66
VMM_P08_028,2023,12,December,35.41
VMM_P08_028,2024,1,Januari,28.44
VMM_P08_028,2024,2,Februari,33.09
VMM_P08_028,2024,3,Maart,43.75
VMM_P08_028,2024,4,April,15.0
VMM_P08_028,2024,5,Mei,225.81
VMM_P08_028,2024,6,Juni,298.72
VMM_P08_028,2024,7,Juli,121.52
VMM_P08_028,2024,8,Augustus,175.38
VMM_P08_028,2024,9,September,239.01
VMM_P08_028,2024,10,Oktober,45.05
VMM_P08_028,2024,11,November,24.92
VMM_P08_028,2024,12,December,28.16
VMM_P08_031,2009,1,Januari,30.96
VMM_P08_031,2009,2,Februari,18.17
VMM_P08_031,2009,3,Maart,36.44
VMM_P08_031,2009,4,April,78.45
VMM_P08_031,2009,5,Mei,757.03
VMM_P08_031,2009,6,Juni,72.73
VMM_P08_031,2009,7,Juli,211.03
VMM_P08_031,2009,8,Augustus,160.07
VMM_P08_031,2009,9,September,3.49
VMM_P08_031,2009,10,Oktober,616.28
VMM_P08_031,2009,11,November,70.02
VMM_P08_031,2009,12,December,33.21
VMM_P08_031,2010,1,Januari,12.17
VMM_P08_031,2010,2,Februari,26.29
VMM_P08_031,2010,3,Maart,47.49
VMM_P08_031,2010,4,April,18.17
VMM_P08_031,2010,5,Mei,100.16
VMM_P08_031,2010,6,Juni,12.03
VMM_P08_031,2010,7,Juli,1075.4
VMM_P08_031,2010,8,Augustus,292.84
VMM_P08_031,2010,9,September,48.66
VMM_P08_031,2010,10,Oktober,29.79
VMM_P08_031,2010,11,November,133.9
VMM_P08_031,2010,12,December,22.75
VMM_P08_031,2011,1,Januari,34.51
VMM_P08_031,2011,2,Februari,10.07
VMM_P08_031,2011,3,Maart,7.18
VMM_P08_031,2011,4,April,9.26
VMM_P08_031,2011,5,Mei,3.18
VMM_P08_031,2011,6,Juni,319.77
VMM_P08_031,2011,7,Juli,54.02
VMM_P08_031,2011,8,Augustus,1725.28
VMM_P08_031,2011,9,September,145.92
VMM_P08_031,2011,10,Oktober,17.99
VMM_P08_031,2011,11,November,2.34
VMM_P08_031,2011,12,December,99.18
VMM_P08_031,2012,1,Januari,56.83
VMM_P08_031,2012,2,Februari,7.61
VMM_P08_031,2012,3,Maart,22.49
VMM_P08_031,2012,4,April,73.9
VMM_P08_031,2012,5,Mei,57.39
VMM_P08_031,2012,6,Juni,207.87
VMM_P08_031,2012,7,Juli,283.54
VMM_P08_031,2012,8,Augustus,56.97
VMM_P08_031,2012,9,September,142.35
VMM_P08_031,2012,10,Oktober,99.28
VMM_P08_031,2012,11,November,15.57
VMM_P08_031,2012,12,December,81.44
VMM_P08_031,2013,1,Januari,11.15
VMM_P08_031,2013,2,Februari,7.09
VMM_P08_031,2013,3,Maart,9.76
VMM_P08_031,2013,4,April,16.93
VMM_P08_031,2013,5,Mei,106.63
VMM_P08_031,2013,6,Juni,50.87
VMM_P08_031,2013,7,Juli,404.73
VMM_P08_031,2013,8,Augustus,37.18
VMM_P08_031,2013,9,September,24.95
VMM_P08_031,2013,10,Oktober,70.83
VMM_P08_031,2013,11,November,58.61
VMM_P08_031,2013,12,December,66.91
VMM_P08_031,2014,1,Januari,47.59
VMM_P08_031,2014,2,Februari,24.24
VMM_P08_031,2014,3,Maart,15.2
VMM_P08_031,2014,4,April,8.52
VMM_P08_031,2014,5,Mei,179.06
VMM_P08_031,2014,6,Juni,202.67
VMM_P08_031,2014,7,Juli,297.94
VMM_P08_031,2014,8,Augustus,406.93
VMM_P08_031,2014,9,September,32.94
VMM_P08_031,2014,10,Oktober,18.73
VMM_P08_031,2014,11,November,35.99
VMM_P08_031,2014,12,December,40.69
VMM_P08_031,2015,1,Januari,61.72
VMM_P08_031,2015,2,Februari,17.51
VMM_P08_031,2015,3,Maart,17.18
VMM_P08_031,2015,4,April,5.02
VMM_P08_031,2015,5,Mei,41.36
VMM_P08_031,2015,6,Juni,61.09
VMM_P08_031,2015,7,Juli,31.14
VMM_P08_031,2015,8,Augustus,381.04
VMM_P08_031,2015,9,September,138.15
VMM_P08_031,2015,10,Oktober,8.25
VMM_P08_031,2015,11,November,58.9
VMM_P08_031,2015,12,December,9.24
VMM_P08_031,2016,1,Januari,123.26
VMM_P08_031,2016,2,Februari,70.81
VMM_P08_031,2016,3,Maart,20.46
VMM_P08_031,2016,4,April,59.3
VMM_P08_031,2016,5,Mei,298.53
VMM_P08_031,2016,6,Juni,246.06
VMM_P08_031,2016,7,Juli,59.15
VMM_P08_031,2016,8,Augustus,202.71
VMM_P08_031,2016,9,September,3.38
VMM_P08_031,2016,10,Oktober,25.0
VMM_P08_031,2016,11,November,36.96
VMM_P08_031,2016,12,December,5.82
VMM_P08_031,2019,1,Januari,44.5
VMM_P08_031,2019,2,Februari,21.5
VMM_P08_031,2019,3,Maart,40.88
VMM_P08_031,2019,4,April,15.66
VMM_P08_031,2019,5,Mei,45.12
VMM_P08_031,2019,6,Juni,112.09
VMM_P08_031,2019,7,Juli,301.26
VMM_P08_031,2019,8,Augustus,96.94
VMM_P08_031,2019,9,September,158.62
VMM_P08_031,2019,10,Oktober,20.71
VMM_P08_031,2019,11,November,23.28
VMM_P08_031,2019,12,December,24.99
VMM_P08_031,2020,1,Januari,13.66
VMM_P08_031,2020,2,Februari,76.58
VMM_P08_031,2020,3,Maart,26.75
VMM_P08_031,2020,4,April,17.99
VMM_P08_031,2020,5,Mei,2.74
VMM_P08_031,2020,6,Juni,155.95
VMM_P08_031,2020,7,Juli,4.25
VMM_P08_031,2020,8,Augustus,118.09
VMM_P08_031,2020,9,September,126.99
VMM_P08_031,2020,10,Oktober,34.04
VMM_P08_031,2020,11,November,11.7
VMM_P08_031,2020,12,December,20.77
VMM_P08_031,2021,1,Januari,42.67
VMM_P08_031,2021,2,Februari,20.48
VMM_P08_031,2021,3,Maart,21.16
VMM_P08_031,2021,4,April,18.36
VMM_P08_031,2021,5,Mei,148.61
VMM_P08_031,2021,6,Juni,116.09
VMM_P08_031,2021,7,Juli,620.03
VMM_P08_031,2021,8,Augustus,405.5
VMM_P08_031,2021,9,September,12.35
VMM_P08_031,2021,10,Oktober,99.69
VMM_P08_031,2021,11,November,17.85
VMM_P08_031,2021,12,December,37.9
VMM_P08_031,2022,1,Januari,43.07
VMM_P08_031,2022,2,Februari,36.41
VMM_P08_031,2022,3,Maart,5.53
VMM_P08_031,2022,4,April,26.34
VMM_P08_031,2022,5,Mei,122.8
VMM_P08_031,2022,6,Juni,250.17
VMM_P08_031,2022,7,Juli,7.0
VMM_P08_031,2022,8,Augustus,6.85
VMM_P08_031,2022,9,September,143.23
VMM_P08_031,2022,10,Oktober,43.05
VMM_P08_031,2022,11,November,186.64
VMM_P08_031,2022,12,December,85.13
VMM_P08_031,2023,1,Januari,59.67
VMM_P08_031,2023,2,Februari,2.2
VMM_P08_031,2023,3,Maart,61.26
VMM_P08_031,2023,4,April,20.37
VMM_P08_031,2023,5,Mei,252.81
VMM_P08_031,2023,6,Juni,40.51
VMM_P08_031,2023,7,Juli,79.45
VMM_P08_031,2023,8,Augustus,250.29
VMM_P08_031,2023,9,September,400.71
VMM_P08_031,2023,10,Oktober,95.08
VMM_P08_031,2023,11,November,78.32
VMM_P08_031,2023,12,December,19.9
VMM_P08_031,2024,1,Januari,59.51
VMM_P08_031,2024,2,Februari,78.61
VMM_P08_031,2024,3,Maart,23.12
VMM_P08_031,2024,4,April,50.88
VMM_P08_031,2024,5,Mei,159.62
VMM_P08_031,2024,6,Juni,229.82
VMM_P08_031,2024,7,Juli,114.15
VMM_P08_031,2024,8,Augustus,2392.64
VMM_P08_031,2024,9,September,203.89
VMM_P08_031,2024,10,Oktober,59.38
VMM_P08_031,2024,11,November,75.49
VMM_P08_031,2024,12,December,73.15
VMM_P08_033,2009,1,Januari,31.49
VMM_P08_033,2009,2,Februari,16.68
VMM_P08_033,2009,3,Maart,51.58
VMM_P08_033,2009,4,April,88.96
VMM_P08_033,2009,5,Mei,262.64
VMM_P08_033,2009,6,Juni,135.89
VMM_P08_033,2009,7,Juli,83.47
VMM_P08_033,2009,8,Augustus,79.63
VMM_P08_033,2009,9,September,21.49
VMM_P08_033,2009,10,Oktober,992.81
VMM_P08_033,2009,11,November,86.58
VMM_P08_033,2009,12,December,32.56
VMM_P08_033,2010,1,Januari,8.35
VMM_P08_033,2010,2,Februari,29.07
VMM_P08_033,2010,3,Maart,49.03
VMM_P08_033,2010,4,April,10.05
VMM_P08_033,2010,5,Mei,83.29
VMM_P08_033,2010,6,Juni,66.7
VMM_P08_033,2010,7,Juli,353.92
VMM_P08_033,2010,8,Augustus,254.09
VMM_P08_033,2010,9,September,53.96
VMM_P08_033,2010,10,Oktober,34.12
VMM_P08_033,2010,11,November,165.15
VMM_P08_033,2010,12,December,23.82
VMM_P08_033,2011,1,Januari,26.47
VMM_P08_033,2011,2,Februari,13.45
VMM_P08_033,2011,3,Maart,4.57
VMM_P08_033,2011,4,April,14.18
VMM_P08_033,2011,5,Mei,75.41
VMM_P08_033,2011,6,Juni,399.11
VMM_P08_033,2011,7,Juli,10.77
VMM_P08_033,2011,8,Augustus,1183.25
VMM_P08_033,2011,9,September,170.1
VMM_P08_033,2011,10,Oktober,15.47
VMM_P08_033,2011,11,November,0.7
VMM_P08_033,2011,12,December,95.16
VMM_P08_033,2012,1,Januari,54.6
VMM_P08_033,2012,2,Februari,2.98
VMM_P08_033,2012,3,Maart,14.9
VMM_P08_033,2012,4,April,85.71
VMM_P08_033,2012,5,Mei,62.54
VMM_P08_033,2012,6,Juni,194.19
VMM_P08_033,2012,7,Juli,149.21
VMM_P08_033,2012,8,Augustus,59.09
VMM_P08_033,2012,9,September,79.59
VMM_P08_033,2012,10,Oktober,94.14
VMM_P08_033,2012,11,November,25.16
VMM_P08_033,2012,12,December,74.56
VMM_P08_033,2013,1,Januari,18.8
VMM_P08_033,2013,2,Februari,11.75
VMM_P08_033,2013,3,Maart,10.25
VMM_P08_033,2013,4,April,7.87
VMM_P08_033,2013,5,Mei,146.37
VMM_P08_033,2013,6,Juni,29.83
VMM_P08_033,2013,7,Juli,559.41
VMM_P08_033,2013,8,Augustus,16.61
VMM_P08_033,2013,9,September,34.33
VMM_P08_033,2013,10,Oktober,109.8
VMM_P08_033,2013,11,November,56.32
VMM_P08_033,2013,12,December,37.42
VMM_P08_033,2014,1,Januari,33.15
VMM_P08_033,2014,2,Februari,32.86
VMM_P08_033,2014,3,Maart,9.25
VMM_P08_033,2014,4,April,18.78
VMM_P08_033,2014,5,Mei,77.21
VMM_P08_033,2014,6,Juni,108.87
VMM_P08_033,2014,7,Juli,393.1
VMM_P08_033,2014,8,Augustus,261.35
VMM_P08_033,2014,9,September,34.24
VMM_P08_033,2014,10,Oktober,27.8
VMM_P08_033,2014,11,November,23.72
VMM_P08_033,2014,12,December,96.02
VMM_P08_033,2015,1,Januari,66.71
VMM_P08_033,2015,2,Februari,18.24
VMM_P08_033,2015,3,Maart,13.98
VMM_P08_033,2015,4,April,13.71
VMM_P08_033,2015,5,Mei,35.15
VMM_P08_033,2015,6,Juni,27.83
VMM_P08_033,2015,7,Juli,17.93
VMM_P08_033,2015,8,Augustus,414.96
VMM_P08_033,2015,9,September,47.48
VMM_P08_033,2015,10,Oktober,7.7
VMM_P08_033,2015,11,November,82.82
VMM_P08_033,2015,12,December,9.06
VMM_P08_033,2017,1,Januari,32.5
VMM_P08_033,2017,2,Februari,24.09
VMM_P08_033,2017,3,Maart,21.18
VMM_P08_033,2017,4,April,7.25
VMM_P08_033,2017,5,Mei,33.02
VMM_P08_033,2017,6,Juni,79.96
VMM_P08_033,2017,7,Juli,394.05
VMM_P08_033,2017,8,Augustus,331.0
VMM_P08_033,2017,9,September,114.15
VMM_P08_033,2017,10,Oktober,30.24
VMM_P08_033,2017,11,November,49.12
VMM_P08_033,2017,12,December,93.56
VMM_P08_033,2018,1,Januari,58.7
VMM_P08_033,2018,2,Februari,6.74
VMM_P08_033,2018,3,Maart,44.9
VMM_P08_033,2018,4,April,208.76
VMM_P08_033,2018,5,Mei,1722.06
VMM_P08_033,2018,6,Juni,7.32
VMM_P08_033,2018,7,Juli,318.44
VMM_P08_033,2018,8,Augustus,232.69
VMM_P08_033,2018,9,September,44.79
VMM_P08_033,2018,10,Oktober,34.41
VMM_P08_033,2018,11,November,24.47
VMM_P08_033,2018,12,December,61.61
VMM_P08_033,2019,1,Januari,58.71
VMM_P08_033,2019,2,Februari,25.77
VMM_P08_033,2019,3,Maart,48.62
VMM_P08_033,2019,4,April,10.34
VMM_P08_033,2019,5,Mei,126.68
VMM_P08_033,2019,6,Juni,329.62
VMM_P08_033,2019,7,Juli,369.05
VMM_P08_033,2019,8,Augustus,62.89
VMM_P08_033,2019,9,September,205.88
VMM_P08_033,2019,10,Oktober,33.69
VMM_P08_033,2019,11,November,43.08
VMM_P08_033,2019,12,December,45.7
VMM_P08_033,2020,1,Januari,16.14
VMM_P08_033,2020,2,Februari,88.07
VMM_P08_033,2020,3,Maart,46.15
VMM_P08_033,2020,4,April,107.9
VMM_P08_033,2020,5,Mei,7.03
VMM_P08_033,2020,6,Juni,238.72
VMM_P08_033,2020,7,Juli,7.6
VMM_P08_033,2020,8,Augustus,79.6
VMM_P08_033,2020,9,September,71.06
VMM_P08_033,2020,10,Oktober,85.1
VMM_P08_033,2020,11,November,23.41
VMM_P08_033,2020,12,December,23.67
VMM_P08_033,2021,1,Januari,46.76
VMM_P08_033,2021,2,Februari,24.09
VMM_P08_033,2021,3,Maart,18.55
VMM_P08_033,2021,4,April,16.99
VMM_P08_033,2021,5,Mei,196.48
VMM_P08_033,2021,6,Juni,493.44
VMM_P08_033,2021,7,Juli,377.74
VMM_P08_033,2021,8,Augustus,203.72
VMM_P08_033,2021,9,September,21.74
VMM_P08_033,2021,10,Oktober,184.56
VMM_P08_033,2021,11,November,24.65
VMM_P08_033,2021,12,December,37.87
VMM_P08_033,2022,1,Januari,92.81
VMM_P08_033,2022,2,Februari,38.45
VMM_P08_033,2022,3,Maart,0.0
VMM_P08_033,2022,4,April,19.86
VMM_P08_033,2022,5,Mei,185.56
VMM_P08_033,2022,6,Juni,116.05
VMM_P08_033,2022,7,Juli,2.78
VMM_P08_033,2022,8,Augustus,1.5
VMM_P08_033,2022,9,September,181.81
VMM_P08_033,2022,10,Oktober,62.55
VMM_P08_033,2022,11,November,43.91
VMM_P08_033,2022,12,December,90.52
VMM_P08_033,2023,1,Januari,53.56
VMM_P08_033,2023,2,Februari,0.72
VMM_P08_033,2023,3,Maart,74.33
VMM_P08_033,2023,4,April,35.03
VMM_P08_033,2023,5,Mei,38.15
VMM_P08_033,2023,6,Juni,93.41
VMM_P08_033,2023,7,Juli,245.28
VMM_P08_033,2023,8,Augustus,195.03
VMM_P08_033,2023,9,September,339.43
VMM_P08_033,2023,10,Oktober,95.42
VMM_P08_033,2023,11,November,113.61
VMM_P08_033,2023,12,December,51.7
VMM_P09_012,2005,1,Januari,27.1
VMM_P09_012,2005,2,Februari,20.5
VMM_P09_012,2005,3,Maart,6.29
VMM_P09_012,2005,4,April,14.89
VMM_P09_012,2005,5,Mei,20.99
VMM_P09_012,2005,6,Juni,89.43
VMM_P09_012,2005,7,Juli,119.33
VMM_P09_012,2005,8,Augustus,306.09
VMM_P09_012,2005,9,September,24.19
VMM_P09_012,2005,10,Oktober,48.53
VMM_P09_012,2005,11,November,6.52
VMM_P09_012,2005,12,December,9.46
VMM_P09_012,2006,1,Januari,2.74
VMM_P09_012,2006,2,Februari,19.63
VMM_P09_012,2006,3,Maart,61.42
VMM_P09_012,2006,4,April,6.43
VMM_P09_012,2006,5,Mei,79.03
VMM_P09_012,2006,6,Juni,84.41
VMM_P09_012,2006,7,Juli,52.14
VMM_P09_012,2006,8,Augustus,225.53
VMM_P09_012,2006,9,September,2.81
VMM_P09_012,2006,10,Oktober,36.74
VMM_P09_012,2006,11,November,14.24
VMM_P09_012,2006,12,December,24.79
VMM_P09_012,2007,1,Januari,57.61
VMM_P09_012,2007,2,Februari,44.33
VMM_P09_012,2007,3,Maart,13.89
VMM_P09_012,2007,4,April,0.0
VMM_P09_012,2007,5,Mei,193.06
VMM_P09_012,2007,6,Juni,206.06
VMM_P09_012,2007,7,Juli,265.7
VMM_P09_012,2007,8,Augustus,209.61
VMM_P09_012,2007,9,September,44.13
VMM_P09_012,2007,10,Oktober,39.25
VMM_P09_012,2007,11,November,18.04
VMM_P09_012,2007,12,December,27.84
VMM_P09_012,2008,1,Januari,11.04
VMM_P09_012,2008,2,Februari,23.84
VMM_P09_012,2008,3,Maart,59.19
VMM_P09_012,2008,4,April,49.72
VMM_P09_012,2008,5,Mei,132.42
VMM_P09_012,2008,6,Juni,166.14
VMM_P09_012,2008,7,Juli,403.44
VMM_P09_012,2008,8,Augustus,466.78
VMM_P09_012,2008,9,September,64.36
VMM_P09_012,2008,10,Oktober,12.33
VMM_P09_012,2008,11,November,16.05
VMM_P09_012,2008,12,December,9.45
VMM_P09_012,2011,1,Januari,20.56
VMM_P09_012,2011,2,Februari,4.97
VMM_P09_012,2011,3,Maart,3.23
VMM_P09_012,2011,4,April,54.68
VMM_P09_012,2011,5,Mei,4.25
VMM_P09_012,2011,6,Juni,153.31
VMM_P09_012,2011,7,Juli,114.34
VMM_P09_012,2011,8,Augustus,1402.92
VMM_P09_012,2011,9,September,13.57
VMM_P09_012,2011,10,Oktober,14.34
VMM_P09_012,2011,11,November,0.27
VMM_P09_012,2011,12,December,58.95
VMM_P09_012,2012,1,Januari,44.66
VMM_P09_012,2012,2,Februari,5.58
VMM_P09_012,2012,3,Maart,2.4
VMM_P09_012,2012,4,April,66.73
VMM_P09_012,2012,5,Mei,334.47
VMM_P09_012,2012,6,Juni,232.58
VMM_P09_012,2012,7,Juli,382.56
VMM_P09_012,2012,8,Augustus,19.83
VMM_P09_012,2012,9,September,22.8
VMM_P09_012,2012,10,Oktober,69.44
VMM_P09_012,2012,11,November,1.66
VMM_P09_012,2012,12,December,55.07
VMM_P09_012,2014,1,Januari,17.05
VMM_P09_012,2014,2,Februari,8.69
VMM_P09_012,2014,3,Maart,7.35
VMM_P09_012,2014,4,April,11.41
VMM_P09_012,2014,5,Mei,40.9
VMM_P09_012,2014,6,Juni,562.49
VMM_P09_012,2014,7,Juli,362.83
VMM_P09_012,2014,8,Augustus,711.07
VMM_P09_012,2014,9,September,118.82
VMM_P09_012,2014,10,Oktober,26.83
VMM_P09_012,2014,11,November,12.4
VMM_P09_012,2014,12,December,22.99
VMM_P09_012,2015,1,Januari,55.12
VMM_P09_012,2015,2,Februari,8.61
VMM_P09_012,2015,3,Maart,20.27
VMM_P09_012,2015,4,April,35.72
VMM_P09_012,2015,5,Mei,42.12
VMM_P09_012,2015,6,Juni,104.3
VMM_P09_012,2015,7,Juli,68.54
VMM_P09_012,2015,8,Augustus,465.2
VMM_P09_012,2015,9,September,55.26
VMM_P09_012,2015,10,Oktober,8.84
VMM_P09_012,2015,11,November,35.28
VMM_P09_012,2015,12,December,8.57
VMM_P09_012,2016,1,Januari,55.96
VMM_P09_012,2016,2,Februari,32.05
VMM_P09_012,2016,3,Maart,15.7
VMM_P09_012,2016,4,April,26.88
VMM_P09_012,2016,5,Mei,127.77
VMM_P09_012,2016,6,Juni,652.7
VMM_P09_012,2016,7,Juli,47.16
VMM_P09_012,2016,8,Augustus,23.19
VMM_P09_012,2016,9,September,17.57
VMM_P09_012,2016,10,Oktober,56.92
VMM_P09_012,2016,11,November,36.48
VMM_P09_012,2016,12,December,4.74
VMM_P09_012,2017,1,Januari,16.84
VMM_P09_012,2017,2,Februari,9.23
VMM_P09_012,2017,3,Maart,8.7
VMM_P09_012,2017,4,April,16.13
VMM_P09_012,2017,5,Mei,12.69
VMM_P09_012,2017,6,Juni,87.35
VMM_P09_012,2017,7,Juli,60.46
VMM_P09_012,2017,8,Augustus,98.61
VMM_P09_012,2017,9,September,163.23
VMM_P09_012,2017,10,Oktober,39.02
VMM_P09_012,2017,11,November,19.97
VMM_P09_012,2017,12,December,47.34
VMM_P09_012,2018,1,Januari,27.37
VMM_P09_012,2018,2,Februari,3.61
VMM_P09_012,2018,3,Maart,25.39
VMM_P09_012,2018,4,April,85.07
VMM_P09_012,2018,5,Mei,19.21
VMM_P09_012,2018,6,Juni,135.44
VMM_P09_012,2018,7,Juli,15.93
VMM_P09_012,2018,8,Augustus,146.72
VMM_P09_012,2018,9,September,58.29
VMM_P09_012,2018,10,Oktober,25.27
VMM_P09_012,2018,11,November,5.95
VMM_P09_012,2018,12,December,35.72
VMM_P09_012,2019,1,Januari,11.51
VMM_P09_012,2019,2,Februari,29.71
VMM_P09_012,2019,3,Maart,50.14
VMM_P09_012,2019,4,April,21.9
VMM_P09_012,2019,5,Mei,164.24
VMM_P09_012,2019,6,Juni,406.08
VMM_P09_012,2019,7,Juli,493.01
VMM_P09_012,2019,8,Augustus,149.95
VMM_P09_012,2019,9,September,73.36
VMM_P09_012,2019,10,Oktober,90.64
VMM_P09_012,2019,11,November,37.13
VMM_P09_012,2019,12,December,25.59
VMM_P09_012,2020,1,Januari,16.85
VMM_P09_012,2020,2,Februari,91.09
VMM_P09_012,2020,3,Maart,90.35
VMM_P09_012,2020,4,April,4.2
VMM_P09_012,2020,5,Mei,1.3
VMM_P09_012,2020,6,Juni,32.42
VMM_P09_012,2020,7,Juli,31.04
VMM_P09_012,2020,8,Augustus,530.56
VMM_P09_012,2020,9,September,65.87
VMM_P09_012,2020,10,Oktober,65.86
VMM_P09_012,2020,11,November,12.8
VMM_P09_012,2020,12,December,18.16
VMM_P09_012,2021,1,Januari,12.02
VMM_P09_012,2021,2,Februari,26.1
VMM_P09_012,2021,3,Maart,21.28
VMM_P09_012,2021,4,April,12.26
VMM_P09_012,2021,5,Mei,43.45
VMM_P09_012,2021,6,Juni,536.18
VMM_P09_012,2021,7,Juli,595.49
VMM_P09_012,2021,8,Augustus,102.9
VMM_P09_012,2021,9,September,12.09
VMM_P09_012,2021,10,Oktober,189.53
VMM_P09_012,2021,11,November,3.47
VMM_P09_012,2021,12,December,12.08
VMM_P09_012,2022,1,Januari,27.54
VMM_P09_012,2022,2,Februari,37.85
VMM_P09_012,2022,3,Maart,1.75
VMM_P09_012,2022,4,April,43.48
VMM_P09_012,2022,5,Mei,231.96
VMM_P09_012,2022,6,Juni,1258.1
VMM_P09_012,2022,7,Juli,3.56
VMM_P09_012,2022,8,Augustus,54.27
VMM_P09_012,2022,9,September,179.75
VMM_P09_012,2022,10,Oktober,3.37
VMM_P09_012,2022,11,November,48.34
VMM_P09_012,2022,12,December,38.15
VMM_P09_012,2023,1,Januari,50.68
VMM_P09_012,2023,2,Februari,0.54
VMM_P09_012,2023,3,Maart,103.67
VMM_P09_012,2023,4,April,10.22
VMM_P09_012,2023,5,Mei,21.47
VMM_P09_012,2023,6,Juni,262.92
VMM_P09_012,2023,7,Juli,103.77
VMM_P09_012,2023,8,Augustus,1327.96
VMM_P09_012,2023,9,September,135.87
VMM_P09_012,2023,10,Oktober,53.71
VMM_P09_012,2023,11,November,53.2
VMM_P09_012,2023,12,December,22.22
VMM_P09_012,2024,1,Januari,23.71
VMM_P09_012,2024,2,Februari,39.99
VMM_P09_012,2024,3,Maart,89.49
VMM_P09_012,2024,4,April,72.26
VMM_P09_012,2024,5,Mei,293.03
VMM_P09_012,2024,6,Juni,288.74
VMM_P09_012,2024,7,Juli,210.99
VMM_P09_012,2024,8,Augustus,58.33
VMM_P09_012,2024,9,September,1046.76
VMM_P09_012,2024,10,Oktober,89.81
VMM_P09_012,2024,11,November,76.81
VMM_P09_012,2024,12,December,64.14
VMM_P09_016,2005,1,Januari,21.72
VMM_P09_016,2005,2,Februari,27.51
VMM_P09_016,2005,3,Maart,39.92
VMM_P09_016,2005,4,April,25.91
VMM_P09_016,2005,5,Mei,34.22
VMM_P09_016,2005,6,Juni,30.65
VMM_P09_016,2005,7,Juli,65.19
VMM_P09_016,2005,8,Augustus,35.71
VMM_P09_016,2005,9,September,1168.73
VMM_P09_016,2005,10,Oktober,42.15
VMM_P09_016,2005,11,November,13.56
VMM_P09_016,2005,12,December,9.72
VMM_P09_016,2006,1,Januari,8.75
VMM_P09_016,2006,2,Februari,24.62
VMM_P09_016,2006,3,Maart,51.61
VMM_P09_016,2006,4,April,8.58
VMM_P09_016,2006,5,Mei,102.3
VMM_P09_016,2006,6,Juni,305.36
VMM_P09_016,2006,7,Juli,36.05
VMM_P09_016,2006,8,Augustus,209.16
VMM_P09_016,2006,9,September,5.72
VMM_P09_016,2006,10,Oktober,52.97
VMM_P09_016,2006,11,November,51.33
VMM_P09_016,2006,12,December,27.37
VMM_P09_016,2007,1,Januari,93.53
VMM_P09_016,2007,2,Februari,21.0
VMM_P09_016,2007,3,Maart,17.05
VMM_P09_016,2007,4,April,0.0
VMM_P09_016,2007,5,Mei,39.06
VMM_P09_016,2007,6,Juni,147.74
VMM_P09_016,2007,7,Juli,177.14
VMM_P09_016,2007,8,Augustus,127.61
VMM_P09_016,2007,9,September,155.95
VMM_P09_016,2007,10,Oktober,34.54
VMM_P09_016,2007,11,November,46.05
VMM_P09_016,2007,12,December,20.66
VMM_P09_016,2009,1,Januari,25.83
VMM_P09_016,2009,2,Februari,25.69
VMM_P09_016,2009,3,Maart,27.49
VMM_P09_016,2009,4,April,22.38
VMM_P09_016,2009,5,Mei,128.38
VMM_P09_016,2009,6,Juni,768.09
VMM_P09_016,2009,7,Juli,624.66
VMM_P09_016,2009,8,Augustus,31.32
VMM_P09_016,2009,9,September,55.81
VMM_P09_016,2009,10,Oktober,557.41
VMM_P09_016,2009,11,November,53.52
VMM_P09_016,2009,12,December,27.02
VMM_P09_016,2010,1,Januari,9.99
VMM_P09_016,2010,2,Februari,20.79
VMM_P09_016,2010,3,Maart,29.49
VMM_P09_016,2010,4,April,44.35
VMM_P09_016,2010,5,Mei,40.16
VMM_P09_016,2010,6,Juni,19.98
VMM_P09_016,2010,7,Juli,542.13
VMM_P09_016,2010,8,Augustus,226.95
VMM_P09_016,2010,9,September,58.39
VMM_P09_016,2010,10,Oktober,30.82
VMM_P09_016,2010,11,November,350.48
VMM_P09_016,2010,12,December,19.71
VMM_P09_016,2011,1,Januari,28.91
VMM_P09_016,2011,2,Februari,15.83
VMM_P09_016,2011,3,Maart,10.88
VMM_P09_016,2011,4,April,8.35
VMM_P09_016,2011,5,Mei,11.79
VMM_P09_016,2011,6,Juni,385.88
VMM_P09_016,2011,7,Juli,36.13
VMM_P09_016,2011,8,Augustus,712.87
VMM_P09_016,2011,9,September,73.97
VMM_P09_016,2011,10,Oktober,14.9
VMM_P09_016,2011,11,November,3.65
VMM_P09_016,2011,12,December,81.23
VMM_P09_016,2012,1,Januari,110.92
VMM_P09_016,2012,2,Februari,4.77
VMM_P09_016,2012,3,Maart,5.39
VMM_P09_016,2012,4,April,52.67
VMM_P09_016,2012,5,Mei,15.76
VMM_P09_016,2012,6,Juni,187.87
VMM_P09_016,2012,7,Juli,93.89
VMM_P09_016,2012,8,Augustus,87.2
VMM_P09_016,2012,9,September,37.74
VMM_P09_016,2012,10,Oktober,76.63
VMM_P09_016,2012,11,November,13.08
VMM_P09_016,2012,12,December,45.03
VMM_P09_016,2013,1,Januari,6.98
VMM_P09_016,2013,2,Februari,8.8
VMM_P09_016,2013,3,Maart,4.5
VMM_P09_016,2013,4,April,5.35
VMM_P09_016,2013,5,Mei,78.04
VMM_P09_016,2013,6,Juni,41.64
VMM_P09_016,2013,7,Juli,113.95
VMM_P09_016,2013,8,Augustus,4.69
VMM_P09_016,2013,9,September,23.57
VMM_P09_016,2013,10,Oktober,176.96
VMM_P09_016,2013,11,November,60.68
VMM_P09_016,2013,12,December,45.08
VMM_P09_016,2015,1,Januari,68.64
VMM_P09_016,2015,2,Februari,7.47
VMM_P09_016,2015,3,Maart,72.01
VMM_P09_016,2015,4,April,13.65
VMM_P09_016,2015,5,Mei,122.76
VMM_P09_016,2015,6,Juni,34.28
VMM_P09_016,2015,7,Juli,38.03
VMM_P09_016,2015,8,Augustus,1120.05
VMM_P09_016,2015,9,September,242.58
VMM_P09_016,2015,10,Oktober,9.18
VMM_P09_016,2015,11,November,47.99
VMM_P09_016,2015,12,December,8.42
VMM_P09_016,2016,1,Januari,59.07
VMM_P09_016,2016,2,Februari,57.04
VMM_P09_016,2016,3,Maart,34.54
VMM_P09_016,2016,4,April,34.43
VMM_P09_016,2016,5,Mei,565.25
VMM_P09_016,2016,6,Juni,539.59
VMM_P09_016,2016,7,Juli,416.22
VMM_P09_016,2016,8,Augustus,47.09
VMM_P09_016,2016,9,September,14.34
VMM_P09_016,2016,10,Oktober,15.73
VMM_P09_016,2016,11,November,41.82
VMM_P09_016,2016,12,December,6.8
VMM_P09_016,2017,1,Januari,18.37
VMM_P09_016,2017,2,Februari,22.8
VMM_P09_016,2017,3,Maart,13.64
VMM_P09_016,2017,4,April,5.61
VMM_P09_016,2017,5,Mei,58.23
VMM_P09_016,2017,6,Juni,59.81
VMM_P09_016,2017,7,Juli,51.98
VMM_P09_016,2017,8,Augustus,294.51
VMM_P09_016,2017,9,September,46.97
VMM_P09_016,2017,10,Oktober,20.97
VMM_P09_016,2017,11,November,29.12
VMM_P09_016,2017,12,December,70.49
VMM_P09_016,2018,1,Januari,30.29
VMM_P09_016,2018,2,Februari,4.43
VMM_P09_016,2018,3,Maart,19.19
VMM_P09_016,2018,4,April,111.39
VMM_P09_016,2018,5,Mei,66.84
VMM_P09_016,2018,6,Juni,74.64
VMM_P09_016,2018,7,Juli,0.0
VMM_P09_016,2018,8,Augustus,126.61
VMM_P09_016,2018,9,September,96.24
VMM_P09_016,2018,10,Oktober,22.92
VMM_P09_016,2018,11,November,4.13
VMM_P09_016,2018,12,December,49.42
VMM_P09_016,2019,1,Januari,28.94
VMM_P09_016,2019,2,Februari,15.5
VMM_P09_016,2019,3,Maart,65.65
VMM_P09_016,2019,4,April,10.39
VMM_P09_016,2019,5,Mei,71.49
VMM_P09_016,2019,6,Juni,345.55
VMM_P09_016,2019,7,Juli,98.91
VMM_P09_016,2019,8,Augustus,77.76
VMM_P09_016,2019,9,September,68.76
VMM_P09_016,2019,10,Oktober,24.88
VMM_P09_016,2019,11,November,21.24
VMM_P09_016,2019,12,December,34.67
VMM_P09_016,2020,1,Januari,10.56
VMM_P09_016,2020,2,Februari,74.08
VMM_P09_016,2020,3,Maart,21.06
VMM_P09_016,2020,4,April,10.66
VMM_P09_016,2020,5,Mei,1.45
VMM_P09_016,2020,6,Juni,359.8
VMM_P09_016,2020,7,Juli,6.74
VMM_P09_016,2020,8,Augustus,171.74
VMM_P09_016,2020,9,September,49.27
VMM_P09_016,2020,10,Oktober,9.73
VMM_P09_016,2020,11,November,9.13
VMM_P09_016,2020,12,December,23.26
VMM_P09_016,2021,1,Januari,66.54
VMM_P09_016,2021,2,Februari,23.26
VMM_P09_016,2021,3,Maart,22.07
VMM_P09_016,2021,4,April,16.45
VMM_P09_016,2021,5,Mei,72.65
VMM_P09_016,2021,6,Juni,997.82
VMM_P09_016,2021,7,Juli,399.9
VMM_P09_016,2021,8,Augustus,132.23
VMM_P09_016,2021,9,September,70.57
VMM_P09_016,2021,10,Oktober,101.95
VMM_P09_016,2021,11,November,8.79
VMM_P09_016,2021,12,December,31.92
VMM_P09_016,2022,1,Januari,74.21
VMM_P09_016,2022,2,Februari,71.75
VMM_P09_016,2022,3,Maart,0.0
VMM_P09_016,2022,4,April,3.07
VMM_P09_016,2022,5,Mei,37.06
VMM_P09_016,2022,6,Juni,662.92
VMM_P09_016,2022,7,Juli,13.61
VMM_P09_016,2022,8,Augustus,11.34
VMM_P09_016,2022,9,September,75.47
VMM_P09_016,2022,10,Oktober,63.9
VMM_P09_016,2022,11,November,33.78
VMM_P09_016,2022,12,December,65.74
VMM_P09_016,2023,1,Januari,40.89
VMM_P09_016,2023,2,Februari,1.0
VMM_P09_016,2023,3,Maart,52.16
VMM_P09_016,2023,4,April,13.75
VMM_P09_016,2023,5,Mei,13.63
VMM_P09_016,2023,6,Juni,201.49
VMM_P09_016,2023,7,Juli,115.58
VMM_P09_016,2023,8,Augustus,109.41
VMM_P09_016,2023,9,September,231.35
VMM_P09_016,2023,10,Oktober,129.42
VMM_P09_016,2023,11,November,91.77
VMM_P09_016,2023,12,December,14.25
VMM_P09_016,2024,1,Januari,32.74
VMM_P09_016,2024,2,Februari,40.26
VMM_P09_016,2024,3,Maart,35.75
VMM_P09_016,2024,4,April,31.03
VMM_P09_016,2024,5,Mei,363.0
VMM_P09_016,2024,6,Juni,39.85
VMM_P09_016,2024,7,Juli,79.91
VMM_P09_016,2024,8,Augustus,411.39
VMM_P09_016,2024,9,September,677.72
VMM_P09_016,2024,10,Oktober,43.33
VMM_P09_016,2024,11,November,52.27
VMM_P09_016,2024,12,December,84.41
VMM_P09_025,2009,1,Januari,23.12
VMM_P09_025,2009,2,Februari,25.1
VMM_P09_025,2009,3,Maart,35.62
VMM_P09_025,2009,4,April,9.22
VMM_P09_025,2009,5,Mei,37.03
VMM_P09_025,2009,6,Juni,90.16
VMM_P09_025,2009,7,Juli,398.93
VMM_P09_025,2009,8,Augustus,56.96
VMM_P09_025,2009,9,September,26.56
VMM_P09_025,2009,10,Oktober,340.58
VMM_P09_025,2009,11,November,66.54
VMM_P09_025,2009,12,December,44.24
VMM_P09_025,2010,1,Januari,12.89
VMM_P09_025,2010,2,Februari,24.72
VMM_P09_025,2010,3,Maart,21.23
VMM_P09_025,2010,4,April,11.31
VMM_P09_025,2010,5,Mei,55.56
VMM_P09_025,2010,6,Juni,25.75
VMM_P09_025,2010,7,Juli,599.47
VMM_P09_025,2010,8,Augustus,307.82
VMM_P09_025,2010,9,September,72.94
VMM_P09_025,2010,10,Oktober,36.4
VMM_P09_025,2010,11,November,270.74
VMM_P09_025,2010,12,December,60.11
VMM_P09_025,2011,1,Januari,32.99
VMM_P09_025,2011,2,Februari,11.11
VMM_P09_025,2011,3,Maart,7.29
VMM_P09_025,2011,4,April,8.45
VMM_P09_025,2011,5,Mei,17.37
VMM_P09_025,2011,6,Juni,227.01
VMM_P09_025,2011,7,Juli,58.56
VMM_P09_025,2011,8,Augustus,733.16
VMM_P09_025,2011,9,September,41.68
VMM_P09_025,2011,10,Oktober,38.01
VMM_P09_025,2011,11,November,1.32
VMM_P09_025,2011,12,December,119.83
VMM_P09_025,2012,1,Januari,48.24
VMM_P09_025,2012,2,Februari,7.63
VMM_P09_025,2012,3,Maart,6.55
VMM_P09_025,2012,4,April,45.73
VMM_P09_025,2012,5,Mei,121.54
VMM_P09_025,2012,6,Juni,146.35
VMM_P09_025,2012,7,Juli,113.72
VMM_P09_025,2012,8,Augustus,19.23
VMM_P09_025,2012,9,September,28.7
VMM_P09_025,2012,10,Oktober,56.33
VMM_P09_025,2012,11,November,9.43
VMM_P09_025,2012,12,December,62.64
VMM_P09_025,2013,1,Januari,10.51
VMM_P09_025,2013,2,Februari,18.54
VMM_P09_025,2013,3,Maart,5.91
VMM_P09_025,2013,4,April,5.08
VMM_P09_025,2013,5,Mei,78.39
VMM_P09_025,2013,6,Juni,89.47
VMM_P09_025,2013,7,Juli,104.08
VMM_P09_025,2013,8,Augustus,6.41
VMM_P09_025,2013,9,September,27.68
VMM_P09_025,2013,10,Oktober,72.02
VMM_P09_025,2013,11,November,81.73
VMM_P09_025,2013,12,December,53.73
VMM_P09_025,2014,1,Januari,14.16
VMM_P09_025,2014,2,Februari,17.74
VMM_P09_025,2014,3,Maart,1.27
VMM_P09_025,2014,4,April,21.65
VMM_P09_025,2014,5,Mei,50.62
VMM_P09_025,2014,6,Juni,229.75
VMM_P09_025,2014,7,Juli,987.93
VMM_P09_025,2014,8,Augustus,323.49
VMM_P09_025,2014,9,September,180.01
VMM_P09_025,2014,10,Oktober,98.08
VMM_P09_025,2014,11,November,8.31
VMM_P09_025,2014,12,December,46.4
VMM_P09_025,2015,1,Januari,80.85
VMM_P09_025,2015,2,Februari,21.12
VMM_P09_025,2015,3,Maart,29.49
VMM_P09_025,2015,4,April,13.29
VMM_P09_025,2015,5,Mei,90.07
VMM_P09_025,2015,6,Juni,28.65
VMM_P09_025,2015,7,Juli,41.14
VMM_P09_025,2015,8,Augustus,245.9
VMM_P09_025,2015,9,September,81.96
VMM_P09_025,2015,10,Oktober,9.13
VMM_P09_025,2015,11,November,93.63
VMM_P09_025,2015,12,December,12.36
VMM_P09_025,2016,1,Januari,52.93
VMM_P09_025,2016,2,Februari,61.51
VMM_P09_025,2016,3,Maart,29.93
VMM_P09_025,2016,4,April,31.61
VMM_P09_025,2016,5,Mei,242.58
VMM_P09_025,2016,6,Juni,1503.87
VMM_P09_025,2016,7,Juli,39.66
VMM_P09_025,2016,8,Augustus,131.73
VMM_P09_025,2016,9,September,2.46
VMM_P09_025,2016,10,Oktober,60.99
VMM_P09_025,2016,11,November,87.06
VMM_P09_025,2016,12,December,6.3
VMM_P09_025,2017,1,Januari,18.88
VMM_P09_025,2017,2,Februari,45.44
VMM_P09_025,2017,3,Maart,32.21
VMM_P09_025,2017,4,April,8.04
VMM_P09_025,2017,5,Mei,33.4
VMM_P09_025,2017,6,Juni,16.91
VMM_P09_025,2017,7,Juli,129.64
VMM_P09_025,2017,8,Augustus,301.08
VMM_P09_025,2017,9,September,225.5
VMM_P09_025,2017,10,Oktober,24.62
VMM_P09_025,2017,11,November,31.27
VMM_P09_025,2017,12,December,104.6
VMM_P09_025,2018,1,Januari,41.58
VMM_P09_025,2018,2,Februari,3.74
VMM_P09_025,2018,3,Maart,36.03
VMM_P09_025,2018,4,April,80.13
VMM_P09_025,2018,5,Mei,77.98
VMM_P09_025,2018,6,Juni,57.83
VMM_P09_025,2018,7,Juli,0.0
VMM_P09_025,2018,8,Augustus,355.19
VMM_P09_025,2018,9,September,95.5
VMM_P09_025,2018,10,Oktober,31.99
VMM_P09_025,2018,11,November,8.95
VMM_P09_025,2018,12,December,110.09
VMM_P09_025,2019,1,Januari,17.88
VMM_P09_025,2019,2,Februari,25.78
VMM_P09_025,2019,3,Maart,118.79
VMM_P09_025,2019,4,April,7.57
VMM_P09_025,2019,5,Mei,182.27
VMM_P09_025,2019,6,Juni,199.83
VMM_P09_025,2019,7,Juli,128.9
VMM_P09_025,2019,8,Augustus,63.39
VMM_P09_025,2019,9,September,89.71
VMM_P09_025,2019,10,Oktober,67.27
VMM_P09_025,2019,11,November,30.92
VMM_P09_025,2019,12,December,45.64
VMM_P09_025,2020,1,Januari,16.0
VMM_P09_025,2020,2,Februari,125.94
VMM_P09_025,2020,3,Maart,27.81
VMM_P09_025,2020,4,April,18.69
VMM_P09_025,2020,5,Mei,17.24
VMM_P09_025,2020,6,Juni,216.53
VMM_P09_025,2020,7,Juli,41.13
VMM_P09_025,2020,8,Augustus,95.51
VMM_P09_025,2020,9,September,56.47
VMM_P09_025,2020,10,Oktober,12.32
VMM_P09_025,2020,11,November,11.31
VMM_P09_025,2020,12,December,26.1
VMM_P09_025,2021,1,Januari,68.08
VMM_P09_025,2021,2,Februari,25.82
VMM_P09_025,2021,3,Maart,39.78
VMM_P09_025,2021,4,April,19.7
VMM_P09_025,2021,5,Mei,128.87
VMM_P09_025,2021,6,Juni,857.64
VMM_P09_025,2021,7,Juli,786.02
VMM_P09_025,2021,8,Augustus,169.05
VMM_P09_025,2021,9,September,23.82
VMM_P09_025,2021,10,Oktober,82.87
VMM_P09_025,2021,11,November,8.64
VMM_P09_025,2021,12,December,49.34
VMM_P09_025,2022,1,Januari,67.44
VMM_P09_025,2022,2,Februari,63.26
VMM_P09_025,2022,3,Maart,0.0
VMM_P09_025,2022,4,April,3.42
VMM_P09_025,2022,5,Mei,36.27
VMM_P09_025,2022,6,Juni,369.24
VMM_P09_025,2022,7,Juli,4.93
VMM_P09_025,2022,8,Augustus,18.91
VMM_P09_025,2022,9,September,264.51
VMM_P09_025,2022,10,Oktober,54.72
VMM_P09_025,2022,11,November,24.12
VMM_P09_025,2022,12,December,96.23
VMM_P09_025,2023,1,Januari,39.42
VMM_P09_025,2023,2,Februari,2.15
VMM_P09_025,2023,3,Maart,57.44
VMM_P09_025,2023,4,April,19.21
VMM_P09_025,2023,5,Mei,32.94
VMM_P09_025,2023,6,Juni,246.24
VMM_P09_025,2023,7,Juli,201.11
VMM_P09_025,2023,8,Augustus,584.44
VMM_P09_025,2023,9,September,203.0
VMM_P09_025,2023,10,Oktober,130.91
VMM_P09_025,2023,11,November,82.91
VMM_P09_025,2023,12,December,51.27
VMM_P09_025,2024,1,Januari,30.77
VMM_P09_025,2024,2,Februari,58.4
VMM_P09_025,2024,3,Maart,48.91
VMM_P09_025,2024,4,April,70.62
VMM_P09_025,2024,5,Mei,759.32
VMM_P09_025,2024,6,Juni,37.94
VMM_P09_025,2024,7,Juli,60.86
VMM_P09_025,2024,8,Augustus,1129.85
VMM_P09_025,2024,9,September,101.82
VMM_P09_025,2024,10,Oktober,43.38
VMM_P09_025,2024,11,November,53.74
VMM_P09_025,2024,12,December,92.14
VMM_P09_026,2009,1,Januari,15.36
VMM_P09_026,2009,2,Februari,20.12
VMM_P09_026,2009,3,Maart,26.75
VMM_P09_026,2009,4,April,10.26
VMM_P09_026,2009,5,Mei,107.87
VMM_P09_026,2009,6,Juni,409.04
VMM_P09_026,2009,7,Juli,213.17
VMM_P09_026,2009,8,Augustus,68.9
VMM_P09_026,2009,9,September,92.23
VMM_P09_026,2009,10,Oktober,249.57
VMM_P09_026,2009,11,November,73.31
VMM_P09_026,2009,12,December,41.7
VMM_P09_026,2013,1,Januari,16.42
VMM_P09_026,2013,2,Februari,12.23
VMM_P09_026,2013,3,Maart,6.23
VMM_P09_026,2013,4,April,11.74
VMM_P09_026,2013,5,Mei,99.97
VMM_P09_026,2013,6,Juni,55.01
VMM_P09_026,2013,7,Juli,69.87
VMM_P09_026,2013,8,Augustus,10.19
VMM_P09_026,2013,9,September,22.66
VMM_P09_026,2013,10,Oktober,392.58
VMM_P09_026,2013,11,November,51.01
VMM_P09_026,2013,12,December,84.98
VMM_P09_026,2014,1,Januari,17.75
VMM_P09_026,2014,2,Februari,17.58
VMM_P09_026,2014,3,Maart,1.35
VMM_P09_026,2014,4,April,51.34
VMM_P09_026,2014,5,Mei,24.57
VMM_P09_026,2014,6,Juni,60.35
VMM_P09_026,2014,7,Juli,284.27
VMM_P09_026,2014,8,Augustus,297.14
VMM_P09_026,2014,9,September,22.39
VMM_P09_026,2014,10,Oktober,52.98
VMM_P09_026,2014,11,November,37.54
VMM_P09_026,2014,12,December,44.56
VMM_P09_026,2015,1,Januari,54.16
VMM_P09_026,2015,2,Februari,18.01
VMM_P09_026,2015,3,Maart,22.04
VMM_P09_026,2015,4,April,26.33
VMM_P09_026,2015,5,Mei,77.75
VMM_P09_026,2015,6,Juni,63.86
VMM_P09_026,2015,7,Juli,42.39
VMM_P09_026,2015,8,Augustus,522.5
VMM_P09_026,2015,9,September,52.61
VMM_P09_026,2015,10,Oktober,13.28
VMM_P09_026,2015,11,November,76.12
VMM_P09_026,2015,12,December,15.76
VMM_P09_026,2016,1,Januari,43.5
VMM_P09_026,2016,2,Februari,46.27
VMM_P09_026,2016,3,Maart,31.18
VMM_P09_026,2016,4,April,46.55
VMM_P09_026,2016,5,Mei,341.58
VMM_P09_026,2016,6,Juni,916.07
VMM_P09_026,2016,7,Juli,51.74
VMM_P09_026,2016,8,Augustus,51.19
VMM_P09_026,2016,9,September,12.98
VMM_P09_026,2016,10,Oktober,19.05
VMM_P09_026,2016,11,November,94.17
VMM_P09_026,2016,12,December,6.09
VMM_P09_026,2017,1,Januari,34.73
VMM_P09_026,2017,2,Februari,40.04
VMM_P09_026,2017,3,Maart,26.46
VMM_P09_026,2017,4,April,5.98
VMM_P09_026,2017,5,Mei,32.2
VMM_P09_026,2017,6,Juni,18.46
VMM_P09_026,2017,7,Juli,140.64
VMM_P09_026,2017,8,Augustus,135.65
VMM_P09_026,2017,9,September,86.3
VMM_P09_026,2017,10,Oktober,13.32
VMM_P09_026,2017,11,November,33.35
VMM_P09_026,2017,12,December,71.75
VMM_P09_026,2018,1,Januari,54.91
VMM_P09_026,2018,2,Februari,7.77
VMM_P09_026,2018,3,Maart,18.45
VMM_P09_026,2018,4,April,201.4
VMM_P09_026,2018,5,Mei,29.79
VMM_P09_026,2018,6,Juni,233.14
VMM_P09_026,2018,7,Juli,0.0
VMM_P09_026,2018,8,Augustus,105.49
VMM_P09_026,2018,9,September,38.98
VMM_P09_026,2018,10,Oktober,27.99
VMM_P09_026,2018,11,November,4.29
VMM_P09_026,2018,12,December,79.72
VMM_P09_026,2019,1,Januari,12.39
VMM_P09_026,2019,2,Februari,18.55
VMM_P09_026,2019,3,Maart,31.83
VMM_P09_026,2019,4,April,5.91
VMM_P09_026,2019,5,Mei,57.73
VMM_P09_026,2019,6,Juni,395.27
VMM_P09_026,2019,7,Juli,129.34
VMM_P09_026,2019,8,Augustus,24.12
VMM_P09_026,2019,9,September,96.34
VMM_P09_026,2019,10,Oktober,126.72
VMM_P09_026,2019,11,November,28.21
VMM_P09_026,2019,12,December,32.65
VMM_P09_026,2020,1,Januari,14.37
VMM_P09_026,2020,2,Februari,118.4
VMM_P09_026,2020,3,Maart,33.31
VMM_P09_026,2020,4,April,17.51
VMM_P09_026,2020,5,Mei,0.7
VMM_P09_026,2020,6,Juni,130.52
VMM_P09_026,2020,7,Juli,9.97
VMM_P09_026,2020,8,Augustus,1066.9
VMM_P09_026,2020,9,September,42.29
VMM_P09_026,2020,10,Oktober,23.4
VMM_P09_026,2020,11,November,12.14
VMM_P09_026,2020,12,December,32.66
VMM_P09_026,2021,1,Januari,59.46
VMM_P09_026,2021,2,Februari,18.46
VMM_P09_026,2021,3,Maart,30.89
VMM_P09_026,2021,4,April,15.59
VMM_P09_026,2021,5,Mei,103.67
VMM_P09_026,2021,6,Juni,614.3
VMM_P09_026,2021,7,Juli,769.9
VMM_P09_026,2021,8,Augustus,139.87
VMM_P09_026,2021,9,September,9.96
VMM_P09_026,2021,10,Oktober,118.59
VMM_P09_026,2021,11,November,6.84
VMM_P09_026,2021,12,December,21.04
VMM_P09_026,2022,1,Januari,60.72
VMM_P09_026,2022,2,Februari,55.4
VMM_P09_026,2022,3,Maart,0.06
VMM_P09_026,2022,4,April,15.53
VMM_P09_026,2022,5,Mei,151.07
VMM_P09_026,2022,6,Juni,616.19
VMM_P09_026,2022,7,Juli,4.96
VMM_P09_026,2022,8,Augustus,46.03
VMM_P09_026,2022,9,September,93.77
VMM_P09_026,2022,10,Oktober,57.66
VMM_P09_026,2022,11,November,25.4
VMM_P09_026,2022,12,December,66.17
VMM_P09_026,2023,1,Januari,33.56
VMM_P09_026,2023,2,Februari,0.28
VMM_P09_026,2023,3,Maart,84.21
VMM_P09_026,2023,4,April,22.29
VMM_P09_026,2023,5,Mei,30.0
VMM_P09_026,2023,6,Juni,131.6
VMM_P09_026,2023,7,Juli,423.97
VMM_P09_026,2023,8,Augustus,612.11
VMM_P09_026,2023,9,September,231.16
VMM_P09_026,2023,10,Oktober,103.05
VMM_P09_026,2023,11,November,57.87
VMM_P09_026,2023,12,December,22.22
VMM_P09_026,2024,1,Januari,30.25
VMM_P09_026,2024,2,Februari,48.94
VMM_P09_026,2024,3,Maart,39.25
VMM_P09_026,2024,4,April,62.33
VMM_P09_026,2024,5,Mei,383.97
VMM_P09_026,2024,6,Juni,83.85
VMM_P09_026,2024,7,Juli,245.39
VMM_P09_026,2024,8,Augustus,89.2
VMM_P09_026,2024,9,September,388.64
VMM_P09_026,2024,10,Oktober,51.69
VMM_P09_026,2024,11,November,74.8
VMM_P09_026,2024,12,December,76.22
VMM_P09_032,2009,1,Januari,19.42
VMM_P09_032,2009,2,Februari,14.81
VMM_P09_032,2009,3,Maart,46.07
VMM_P09_032,2009,4,April,17.06
VMM_P09_032,2009,5,Mei,108.33
VMM_P09_032,2009,6,Juni,87.65
VMM_P09_032,2009,7,Juli,186.61
VMM_P09_032,2009,8,Augustus,38.1
VMM_P09_032,2009,9,September,66.44
VMM_P09_032,2009,10,Oktober,122.89
VMM_P09_032,2009,11,November,66.61
VMM_P09_032,2009,12,December,38.27
VMM_P09_032,2010,1,Januari,9.52
VMM_P09_032,2010,2,Februari,27.92
VMM_P09_032,2010,3,Maart,20.65
VMM_P09_032,2010,4,April,18.29
VMM_P09_032,2010,5,Mei,136.83
VMM_P09_032,2010,6,Juni,4.83
VMM_P09_032,2010,7,Juli,252.1
VMM_P09_032,2010,8,Augustus,153.88
VMM_P09_032,2010,9,September,56.34
VMM_P09_032,2010,10,Oktober,16.98
VMM_P09_032,2010,11,November,96.01
VMM_P09_032,2010,12,December,17.67
VMM_P09_032,2011,1,Januari,37.5
VMM_P09_032,2011,2,Februari,7.9
VMM_P09_032,2011,3,Maart,3.98
VMM_P09_032,2011,4,April,10.33
VMM_P09_032,2011,5,Mei,4.78
VMM_P09_032,2011,6,Juni,266.6
VMM_P09_032,2011,7,Juli,27.5
VMM_P09_032,2011,8,Augustus,1613.77
VMM_P09_032,2011,9,September,110.59
VMM_P09_032,2011,10,Oktober,25.43
VMM_P09_032,2011,11,November,1.16
VMM_P09_032,2011,12,December,84.15
VMM_P09_032,2012,1,Januari,32.93
VMM_P09_032,2012,2,Februari,116.63
VMM_P09_032,2012,3,Maart,2.77
VMM_P09_032,2012,4,April,90.87
VMM_P09_032,2012,5,Mei,47.35
VMM_P09_032,2012,6,Juni,237.58
VMM_P09_032,2012,7,Juli,188.25
VMM_P09_032,2012,8,Augustus,151.41
VMM_P09_032,2012,9,September,14.86
VMM_P09_032,2012,10,Oktober,163.34
VMM_P09_032,2012,11,November,7.51
VMM_P09_032,2012,12,December,56.82
VMM_P09_032,2013,1,Januari,35.9
VMM_P09_032,2013,2,Februari,14.03
VMM_P09_032,2013,3,Maart,7.15
VMM_P09_032,2013,4,April,7.47
VMM_P09_032,2013,5,Mei,122.74
VMM_P09_032,2013,6,Juni,35.69
VMM_P09_032,2013,7,Juli,78.43
VMM_P09_032,2013,8,Augustus,10.21
VMM_P09_032,2013,9,September,18.26
VMM_P09_032,2013,10,Oktober,95.6
VMM_P09_032,2013,11,November,101.78
VMM_P09_032,2013,12,December,79.26
VMM_P09_032,2014,1,Januari,23.64
VMM_P09_032,2014,2,Februari,13.55
VMM_P09_032,2014,3,Maart,0.96
VMM_P09_032,2014,4,April,17.37
VMM_P09_032,2014,5,Mei,54.67
VMM_P09_032,2014,6,Juni,79.46
VMM_P09_032,2014,7,Juli,665.82
VMM_P09_032,2014,8,Augustus,608.1
VMM_P09_032,2014,9,September,268.51
VMM_P09_032,2014,10,Oktober,60.57
VMM_P09_032,2014,11,November,15.68
VMM_P09_032,2014,12,December,41.56
VMM_P09_032,2015,1,Januari,53.75
VMM_P09_032,2015,2,Februari,11.11
VMM_P09_032,2015,3,Maart,23.85
VMM_P09_032,2015,4,April,7.92
VMM_P09_032,2015,5,Mei,90.36
VMM_P09_032,2015,6,Juni,27.37
VMM_P09_032,2015,7,Juli,42.66
VMM_P09_032,2015,8,Augustus,770.88
VMM_P09_032,2015,9,September,139.72
VMM_P09_032,2015,10,Oktober,12.96
VMM_P09_032,2015,11,November,79.23
VMM_P09_032,2015,12,December,9.41
VMM_P09_032,2017,1,Januari,20.71
VMM_P09_032,2017,2,Februari,37.56
VMM_P09_032,2017,3,Maart,17.31
VMM_P09_032,2017,4,April,17.23
VMM_P09_032,2017,5,Mei,14.6
VMM_P09_032,2017,6,Juni,19.75
VMM_P09_032,2017,7,Juli,38.05
VMM_P09_032,2017,8,Augustus,83.15
VMM_P09_032,2017,9,September,46.63
VMM_P09_032,2017,10,Oktober,17.45
VMM_P09_032,2017,11,November,32.44
VMM_P09_032,2017,12,December,68.43
VMM_P09_032,2018,1,Januari,46.5
VMM_P09_032,2018,2,Februari,5.33
VMM_P09_032,2018,3,Maart,18.03
VMM_P09_032,2018,4,April,204.08
VMM_P09_032,2018,5,Mei,12.9
VMM_P09_032,2018,6,Juni,140.4
VMM_P09_032,2018,7,Juli,27.78
VMM_P09_032,2018,8,Augustus,269.09
VMM_P09_032,2018,9,September,31.64
VMM_P09_032,2018,10,Oktober,39.96
VMM_P09_032,2018,11,November,5.28
VMM_P09_032,2018,12,December,66.92
VMM_P09_032,2019,1,Januari,16.91
VMM_P09_032,2019,2,Februari,26.78
VMM_P09_032,2019,3,Maart,43.14
VMM_P09_032,2019,4,April,19.14
VMM_P09_032,2019,5,Mei,127.7
VMM_P09_032,2019,6,Juni,55.36
VMM_P09_032,2019,7,Juli,681.62
VMM_P09_032,2019,8,Augustus,44.98
VMM_P09_032,2019,9,September,96.87
VMM_P09_032,2019,10,Oktober,26.74
VMM_P09_032,2019,11,November,10.7
VMM_P09_032,2019,12,December,49.36
VMM_P09_032,2020,1,Januari,11.93
VMM_P09_032,2020,2,Februari,129.11
VMM_P09_032,2020,3,Maart,24.43
VMM_P09_032,2020,4,April,2.45
VMM_P09_032,2020,5,Mei,24.35
VMM_P09_032,2020,6,Juni,58.83
VMM_P09_032,2020,7,Juli,7.47
VMM_P09_032,2020,8,Augustus,2971.26
VMM_P09_032,2020,9,September,79.55
VMM_P09_032,2020,10,Oktober,11.84
VMM_P09_032,2020,11,November,15.75
VMM_P09_032,2020,12,December,38.5
VMM_P09_032,2021,1,Januari,56.78
VMM_P09_032,2021,2,Februari,22.7
VMM_P09_032,2021,3,Maart,38.52
VMM_P09_032,2021,4,April,17.05
VMM_P09_032,2021,5,Mei,46.9
VMM_P09_032,2021,6,Juni,672.19
VMM_P09_032,2021,7,Juli,587.6
VMM_P09_032,2021,8,Augustus,290.18
VMM_P09_032,2021,9,September,13.37
VMM_P09_032,2021,10,Oktober,103.08
VMM_P09_032,2021,11,November,9.36
VMM_P09_032,2021,12,December,14.34
VMM_P09_032,2022,1,Januari,42.31
VMM_P09_032,2022,2,Februari,37.47
VMM_P09_032,2022,3,Maart,0.14
VMM_P09_032,2022,4,April,21.31
VMM_P09_032,2022,5,Mei,157.6
VMM_P09_032,2022,6,Juni,148.92
VMM_P09_032,2022,7,Juli,2.56
VMM_P09_032,2022,8,Augustus,35.18
VMM_P09_032,2022,9,September,93.29
VMM_P09_032,2022,10,Oktober,71.56
VMM_P09_032,2022,11,November,76.51
VMM_P09_032,2022,12,December,65.73
VMM_P09_032,2023,1,Januari,38.78
VMM_P09_032,2023,2,Februari,0.25
VMM_P09_032,2023,3,Maart,57.38
VMM_P09_032,2023,4,April,15.57
VMM_P09_032,2023,5,Mei,22.33
VMM_P09_032,2023,6,Juni,186.15
VMM_P09_032,2023,7,Juli,177.83
VMM_P09_032,2023,8,Augustus,793.42
VMM_P09_032,2023,9,September,91.29
VMM_P09_032,2023,10,Oktober,67.72
VMM_P09_032,2023,11,November,75.5
VMM_P09_032,2023,12,December,14.75
VMM_P09_032,2024,1,Januari,45.83
VMM_P09_032,2024,2,Februari,45.03
VMM_P09_032,2024,3,Maart,33.52
VMM_P09_032,2024,4,April,80.37
VMM_P09_032,2024,5,Mei,248.97
VMM_P09_032,2024,6,Juni,49.39
VMM_P09_032,2024,7,Juli,170.05
VMM_P09_032,2024,8,Augustus,322.09
VMM_P09_032,2024,9,September,289.57
VMM_P09_032,2024,10,Oktober,53.3
VMM_P09_032,2024,11,November,68.8
VMM_P09_032,2024,12,December,51.7
VMM_P09_034,2009,1,Januari,17.68
VMM_P09_034,2009,2,Februari,16.83
VMM_P09_034,2009,3,Maart,31.64
VMM_P09_034,2009,4,April,6.4
VMM_P09_034,2009,5,Mei,133.82
VMM_P09_034,2009,6,Juni,123.16
VMM_P09_034,2009,7,Juli,116.92
VMM_P09_034,2009,8,Augustus,122.62
VMM_P09_034,2009,9,September,36.42
VMM_P09_034,2009,10,Oktober,16.99
VMM_P09_034,2009,11,November,73.33
VMM_P09_034,2009,12,December,36.31
VMM_P09_034,2010,1,Januari,11.54
VMM_P09_034,2010,2,Februari,20.9
VMM_P09_034,2010,3,Maart,88.19
VMM_P09_034,2010,4,April,6.19
VMM_P09_034,2010,5,Mei,75.23
VMM_P09_034,2010,6,Juni,5.49
VMM_P09_034,2010,7,Juli,345.34
VMM_P09_034,2010,8,Augustus,224.11
VMM_P09_034,2010,9,September,92.56
VMM_P09_034,2010,10,Oktober,43.56
VMM_P09_034,2010,11,November,218.5
VMM_P09_034,2010,12,December,18.16
VMM_P09_034,2011,1,Januari,15.01
VMM_P09_034,2011,2,Februari,9.12
VMM_P09_034,2011,3,Maart,6.08
VMM_P09_034,2011,4,April,8.44
VMM_P09_034,2011,5,Mei,22.85
VMM_P09_034,2011,6,Juni,227.79
VMM_P09_034,2011,7,Juli,59.42
VMM_P09_034,2011,8,Augustus,1204.36
VMM_P09_034,2011,9,September,34.32
VMM_P09_034,2011,10,Oktober,25.09
VMM_P09_034,2011,11,November,7.86
VMM_P09_034,2011,12,December,61.58
VMM_P09_034,2013,1,Januari,10.94
VMM_P09_034,2013,2,Februari,22.16
VMM_P09_034,2013,3,Maart,5.37
VMM_P09_034,2013,4,April,6.75
VMM_P09_034,2013,5,Mei,129.22
VMM_P09_034,2013,6,Juni,59.2
VMM_P09_034,2013,7,Juli,778.9
VMM_P09_034,2013,8,Augustus,15.55
VMM_P09_034,2013,9,September,39.53
VMM_P09_034,2013,10,Oktober,54.16
VMM_P09_034,2013,11,November,65.99
VMM_P09_034,2013,12,December,31.82
VMM_P09_034,2014,1,Januari,27.12
VMM_P09_034,2014,2,Februari,19.74
VMM_P09_034,2014,3,Maart,3.78
VMM_P09_034,2014,4,April,193.28
VMM_P09_034,2014,5,Mei,98.26
VMM_P09_034,2014,6,Juni,73.58
VMM_P09_034,2014,7,Juli,1229.22
VMM_P09_034,2014,8,Augustus,418.22
VMM_P09_034,2014,9,September,25.3
VMM_P09_034,2014,10,Oktober,28.76
VMM_P09_034,2014,11,November,34.61
VMM_P09_034,2014,12,December,79.77
VMM_P09_034,2015,1,Januari,67.71
VMM_P09_034,2015,2,Februari,14.76
VMM_P09_034,2015,3,Maart,36.13
VMM_P09_034,2015,4,April,5.1
VMM_P09_034,2015,5,Mei,98.75
VMM_P09_034,2015,6,Juni,32.85
VMM_P09_034,2015,7,Juli,54.66
VMM_P09_034,2015,8,Augustus,430.74
VMM_P09_034,2015,9,September,82.74
VMM_P09_034,2015,10,Oktober,5.17
VMM_P09_034,2015,11,November,100.8
VMM_P09_034,2015,12,December,21.99
VMM_P09_034,2016,1,Januari,65.95
VMM_P09_034,2016,2,Februari,65.49
VMM_P09_034,2016,3,Maart,33.66
VMM_P09_034,2016,4,April,73.0
VMM_P09_034,2016,5,Mei,180.94
VMM_P09_034,2016,6,Juni,522.69
VMM_P09_034,2016,7,Juli,69.31
VMM_P09_034,2016,8,Augustus,57.77
VMM_P09_034,2016,9,September,1.67
VMM_P09_034,2016,10,Oktober,22.77
VMM_P09_034,2016,11,November,51.2
VMM_P09_034,2016,12,December,5.08
VMM_P09_034,2017,1,Januari,18.53
VMM_P09_034,2017,2,Februari,32.51
VMM_P09_034,2017,3,Maart,21.34
VMM_P09_034,2017,4,April,7.98
VMM_P09_034,2017,5,Mei,89.77
VMM_P09_034,2017,6,Juni,61.94
VMM_P09_034,2017,7,Juli,106.79
VMM_P09_034,2017,8,Augustus,185.83
VMM_P09_034,2017,9,September,121.6
VMM_P09_034,2017,10,Oktober,17.36
VMM_P09_034,2017,11,November,24.34
VMM_P09_034,2017,12,December,71.91
VMM_P09_034,2018,1,Januari,61.07
VMM_P09_034,2018,2,Februari,5.41
VMM_P09_034,2018,3,Maart,49.53
VMM_P09_034,2018,4,April,171.77
VMM_P09_034,2018,5,Mei,49.1
VMM_P09_034,2018,6,Juni,107.62
VMM_P09_034,2018,7,Juli,4.43
VMM_P09_034,2018,8,Augustus,221.53
VMM_P09_034,2018,9,September,311.81
VMM_P09_034,2018,10,Oktober,28.08
VMM_P09_034,2018,11,November,16.16
VMM_P09_034,2018,12,December,97.99
VMM_P09_034,2019,1,Januari,23.29
VMM_P09_034,2019,2,Februari,16.38
VMM_P09_034,2019,3,Maart,96.21
VMM_P09_034,2019,4,April,9.98
VMM_P09_034,2019,5,Mei,29.12
VMM_P09_034,2019,6,Juni,164.12
VMM_P09_034,2019,7,Juli,261.64
VMM_P09_034,2019,8,Augustus,156.55
VMM_P09_034,2019,9,September,177.66
VMM_P09_034,2019,10,Oktober,25.92
VMM_P09_034,2019,11,November,34.83
VMM_P09_034,2019,12,December,36.24
VMM_P09_034,2020,1,Januari,16.1
VMM_P09_034,2020,2,Februari,95.6
VMM_P09_034,2020,3,Maart,27.91
VMM_P09_034,2020,4,April,21.54
VMM_P09_034,2020,5,Mei,3.5
VMM_P09_034,2020,6,Juni,240.01
VMM_P09_034,2020,7,Juli,11.76
VMM_P09_034,2020,8,Augustus,29.94
VMM_P09_034,2020,9,September,51.42
VMM_P09_034,2020,10,Oktober,47.57
VMM_P09_034,2020,11,November,19.07
VMM_P09_034,2020,12,December,31.03
VMM_P09_034,2022,1,Januari,44.83
VMM_P09_034,2022,2,Februari,60.7
VMM_P09_034,2022,3,Maart,0.0
VMM_P09_034,2022,4,April,13.47
VMM_P09_034,2022,5,Mei,312.21
VMM_P09_034,2022,6,Juni,308.12
VMM_P09_034,2022,7,Juli,6.09
VMM_P09_034,2022,8,Augustus,57.53
VMM_P09_034,2022,9,September,242.34
VMM_P09_034,2022,10,Oktober,6.93
VMM_P09_034,2022,11,November,34.88
VMM_P09_034,2022,12,December,143.06
VMM_P09_034,2023,1,Januari,50.22
VMM_P09_034,2023,2,Februari,0.81
VMM_P09_034,2023,3,Maart,57.31
VMM_P09_034,2023,4,April,14.25
VMM_P09_034,2023,5,Mei,59.85
VMM_P09_034,2023,6,Juni,66.31
VMM_P09_034,2023,7,Juli,135.96
VMM_P09_034,2023,8,Augustus,471.52
VMM_P09_034,2023,9,September,69.79
VMM_P09_034,2023,10,Oktober,168.43
VMM_P09_034,2023,11,November,83.6
VMM_P09_034,2023,12,December,29.47
VMM_P09_034,2024,1,Januari,119.85
VMM_P09_034,2024,2,Februari,44.16
VMM_P09_034,2024,3,Maart,66.04
VMM_P09_034,2024,4,April,33.85
VMM_P09_034,2024,5,Mei,148.53
VMM_P09_034,2024,6,Juni,28.38
VMM_P09_034,2024,7,Juli,313.09
VMM_P09_034,2024,8,Augustus,53.74
VMM_P09_034,2024,9,September,113.01
VMM_P09_034,2024,10,Oktober,58.51
VMM_P09_034,2024,11,November,61.04
VMM_P09_034,2024,12,December,82.96
VMM_P09_035,2009,1,Januari,533.42
VMM_P09_035,2009,2,Februari,24.96
VMM_P09_035,2009,3,Maart,36.31
VMM_P09_035,2009,4,April,25.99
VMM_P09_035,2009,5,Mei,66.4
VMM_P09_035,2009,6,Juni,329.36
VMM_P09_035,2009,7,Juli,216.34
VMM_P09_035,2009,8,Augustus,45.04
VMM_P09_035,2009,9,September,15.93
VMM_P09_035,2009,10,Oktober,365.68
VMM_P09_035,2009,11,November,87.84
VMM_P09_035,2009,12,December,33.33
VMM_P09_035,2011,1,Januari,14.85
VMM_P09_035,2011,2,Februari,11.3
VMM_P09_035,2011,3,Maart,5.69
VMM_P09_035,2011,4,April,1.81
VMM_P09_035,2011,5,Mei,14.87
VMM_P09_035,2011,6,Juni,145.84
VMM_P09_035,2011,7,Juli,46.48
VMM_P09_035,2011,8,Augustus,1677.38
VMM_P09_035,2011,9,September,2.25
VMM_P09_035,2011,10,Oktober,22.21
VMM_P09_035,2011,11,November,0.0
VMM_P09_035,2011,12,December,73.49
VMM_P09_035,2014,1,Januari,16.17
VMM_P09_035,2014,2,Februari,9.9
VMM_P09_035,2014,3,Maart,1.42
VMM_P09_035,2014,4,April,50.64
VMM_P09_035,2014,5,Mei,86.03
VMM_P09_035,2014,6,Juni,230.65
VMM_P09_035,2014,7,Juli,636.05
VMM_P09_035,2014,8,Augustus,326.14
VMM_P09_035,2014,9,September,114.94
VMM_P09_035,2014,10,Oktober,30.16
VMM_P09_035,2014,11,November,9.21
VMM_P09_035,2014,12,December,53.2
VMM_P09_035,2019,1,Januari,21.47
VMM_P09_035,2019,2,Februari,22.5
VMM_P09_035,2019,3,Maart,94.02
VMM_P09_035,2019,4,April,6.27
VMM_P09_035,2019,5,Mei,26.97
VMM_P09_035,2019,6,Juni,726.96
VMM_P09_035,2019,7,Juli,41.18
VMM_P09_035,2019,8,Augustus,250.41
VMM_P09_035,2019,9,September,199.45
VMM_P09_035,2019,10,Oktober,48.06
VMM_P09_035,2019,11,November,22.55
VMM_P09_035,2019,12,December,39.01
VMM_P09_035,2020,1,Januari,17.52
VMM_P09_035,2020,2,Februari,113.81
VMM_P09_035,2020,3,Maart,69.43
VMM_P09_035,2020,4,April,23.11
VMM_P09_035,2020,5,Mei,7.06
VMM_P09_035,2020,6,Juni,224.38
VMM_P09_035,2020,7,Juli,10.27
VMM_P09_035,2020,8,Augustus,607.78
VMM_P09_035,2020,9,September,43.36
VMM_P09_035,2020,10,Oktober,36.62
VMM_P09_035,2020,11,November,12.96
VMM_P09_035,2020,12,December,23.07
VMM_P09_035,2021,1,Januari,74.49
VMM_P09_035,2021,2,Februari,32.29
VMM_P09_035,2021,3,Maart,37.86
VMM_P09_035,2021,4,April,18.7
VMM_P09_035,2021,5,Mei,126.12
VMM_P09_035,2021,6,Juni,905.31
VMM_P09_035,2021,7,Juli,656.98
VMM_P09_035,2021,8,Augustus,322.93
VMM_P09_035,2021,9,September,14.87
VMM_P09_035,2021,10,Oktober,121.84
VMM_P09_035,2021,11,November,4.42
VMM_P09_035,2021,12,December,23.2
VMM_P09_035,2022,1,Januari,79.86
VMM_P09_035,2022,2,Februari,143.29
VMM_P09_035,2022,3,Maart,0.31
VMM_P09_035,2022,4,April,15.17
VMM_P09_035,2022,5,Mei,426.88
VMM_P09_035,2022,6,Juni,363.01
VMM_P09_035,2022,7,Juli,8.77
VMM_P09_035,2022,8,Augustus,10.81
VMM_P09_035,2022,9,September,191.03
VMM_P09_035,2022,10,Oktober,33.93
VMM_P09_035,2022,11,November,32.58
VMM_P09_035,2022,12,December,54.15
VMM_P09_035,2023,1,Januari,52.22
VMM_P09_035,2023,2,Februari,1.12
VMM_P09_035,2023,3,Maart,103.69
VMM_P09_035,2023,4,April,30.71
VMM_P09_035,2023,5,Mei,84.36
VMM_P09_035,2023,6,Juni,305.41
VMM_P09_035,2023,7,Juli,217.06
VMM_P09_035,2023,8,Augustus,562.43
VMM_P09_035,2023,9,September,506.34
VMM_P09_035,2023,10,Oktober,71.74
VMM_P09_035,2023,11,November,88.02
VMM_P09_035,2023,12,December,33.38
VMM_P09_035,2024,1,Januari,82.03
VMM_P09_035,2024,2,Februari,64.72
VMM_P09_035,2024,3,Maart,27.89
VMM_P09_035,2024,4,April,85.17
VMM_P09_035,2024,5,Mei,642.59
VMM_P09_035,2024,6,Juni,148.58
VMM_P09_035,2024,7,Juli,96.4
VMM_P09_035,2024,8,Augustus,274.18
VMM_P09_035,2024,9,September,59.1
VMM_P09_035,2024,10,Oktober,56.3
VMM_P09_035,2024,11,November,80.0
VMM_P09_035,2024,12,December,94.7
VMM_P10_011,2005,1,Januari,27.26
VMM_P10_011,2005,2,Februari,18.38
VMM_P10_011,2005,3,Maart,11.01
VMM_P10_011,2005,4,April,37.06
VMM_P10_011,2005,5,Mei,130.16
VMM_P10_011,2005,6,Juni,121.34
VMM_P10_011,2005,7,Juli,195.78
VMM_P10_011,2005,8,Augustus,45.51
VMM_P10_011,2005,9,September,199.23
VMM_P10_011,2005,10,Oktober,18.2
VMM_P10_011,2005,11,November,35.39
VMM_P10_011,2005,12,December,17.1
VMM_P10_011,2006,1,Januari,7.94
VMM_P10_011,2006,2,Februari,52.92
VMM_P10_011,2006,3,Maart,43.43
VMM_P10_011,2006,4,April,14.91
VMM_P10_011,2006,5,Mei,48.38
VMM_P10_011,2006,6,Juni,88.5
VMM_P10_011,2006,7,Juli,186.77
VMM_P10_011,2006,8,Augustus,729.15
VMM_P10_011,2006,9,September,49.98
VMM_P10_011,2006,10,Oktober,52.19
VMM_P10_011,2006,11,November,27.19
VMM_P10_011,2006,12,December,40.71
VMM_P10_011,2007,1,Januari,120.73
VMM_P10_011,2007,2,Februari,55.42
VMM_P10_011,2007,3,Maart,21.92
VMM_P10_011,2007,4,April,0.0
VMM_P10_011,2007,5,Mei,189.3
VMM_P10_011,2007,6,Juni,340.42
VMM_P10_011,2007,7,Juli,216.18
VMM_P10_011,2007,8,Augustus,111.27
VMM_P10_011,2007,9,September,17.53
VMM_P10_011,2007,10,Oktober,63.94
VMM_P10_011,2007,11,November,58.86
VMM_P10_011,2007,12,December,42.23
VMM_P10_011,2008,1,Januari,11.27
VMM_P10_011,2008,2,Februari,15.71
VMM_P10_011,2008,3,Maart,41.65
VMM_P10_011,2008,4,April,40.53
VMM_P10_011,2008,5,Mei,89.0
VMM_P10_011,2008,6,Juni,293.04
VMM_P10_011,2008,7,Juli,327.24
VMM_P10_011,2008,8,Augustus,78.07
VMM_P10_011,2008,9,September,107.54
VMM_P10_011,2008,10,Oktober,33.44
VMM_P10_011,2008,11,November,43.8
VMM_P10_011,2008,12,December,6.95
VMM_P10_011,2009,1,Januari,30.43
VMM_P10_011,2009,2,Februari,18.54
VMM_P10_011,2009,3,Maart,30.76
VMM_P10_011,2009,4,April,23.84
VMM_P10_011,2009,5,Mei,146.94
VMM_P10_011,2009,6,Juni,32.02
VMM_P10_011,2009,7,Juli,308.96
VMM_P10_011,2009,8,Augustus,34.64
VMM_P10_011,2009,9,September,12.13
VMM_P10_011,2009,10,Oktober,127.15
VMM_P10_011,2009,11,November,90.52
VMM_P10_011,2009,12,December,29.02
VMM_P10_011,2011,1,Januari,27.75
VMM_P10_011,2011,2,Februari,15.02
VMM_P10_011,2011,3,Maart,9.62
VMM_P10_011,2011,4,April,4.49
VMM_P10_011,2011,5,Mei,4.7
VMM_P10_011,2011,6,Juni,182.56
VMM_P10_011,2011,7,Juli,52.84
VMM_P10_011,2011,8,Augustus,813.0
VMM_P10_011,2011,9,September,111.52
VMM_P10_011,2011,10,Oktober,32.71
VMM_P10_011,2011,11,November,0.96
VMM_P10_011,2011,12,December,96.3
VMM_P10_011,2012,1,Januari,59.21
VMM_P10_011,2012,2,Februari,9.84
VMM_P10_011,2012,3,Maart,5.94
VMM_P10_011,2012,4,April,46.99
VMM_P10_011,2012,5,Mei,9.46
VMM_P10_011,2012,6,Juni,397.3
VMM_P10_011,2012,7,Juli,294.45
VMM_P10_011,2012,8,Augustus,92.41
VMM_P10_011,2012,9,September,128.41
VMM_P10_011,2012,10,Oktober,52.65
VMM_P10_011,2012,11,November,8.65
VMM_P10_011,2012,12,December,121.59
VMM_P10_011,2013,1,Januari,25.04
VMM_P10_011,2013,2,Februari,20.73
VMM_P10_011,2013,3,Maart,20.66
VMM_P10_011,2013,4,April,40.72
VMM_P10_011,2013,5,Mei,71.85
VMM_P10_011,2013,6,Juni,34.38
VMM_P10_011,2013,7,Juli,542.91
VMM_P10_011,2013,8,Augustus,20.46
VMM_P10_011,2013,9,September,76.2
VMM_P10_011,2013,10,Oktober,81.76
VMM_P10_011,2013,11,November,45.8
VMM_P10_011,2013,12,December,65.89
VMM_P10_011,2014,1,Januari,27.9
VMM_P10_011,2014,2,Februari,17.78
VMM_P10_011,2014,3,Maart,4.44
VMM_P10_011,2014,4,April,41.95
VMM_P10_011,2014,5,Mei,279.49
VMM_P10_011,2014,6,Juni,298.79
VMM_P10_011,2014,7,Juli,314.68
VMM_P10_011,2014,8,Augustus,219.3
VMM_P10_011,2014,9,September,23.72
VMM_P10_011,2014,10,Oktober,46.52
VMM_P10_011,2014,11,November,58.86
VMM_P10_011,2014,12,December,65.17
VMM_P10_011,2016,1,Januari,129.21
VMM_P10_011,2016,2,Februari,73.18
VMM_P10_011,2016,3,Maart,25.67
VMM_P10_011,2016,4,April,83.17
VMM_P10_011,2016,5,Mei,535.09
VMM_P10_011,2016,6,Juni,1134.3
VMM_P10_011,2016,7,Juli,101.31
VMM_P10_011,2016,8,Augustus,127.56
VMM_P10_011,2016,9,September,17.45
VMM_P10_011,2016,10,Oktober,35.65
VMM_P10_011,2016,11,November,101.73
VMM_P10_011,2016,12,December,5.95
VMM_P10_011,2017,1,Januari,23.04
VMM_P10_011,2017,2,Februari,19.98
VMM_P10_011,2017,3,Maart,12.76
VMM_P10_011,2017,4,April,21.22
VMM_P10_011,2017,5,Mei,14.64
VMM_P10_011,2017,6,Juni,26.2
VMM_P10_011,2017,7,Juli,241.2
VMM_P10_011,2017,8,Augustus,93.59
VMM_P10_011,2017,9,September,181.79
VMM_P10_011,2017,10,Oktober,20.5
VMM_P10_011,2017,11,November,51.99
VMM_P10_011,2017,12,December,122.46
VMM_P10_011,2018,1,Januari,30.19
VMM_P10_011,2018,2,Februari,9.96
VMM_P10_011,2018,3,Maart,25.99
VMM_P10_011,2018,4,April,145.76
VMM_P10_011,2018,5,Mei,128.39
VMM_P10_011,2018,6,Juni,29.47
VMM_P10_011,2018,7,Juli,0.5
VMM_P10_011,2018,8,Augustus,335.9
VMM_P10_011,2018,9,September,406.34
VMM_P10_011,2018,10,Oktober,27.03
VMM_P10_011,2018,11,November,15.37
VMM_P10_011,2018,12,December,87.06
VMM_P10_011,2019,1,Januari,15.29
VMM_P10_011,2019,2,Februari,20.96
VMM_P10_011,2019,3,Maart,64.18
VMM_P10_011,2019,4,April,14.21
VMM_P10_011,2019,5,Mei,45.83
VMM_P10_011,2019,6,Juni,113.16
VMM_P10_011,2019,7,Juli,201.7
VMM_P10_011,2019,8,Augustus,141.24
VMM_P10_011,2019,9,September,132.94
VMM_P10_011,2019,10,Oktober,27.11
VMM_P10_011,2019,11,November,60.44
VMM_P10_011,2019,12,December,37.0
VMM_P10_011,2020,1,Januari,11.59
VMM_P10_011,2020,2,Februari,94.92
VMM_P10_011,2020,3,Maart,16.87
VMM_P10_011,2020,4,April,8.52
VMM_P10_011,2020,5,Mei,10.89
VMM_P10_011,2020,6,Juni,196.42
VMM_P10_011,2020,7,Juli,31.34
VMM_P10_011,2020,8,Augustus,70.89
VMM_P10_011,2020,9,September,57.21
VMM_P10_011,2020,10,Oktober,62.9
VMM_P10_011,2020,11,November,23.7
VMM_P10_011,2020,12,December,16.44
VMM_P10_011,2021,1,Januari,42.63
VMM_P10_011,2021,2,Februari,86.08
VMM_P10_011,2021,3,Maart,31.17
VMM_P10_011,2021,4,April,13.32
VMM_P10_011,2021,5,Mei,172.2
VMM_P10_011,2021,6,Juni,1513.11
VMM_P10_011,2021,7,Juli,871.31
VMM_P10_011,2021,8,Augustus,202.73
VMM_P10_011,2021,9,September,111.11
VMM_P10_011,2021,10,Oktober,204.56
VMM_P10_011,2021,11,November,16.36
VMM_P10_011,2021,12,December,26.95
VMM_P10_011,2023,1,Januari,56.58
VMM_P10_011,2023,2,Februari,0.42
VMM_P10_011,2023,3,Maart,92.22
VMM_P10_011,2023,4,April,21.76
VMM_P10_011,2023,5,Mei,65.48
VMM_P10_011,2023,6,Juni,36.33
VMM_P10_011,2023,7,Juli,467.34
VMM_P10_011,2023,8,Augustus,192.67
VMM_P10_011,2023,9,September,140.82
VMM_P10_011,2023,10,Oktober,244.62
VMM_P10_011,2023,11,November,123.71
VMM_P10_011,2023,12,December,62.74
VMM_P10_011,2024,1,Januari,67.72
VMM_P10_011,2024,2,Februari,104.04
VMM_P10_011,2024,3,Maart,81.39
VMM_P10_011,2024,4,April,95.95
VMM_P10_011,2024,5,Mei,231.67
VMM_P10_011,2024,6,Juni,137.07
VMM_P10_011,2024,7,Juli,508.44
VMM_P10_011,2024,8,Augustus,675.07
VMM_P10_011,2024,9,September,66.8
VMM_P10_011,2024,10,Oktober,35.27
VMM_P10_011,2024,11,November,59.18
VMM_P10_011,2024,12,December,51.4
VMM_P10_042,2009,1,Januari,26.92
VMM_P10_042,2009,2,Februari,9.02
VMM_P10_042,2009,3,Maart,34.68
VMM_P10_042,2009,4,April,13.59
VMM_P10_042,2009,5,Mei,87.87
VMM_P10_042,2009,6,Juni,114.75
VMM_P10_042,2009,7,Juli,436.4
VMM_P10_042,2009,8,Augustus,79.09
VMM_P10_042,2009,9,September,16.15
VMM_P10_042,2009,10,Oktober,176.85
VMM_P10_042,2009,11,November,119.96
VMM_P10_042,2009,12,December,44.79
VMM_P10_042,2011,1,Januari,14.84
VMM_P10_042,2011,2,Februari,15.7
VMM_P10_042,2011,3,Maart,4.47
VMM_P10_042,2011,4,April,7.61
VMM_P10_042,2011,5,Mei,5.17
VMM_P10_042,2011,6,Juni,225.53
VMM_P10_042,2011,7,Juli,71.63
VMM_P10_042,2011,8,Augustus,122.29
VMM_P10_042,2011,9,September,121.76
VMM_P10_042,2011,10,Oktober,22.85
VMM_P10_042,2011,11,November,0.17
VMM_P10_042,2011,12,December,223.87
VMM_P10_042,2012,1,Januari,62.89
VMM_P10_042,2012,2,Februari,8.32
VMM_P10_042,2012,3,Maart,7.69
VMM_P10_042,2012,4,April,44.02
VMM_P10_042,2012,5,Mei,64.64
VMM_P10_042,2012,6,Juni,374.68
VMM_P10_042,2012,7,Juli,470.64
VMM_P10_042,2012,8,Augustus,82.13
VMM_P10_042,2012,9,September,82.17
VMM_P10_042,2012,10,Oktober,133.47
VMM_P10_042,2012,11,November,9.89
VMM_P10_042,2012,12,December,56.37
VMM_P10_042,2013,1,Januari,28.92
VMM_P10_042,2013,2,Februari,22.03
VMM_P10_042,2013,3,Maart,3.98
VMM_P10_042,2013,4,April,11.97
VMM_P10_042,2013,5,Mei,52.4
VMM_P10_042,2013,6,Juni,16.8
VMM_P10_042,2013,7,Juli,271.63
VMM_P10_042,2013,8,Augustus,22.18
VMM_P10_042,2013,9,September,106.91
VMM_P10_042,2013,10,Oktober,102.17
VMM_P10_042,2013,11,November,51.73
VMM_P10_042,2013,12,December,80.27
VMM_P10_042,2015,1,Januari,89.38
VMM_P10_042,2015,2,Februari,20.82
VMM_P10_042,2015,3,Maart,58.52
VMM_P10_042,2015,4,April,2.87
VMM_P10_042,2015,5,Mei,54.79
VMM_P10_042,2015,6,Juni,74.71
VMM_P10_042,2015,7,Juli,44.97
VMM_P10_042,2015,8,Augustus,1100.99
VMM_P10_042,2015,9,September,125.47
VMM_P10_042,2015,10,Oktober,10.18
VMM_P10_042,2015,11,November,108.61
VMM_P10_042,2015,12,December,19.34
VMM_P10_042,2016,1,Januari,85.72
VMM_P10_042,2016,2,Februari,38.8
VMM_P10_042,2016,3,Maart,37.35
VMM_P10_042,2016,4,April,34.41
VMM_P10_042,2016,5,Mei,647.88
VMM_P10_042,2016,6,Juni,1185.81
VMM_P10_042,2016,7,Juli,31.2
VMM_P10_042,2016,8,Augustus,65.99
VMM_P10_042,2016,9,September,13.31
VMM_P10_042,2016,10,Oktober,26.03
VMM_P10_042,2016,11,November,102.07
VMM_P10_042,2016,12,December,9.64
VMM_P10_042,2017,1,Januari,28.52
VMM_P10_042,2017,2,Februari,25.45
VMM_P10_042,2017,3,Maart,39.12
VMM_P10_042,2017,4,April,42.46
VMM_P10_042,2017,5,Mei,59.6
VMM_P10_042,2017,6,Juni,28.11
VMM_P10_042,2017,7,Juli,171.46
VMM_P10_042,2017,8,Augustus,127.17
VMM_P10_042,2017,9,September,157.96
VMM_P10_042,2017,10,Oktober,67.33
VMM_P10_042,2017,11,November,48.4
VMM_P10_042,2017,12,December,99.06
VMM_P10_042,2018,1,Januari,71.87
VMM_P10_042,2018,2,Februari,7.91
VMM_P10_042,2018,3,Maart,23.17
VMM_P10_042,2018,4,April,155.68
VMM_P10_042,2018,5,Mei,365.35
VMM_P10_042,2018,6,Juni,2.63
VMM_P10_042,2018,7,Juli,7.58
VMM_P10_042,2018,8,Augustus,304.6
VMM_P10_042,2018,9,September,28.61
VMM_P10_042,2018,10,Oktober,42.61
VMM_P10_042,2018,11,November,15.52
VMM_P10_042,2018,12,December,134.9
VMM_P10_042,2020,1,Januari,9.65
VMM_P10_042,2020,2,Februari,253.68
VMM_P10_042,2020,3,Maart,34.61
VMM_P10_042,2020,4,April,7.34
VMM_P10_042,2020,5,Mei,65.34
VMM_P10_042,2020,6,Juni,593.83
VMM_P10_042,2020,7,Juli,13.26
VMM_P10_042,2020,8,Augustus,424.81
VMM_P10_042,2020,9,September,42.4
VMM_P10_042,2020,10,Oktober,75.41
VMM_P10_042,2020,11,November,25.25
VMM_P10_042,2020,12,December,22.37
VMM_P10_042,2021,1,Januari,61.23
VMM_P10_042,2021,2,Februari,33.3
VMM_P10_042,2021,3,Maart,19.92
VMM_P10_042,2021,4,April,18.33
VMM_P10_042,2021,5,Mei,100.41
VMM_P10_042,2021,6,Juni,1187.64
VMM_P10_042,2021,7,Juli,234.64
VMM_P10_042,2021,8,Augustus,264.29
VMM_P10_042,2021,9,September,322.72
VMM_P10_042,2021,10,Oktober,217.14
VMM_P10_042,2021,11,November,16.29
VMM_P10_042,2021,12,December,17.82
VMM_P10_042,2022,1,Januari,44.35
VMM_P10_042,2022,2,Februari,79.09
VMM_P10_042,2022,3,Maart,0.33
VMM_P10_042,2022,4,April,20.93
VMM_P10_042,2022,5,Mei,216.35
VMM_P10_042,2022,6,Juni,321.69
VMM_P10_042,2022,7,Juli,43.65
VMM_P10_042,2022,8,Augustus,9.01
VMM_P10_042,2022,9,September,195.57
VMM_P10_042,2022,10,Oktober,74.45
VMM_P10_042,2022,11,November,29.62
VMM_P10_042,2022,12,December,75.21
VMM_P10_042,2023,1,Januari,62.33
VMM_P10_042,2023,2,Februari,0.65
VMM_P10_042,2023,3,Maart,166.09
VMM_P10_042,2023,4,April,23.19
VMM_P10_042,2023,5,Mei,27.23
VMM_P10_042,2023,6,Juni,27.39
VMM_P10_042,2023,7,Juli,464.91
VMM_P10_042,2023,8,Augustus,427.7
VMM_P10_042,2023,9,September,80.88
VMM_P10_042,2023,10,Oktober,233.04
VMM_P10_042,2023,11,November,127.0
VMM_P10_042,2023,12,December,49.76
VMM_P10_042,2024,1,Januari,107.24
VMM_P10_042,2024,2,Februari,72.94
VMM_P10_042,2024,3,Maart,28.68
VMM_P10_042,2024,4,April,56.55
VMM_P10_042,2024,5,Mei,140.97
VMM_P10_042,2024,6,Juni,331.69
VMM_P10_042,2024,7,Juli,554.13
VMM_P10_042,2024,8,Augustus,77.21
VMM_P10_042,2024,9,September,69.37
VMM_P10_042,2024,10,Oktober,35.95
VMM_P10_042,2024,11,November,50.13
VMM_P10_042,2024,12,December,71.05
VMM_P11_002,2005,1,Januari,46.21
VMM_P11_002,2005,2,Februari,44.52
VMM_P11_002,2005,3,Maart,10.72
VMM_P11_002,2005,4,April,22.31
VMM_P11_002,2005,5,Mei,22.12
VMM_P11_002,2005,6,Juni,323.32
VMM_P11_002,2005,7,Juli,1476.52
VMM_P11_002,2005,8,Augustus,69.27
VMM_P11_002,2005,9,September,905.97
VMM_P11_002,2005,10,Oktober,147.85
VMM_P11_002,2005,11,November,30.52
VMM_P11_002,2005,12,December,16.13
VMM_P11_002,2006,1,Januari,5.89
VMM_P11_002,2006,2,Februari,35.3
VMM_P11_002,2006,3,Maart,34.77
VMM_P11_002,2006,4,April,29.72
VMM_P11_002,2006,5,Mei,103.4
VMM_P11_002,2006,6,Juni,38.84
VMM_P11_002,2006,7,Juli,357.26
VMM_P11_002,2006,8,Augustus,391.91
VMM_P11_002,2006,9,September,5.27
VMM_P11_002,2006,10,Oktober,33.98
VMM_P11_002,2006,11,November,31.78
VMM_P11_002,2006,12,December,40.28
VMM_P11_002,2007,1,Januari,120.51
VMM_P11_002,2007,2,Februari,47.9
VMM_P11_002,2007,3,Maart,30.74
VMM_P11_002,2007,4,April,0.0
VMM_P11_002,2007,5,Mei,83.88
VMM_P11_002,2007,6,Juni,217.75
VMM_P11_002,2007,7,Juli,529.28
VMM_P11_002,2007,8,Augustus,88.59
VMM_P11_002,2007,9,September,86.55
VMM_P11_002,2007,10,Oktober,20.51
VMM_P11_002,2007,11,November,32.84
VMM_P11_002,2007,12,December,40.23
VMM_P11_002,2008,1,Januari,35.07
VMM_P11_002,2008,2,Februari,59.32
VMM_P11_002,2008,3,Maart,71.58
VMM_P11_002,2008,4,April,15.65
VMM_P11_002,2008,5,Mei,560.26
VMM_P11_002,2008,6,Juni,307.06
VMM_P11_002,2008,7,Juli,120.78
VMM_P11_002,2008,8,Augustus,292.6
VMM_P11_002,2008,9,September,75.87
VMM_P11_002,2008,10,Oktober,29.74
VMM_P11_002,2008,11,November,35.44
VMM_P11_002,2008,12,December,5.3
VMM_P11_002,2009,1,Januari,17.64
VMM_P11_002,2009,2,Februari,31.39
VMM_P11_002,2009,3,Maart,26.9
VMM_P11_002,2009,4,April,5.32
VMM_P11_002,2009,5,Mei,17.44
VMM_P11_002,2009,6,Juni,88.69
VMM_P11_002,2009,7,Juli,184.25
VMM_P11_002,2009,8,Augustus,12.13
VMM_P11_002,2009,9,September,10.93
VMM_P11_002,2009,10,Oktober,385.05
VMM_P11_002,2009,11,November,110.46
VMM_P11_002,2009,12,December,35.94
VMM_P11_002,2010,1,Januari,9.78
VMM_P11_002,2010,2,Februari,33.38
VMM_P11_002,2010,3,Maart,36.84
VMM_P11_002,2010,4,April,17.87
VMM_P11_002,2010,5,Mei,56.82
VMM_P11_002,2010,6,Juni,8.92
VMM_P11_002,2010,7,Juli,346.86
VMM_P11_002,2010,8,Augustus,236.42
VMM_P11_002,2010,9,September,105.3
VMM_P11_002,2010,10,Oktober,27.61
VMM_P11_002,2010,11,November,281.89
VMM_P11_002,2010,12,December,12.0
VMM_P11_002,2011,1,Januari,21.29
VMM_P11_002,2011,2,Februari,25.97
VMM_P11_002,2011,3,Maart,12.17
VMM_P11_002,2011,4,April,3.8
VMM_P11_002,2011,5,Mei,17.52
VMM_P11_002,2011,6,Juni,447.59
VMM_P11_002,2011,7,Juli,101.18
VMM_P11_002,2011,8,Augustus,424.63
VMM_P11_002,2011,9,September,134.16
VMM_P11_002,2011,10,Oktober,38.82
VMM_P11_002,2011,11,November,2.65
VMM_P11_002,2011,12,December,107.03
VMM_P11_002,2013,1,Januari,20.94
VMM_P11_002,2013,2,Februari,20.94
VMM_P11_002,2013,3,Maart,5.27
VMM_P11_002,2013,4,April,11.54
VMM_P11_002,2013,5,Mei,68.09
VMM_P11_002,2013,6,Juni,45.46
VMM_P11_002,2013,7,Juli,195.0
VMM_P11_002,2013,8,Augustus,25.36
VMM_P11_002,2013,9,September,44.35
VMM_P11_002,2013,10,Oktober,185.76
VMM_P11_002,2013,11,November,59.08
VMM_P11_002,2013,12,December,93.79
VMM_P11_002,2014,1,Januari,13.46
VMM_P11_002,2014,2,Februari,20.63
VMM_P11_002,2014,3,Maart,6.18
VMM_P11_002,2014,4,April,9.19
VMM_P11_002,2014,5,Mei,111.03
VMM_P11_002,2014,6,Juni,51.23
VMM_P11_002,2014,7,Juli,1890.11
VMM_P11_002,2014,8,Augustus,209.15
VMM_P11_002,2014,9,September,33.93
VMM_P11_002,2014,10,Oktober,120.36
VMM_P11_002,2014,11,November,6.09
VMM_P11_002,2014,12,December,39.28
VMM_P11_002,2015,1,Januari,75.13
VMM_P11_002,2015,2,Februari,11.14
VMM_P11_002,2015,3,Maart,31.14
VMM_P11_002,2015,4,April,4.52
VMM_P11_002,2015,5,Mei,97.17
VMM_P11_002,2015,6,Juni,19.42
VMM_P11_002,2015,7,Juli,62.55
VMM_P11_002,2015,8,Augustus,205.51
VMM_P11_002,2015,9,September,54.28
VMM_P11_002,2015,10,Oktober,4.56
VMM_P11_002,2015,11,November,82.38
VMM_P11_002,2015,12,December,14.69
VMM_P11_002,2016,1,Januari,94.85
VMM_P11_002,2016,2,Februari,54.54
VMM_P11_002,2016,3,Maart,15.94
VMM_P11_002,2016,4,April,22.43
VMM_P11_002,2016,5,Mei,238.7
VMM_P11_002,2016,6,Juni,616.93
VMM_P11_002,2016,7,Juli,112.46
VMM_P11_002,2016,8,Augustus,64.72
VMM_P11_002,2016,9,September,248.0
VMM_P11_002,2016,10,Oktober,11.64
VMM_P11_002,2016,11,November,77.39
VMM_P11_002,2016,12,December,7.22
VMM_P11_002,2017,1,Januari,18.65
VMM_P11_002,2017,2,Februari,19.71
VMM_P11_002,2017,3,Maart,14.43
VMM_P11_002,2017,4,April,6.6
VMM_P11_002,2017,5,Mei,100.94
VMM_P11_002,2017,6,Juni,39.55
VMM_P11_002,2017,7,Juli,69.45
VMM_P11_002,2017,8,Augustus,454.01
VMM_P11_002,2017,9,September,75.32
VMM_P11_002,2017,10,Oktober,32.81
VMM_P11_002,2017,11,November,20.48
VMM_P11_002,2017,12,December,71.15
VMM_P11_002,2018,1,Januari,57.0
VMM_P11_002,2018,2,Februari,4.9
VMM_P11_002,2018,3,Maart,28.21
VMM_P11_002,2018,4,April,102.93
VMM_P11_002,2018,5,Mei,10.26
VMM_P11_002,2018,6,Juni,0.63
VMM_P11_002,2018,7,Juli,0.17
VMM_P11_002,2018,8,Augustus,204.41
VMM_P11_002,2018,9,September,155.75
VMM_P11_002,2018,10,Oktober,33.06
VMM_P11_002,2018,11,November,6.8
VMM_P11_002,2018,12,December,81.09
VMM_P11_002,2019,1,Januari,21.78
VMM_P11_002,2019,2,Februari,15.86
VMM_P11_002,2019,3,Maart,97.16
VMM_P11_002,2019,4,April,11.33
VMM_P11_002,2019,5,Mei,52.71
VMM_P11_002,2019,6,Juni,98.06
VMM_P11_002,2019,7,Juli,49.03
VMM_P11_002,2019,8,Augustus,119.61
VMM_P11_002,2019,9,September,165.84
VMM_P11_002,2019,10,Oktober,39.47
VMM_P11_002,2019,11,November,40.96
VMM_P11_002,2019,12,December,40.82
VMM_P11_002,2020,1,Januari,16.7
VMM_P11_002,2020,2,Februari,135.24
VMM_P11_002,2020,3,Maart,24.23
VMM_P11_002,2020,4,April,1.82
VMM_P11_002,2020,5,Mei,45.77
VMM_P11_002,2020,6,Juni,148.29
VMM_P11_002,2020,7,Juli,21.25
VMM_P11_002,2020,8,Augustus,33.59
VMM_P11_002,2020,9,September,23.51
VMM_P11_002,2020,10,Oktober,85.85
VMM_P11_002,2020,11,November,10.24
VMM_P11_002,2020,12,December,28.98
VMM_P11_002,2021,1,Januari,49.88
VMM_P11_002,2021,2,Februari,41.54
VMM_P11_002,2021,3,Maart,18.7
VMM_P11_002,2021,4,April,11.89
VMM_P11_002,2021,5,Mei,74.48
VMM_P11_002,2021,6,Juni,352.44
VMM_P11_002,2021,7,Juli,458.1
VMM_P11_002,2021,8,Augustus,86.26
VMM_P11_002,2021,9,September,12.2
VMM_P11_002,2021,10,Oktober,103.08
VMM_P11_002,2021,11,November,8.35
VMM_P11_002,2021,12,December,25.42
VMM_P11_002,2022,1,Januari,30.99
VMM_P11_002,2022,2,Februari,40.06
VMM_P11_002,2022,3,Maart,0.48
VMM_P11_002,2022,4,April,21.61
VMM_P11_002,2022,5,Mei,51.57
VMM_P11_002,2022,6,Juni,742.75
VMM_P11_002,2022,7,Juli,9.09
VMM_P11_002,2022,8,Augustus,68.72
VMM_P11_002,2022,9,September,205.61
VMM_P11_002,2022,10,Oktober,6.75
VMM_P11_002,2022,11,November,22.85
VMM_P11_002,2022,12,December,66.32
VMM_P11_002,2023,1,Januari,37.17
VMM_P11_002,2023,2,Februari,1.97
VMM_P11_002,2023,3,Maart,39.97
VMM_P11_002,2023,4,April,24.33
VMM_P11_002,2023,5,Mei,154.34
VMM_P11_002,2023,6,Juni,992.36
VMM_P11_002,2023,7,Juli,410.71
VMM_P11_002,2023,8,Augustus,193.74
VMM_P11_002,2023,9,September,65.18
VMM_P11_002,2023,10,Oktober,133.66
VMM_P11_002,2023,11,November,59.56
VMM_P11_002,2023,12,December,43.44
VMM_P11_002,2024,1,Januari,73.02
VMM_P11_002,2024,2,Februari,60.84
VMM_P11_002,2024,3,Maart,47.27
VMM_P11_002,2024,4,April,41.8
VMM_P11_002,2024,5,Mei,468.06
VMM_P11_002,2024,6,Juni,85.98
VMM_P11_002,2024,7,Juli,156.17
VMM_P11_002,2024,8,Augustus,137.89
VMM_P11_002,2024,9,September,45.69
VMM_P11_002,2024,10,Oktober,45.62
VMM_P11_002,2024,11,November,56.16
VMM_P11_002,2024,12,December,49.23
VMM_P11_007,2005,1,Januari,92.83
VMM_P11_007,2005,2,Februari,33.62
VMM_P11_007,2005,3,Maart,26.69
VMM_P11_007,2005,4,April,18.44
VMM_P11_007,2005,5,Mei,179.41
VMM_P11_007,2005,6,Juni,216.62
VMM_P11_007,2005,7,Juli,559.31
VMM_P11_007,2005,8,Augustus,87.83
VMM_P11_007,2005,9,September,220.57
VMM_P11_007,2005,10,Oktober,88.68
VMM_P11_007,2005,11,November,51.97
VMM_P11_007,2005,12,December,15.99
VMM_P11_007,2006,1,Januari,5.14
VMM_P11_007,2006,2,Februari,31.44
VMM_P11_007,2006,3,Maart,25.17
VMM_P11_007,2006,4,April,34.66
VMM_P11_007,2006,5,Mei,75.43
VMM_P11_007,2006,6,Juni,80.94
VMM_P11_007,2006,7,Juli,6.27
VMM_P11_007,2006,8,Augustus,825.48
VMM_P11_007,2006,9,September,0.99
VMM_P11_007,2006,10,Oktober,303.49
VMM_P11_007,2006,11,November,28.97
VMM_P11_007,2006,12,December,40.69
VMM_P11_007,2008,1,Januari,53.75
VMM_P11_007,2008,2,Februari,48.09
VMM_P11_007,2008,3,Maart,69.12
VMM_P11_007,2008,4,April,21.36
VMM_P11_007,2008,5,Mei,57.98
VMM_P11_007,2008,6,Juni,55.3
VMM_P11_007,2008,7,Juli,129.07
VMM_P11_007,2008,8,Augustus,796.53
VMM_P11_007,2008,9,September,26.46
VMM_P11_007,2008,10,Oktober,34.93
VMM_P11_007,2008,11,November,45.0
VMM_P11_007,2008,12,December,6.61
VMM_P11_007,2009,1,Januari,18.91
VMM_P11_007,2009,2,Februari,8.89
VMM_P11_007,2009,3,Maart,32.72
VMM_P11_007,2009,4,April,15.6
VMM_P11_007,2009,5,Mei,90.63
VMM_P11_007,2009,6,Juni,170.69
VMM_P11_007,2009,7,Juli,112.18
VMM_P11_007,2009,8,Augustus,99.11
VMM_P11_007,2009,9,September,6.26
VMM_P11_007,2009,10,Oktober,239.85
VMM_P11_007,2009,11,November,168.41
VMM_P11_007,2009,12,December,37.54
VMM_P11_007,2010,1,Januari,12.98
VMM_P11_007,2010,2,Februari,29.81
VMM_P11_007,2010,3,Maart,67.17
VMM_P11_007,2010,4,April,16.8
VMM_P11_007,2010,5,Mei,23.66
VMM_P11_007,2010,6,Juni,12.63
VMM_P11_007,2010,7,Juli,259.93
VMM_P11_007,2010,8,Augustus,438.79
VMM_P11_007,2010,9,September,100.07
VMM_P11_007,2010,10,Oktober,75.36
VMM_P11_007,2010,11,November,89.61
VMM_P11_007,2010,12,December,18.81
VMM_P11_007,2011,1,Januari,20.27
VMM_P11_007,2011,2,Februari,24.46
VMM_P11_007,2011,3,Maart,16.37
VMM_P11_007,2011,4,April,11.0
VMM_P11_007,2011,5,Mei,20.98
VMM_P11_007,2011,6,Juni,1079.14
VMM_P11_007,2011,7,Juli,579.98
VMM_P11_007,2011,8,Augustus,153.81
VMM_P11_007,2011,9,September,73.45
VMM_P11_007,2011,10,Oktober,13.37
VMM_P11_007,2011,11,November,1.36
VMM_P11_007,2011,12,December,139.42
VMM_P11_007,2012,1,Januari,122.67
VMM_P11_007,2012,2,Februari,5.38
VMM_P11_007,2012,3,Maart,13.44
VMM_P11_007,2012,4,April,43.18
VMM_P11_007,2012,5,Mei,269.61
VMM_P11_007,2012,6,Juni,255.26
VMM_P11_007,2012,7,Juli,764.46
VMM_P11_007,2012,8,Augustus,90.99
VMM_P11_007,2012,9,September,88.43
VMM_P11_007,2012,10,Oktober,43.91
VMM_P11_007,2012,11,November,9.17
VMM_P11_007,2012,12,December,67.19
VMM_P11_007,2013,1,Januari,25.09
VMM_P11_007,2013,2,Februari,18.6
VMM_P11_007,2013,3,Maart,9.57
VMM_P11_007,2013,4,April,8.17
VMM_P11_007,2013,5,Mei,65.9
VMM_P11_007,2013,6,Juni,36.19
VMM_P11_007,2013,7,Juli,687.08
VMM_P11_007,2013,8,Augustus,99.3
VMM_P11_007,2013,9,September,170.88
VMM_P11_007,2013,10,Oktober,85.13
VMM_P11_007,2013,11,November,80.92
VMM_P11_007,2013,12,December,27.22
VMM_P11_007,2014,1,Januari,37.4
VMM_P11_007,2014,2,Februari,26.69
VMM_P11_007,2014,3,Maart,22.99
VMM_P11_007,2014,4,April,16.9
VMM_P11_007,2014,5,Mei,95.09
VMM_P11_007,2014,6,Juni,319.31
VMM_P11_007,2014,7,Juli,1306.08
VMM_P11_007,2014,8,Augustus,371.78
VMM_P11_007,2014,9,September,21.45
VMM_P11_007,2014,10,Oktober,172.45
VMM_P11_007,2014,11,November,37.78
VMM_P11_007,2014,12,December,38.6
VMM_P11_007,2015,1,Januari,84.06
VMM_P11_007,2015,2,Februari,16.31
VMM_P11_007,2015,3,Maart,27.44
VMM_P11_007,2015,4,April,4.97
VMM_P11_007,2015,5,Mei,51.02
VMM_P11_007,2015,6,Juni,28.25
VMM_P11_007,2015,7,Juli,108.49
VMM_P11_007,2015,8,Augustus,354.66
VMM_P11_007,2015,9,September,88.81
VMM_P11_007,2015,10,Oktober,7.33
VMM_P11_007,2015,11,November,109.86
VMM_P11_007,2015,12,December,7.35
VMM_P11_007,2016,1,Januari,70.42
VMM_P11_007,2016,2,Februari,26.6
VMM_P11_007,2016,3,Maart,33.88
VMM_P11_007,2016,4,April,97.96
VMM_P11_007,2016,5,Mei,254.85
VMM_P11_007,2016,6,Juni,209.1
VMM_P11_007,2016,7,Juli,100.85
VMM_P11_007,2016,8,Augustus,43.92
VMM_P11_007,2016,9,September,55.2
VMM_P11_007,2016,10,Oktober,16.25
VMM_P11_007,2016,11,November,94.53
VMM_P11_007,2016,12,December,5.28
VMM_P11_007,2017,1,Januari,48.71
VMM_P11_007,2017,2,Februari,32.68
VMM_P11_007,2017,3,Maart,18.21
VMM_P11_007,2017,4,April,4.95
VMM_P11_007,2017,5,Mei,12.84
VMM_P11_007,2017,6,Juni,83.84
VMM_P11_007,2017,7,Juli,236.75
VMM_P11_007,2017,8,Augustus,89.97
VMM_P11_007,2017,9,September,139.32
VMM_P11_007,2017,10,Oktober,35.25
VMM_P11_007,2017,11,November,39.04
VMM_P11_007,2017,12,December,45.8
VMM_P11_007,2018,1,Januari,70.78
VMM_P11_007,2018,2,Februari,8.66
VMM_P11_007,2018,3,Maart,26.43
VMM_P11_007,2018,4,April,219.03
VMM_P11_007,2018,5,Mei,394.51
VMM_P11_007,2018,6,Juni,0.62
VMM_P11_007,2018,7,Juli,1.64
VMM_P11_007,2018,8,Augustus,97.52
VMM_P11_007,2018,9,September,149.08
VMM_P11_007,2018,10,Oktober,45.75
VMM_P11_007,2018,11,November,8.52
VMM_P11_007,2018,12,December,45.25
VMM_P11_007,2019,1,Januari,22.17
VMM_P11_007,2019,2,Februari,13.09
VMM_P11_007,2019,3,Maart,104.01
VMM_P11_007,2019,4,April,34.04
VMM_P11_007,2019,5,Mei,52.49
VMM_P11_007,2019,6,Juni,340.8
VMM_P11_007,2019,7,Juli,23.39
VMM_P11_007,2019,8,Augustus,108.28
VMM_P11_007,2019,9,September,77.76
VMM_P11_007,2019,10,Oktober,68.79
VMM_P11_007,2019,11,November,21.56
VMM_P11_007,2019,12,December,33.34
VMM_P11_007,2020,1,Januari,12.35
VMM_P11_007,2020,2,Februari,139.84
VMM_P11_007,2020,3,Maart,29.54
VMM_P11_007,2020,4,April,3.08
VMM_P11_007,2020,5,Mei,13.36
VMM_P11_007,2020,6,Juni,373.37
VMM_P11_007,2020,7,Juli,10.89
VMM_P11_007,2020,8,Augustus,19.94
VMM_P11_007,2020,9,September,91.26
VMM_P11_007,2020,10,Oktober,67.93
VMM_P11_007,2020,11,November,12.82
VMM_P11_007,2020,12,December,29.02
VMM_P11_007,2021,1,Januari,52.72
VMM_P11_007,2021,2,Februari,27.5
VMM_P11_007,2021,3,Maart,27.0
VMM_P11_007,2021,4,April,25.11
VMM_P11_007,2021,5,Mei,74.61
VMM_P11_007,2021,6,Juni,140.65
VMM_P11_007,2021,7,Juli,727.63
VMM_P11_007,2021,8,Augustus,162.63
VMM_P11_007,2021,9,September,199.2
VMM_P11_007,2021,10,Oktober,229.78
VMM_P11_007,2021,11,November,26.21
VMM_P11_007,2021,12,December,16.2
VMM_P11_007,2022,1,Januari,29.73
VMM_P11_007,2022,2,Februari,96.04
VMM_P11_007,2022,3,Maart,2.67
VMM_P11_007,2022,4,April,31.77
VMM_P11_007,2022,5,Mei,106.09
VMM_P11_007,2022,6,Juni,172.53
VMM_P11_007,2022,7,Juli,19.86
VMM_P11_007,2022,8,Augustus,50.58
VMM_P11_007,2022,9,September,250.59
VMM_P11_007,2022,10,Oktober,37.08
VMM_P11_007,2022,11,November,26.57
VMM_P11_007,2022,12,December,53.62
VMM_P11_007,2023,1,Januari,62.7
VMM_P11_007,2023,2,Februari,0.65
VMM_P11_007,2023,3,Maart,109.38
VMM_P11_007,2023,4,April,22.28
VMM_P11_007,2023,5,Mei,87.63
VMM_P11_007,2023,6,Juni,77.41
VMM_P11_007,2023,7,Juli,191.83
VMM_P11_007,2023,8,Augustus,78.02
VMM_P11_007,2023,9,September,181.73
VMM_P11_007,2023,10,Oktober,99.87
VMM_P11_007,2023,11,November,94.69
VMM_P11_007,2023,12,December,53.45
VMM_P11_007,2024,1,Januari,61.33
VMM_P11_007,2024,2,Februari,70.63
VMM_P11_007,2024,3,Maart,14.84
VMM_P11_007,2024,4,April,37.57
VMM_P11_007,2024,5,Mei,825.96
VMM_P11_007,2024,6,Juni,64.01
VMM_P11_007,2024,7,Juli,545.45
VMM_P11_007,2024,8,Augustus,373.51
VMM_P11_007,2024,9,September,104.2
VMM_P11_007,2024,10,Oktober,18.24
VMM_P11_007,2024,11,November,56.63
VMM_P11_007,2024,12,December,67.93
VMM_P11_024,2008,1,Januari,25.38
VMM_P11_024,2008,2,Februari,27.8
VMM_P11_024,2008,3,Maart,46.39
VMM_P11_024,2008,4,April,39.2
VMM_P11_024,2008,5,Mei,143.09
VMM_P11_024,2008,6,Juni,475.88
VMM_P11_024,2008,7,Juli,342.75
VMM_P11_024,2008,8,Augustus,525.66
VMM_P11_024,2008,9,September,88.32
VMM_P11_024,2008,10,Oktober,23.24
VMM_P11_024,2008,11,November,59.15
VMM_P11_024,2008,12,December,11.49
VMM_P11_024,2010,1,Januari,10.12
VMM_P11_024,2010,2,Februari,17.14
VMM_P11_024,2010,3,Maart,13.82
VMM_P11_024,2010,4,April,6.16
VMM_P11_024,2010,5,Mei,45.28
VMM_P11_024,2010,6,Juni,3.82
VMM_P11_024,2010,7,Juli,211.18
VMM_P11_024,2010,8,Augustus,597.5
VMM_P11_024,2010,9,September,31.25
VMM_P11_024,2010,10,Oktober,45.87
VMM_P11_024,2010,11,November,217.62
VMM_P11_024,2010,12,December,19.99
VMM_P11_024,2011,1,Januari,25.38
VMM_P11_024,2011,2,Februari,14.05
VMM_P11_024,2011,3,Maart,4.16
VMM_P11_024,2011,4,April,13.61
VMM_P11_024,2011,5,Mei,3.73
VMM_P11_024,2011,6,Juni,37.78
VMM_P11_024,2011,7,Juli,27.37
VMM_P11_024,2011,8,Augustus,700.52
VMM_P11_024,2011,9,September,51.49
VMM_P11_024,2011,10,Oktober,23.02
VMM_P11_024,2011,11,November,0.0
VMM_P11_024,2011,12,December,60.69
VMM_P11_024,2012,1,Januari,91.83
VMM_P11_024,2012,2,Februari,10.58
VMM_P11_024,2012,3,Maart,16.74
VMM_P11_024,2012,4,April,95.68
VMM_P11_024,2012,5,Mei,2433.45
VMM_P11_024,2012,6,Juni,143.24
VMM_P11_024,2012,7,Juli,244.49
VMM_P11_024,2012,8,Augustus,31.4
VMM_P11_024,2012,9,September,36.47
VMM_P11_024,2012,10,Oktober,117.51
VMM_P11_024,2012,11,November,8.76
VMM_P11_024,2012,12,December,63.11
VMM_P11_024,2013,1,Januari,12.76
VMM_P11_024,2013,2,Februari,13.3
VMM_P11_024,2013,3,Maart,9.02
VMM_P11_024,2013,4,April,5.12
VMM_P11_024,2013,5,Mei,55.39
VMM_P11_024,2013,6,Juni,449.67
VMM_P11_024,2013,7,Juli,127.24
VMM_P11_024,2013,8,Augustus,14.88
VMM_P11_024,2013,9,September,54.15
VMM_P11_024,2013,10,Oktober,68.53
VMM_P11_024,2013,11,November,43.1
VMM_P11_024,2013,12,December,68.73
VMM_P11_024,2014,1,Januari,13.78
VMM_P11_024,2014,2,Februari,8.09
VMM_P11_024,2014,3,Maart,3.26
VMM_P11_024,2014,4,April,20.91
VMM_P11_024,2014,5,Mei,36.0
VMM_P11_024,2014,6,Juni,403.26
VMM_P11_024,2014,7,Juli,423.18
VMM_P11_024,2014,8,Augustus,370.32
VMM_P11_024,2014,9,September,32.56
VMM_P11_024,2014,10,Oktober,39.31
VMM_P11_024,2014,11,November,8.72
VMM_P11_024,2014,12,December,28.94
VMM_P11_024,2015,1,Januari,60.31
VMM_P11_024,2015,2,Februari,8.62
VMM_P11_024,2015,3,Maart,15.39
VMM_P11_024,2015,4,April,194.96
VMM_P11_024,2015,5,Mei,40.25
VMM_P11_024,2015,6,Juni,30.97
VMM_P11_024,2015,7,Juli,54.65
VMM_P11_024,2015,8,Augustus,289.39
VMM_P11_024,2015,9,September,65.1
VMM_P11_024,2015,10,Oktober,14.68
VMM_P11_024,2015,11,November,80.38
VMM_P11_024,2015,12,December,14.21
VMM_P11_024,2016,1,Januari,35.2
VMM_P11_024,2016,2,Februari,48.56
VMM_P11_024,2016,3,Maart,14.8
VMM_P11_024,2016,4,April,40.1
VMM_P11_024,2016,5,Mei,3271.37
VMM_P11_024,2016,6,Juni,571.02
VMM_P11_024,2016,7,Juli,18.22
VMM_P11_024,2016,8,Augustus,29.31
VMM_P11_024,2016,9,September,40.07
VMM_P11_024,2016,10,Oktober,11.07
VMM_P11_024,2016,11,November,58.87
VMM_P11_024,2016,12,December,4.15
VMM_P11_024,2017,1,Januari,17.93
VMM_P11_024,2017,2,Februari,65.45
VMM_P11_024,2017,3,Maart,53.9
VMM_P11_024,2017,4,April,3.9
VMM_P11_024,2017,5,Mei,27.56
VMM_P11_024,2017,6,Juni,28.16
VMM_P11_024,2017,7,Juli,99.09
VMM_P11_024,2017,8,Augustus,123.21
VMM_P11_024,2017,9,September,124.79
VMM_P11_024,2017,10,Oktober,21.59
VMM_P11_024,2017,11,November,42.84
VMM_P11_024,2017,12,December,62.73
VMM_P11_024,2018,1,Januari,34.58
VMM_P11_024,2018,2,Februari,5.62
VMM_P11_024,2018,3,Maart,22.26
VMM_P11_024,2018,4,April,48.68
VMM_P11_024,2018,5,Mei,78.05
VMM_P11_024,2018,6,Juni,240.85
VMM_P11_024,2018,7,Juli,1.76
VMM_P11_024,2018,8,Augustus,335.72
VMM_P11_024,2018,9,September,210.92
VMM_P11_024,2018,10,Oktober,43.16
VMM_P11_024,2018,11,November,1.8
VMM_P11_024,2018,12,December,85.91
VMM_P11_024,2019,1,Januari,20.33
VMM_P11_024,2019,2,Februari,20.52
VMM_P11_024,2019,3,Maart,86.19
VMM_P11_024,2019,4,April,25.6
VMM_P11_024,2019,5,Mei,65.11
VMM_P11_024,2019,6,Juni,204.53
VMM_P11_024,2019,7,Juli,67.12
VMM_P11_024,2019,8,Augustus,56.77
VMM_P11_024,2019,9,September,13.04
VMM_P11_024,2019,10,Oktober,133.32
VMM_P11_024,2019,11,November,23.45
VMM_P11_024,2019,12,December,17.08
VMM_P11_024,2020,1,Januari,23.6
VMM_P11_024,2020,2,Februari,110.24
VMM_P11_024,2020,3,Maart,81.99
VMM_P11_024,2020,4,April,14.7
VMM_P11_024,2020,5,Mei,1.66
VMM_P11_024,2020,6,Juni,134.47
VMM_P11_024,2020,7,Juli,61.86
VMM_P11_024,2020,8,Augustus,63.54
VMM_P11_024,2020,9,September,30.46
VMM_P11_024,2020,10,Oktober,114.24
VMM_P11_024,2020,11,November,8.62
VMM_P11_024,2020,12,December,19.14
VMM_P11_024,2021,1,Januari,39.01
VMM_P11_024,2021,2,Februari,37.08
VMM_P11_024,2021,3,Maart,51.21
VMM_P11_024,2021,4,April,19.66
VMM_P11_024,2021,5,Mei,138.79
VMM_P11_024,2021,6,Juni,119.37
VMM_P11_024,2021,7,Juli,241.61
VMM_P11_024,2021,8,Augustus,168.55
VMM_P11_024,2021,9,September,6.94
VMM_P11_024,2021,10,Oktober,46.87
VMM_P11_024,2021,11,November,6.01
VMM_P11_024,2021,12,December,18.34
VMM_P11_024,2022,1,Januari,25.05
VMM_P11_024,2022,2,Februari,81.15
VMM_P11_024,2022,3,Maart,0.89
VMM_P11_024,2022,4,April,23.48
VMM_P11_024,2022,5,Mei,105.58
VMM_P11_024,2022,6,Juni,472.97
VMM_P11_024,2022,7,Juli,17.03
VMM_P11_024,2022,8,Augustus,23.77
VMM_P11_024,2022,9,September,101.55
VMM_P11_024,2022,10,Oktober,19.55
VMM_P11_024,2022,11,November,24.73
VMM_P11_024,2022,12,December,43.87
VMM_P11_024,2023,1,Januari,34.17
VMM_P11_024,2023,2,Februari,1.34
VMM_P11_024,2023,3,Maart,104.52
VMM_P11_024,2023,4,April,33.43
VMM_P11_024,2023,5,Mei,129.41
VMM_P11_024,2023,6,Juni,555.83
VMM_P11_024,2023,7,Juli,72.39
VMM_P11_024,2023,8,Augustus,1081.43
VMM_P11_024,2023,9,September,677.7
VMM_P11_024,2023,10,Oktober,67.99
VMM_P11_024,2023,11,November,65.62
VMM_P11_024,2023,12,December,34.23
VMM_P11_024,2024,1,Januari,51.71
VMM_P11_024,2024,2,Februari,76.96
VMM_P11_024,2024,3,Maart,36.31
VMM_P11_024,2024,4,April,45.32
VMM_P11_024,2024,5,Mei,344.3
VMM_P11_024,2024,6,Juni,449.45
VMM_P11_024,2024,7,Juli,472.46
VMM_P11_024,2024,8,Augustus,91.56
VMM_P11_024,2024,9,September,275.1
VMM_P11_024,2024,10,Oktober,130.69
VMM_P11_024,2024,11,November,68.14
VMM_P11_024,2024,12,December,39.91
VMM_P11_043,2009,1,Januari,28.71
VMM_P11_043,2009,2,Februari,23.82
VMM_P11_043,2009,3,Maart,46.07
VMM_P11_043,2009,4,April,34.79
VMM_P11_043,2009,5,Mei,4.07
VMM_P11_043,2009,6,Juni,46.73
VMM_P11_043,2009,7,Juli,312.52
VMM_P11_043,2009,8,Augustus,13.75
VMM_P11_043,2009,9,September,32.42
VMM_P11_043,2009,10,Oktober,234.42
VMM_P11_043,2009,11,November,76.95
VMM_P11_043,2009,12,December,34.89
VMM_P11_043,2010,1,Januari,8.92
VMM_P11_043,2010,2,Februari,34.62
VMM_P11_043,2010,3,Maart,35.67
VMM_P11_043,2010,4,April,5.6
VMM_P11_043,2010,5,Mei,54.93
VMM_P11_043,2010,6,Juni,8.4
VMM_P11_043,2010,7,Juli,465.67
VMM_P11_043,2010,8,Augustus,263.24
VMM_P11_043,2010,9,September,60.65
VMM_P11_043,2010,10,Oktober,17.57
VMM_P11_043,2010,11,November,155.16
VMM_P11_043,2010,12,December,15.22
VMM_P11_043,2011,1,Januari,30.03
VMM_P11_043,2011,2,Februari,17.9
VMM_P11_043,2011,3,Maart,3.9
VMM_P11_043,2011,4,April,2.81
VMM_P11_043,2011,5,Mei,4.39
VMM_P11_043,2011,6,Juni,146.65
VMM_P11_043,2011,7,Juli,53.92
VMM_P11_043,2011,8,Augustus,1947.3
VMM_P11_043,2011,9,September,54.82
VMM_P11_043,2011,10,Oktober,61.7
VMM_P11_043,2011,11,November,0.17
VMM_P11_043,2011,12,December,99.88
VMM_P11_043,2012,1,Januari,48.9
VMM_P11_043,2012,2,Februari,2.03
VMM_P11_043,2012,3,Maart,3.81
VMM_P11_043,2012,4,April,22.08
VMM_P11_043,2012,5,Mei,23.8
VMM_P11_043,2012,6,Juni,194.71
VMM_P11_043,2012,7,Juli,68.91
VMM_P11_043,2012,8,Augustus,55.33
VMM_P11_043,2012,9,September,30.98
VMM_P11_043,2012,10,Oktober,100.47
VMM_P11_043,2012,11,November,10.87
VMM_P11_043,2012,12,December,54.47
VMM_P11_043,2014,1,Januari,23.91
VMM_P11_043,2014,2,Februari,22.05
VMM_P11_043,2014,3,Maart,1.74
VMM_P11_043,2014,4,April,12.12
VMM_P11_043,2014,5,Mei,135.62
VMM_P11_043,2014,6,Juni,64.48
VMM_P11_043,2014,7,Juli,1580.7
VMM_P11_043,2014,8,Augustus,385.35
VMM_P11_043,2014,9,September,113.64
VMM_P11_043,2014,10,Oktober,99.15
VMM_P11_043,2014,11,November,7.99
VMM_P11_043,2014,12,December,59.45
VMM_P11_043,2015,1,Januari,72.68
VMM_P11_043,2015,2,Februari,6.43
VMM_P11_043,2015,3,Maart,50.0
VMM_P11_043,2015,4,April,32.12
VMM_P11_043,2015,5,Mei,35.0
VMM_P11_043,2015,6,Juni,85.1
VMM_P11_043,2015,7,Juli,46.02
VMM_P11_043,2015,8,Augustus,1037.55
VMM_P11_043,2015,9,September,55.43
VMM_P11_043,2015,10,Oktober,10.59
VMM_P11_043,2015,11,November,105.87
VMM_P11_043,2015,12,December,9.82
VMM_P11_043,2016,1,Januari,54.15
VMM_P11_043,2016,2,Februari,43.24
VMM_P11_043,2016,3,Maart,27.36
VMM_P11_043,2016,4,April,25.71
VMM_P11_043,2016,5,Mei,188.18
VMM_P11_043,2016,6,Juni,2294.0
VMM_P11_043,2016,7,Juli,11.09
VMM_P11_043,2016,8,Augustus,79.44
VMM_P11_043,2016,9,September,222.84
VMM_P11_043,2016,10,Oktober,9.9
VMM_P11_043,2016,11,November,78.6
VMM_P11_043,2016,12,December,4.74
VMM_P11_043,2017,1,Januari,15.82
VMM_P11_043,2017,2,Februari,40.83
VMM_P11_043,2017,3,Maart,64.78
VMM_P11_043,2017,4,April,5.29
VMM_P11_043,2017,5,Mei,39.44
VMM_P11_043,2017,6,Juni,96.97
VMM_P11_043,2017,7,Juli,52.4
VMM_P11_043,2017,8,Augustus,74.55
VMM_P11_043,2017,9,September,162.87
VMM_P11_043,2017,10,Oktober,34.84
VMM_P11_043,2017,11,November,27.06
VMM_P11_043,2017,12,December,97.22
VMM_P11_043,2018,1,Januari,63.62
VMM_P11_043,2018,2,Februari,7.2
VMM_P11_043,2018,3,Maart,24.39
VMM_P11_043,2018,4,April,37.65
VMM_P11_043,2018,5,Mei,19.8
VMM_P11_043,2018,6,Juni,3.14
VMM_P11_043,2018,7,Juli,1.22
VMM_P11_043,2018,8,Augustus,103.36
VMM_P11_043,2018,9,September,573.73
VMM_P11_043,2018,10,Oktober,76.32
VMM_P11_043,2018,11,November,3.39
VMM_P11_043,2018,12,December,64.44
VMM_P11_043,2019,1,Januari,23.23
VMM_P11_043,2019,2,Februari,21.31
VMM_P11_043,2019,3,Maart,46.5
VMM_P11_043,2019,4,April,19.6
VMM_P11_043,2019,5,Mei,236.84
VMM_P11_043,2019,6,Juni,339.39
VMM_P11_043,2019,7,Juli,108.06
VMM_P11_043,2019,8,Augustus,111.0
VMM_P11_043,2019,9,September,67.32
VMM_P11_043,2019,10,Oktober,33.44
VMM_P11_043,2019,11,November,26.41
VMM_P11_043,2019,12,December,44.45
VMM_P11_043,2020,1,Januari,11.49
VMM_P11_043,2020,2,Februari,93.67
VMM_P11_043,2020,3,Maart,27.55
VMM_P11_043,2020,4,April,39.89
VMM_P11_043,2020,5,Mei,6.44
VMM_P11_043,2020,6,Juni,369.37
VMM_P11_043,2020,7,Juli,34.71
VMM_P11_043,2020,8,Augustus,115.82
VMM_P11_043,2020,9,September,41.54
VMM_P11_043,2020,10,Oktober,19.44
VMM_P11_043,2020,11,November,10.5
VMM_P11_043,2020,12,December,18.24
VMM_P11_043,2021,1,Januari,44.93
VMM_P11_043,2021,2,Februari,37.26
VMM_P11_043,2021,3,Maart,54.7
VMM_P11_043,2021,4,April,16.6
VMM_P11_043,2021,5,Mei,76.26
VMM_P11_043,2021,6,Juni,334.78
VMM_P11_043,2021,7,Juli,333.45
VMM_P11_043,2021,8,Augustus,153.74
VMM_P11_043,2021,9,September,82.41
VMM_P11_043,2021,10,Oktober,63.17
VMM_P11_043,2021,11,November,11.48
VMM_P11_043,2021,12,December,47.76
VMM_P11_043,2023,1,Januari,75.6
VMM_P11_043,2023,2,Februari,2.14
VMM_P11_043,2023,3,Maart,102.55
VMM_P11_043,2023,4,April,18.83
VMM_P11_043,2023,5,Mei,87.83
VMM_P11_043,2023,6,Juni,347.27
VMM_P11_043,2023,7,Juli,351.0
VMM_P11_043,2023,8,Augustus,267.76
VMM_P11_043,2023,9,September,248.6
VMM_P11_043,2023,10,Oktober,162.31
VMM_P11_043,2023,11,November,114.16
VMM_P11_043,2023,12,December,95.49
